gene,distance,Z,FC,p.value,p.adj,rnk,sym
ENSG00000136231,4.1584690679748e-05,4.29593208209975,752.439005593237,1.18324610918079e-165,9.61979086763984e-163,1,IGF2BP3
ENSG00000197956,7.39711554044458e-06,3.19792233699374,23.8083421167682,1.06420239937274e-06,0.000432598275345,2,ENSG00000197956
ENSG00000269028,5.69641961808018e-06,3.04554758022507,14.1191417013401,0.000171588765536,0.0465005554602611,3,ENSG00000269028
ENSG00000256618,4.31995349265657e-06,2.88791666768897,8.12012084791133,0.0043776640625162,0.88976022070642,4,ENSG00000256618
ENSG00000282017,2.90203350236163e-06,2.6676725597455,3.66445331878992,0.0555848755033638,0.999999999994214,5,ENSG00000282017
ENSG00000270672,2.90203350227792e-06,2.6676725597298,3.6644533185785,0.055584875510416,0.999999999994214,6,ENSG00000270672
ENSG00000255823,2.59800225784512e-06,2.60773431606495,2.93686104210595,0.0865788322535162,0.999999999994214,7,ENSG00000255823
ENSG00000248527,2.15374918467614e-06,2.50746132574847,2.01834127721547,0.155408825211361,0.999999999994214,8,ENSG00000248527
ENSG00000282184,4.41938829318607e-07,1.72217992347587,0.0849823373654006,0.770655713145649,0.999999999994214,9,ENSG00000282184
ENSG00000277633,4.04418753306827e-07,1.68127731463426,0.0711650767553353,0.789647922465404,0.999999999994214,10,ENSG00000277633
ENSG00000142541,3.98079057702346e-07,1.67402569254965,0.0689513877274448,0.792869720748883,0.999999999994214,11,ENSG00000142541
ENSG00000187134,3.81318372770915e-07,1.65433313726678,0.0632673744739189,0.801404319325045,0.999999999994214,12,ENSG00000187134
ENSG00000164587,3.66389303523391e-07,1.63611473826508,0.0584103653220588,0.80902629560119,0.999999999994214,13,ENSG00000164587
ENSG00000156508,3.56901705085527e-07,1.62418083280191,0.0554244759620477,0.813879633495167,0.999999999994214,14,ENSG00000156508
ENSG00000144713,3.55207120404599e-07,1.62201884776064,0.0548994098444617,0.814747248981559,0.999999999994214,15,ENSG00000144713
ENSG00000211592,3.54094595215097e-07,1.62059433433855,0.0545560533919854,0.815316977728774,0.999999999994214,16,ENSG00000211592
ENSG00000186468,3.24303566758592e-07,1.5808415889426,0.0457622954114246,0.830608479248384,0.999999999994214,17,ENSG00000186468
ENSG00000140988,3.09440716104473e-07,1.55974394131924,0.0416638371331589,0.838261902532374,0.999999999994214,18,ENSG00000140988
ENSG00000211897,2.84860150521573e-07,1.52272908137814,0.0353075634996132,0.850952636544853,0.999999999994214,19,ENSG00000211897
ENSG00000166441,2.84482897189695e-07,1.52213856902002,0.0352141065813853,0.85114771914249,0.999999999994214,20,ENSG00000166441
ENSG00000108107,2.75314920055698e-07,1.50756338518833,0.0329810019505671,0.855891372159159,0.999999999994214,21,ENSG00000108107
ENSG00000134419,2.7396075691968e-07,1.50537305431017,0.032657359333047,0.856592482961033,0.999999999994214,22,ENSG00000134419
ENSG00000198034,2.71471940702805e-07,1.5013215142425,0.0320666982635897,0.857881349171775,0.999999999994214,23,ENSG00000198034
ENSG00000122026,2.69276535494261e-07,1.49771933889567,0.0315501459102179,0.859018583321955,0.999999999994214,24,ENSG00000122026
ENSG00000145425,2.58783995244699e-07,1.48012379795721,0.0291393041718706,0.864457787565288,0.999999999994214,25,ENSG00000145425
ENSG00000198918,2.47256139737017e-07,1.46002396322463,0.0266010340528976,0.870441089956627,0.999999999994214,26,ENSG00000198918
ENSG00000137154,2.45228608784932e-07,1.45640049115563,0.0261665592164212,0.871494216663032,0.999999999994214,27,ENSG00000137154
ENSG00000142676,2.41421414835284e-07,1.44952191607588,0.0253603902045778,0.873472338338649,0.999999999994214,28,ENSG00000142676
ENSG00000236418,2.3780455897914e-07,1.44289478135475,0.0246062086619222,0.8753522982636,0.999999999994214,29,ENSG00000236418
ENSG00000108298,2.37130972220563e-07,1.4416504081697,0.0244670108038063,0.875702491478936,0.999999999994214,30,ENSG00000108298
ENSG00000112306,2.36754518245541e-07,1.44095354531614,0.0243893879422648,0.875898217969845,0.999999999994214,31,ENSG00000112306
ENSG00000177600,2.29633248565954e-07,1.42757674305321,0.0229442512328959,0.879602135365838,0.999999999994214,32,ENSG00000177600
ENSG00000133112,2.29243442314819e-07,1.42683362400866,0.0228664208535508,0.879804958368456,0.999999999994214,33,ENSG00000133112
ENSG00000265681,2.22877475466434e-07,1.4145313368953,0.021614077765507,0.883118388716,0.999999999994214,34,ENSG00000265681
ENSG00000147403,2.22209962583901e-07,1.41322281980167,0.0214848043156399,0.883465942877998,0.999999999994214,35,ENSG00000147403
ENSG00000100316,2.11847227364901e-07,1.39243417257313,0.0195276471329643,0.888864348038164,0.999999999994214,36,ENSG00000100316
ENSG00000278270,2.11687850059182e-07,1.39210724899206,0.0194982760327267,0.888947415613096,0.999999999994214,37,ENSG00000278270
ENSG00000143947,2.10651701360333e-07,1.38997634175065,0.0193078667179031,0.889487486810006,0.999999999994214,38,ENSG00000143947
ENSG00000198242,2.0356523479392e-07,1.37514035757211,0.0180306577935697,0.893182523868042,0.999999999994214,39,ENSG00000198242
ENSG00000087086,2.0304208056697e-07,1.37402647618249,0.0179381007921043,0.893455400735673,0.999999999994214,40,ENSG00000087086
ENSG00000173212,2.02420087973459e-07,1.37269873349714,0.0178283671226599,0.893779848033141,0.999999999994214,41,ENSG00000173212
ENSG00000188846,2.01415666251491e-07,1.37054674181683,0.0176518750458414,0.894303817681348,0.999999999994214,42,ENSG00000188846
ENSG00000110700,1.94545109279129e-07,1.35555782951714,0.0164681564741976,0.897889158091489,0.999999999994214,43,ENSG00000110700
ENSG00000168028,1.91064061036669e-07,1.34777791512568,0.0158840907163686,0.899706513510373,0.999999999994214,44,ENSG00000168028
ENSG00000205542,1.89549799643937e-07,1.34435313589451,0.0156333125055442,0.900497230670789,0.999999999994214,45,ENSG00000205542
ENSG00000273673,1.87644524024636e-07,1.3400083056908,0.01532061291789,0.901492267886896,0.999999999994214,46,ENSG00000273673
ENSG00000105640,1.85920880639296e-07,1.33604279662548,0.0150404449906565,0.902392580409147,0.999999999994214,47,ENSG00000105640
ENSG00000124614,1.81543068785225e-07,1.32581787165305,0.0143404802218565,0.904679809362336,0.999999999994214,48,ENSG00000124614
ENSG00000156482,1.81213811186337e-07,1.32503976692411,0.0142885098511495,0.90485186531074,0.999999999994214,49,ENSG00000156482
ENSG00000168014,1.80710387732012e-07,1.32384757012069,0.0142092313524863,0.905114941524549,0.999999999994214,50,ENSG00000168014
ENSG00000237550,1.80496133215061e-07,1.32333925605899,0.014175557723801,0.905226908612825,0.999999999994214,51,ENSG00000237550
ENSG00000137818,1.79584192681689e-07,1.32116951021881,0.0140326781117417,0.905703499900279,0.999999999994214,52,ENSG00000137818
ENSG00000109475,1.75441437202593e-07,1.31118425388014,0.0133927173348174,0.907868979688219,0.999999999994214,53,ENSG00000109475
ENSG00000174748,1.75415874182092e-07,1.31112197332548,0.0133888147976372,0.907882344001169,0.999999999994214,54,ENSG00000174748
ENSG00000274950,1.72555247961839e-07,1.30409952612031,0.0129556943685422,0.909378039416622,0.999999999994214,55,ENSG00000274950
ENSG00000229117,1.7239865051902e-07,1.30371203651288,0.0129321899196179,0.909459926643033,0.999999999994214,56,ENSG00000229117
ENSG00000167526,1.71327952936067e-07,1.30105401754874,0.0127720556368869,0.910019836707303,0.999999999994214,57,ENSG00000167526
ENSG00000129235,1.71154045576658e-07,1.30062085809676,0.0127461401089816,0.910110783962163,0.999999999994214,58,ENSG00000129235
ENSG00000011052,1.68973649577271e-07,1.29515563063471,0.0124234529208803,0.911251151732297,0.999999999994214,59,ENSG00000011052
ENSG00000243678,1.68059464721903e-07,1.29284500106439,0.0122893892997386,0.911729333605909,0.999999999994214,60,ENSG00000243678
ENSG00000149273,1.67760798467177e-07,1.29208762334997,0.0122457480274161,0.911885563639138,0.999999999994214,61,ENSG00000149273
ENSG00000198513,1.66300043010023e-07,1.2883654967499,0.0120334199447047,0.912649722600615,0.999999999994214,62,ENSG00000198513
ENSG00000106211,1.65640333994063e-07,1.28667469947316,0.0119381366310082,0.912994859969607,0.999999999994214,63,ENSG00000106211
ENSG00000142534,1.64532680578244e-07,1.28382195513013,0.011779007454216,0.913574383522048,0.999999999994214,64,ENSG00000142534
ENSG00000224608,1.58489147773913e-07,1.26794073754901,0.0109295784135596,0.916737157415393,0.999999999994214,65,ENSG00000224608
ENSG00000228964,1.58425554250921e-07,1.26777070293012,0.0109208092206912,0.91677044503545,0.999999999994214,66,ENSG00000228964
ENSG00000170889,1.58068338286728e-07,1.2668144278023,0.0108716165339135,0.916957430141699,0.999999999994214,67,ENSG00000170889
ENSG00000161016,1.56444013484029e-07,1.26244101059741,0.0106493290900174,0.917807742609674,0.999999999994214,68,ENSG00000161016
ENSG00000105193,1.55637118513745e-07,1.26025303447776,0.0105397597941005,0.918230176428255,0.999999999994214,69,ENSG00000105193
ENSG00000011600,1.54644011194015e-07,1.25754584850926,0.0104056822961586,0.91875012969664,0.999999999994214,70,ENSG00000011600
ENSG00000171863,1.53933096980425e-07,1.25559813870446,0.0103102302479186,0.919122358726305,0.999999999994214,71,ENSG00000171863
ENSG00000235657,1.53536612287897e-07,1.25450830565974,0.0102571866331976,0.919329962663105,0.999999999994214,72,ENSG00000235657
ENSG00000227715,1.5353661221491e-07,1.25450830545888,0.0102571866234457,0.919329962701322,0.999999999994214,73,ENSG00000227715
ENSG00000276701,1.52269996539157e-07,1.25100939309829,0.0100886493067262,0.919993213985289,0.999999999994214,74,ENSG00000276701
ENSG00000008394,1.51665944518072e-07,1.24933137639204,0.0100087651323353,0.92030953972695,0.999999999994214,75,ENSG00000008394
ENSG00000019582,1.43882117834076e-07,1.22714378809691,0.0090077846171982,0.924386830240559,0.999999999994214,76,ENSG00000019582
ENSG00000169213,1.4241377473661e-07,1.22283570705545,0.0088248705893077,0.925156197428691,0.999999999994214,77,ENSG00000169213
ENSG00000213741,1.40026832892108e-07,1.21574507457252,0.0085315292131269,0.926407031543122,0.999999999994214,78,ENSG00000213741
ENSG00000096150,1.38837015499147e-07,1.21216925864739,0.0083871592386632,0.927030602168787,0.999999999994214,79,ENSG00000096150
ENSG00000161970,1.38562193913143e-07,1.21133934363468,0.0083539880976457,0.927174639621497,0.999999999994214,80,ENSG00000161970
ENSG00000282094,1.38511277868879e-07,1.21118542058493,0.0083478497150775,0.927201325623414,0.999999999994214,81,ENSG00000282094
ENSG00000253755,1.38511277862875e-07,1.21118542056678,0.0083478497143538,0.927201325626561,0.999999999994214,82,ENSG00000253755
ENSG00000130208,1.38485980037012e-07,1.21110892409737,0.0083448006750787,0.927214584696266,0.999999999994214,83,ENSG00000130208
ENSG00000163191,1.3788769285446e-07,1.20929606929157,0.0082728540015627,0.927528164224215,0.999999999994214,84,ENSG00000163191
ENSG00000233927,1.3538724860555e-07,1.20164088210467,0.0079755359105445,0.928838840277034,0.999999999994214,85,ENSG00000233927
ENSG00000115947,1.35063225812496e-07,1.20063943637647,0.0079374058356003,0.929008699867916,0.999999999994214,86,ENSG00000115947
ENSG00000240972,1.34473240827525e-07,1.19881033872337,0.0078682127273859,0.929317990757576,0.999999999994214,87,ENSG00000240972
ENSG00000133639,1.32623227953552e-07,1.19302690784988,0.0076532083772737,0.930287901622467,0.999999999994214,88,ENSG00000133639
ENSG00000233913,1.31954089353568e-07,1.19091690586074,0.0075761760459005,0.930638738161024,0.999999999994214,89,ENSG00000233913
ENSG00000089009,1.30816118286378e-07,1.18730596964675,0.0074460657410219,0.931235419503348,0.999999999994214,90,ENSG00000089009
ENSG00000117984,1.29308569072447e-07,1.18247784786178,0.0072754349438331,0.9320259441311,0.999999999994214,91,ENSG00000117984
ENSG00000234794,1.28713734311343e-07,1.18055864710517,0.0072086531719326,0.932337880485454,0.999999999994214,92,ENSG00000234794
ENSG00000280858,1.28412506487546e-07,1.17958365873404,0.0071749519354898,0.932495850857906,0.999999999994214,93,ENSG00000280858
ENSG00000226260,1.28077191070243e-07,1.17849587710056,0.0071375298662885,0.932671700627,0.999999999994214,94,ENSG00000226260
ENSG00000147604,1.27902151476492e-07,1.17792700467865,0.0071180338640529,0.93276349810621,0.999999999994214,95,ENSG00000147604
ENSG00000063177,1.27308483117753e-07,1.17599229046414,0.0070521093374319,0.933074847224992,0.999999999994214,96,ENSG00000063177
ENSG00000158869,1.27020537423926e-07,1.17505092890547,0.0070202445623875,0.93322586391234,0.999999999994214,97,ENSG00000158869
ENSG00000167996,1.26792552619091e-07,1.17430420905542,0.0069950663861736,0.933345435073448,0.999999999994214,98,ENSG00000167996
ENSG00000166710,1.22658101529963e-07,1.16054525153911,0.0065463139123731,0.935514088378513,0.999999999994214,99,ENSG00000166710
ENSG00000130203,1.22236823841474e-07,1.15911958658183,0.0065014236033857,0.935735089286508,0.999999999994214,100,ENSG00000130203
ENSG00000166347,1.22055070899823e-07,1.15850312117192,0.0064821041490233,0.935830437819827,0.999999999994214,101,ENSG00000166347
ENSG00000169442,1.20514778399157e-07,1.1532448465634,0.0063195326653243,0.936638520046573,0.999999999994214,102,ENSG00000169442
ENSG00000228299,1.17896498897775e-07,1.14416392867435,0.006047921793154,0.93801229492726,0.999999999994214,103,ENSG00000228299
ENSG00000183735,1.17080482271586e-07,1.14129606824268,0.0059644905571661,0.938440485423087,0.999999999994214,104,ENSG00000183735
ENSG00000172725,1.16680099486033e-07,1.13988225109505,0.0059237665011522,0.938650585825693,0.999999999994214,105,ENSG00000172725
ENSG00000224103,1.16421219872749e-07,1.13896574270923,0.0058975093905942,0.93878643487703,0.999999999994214,106,ENSG00000224103
ENSG00000231389,1.16421219793844e-07,1.1389657424296,0.0058975093826001,0.938786434918436,0.999999999994214,107,ENSG00000231389
ENSG00000114391,1.16384158877691e-07,1.13883438373739,0.0058937552162654,0.938805883062691,0.999999999994214,108,ENSG00000114391
ENSG00000216490,1.16066061876213e-07,1.137705346042,0.0058615820437115,0.938972809641997,0.999999999994214,109,ENSG00000216490
ENSG00000275214,1.15793843429118e-07,1.13673689961872,0.0058341190703083,0.939115662832756,0.999999999994214,110,ENSG00000275214
ENSG00000083845,1.14944139107821e-07,1.13370054400563,0.0057488107741561,0.939561578235738,0.999999999994214,111,ENSG00000083845
ENSG00000162244,1.14281617322991e-07,1.13131880508589,0.0056827310946857,0.93990927547526,0.999999999994214,112,ENSG00000162244
ENSG00000273686,1.13896531592293e-07,1.12992863216385,0.0056444983189996,0.940111377110137,0.999999999994214,113,ENSG00000273686
ENSG00000198755,1.1349859405554e-07,1.12848754345061,0.0056051251466053,0.940320227713346,0.999999999994214,114,ENSG00000198755
ENSG00000283391,1.12579700201108e-07,1.12514214377811,0.0055147334444223,0.940802508847419,0.999999999994214,115,ENSG00000283391
ENSG00000278229,1.11932581086396e-07,1.12277118096218,0.0054515172015232,0.941142162137537,0.999999999994214,116,ENSG00000278229
ENSG00000173369,1.1126154333947e-07,1.12029931594533,0.0053863492517201,0.941494380900777,0.999999999994214,117,ENSG00000173369
ENSG00000075624,1.10917373973034e-07,1.11902622731075,0.0053530772133311,0.941675035254449,0.999999999994214,118,ENSG00000075624
ENSG00000181704,1.10272758059649e-07,1.11663203757951,0.0052910373088607,0.942013401938646,0.999999999994214,119,ENSG00000181704
ENSG00000140279,1.10008518903802e-07,1.11564692004828,0.0052657105795528,0.9421521072931,0.999999999994214,120,ENSG00000140279
ENSG00000131469,1.09903604219626e-07,1.11525518474996,0.0052556715946983,0.942207179967857,0.999999999994214,121,ENSG00000131469
ENSG00000268173,1.08987113146386e-07,1.11181854005011,0.0051683825111643,0.942688283684193,0.999999999994214,122,ENSG00000268173
ENSG00000117091,1.0874773201594e-07,1.11091656255225,0.0051457035999717,0.942813948099027,0.999999999994214,123,ENSG00000117091
ENSG00000008988,1.08443102645919e-07,1.10976610507021,0.0051169151941196,0.942973866986796,0.999999999994214,124,ENSG00000008988
ENSG00000167680,1.08319182645606e-07,1.10929726585576,0.0051052274827816,0.943038920954168,0.999999999994214,125,ENSG00000167680
ENSG00000229685,1.0752678638581e-07,1.10628767121506,0.0050308073039221,0.943454912167399,0.999999999994214,126,ENSG00000229685
ENSG00000182774,1.07357610230705e-07,1.10564249960944,0.0050149894200916,0.943543728058779,0.999999999994214,127,ENSG00000182774
ENSG00000135821,1.04280990246144e-07,1.09374439993439,0.004731672124439,0.945159045983321,0.999999999994214,128,ENSG00000135821
ENSG00000171476,1.01151439209084e-07,1.08130780320416,0.0044519315962068,0.946802385627732,0.999999999994214,129,ENSG00000171476
ENSG00000223865,9.91075105348649e-08,1.07299413781692,0.0042738323749231,0.947875783304622,0.999999999994214,130,ENSG00000223865
ENSG00000138326,9.78778877619624e-08,1.06791684571164,0.004168439735085,0.948521582575107,0.999999999994214,131,ENSG00000138326
ENSG00000115268,9.78344570042142e-08,1.06773645002717,0.0041647412831689,0.948544393079023,0.999999999994214,132,ENSG00000115268
ENSG00000204628,9.76941766368148e-08,1.0671532756491,0.0041528065803292,0.948618070779894,0.999999999994214,133,ENSG00000204628
ENSG00000116251,9.75308903930191e-08,1.0664734964714,0.0041389361629642,0.948703832122451,0.999999999994214,134,ENSG00000116251
ENSG00000206435,9.73974155338504e-08,1.06591705242714,0.0041276153209495,0.948773936345203,0.999999999994214,135,ENSG00000206435
ENSG00000197747,9.66863945075679e-08,1.06294107668922,0.0040675704241073,0.949147388446417,0.999999999994214,136,ENSG00000197747
ENSG00000008517,9.6007724104578e-08,1.06008178862297,0.0040106678753938,0.949503859336112,0.999999999994214,137,ENSG00000008517
ENSG00000206452,9.58483138726509e-08,1.05940750324788,0.0039973603894774,0.9495875908551,0.999999999994214,138,ENSG00000206452
ENSG00000231500,9.58418299359275e-08,1.05938005531936,0.0039968195817342,0.949590996607312,0.999999999994214,139,ENSG00000231500
ENSG00000206450,9.50792855076391e-08,1.05614014113537,0.0039334729590974,0.949991537053457,0.999999999994214,140,ENSG00000206450
ENSG00000104894,9.46971257428771e-08,1.05450747002125,0.0039019162620421,0.950192278238288,0.999999999994214,141,ENSG00000104894
ENSG00000285132,9.4329337212505e-08,1.05293049983857,0.0038716662787311,0.950385473474792,0.999999999994214,142,ENSG00000285132
ENSG00000223367,9.20524595893024e-08,1.04304096764173,0.0036870170350523,0.951581556518361,0.999999999994214,143,ENSG00000223367
ENSG00000277734,8.98229280618514e-08,1.03313802385338,0.0035105791269619,0.952752873565126,0.999999999994214,144,ENSG00000277734
ENSG00000230463,8.94225613528385e-08,1.03133595491638,0.0034793535448048,0.952963222963826,0.999999999994214,145,ENSG00000230463
ENSG00000105372,8.72000784689938e-08,1.02119632657235,0.0033085530413589,0.954130956497008,0.999999999994214,146,ENSG00000105372
ENSG00000277359,8.69968645758194e-08,1.02025745550744,0.0032931502910398,0.954237733779175,0.999999999994214,147,ENSG00000277359
ENSG00000136213,8.68187607467737e-08,1.01943294620384,0.0032796803274559,0.954331317833775,0.999999999994214,148,ENSG00000136213
ENSG00000105835,8.66329128258802e-08,1.0185709368507,0.0032656541105244,0.954428971666528,0.999999999994214,149,ENSG00000105835
ENSG00000129226,8.59015726283694e-08,1.01516230414522,0.0032107506513737,0.954813261170585,0.999999999994214,150,ENSG00000129226
ENSG00000230708,8.50180171435014e-08,1.01100867051381,0.003145040870493,0.95527754761582,0.999999999994214,151,ENSG00000230708
ENSG00000122862,8.46797624379395e-08,1.00940807059068,0.0031200647858977,0.955455296081249,0.999999999994214,152,ENSG00000122862
ENSG00000145592,8.31183709237272e-08,1.00194307808448,0.0030060651957335,0.956275815669773,0.999999999994214,153,ENSG00000145592
ENSG00000144649,8.30098169337761e-08,1.00141933017772,0.0029982183797413,0.956332863104567,0.999999999994214,154,ENSG00000144649
ENSG00000173372,8.23658203824753e-08,0.998299262821878,0.0029518780176964,0.956671301604274,0.999999999994214,155,ENSG00000173372
ENSG00000206493,8.15350506962758e-08,0.994241209275653,0.0028926310329185,0.957107906226447,0.999999999994214,156,ENSG00000206493
ENSG00000164733,8.08761588559612e-08,0.99099576617515,0.0028460687269815,0.957454190924692,0.999999999994214,157,ENSG00000164733
ENSG00000125691,7.92340214601471e-08,0.982800856516537,0.0027316669453842,0.958317261231391,0.999999999994214,158,ENSG00000125691
ENSG00000177954,7.90256933337473e-08,0.981750145116779,0.0027173212159124,0.95842675730062,0.999999999994214,159,ENSG00000177954
ENSG00000169609,7.86621228264167e-08,0.979910383609012,0.002692375777856,0.958617849753183,0.999999999994214,160,ENSG00000169609
ENSG00000234475,7.85236604504429e-08,0.97920768394902,0.0026829057906286,0.958690626125363,0.999999999994214,161,ENSG00000234475
ENSG00000167286,7.7432017193085e-08,0.97362756898038,0.0026088282975266,0.95926441014576,0.999999999994214,162,ENSG00000167286
ENSG00000102879,7.74160335805122e-08,0.97354533333129,0.0026077513735729,0.959272811529031,0.999999999994214,163,ENSG00000102879
ENSG00000152518,7.63104653515682e-08,0.967819186111315,0.0025338012956222,0.959853936541506,0.999999999994214,164,ENSG00000152518
ENSG00000167625,7.60685349784889e-08,0.966556034205247,0.0025177607230958,0.959981106393601,0.999999999994214,165,ENSG00000167625
ENSG00000236693,7.56644813078244e-08,0.964438204579093,0.0024910845517874,0.960193498057427,0.999999999994214,166,ENSG00000236693
ENSG00000111057,7.51181826750918e-08,0.961558309813879,0.0024552430766627,0.960480665575085,0.999999999994214,167,ENSG00000111057
ENSG00000121966,7.50610485552208e-08,0.961256014081533,0.0024515096315713,0.960510699012011,0.999999999994214,168,ENSG00000121966
ENSG00000196154,7.49276456632455e-08,0.960549361923412,0.0024428034420128,0.960580824530931,0.999999999994214,169,ENSG00000196154
ENSG00000235588,7.48407028037993e-08,0.960088195344553,0.0024371376802353,0.960626527700846,0.999999999994214,170,ENSG00000235588
ENSG00000225201,7.3297502464143e-08,0.951820133578458,0.0023376673089588,0.961437761742117,0.999999999994214,171,ENSG00000225201
ENSG00000204592,7.30611007444232e-08,0.950539527390935,0.0023226125697186,0.961562037633091,0.999999999994214,172,ENSG00000204592
ENSG00000228987,7.12311816120155e-08,0.940496596954767,0.0022077233312428,0.962524053670712,0.999999999994214,173,ENSG00000228987
ENSG00000229074,7.11651974804392e-08,0.940130077197897,0.0022036350308247,0.962558743549686,0.999999999994214,174,ENSG00000229074
ENSG00000197746,7.00725724377647e-08,0.934015319708208,0.0021364880713598,0.963133180254981,0.999999999994214,175,ENSG00000197746
ENSG00000274233,7.00258218889072e-08,0.933751745987374,0.0021336382067925,0.963157759318241,0.999999999994214,176,ENSG00000274233
ENSG00000271503,7.00258218780777e-08,0.9337517459263,0.0021336382061326,0.963157759323935,0.999999999994214,177,ENSG00000271503
ENSG00000135047,6.90180672531666e-08,0.928030697665677,0.0020726689274974,0.963687593975961,0.999999999994214,178,ENSG00000135047
ENSG00000162511,6.79206205704383e-08,0.921712967358571,0.0020072785353086,0.964264603140296,0.999999999994214,179,ENSG00000162511
ENSG00000223448,6.67571196403194e-08,0.914912267394976,0.0019390969797467,0.964876362355915,0.999999999994214,180,ENSG00000223448
ENSG00000197958,6.63219764405743e-08,0.912340980580835,0.0019139001214704,0.96510516240144,0.999999999994214,181,ENSG00000197958
ENSG00000244754,6.55059779372378e-08,0.90747735250099,0.0018670941541354,0.965534225429017,0.999999999994214,182,ENSG00000244754
ENSG00000159189,6.54478710701155e-08,0.907128907569933,0.001863783223529,0.965564779186167,0.999999999994214,183,ENSG00000159189
ENSG00000105374,6.54250317852689e-08,0.906991871597609,0.0018624826449809,0.965576788554451,0.999999999994214,184,ENSG00000105374
ENSG00000227507,6.46860025192454e-08,0.902533922262418,0.0018206437586146,0.965965389624186,0.999999999994214,185,ENSG00000227507
ENSG00000196126,6.44146939129113e-08,0.900885655002451,0.0018054033537062,0.966108052874721,0.999999999994214,186,ENSG00000196126
ENSG00000142937,6.42733942301128e-08,0.900024710021932,0.0017974913972997,0.96618235346164,0.999999999994214,187,ENSG00000142937
ENSG00000173762,6.42630031402557e-08,0.899961328408537,0.0017969102428415,0.966187817491697,0.999999999994214,188,ENSG00000173762
ENSG00000105373,6.38564674339367e-08,0.897474237378936,0.0017742472020047,0.966401590663779,0.999999999994214,189,ENSG00000105373
ENSG00000174444,6.25858569307947e-08,0.889606552451609,0.0017043420375477,0.967069745351728,0.999999999994214,190,ENSG00000174444
ENSG00000206240,6.25458708609992e-08,0.88935659507772,0.0017021649268543,0.967090772534971,0.999999999994214,191,ENSG00000206240
ENSG00000265972,6.1662942228927e-08,0.883799760365535,0.0016544469126247,0.967555077587703,0.999999999994214,192,ENSG00000265972
ENSG00000196531,6.15015856162826e-08,0.882776388262027,0.0016457996875246,0.967639931268377,0.999999999994214,193,ENSG00000196531
ENSG00000278167,6.11612776993031e-08,0.880609983646242,0.0016276366073125,0.967818892467957,0.999999999994214,194,ENSG00000278167
ENSG00000126264,6.10285774548166e-08,0.879762225605435,0.0016205813765541,0.967888677340395,0.999999999994214,195,ENSG00000126264
ENSG00000115165,6.09868243485751e-08,0.879495136649604,0.0016183646720948,0.967910634662,0.999999999994214,196,ENSG00000115165
ENSG00000131981,6.08211389192817e-08,0.878433619453015,0.0016095832601899,0.967997766341293,0.999999999994214,197,ENSG00000131981
ENSG00000274497,6.04187457771856e-08,0.875844513368042,0.001588355682688,0.968209380926631,0.999999999994214,198,ENSG00000274497
ENSG00000132475,6.00438414108904e-08,0.873418057110396,0.001568705027517,0.968406541450578,0.999999999994214,199,ENSG00000132475
ENSG00000196139,5.87119542870665e-08,0.864684363480983,0.0014998831392439,0.969106990446466,0.999999999994214,200,ENSG00000196139
ENSG00000084207,5.83991600031909e-08,0.86260701373629,0.0014839441318827,0.969271494680771,0.999999999994214,201,ENSG00000084207
ENSG00000254772,5.75028935789958e-08,0.856597856029301,0.0014387447382937,0.969742864800987,0.999999999994214,202,ENSG00000254772
ENSG00000110848,5.74896773097323e-08,0.856508606774128,0.0014380834619117,0.9697498156646,0.999999999994214,203,ENSG00000110848
ENSG00000171223,5.73374559103278e-08,0.855479304130605,0.0014304780177436,0.969829873989134,0.999999999994214,204,ENSG00000171223
ENSG00000142669,5.7328942617954e-08,0.855421664566947,0.001430053263163,0.96983435142328,0.999999999994214,205,ENSG00000142669
ENSG00000081237,5.61833186454466e-08,0.847592898586966,0.0013734698399533,0.970436883207405,0.999999999994214,206,ENSG00000081237
ENSG00000196735,5.50912875295505e-08,0.839993348578962,0.0013205966602367,0.971011243970545,0.999999999994214,207,ENSG00000196735
ENSG00000160213,5.45118010020363e-08,0.83590455714081,0.0012929609591965,0.971316034748096,0.999999999994214,208,ENSG00000160213
ENSG00000230202,5.24913229057167e-08,0.821330645103626,0.0011988901340298,0.972378771985599,0.999999999994214,209,ENSG00000230202
ENSG00000280831,5.15499966851369e-08,0.814364884688221,0.0011562763247399,0.972873910486663,0.999999999994214,210,ENSG00000280831
ENSG00000229215,5.13795757156056e-08,0.813091365701717,0.0011486438117823,0.972963553204471,0.999999999994214,211,ENSG00000229215
ENSG00000051523,5.05309740168821e-08,0.806691899269982,0.0011110144033331,0.973409929172825,0.999999999994214,212,ENSG00000051523
ENSG00000241343,5.04012794691743e-08,0.805705207371115,0.0011053185861863,0.973478150995841,0.999999999994214,213,ENSG00000241343
ENSG00000100097,5.01051886466351e-08,0.803443879230345,0.0010923699714849,0.973633901181602,0.999999999994214,214,ENSG00000100097
ENSG00000090104,4.9502465156854e-08,0.798802727694934,0.001066247445004,0.973950949891786,0.999999999994214,215,ENSG00000090104
ENSG00000090382,4.8603067898624e-08,0.791780154011362,0.0010278546781883,0.974424064594173,0.999999999994214,216,ENSG00000090382
ENSG00000136942,4.75807690401591e-08,0.783652258968476,0.0009850703887457,0.97496184079441,0.999999999994214,217,ENSG00000136942
ENSG00000133872,4.72046801273353e-08,0.780621919287004,0.0009695595046378,0.97515968373024,0.999999999994214,218,ENSG00000133872
ENSG00000167644,4.6735166387379e-08,0.776807687756244,0.0009503682882483,0.975406675278508,0.999999999994214,219,ENSG00000167644
ENSG00000101160,4.63672380104413e-08,0.773794161290049,0.0009354634066123,0.975600228663815,0.999999999994214,220,ENSG00000101160
ENSG00000111348,4.57629102453677e-08,0.768796642990512,0.0009112375764725,0.975918146055771,0.999999999994214,221,ENSG00000111348
ENSG00000026025,4.5729069401747e-08,0.768515014576583,0.0009098903873867,0.975935948748296,0.999999999994214,222,ENSG00000026025
ENSG00000145649,4.55295906734797e-08,0.766851042862291,0.0009019694783,0.976040889001494,0.999999999994214,223,ENSG00000145649
ENSG00000138035,4.54329312238992e-08,0.766042350612286,0.0008981437761042,0.976091739019327,0.999999999994214,224,ENSG00000138035
ENSG00000116824,4.53121483038706e-08,0.765029618693771,0.0008933747141931,0.976155279902935,0.999999999994214,225,ENSG00000116824
ENSG00000111275,4.52405961885853e-08,0.76442850939314,0.0008905554975875,0.976192921758684,0.999999999994214,226,ENSG00000111275
ENSG00000089157,4.488643760039e-08,0.761440369091693,0.0008766669380228,0.97637923689665,0.999999999994214,227,ENSG00000089157
ENSG00000135404,4.44567974956974e-08,0.757786307709939,0.0008599648473205,0.976605262949405,0.999999999994214,228,ENSG00000135404
ENSG00000233209,4.43223530350142e-08,0.756636235277589,0.000854771369891,0.97667599218671,0.999999999994214,229,ENSG00000233209
ENSG00000223532,4.39060446224748e-08,0.753054694227991,0.000838789487556,0.976895007030437,0.999999999994214,230,ENSG00000223532
ENSG00000128340,4.37924160115618e-08,0.752071745145677,0.0008344535400288,0.976954785977913,0.999999999994214,231,ENSG00000128340
ENSG00000234745,4.37167599030922e-08,0.7514159853302,0.0008315728140928,0.976994588019463,0.999999999994214,232,ENSG00000234745
ENSG00000019169,4.28683774091203e-08,0.743990618276474,0.0007996104129024,0.97744091880457,0.999999999994214,233,ENSG00000019169
ENSG00000221983,4.28169642175188e-08,0.743536326428725,0.00079769357474,0.977467967316413,0.999999999994214,234,ENSG00000221983
ENSG00000215472,4.18078622827484e-08,0.734517365619257,0.0007605368709657,0.977998861672805,0.999999999994214,235,ENSG00000215472
ENSG00000205420,4.16450569306466e-08,0.733043670939582,0.000754625141372,0.978084515428057,0.999999999994214,236,ENSG00000205420
ENSG00000129538,4.15218771525194e-08,0.731925159186806,0.0007501676094792,0.978149321884221,0.999999999994214,237,ENSG00000129538
ENSG00000157514,4.13809848697142e-08,0.730642088164681,0.0007450853003229,0.978223447292355,0.999999999994214,238,ENSG00000157514
ENSG00000103187,4.03956566086178e-08,0.721555699141722,0.0007100250865581,0.978741847545014,0.999999999994214,239,ENSG00000103187
ENSG00000131400,4.03527982186973e-08,0.72115589260062,0.0007085192618384,0.978764396378093,0.999999999994214,240,ENSG00000131400
ENSG00000128422,4.02953488886825e-08,0.720619364595903,0.0007065032934765,0.978794621883438,0.999999999994214,241,ENSG00000128422
ENSG00000124107,3.97807524642875e-08,0.715782045949553,0.000688573551704,0.979065365070146,0.999999999994214,242,ENSG00000124107
ENSG00000126432,3.96521178531235e-08,0.714563920526434,0.0006841276235098,0.979133043618621,0.999999999994214,243,ENSG00000126432
ENSG00000225691,3.95422049358466e-08,0.713520218380202,0.000680340171538,0.979190872238329,0.999999999994214,244,ENSG00000225691
ENSG00000110077,3.94858848989772e-08,0.712984391374985,0.0006784035321283,0.979220504011685,0.999999999994214,245,ENSG00000110077
ENSG00000136235,3.87539234079577e-08,0.705956260643444,0.0006534851202036,0.979605614964193,0.999999999994214,246,ENSG00000136235
ENSG00000231286,3.87146185872005e-08,0.705575441836296,0.0006521602432291,0.979626294762464,0.999999999994214,247,ENSG00000231286
ENSG00000106541,3.86598150747905e-08,0.705043868183433,0.0006503151843622,0.979655129049392,0.999999999994214,248,ENSG00000106541
ENSG00000232126,3.8162722464024e-08,0.700190549536771,0.0006336990381244,0.979916670264873,0.999999999994214,249,ENSG00000232126
ENSG00000149806,3.80349429929804e-08,0.698933653732862,0.000629462539189,0.979983900739414,0.999999999994214,250,ENSG00000149806
ENSG00000182899,3.70098344925353e-08,0.688708202206327,0.0005959895375326,0.980523261113096,0.999999999994214,251,ENSG00000182899
ENSG00000186847,3.69522252880717e-08,0.688125899062823,0.0005941355567619,0.980553572436507,0.999999999994214,252,ENSG00000186847
ENSG00000111796,3.67798653629282e-08,0.686378749071344,0.0005886059124698,0.980644260498106,0.999999999994214,253,ENSG00000111796
ENSG00000136810,3.60408128184787e-08,0.678801381300524,0.0005651887437115,0.981033119618952,0.999999999994214,254,ENSG00000136810
ENSG00000082074,3.56624619233344e-08,0.674867095573637,0.0005533845016565,0.981232194083827,0.999999999994214,255,ENSG00000082074
ENSG00000089327,3.5463435368913e-08,0.672782179457888,0.0005472250346566,0.9813369150799,0.999999999994214,256,ENSG00000089327
ENSG00000166927,3.51991475551718e-08,0.669997024287248,0.0005390991435813,0.98147597482526,0.999999999994214,257,ENSG00000166927
ENSG00000135486,3.50538946746119e-08,0.668458151070836,0.0005346590283686,0.981552402458136,0.999999999994214,258,ENSG00000135486
ENSG00000112096,3.40326828037592e-08,0.657471469124593,0.0005039607596814,0.982089737719073,0.999999999994214,259,ENSG00000112096
ENSG00000179344,3.39781577254151e-08,0.656876426296847,0.0005023472231948,0.982118427635046,0.999999999994214,260,ENSG00000179344
ENSG00000042493,3.37635875934442e-08,0.6545262744444,0.0004960226678107,0.98223133001813,0.999999999994214,261,ENSG00000042493
ENSG00000117450,3.36228803263248e-08,0.652977709011233,0.0004918970065103,0.982305367476734,0.999999999994214,262,ENSG00000117450
ENSG00000130066,3.33914373367565e-08,0.650417614080876,0.0004851483708809,0.982427148659151,0.999999999994214,263,ENSG00000130066
ENSG00000025708,3.29530809714444e-08,0.645523992609701,0.0004724941120731,0.98265780509772,0.999999999994214,264,ENSG00000025708
ENSG00000196754,3.2437347749276e-08,0.639689812697796,0.0004578202766746,0.982929177913834,0.999999999994214,265,ENSG00000196754
ENSG00000130255,3.20233358281208e-08,0.634944675351923,0.0004462081409536,0.983147027596682,0.999999999994214,266,ENSG00000130255
ENSG00000102575,3.15611578740416e-08,0.6295808002898,0.0004334212549544,0.983390223335458,0.999999999994214,267,ENSG00000102575
ENSG00000187514,3.14136587842072e-08,0.627853861802099,0.0004293795872672,0.983467836948288,0.999999999994214,268,ENSG00000187514
ENSG00000167004,3.09867802356383e-08,0.622813823961249,0.000417789243255,0.983692460138186,0.999999999994214,269,ENSG00000167004
ENSG00000160255,3.05496434374385e-08,0.617586476070262,0.0004060847135117,0.98392248255143,0.999999999994214,270,ENSG00000160255
ENSG00000163131,2.93835331449377e-08,0.603300063197342,0.000375675073753,0.984536099021525,0.999999999994214,271,ENSG00000163131
ENSG00000173559,2.89230040590415e-08,0.597514816164825,0.000363991420379,0.984778435613442,0.999999999994214,272,ENSG00000173559
ENSG00000134285,2.88860053521435e-08,0.597046385975703,0.0003630607702898,0.984797904891315,0.999999999994214,273,ENSG00000134285
ENSG00000067082,2.87772922388927e-08,0.595666820365636,0.0003603331384102,0.984855111424308,0.999999999994214,274,ENSG00000067082
ENSG00000233276,2.86300558470774e-08,0.593790782293187,0.0003566553477863,0.984932589630436,0.999999999994214,275,ENSG00000233276
ENSG00000145741,2.84353042076116e-08,0.591295729252381,0.0003518196624381,0.985035071357978,0.999999999994214,276,ENSG00000145741
ENSG00000115738,2.8393285740446e-08,0.590755363647841,0.0003507806722755,0.985057182244614,0.999999999994214,277,ENSG00000115738
ENSG00000100453,2.83035144096695e-08,0.58959843405037,0.0003485660454196,0.985104421600708,0.999999999994214,278,ENSG00000100453
ENSG00000277016,2.70579937542981e-08,0.573190890224331,0.0003185631480208,0.985759843219704,0.999999999994214,279,ENSG00000277016
ENSG00000211893,2.66459233247579e-08,0.567610393069788,0.0003089341352221,0.985976686295996,0.999999999994214,280,ENSG00000211893
ENSG00000168685,2.64946610350683e-08,0.565542104760982,0.000305436606047,0.986056285037705,0.999999999994214,281,ENSG00000168685
ENSG00000170476,2.53517107037688e-08,0.549555566520561,0.0002796526188259,0.986657744123246,0.999999999994214,282,ENSG00000170476
ENSG00000142227,2.53506339908881e-08,0.549540198371515,0.0002796288650693,0.986658310729576,0.999999999994214,283,ENSG00000142227
ENSG00000122406,2.52343590791943e-08,0.547877061244972,0.0002770696188925,0.986719498948557,0.999999999994214,284,ENSG00000122406
ENSG00000137575,2.52124314217134e-08,0.547562634482349,0.0002765883030799,0.986731038113002,0.999999999994214,285,ENSG00000137575
ENSG00000163466,2.47115956638582e-08,0.540312103784524,0.000265708794263,0.986994597621894,0.999999999994214,286,ENSG00000163466
ENSG00000125534,2.43973336163912e-08,0.5356936931101,0.0002589936282936,0.987159975419836,0.999999999994214,287,ENSG00000125534
ENSG00000177606,2.43497362057104e-08,0.534989463434734,0.0002579840588603,0.987185023211014,0.999999999994214,288,ENSG00000177606
ENSG00000143119,2.42599960960833e-08,0.53365828060659,0.0002560859803373,0.987232248325332,0.999999999994214,289,ENSG00000143119
ENSG00000282813,2.38796492438587e-08,0.527965880217623,0.0002481191225893,0.987432403730074,0.999999999994214,290,ENSG00000282813
ENSG00000275824,2.36103558913917e-08,0.523885222970104,0.0002425545450369,0.987574118330417,0.999999999994214,291,ENSG00000275824
ENSG00000149925,2.2406257710803e-08,0.505102511848883,0.0002184454501853,0.988207775140978,0.999999999994214,292,ENSG00000149925
ENSG00000181163,2.22616778176272e-08,0.50278551448069,0.0002156354384726,0.98828386083503,0.999999999994214,293,ENSG00000181163
ENSG00000079332,2.13753010853643e-08,0.488272584588607,0.0001988056997863,0.988750322113879,0.999999999994214,294,ENSG00000079332
ENSG00000030582,2.13452249220982e-08,0.487770552433281,0.0001982466334079,0.988766149950575,0.999999999994214,295,ENSG00000030582
ENSG00000211675,2.12197181371216e-08,0.485668587473268,0.0001959221651959,0.988832199011167,0.999999999994214,296,ENSG00000211675
ENSG00000163682,2.11927131872906e-08,0.485214828442499,0.0001954238078156,0.988846410615949,0.999999999994214,297,ENSG00000163682
ENSG00000130755,2.05797460447444e-08,0.474770488391656,0.0001842826176003,0.989168991190824,0.999999999994214,298,ENSG00000130755
ENSG00000285043,2.01322051079625e-08,0.46696371959668,0.0001763547017206,0.989404515560683,0.999999999994214,299,ENSG00000285043
ENSG00000136167,1.99557987219714e-08,0.463842889904794,0.0001732776621312,0.989497352022196,0.999999999994214,300,ENSG00000136167
ENSG00000170345,1.9570207284692e-08,0.456932597772653,0.000166646118011,0.989700275694506,0.999999999994214,301,ENSG00000170345
ENSG00000255508,1.94645398573119e-08,0.455017182178863,0.000164851397383,0.989755884988171,0.999999999994214,302,ENSG00000255508
ENSG00000120129,1.93512494002801e-08,0.452953000069908,0.0001629379959272,0.989815506087042,0.999999999994214,303,ENSG00000120129
ENSG00000101439,1.9069248843674e-08,0.447766515050633,0.0001582236949267,0.989963914094268,0.999999999994214,304,ENSG00000101439
ENSG00000127922,1.86617525594434e-08,0.440146735872874,0.0001515336915845,0.990178367160722,0.999999999994214,305,ENSG00000127922
ENSG00000189377,1.85574866370101e-08,0.438172642797309,0.0001498451403948,0.990233239301569,0.999999999994214,306,ENSG00000189377
ENSG00000164687,1.84994013643695e-08,0.437068498857537,0.0001489085723688,0.990263807921478,0.999999999994214,307,ENSG00000164687
ENSG00000197756,1.83229669247234e-08,0.433695117133866,0.0001460817440728,0.990356660415046,0.999999999994214,308,ENSG00000197756
ENSG00000128016,1.81087401554301e-08,0.42955901968038,0.0001426858228291,0.990469402126433,0.999999999994214,309,ENSG00000128016
ENSG00000260272,1.78129148224107e-08,0.423773363002636,0.0001380620546771,0.990625087250868,0.999999999994214,310,ENSG00000260272
ENSG00000115523,1.77780627443339e-08,0.423085965148211,0.0001375223291675,0.990643429010324,0.999999999994214,311,ENSG00000115523
ENSG00000143546,1.77455774081565e-08,0.422444137388734,0.0001370202072512,0.990660525218358,0.999999999994214,312,ENSG00000143546
ENSG00000171858,1.76023594439703e-08,0.419601649556071,0.0001348174536675,0.99073589724942,0.999999999994214,313,ENSG00000171858
ENSG00000185883,1.7444852470089e-08,0.416451054769922,0.00013241553879,0.99081878932419,0.999999999994214,314,ENSG00000185883
ENSG00000104870,1.74130381799392e-08,0.415811522573851,0.0001319330050445,0.990835532420399,0.999999999994214,315,ENSG00000104870
ENSG00000132465,1.7239689817787e-08,0.412307991626978,0.000129319270232,0.990926761567466,0.999999999994214,316,ENSG00000132465
ENSG00000118785,1.68196954775879e-08,0.403684152173687,0.0001230950551233,0.991147795154485,0.999999999994214,317,ENSG00000118785
ENSG00000144746,1.68161403231342e-08,0.403610317019441,0.0001230430237789,0.99114966615534,0.999999999994214,318,ENSG00000144746
ENSG00000148908,1.65479887027935e-08,0.397999675579151,0.0001191502015851,0.991290788689775,0.999999999994214,319,ENSG00000148908
ENSG00000026508,1.62180816076053e-08,0.390981768848023,0.0001144467100725,0.991464412199711,0.999999999994214,320,ENSG00000026508
ENSG00000169429,1.60635511114674e-08,0.387649560191772,0.0001122761388492,0.991545738650547,0.999999999994214,321,ENSG00000169429
ENSG00000225890,1.60581118792701e-08,0.387531738722785,0.0001122001167302,0.991548601216248,0.999999999994214,322,ENSG00000225890
ENSG00000108518,1.60243098013906e-08,0.386798719191646,0.0001117282548534,0.991566390617122,0.999999999994214,323,ENSG00000108518
ENSG00000023445,1.59194517311874e-08,0.384515779782926,0.0001102708095475,0.991621575483352,0.999999999994214,324,ENSG00000023445
ENSG00000034510,1.52092182901216e-08,0.368680806639254,0.000100651009773,0.991995359271323,0.999999999994214,325,ENSG00000034510
ENSG00000111229,1.49468661857186e-08,0.362660157888267,9.72085897961353e-05,0.992133431173289,0.999999999994214,326,ENSG00000111229
ENSG00000187109,1.48557706325868e-08,0.360547024103262,9.60273006391169e-05,0.992181373425635,0.999999999994214,327,ENSG00000187109
ENSG00000211677,1.47882155740252e-08,0.3589722955633,9.51559382161414e-05,0.992216926679499,0.999999999994214,328,ENSG00000211677
ENSG00000277943,1.4518529401781e-08,0.352619603250111,9.17169505807159e-05,0.992358858779115,0.999999999994214,329,ENSG00000277943
ENSG00000167658,1.44686689083083e-08,0.351433296980947,9.10880714773349e-05,0.992385099693309,0.999999999994214,330,ENSG00000167658
ENSG00000211679,1.4394733728437e-08,0.349667297597848,9.01595263582604e-05,0.992424010809735,0.999999999994214,331,ENSG00000211679
ENSG00000136156,1.42095430418523e-08,0.345207219875101,8.78546137512363e-05,0.9925214743205,0.999999999994214,332,ENSG00000136156
ENSG00000125868,1.40498818834945e-08,0.341319137337792,8.58914029013696e-05,0.992605502053819,0.999999999994214,333,ENSG00000125868
ENSG00000170458,1.392276447856e-08,0.338194582040343,8.43442154898697e-05,0.992672402462675,0.999999999994214,334,ENSG00000170458
ENSG00000142089,1.37093434045303e-08,0.332889561899464,8.17782213102192e-05,0.992784723602454,0.999999999994214,335,ENSG00000142089
ENSG00000087460,1.36717859310788e-08,0.331948191974175,8.13307635179058e-05,0.992804489698262,0.999999999994214,336,ENSG00000087460
ENSG00000159140,1.3298647302447e-08,0.322464955659369,7.69518891650539e-05,0.993000868797846,0.999999999994214,337,ENSG00000159140
ENSG00000089356,1.32761076535951e-08,0.321884357760121,7.66912613492505e-05,0.993012731201571,0.999999999994214,338,ENSG00000089356
ENSG00000170323,1.32641842242416e-08,0.321576858206538,7.65535685504885e-05,0.993019006390142,0.999999999994214,339,ENSG00000170323
ENSG00000115875,1.32270897347553e-08,0.320618590915458,7.61259893288395e-05,0.993038528873352,0.999999999994214,340,ENSG00000115875
ENSG00000119655,1.2848352244872e-08,0.310691507290177,7.18289005641561e-05,0.993237855111863,0.999999999994214,341,ENSG00000119655
ENSG00000244734,1.27628520202407e-08,0.308413498472564,7.0876100877532e-05,0.993282853193401,0.999999999994214,342,ENSG00000244734
ENSG00000176046,1.25752424801745e-08,0.303365678922069,6.88077071109651e-05,0.993381590662249,0.999999999994214,343,ENSG00000176046
ENSG00000118816,1.23855669002063e-08,0.298191813770806,6.67476728924409e-05,0.99348141557516,0.999999999994214,344,ENSG00000118816
ENSG00000109861,1.21918592452746e-08,0.292832680063272,6.46761605120433e-05,0.99358336264584,0.999999999994214,345,ENSG00000109861
ENSG00000100292,1.21469478346456e-08,0.291579049918879,6.42005402647555e-05,0.993606999242262,0.999999999994214,346,ENSG00000100292
ENSG00000187608,1.1906571582245e-08,0.284796447739336,6.16847493779142e-05,0.993733507865536,0.999999999994214,347,ENSG00000187608
ENSG00000172809,1.19044700982268e-08,0.284736601113688,6.16629768509655e-05,0.993734613865049,0.999999999994214,348,ENSG00000172809
ENSG00000213145,1.18080870220105e-08,0.281981348006413,6.06685255427763e-05,0.993785339762341,0.999999999994214,349,ENSG00000213145
ENSG00000180879,1.1681785364418e-08,0.278339546164035,5.93776212123454e-05,0.993851811686918,0.999999999994214,350,ENSG00000180879
ENSG00000130429,1.13365342655335e-08,0.268197723015609,5.59197163854458e-05,0.99403351581317,0.999999999994214,351,ENSG00000130429
ENSG00000161939,1.11760964545683e-08,0.26338841601953,5.43481333746458e-05,0.994117953629327,0.999999999994214,352,ENSG00000161939
ENSG00000165140,1.11264277603961e-08,0.261886746455595,5.38661399520688e-05,0.994144094089556,0.999999999994214,353,ENSG00000165140
ENSG00000175768,1.09200577369645e-08,0.255581070096616,5.18864812173041e-05,0.994252705978952,0.999999999994214,354,ENSG00000175768
ENSG00000170296,1.06587404746624e-08,0.247438319993447,4.94329041518453e-05,0.994390236578605,0.999999999994214,355,ENSG00000170296
ENSG00000227993,1.05085327908723e-08,0.242674828211189,4.8049460688139e-05,0.994469290570003,0.999999999994214,356,ENSG00000227993
ENSG00000110717,1.04286808402391e-08,0.240117115679312,4.73220012816523e-05,0.994511316507604,0.999999999994214,357,ENSG00000110717
ENSG00000109046,9.76750405971176e-09,0.218223371137326,4.15117986129013e-05,0.994859293228902,0.999999999994214,358,ENSG00000109046
ENSG00000042753,9.7459405200026e-09,0.217486762894331,4.13287112614591e-05,0.99487064211651,0.999999999994214,359,ENSG00000042753
ENSG00000002586,9.726192092189722e-09,0.216810850812678,4.11613902830674e-05,0.99488103571192,0.999999999994214,360,ENSG00000002586
ENSG00000103490,9.349354418635491e-09,0.203666821982426,3.80336142088299e-05,0.995079365502906,0.999999999994214,361,ENSG00000103490
ENSG00000066336,9.336849207287782e-09,0.20322239461323,3.79319386745672e-05,0.995085947005013,0.999999999994214,362,ENSG00000066336
ENSG00000172757,9.245439686917011e-09,0.199957136045906,3.71928526541177e-05,0.995134055914236,0.999999999994214,363,ENSG00000172757
ENSG00000147872,8.97270040392504e-09,0.190036159968407,3.5030850702049e-05,0.995277598938002,0.999999999994214,364,ENSG00000147872
ENSG00000184076,8.896305994140531e-09,0.18720787984993,3.44368782075829e-05,0.995317805438463,0.999999999994214,365,ENSG00000184076
ENSG00000215845,8.42130176187708e-09,0.169107322499124,3.08576472110334e-05,0.995567801190964,0.999999999994214,366,ENSG00000215845
ENSG00000141552,8.01390123810338e-09,0.152823507814128,2.79442412422111e-05,0.995782217313366,0.999999999994214,367,ENSG00000141552
ENSG00000111640,8.00814652657391e-09,0.152588119163324,2.79041226273223e-05,0.99578524603759,0.999999999994214,368,ENSG00000111640
ENSG00000189159,7.808136409789881e-09,0.144309374260589,2.65276716805647e-05,0.995890512078837,0.999999999994214,369,ENSG00000189159
ENSG00000137880,7.674950562667061e-09,0.138688413155702,2.56304082232394e-05,0.995960608307269,0.999999999994214,370,ENSG00000137880
ENSG00000117410,7.59007567895262e-09,0.135059672349594,2.50666653073737e-05,0.996005278304391,0.999999999994214,371,ENSG00000117410
ENSG00000169100,7.530624048991961e-09,0.132495725198915,2.46755183060972e-05,0.99603656794694,0.999999999994214,372,ENSG00000169100
ENSG00000131051,7.48174875305498e-09,0.130374006380922,2.43562593489306e-05,0.99606229122504,0.999999999994214,373,ENSG00000131051
ENSG00000111669,7.36564612864988e-09,0.125282658032111,2.36061982430243e-05,0.996123396551114,0.999999999994214,374,ENSG00000111669
ENSG00000123416,7.362626036310421e-09,0.125149244294756,2.35868439918616e-05,0.99612498603941,0.999999999994214,375,ENSG00000123416
ENSG00000135637,7.2598278878882e-09,0.120578006324058,2.29327955673557e-05,0.996179089180286,0.999999999994214,376,ENSG00000135637
ENSG00000150991,6.9132134614939706e-09,0.104716122017891,2.07952566100895e-05,0.996361514083757,0.999999999994214,377,ENSG00000150991
ENSG00000101443,6.7166637058446806e-09,0.0953955755596476,1.96296049132857e-05,0.99646495928677,0.999999999994214,378,ENSG00000101443
ENSG00000166920,6.653392062887911e-09,0.0923421057007754,1.92615211329942e-05,0.996498259508539,0.999999999994214,379,ENSG00000166920
ENSG00000104904,6.379796980448931e-09,0.0788252943266674,1.77099798638381e-05,0.996642254209647,0.999999999994214,380,ENSG00000104904
ENSG00000132965,6.37702499820679e-09,0.0786856550771378,1.7694593454267e-05,0.996643713120773,0.999999999994214,381,ENSG00000132965
ENSG00000113648,6.374842078061751e-09,0.0785756509188036,1.76824814510978e-05,0.996644862004939,0.999999999994214,382,ENSG00000113648
ENSG00000092841,6.3682397501474e-09,0.078242729364483,1.76458734587266e-05,0.996648336850372,0.999999999994214,383,ENSG00000092841
ENSG00000128245,6.26851910667031e-09,0.0731755850671188,1.70975647796516e-05,0.996700820440677,0.999999999994214,384,ENSG00000128245
ENSG00000113732,6.248546517004341e-09,0.0721518622626944,1.69887867322864e-05,0.996711332139646,0.999999999994214,385,ENSG00000113732
ENSG00000188229,6.24494478547014e-09,0.0719669323113759,1.6969207326512e-05,0.99671322775356,0.999999999994214,386,ENSG00000188229
ENSG00000067560,6.2430746059212e-09,0.0718708699873999,1.6959045279074e-05,0.996714212040803,0.999999999994214,387,ENSG00000067560
ENSG00000168878,6.22068877824363e-09,0.0707189693255648,1.68376430385393e-05,0.996725993842897,0.999999999994214,388,ENSG00000168878
ENSG00000073792,6.206648866127771e-09,0.0699945872627954,1.67617246751296e-05,0.996733383137432,0.999999999994214,389,IGF2BP2
ENSG00000100632,6.202723992455461e-09,0.0697918175846287,1.67405322885901e-05,0.996735448823317,0.999999999994214,390,ENSG00000100632
ENSG00000156976,6.072844499177571e-09,0.0630148566343097,1.60468085604976e-05,0.996803805235909,0.999999999994214,391,ENSG00000156976
ENSG00000188536,5.881154125095641e-09,0.0527666218790359,1.50497564516393e-05,0.996904693155303,0.999999999994214,392,ENSG00000188536
ENSG00000115009,5.8345403243495805e-09,0.0502284265061872,1.4812134312086e-05,0.996929226316347,0.999999999994214,393,ENSG00000115009
ENSG00000175390,5.82118351984457e-09,0.049497711234772,1.47443941597793e-05,0.996936256094132,0.999999999994214,394,ENSG00000175390
ENSG00000104408,5.78673218602294e-09,0.0476058732386663,1.45703879944108e-05,0.996954388068416,0.999999999994214,395,ENSG00000104408
ENSG00000125995,5.7739160255467e-09,0.0468994672210963,1.45059199535335e-05,0.996961133302351,0.999999999994214,396,ENSG00000125995
ENSG00000100219,5.637724623668621e-09,0.0393029749016915,1.38296779734671e-05,0.99703281179281,0.999999999994214,397,ENSG00000100219
ENSG00000254709,5.566786827086621e-09,0.0352795260729197,1.34838381750607e-05,0.997070146862441,0.999999999994214,398,ENSG00000254709
ENSG00000273594,5.553418530356841e-09,0.0345160600444438,1.34191547163346e-05,0.99707718269333,0.999999999994214,399,ENSG00000273594
ENSG00000143549,5.49290190174528e-09,0.0310387940026948,1.31282862021162e-05,0.997109033033833,0.999999999994214,400,ENSG00000143549
ENSG00000160200,5.44951108065177e-09,0.0285239535056444,1.2921693336326e-05,0.997131869940481,0.999999999994214,401,ENSG00000160200
ENSG00000223551,5.40698629820293e-09,0.0260414875900139,1.2720813575637e-05,0.997154251046934,0.999999999994214,402,ENSG00000223551
ENSG00000065978,5.308744251147031e-09,0.0202374888099363,1.22627523426155e-05,0.997205956568974,0.999999999994214,403,ENSG00000065978
ENSG00000102144,5.18511346255519e-09,0.0127924346253688,1.1698249464226e-05,0.997271024391676,0.999999999994214,404,ENSG00000102144
ENSG00000104529,4.9500320739075e-09,-0.0018231052644847,1.06615506857606e-05,0.997394749561083,0.999999999994214,405,ENSG00000104529
ENSG00000124831,4.7362580244703705e-09,-0.0156754769869261,9.76056725205472e-06,0.997507260566046,0.999999999994214,406,ENSG00000124831
ENSG00000135046,4.621195099509831e-09,-0.0233698026478918,9.29208038602175e-06,0.997567819131374,0.999999999994214,407,ENSG00000135046
ENSG00000276173,4.471781778796161e-09,-0.033626774932295,8.70092758080184e-06,0.997646456613834,0.999999999994214,408,ENSG00000276173
ENSG00000185201,4.2967994507002805e-09,-0.0460449818264398,8.03330983830268e-06,0.997738551308101,0.999999999994214,409,ENSG00000185201
ENSG00000127314,4.1144245095423706e-09,-0.0594897561671633,7.36584450921608e-06,0.99783453682983,0.999999999994214,410,ENSG00000127314
ENSG00000167468,4.073426191808581e-09,-0.0625870401584028,7.2197814804588e-06,0.997856114606297,0.999999999994214,411,ENSG00000167468
ENSG00000122545,3.92016748075608e-09,-0.0744232780859011,6.6867270132429e-06,0.997936776032317,0.999999999994214,412,ENSG00000122545
ENSG00000115091,3.90574984461214e-09,-0.0755584214008487,6.63763241994262e-06,0.997944364163859,0.999999999994214,413,ENSG00000115091
ENSG00000120963,3.85854516784852e-09,-0.0793019709612285,6.47815786213586e-06,0.99796920841099,0.999999999994214,414,ENSG00000120963
ENSG00000185885,3.81578197450438e-09,-0.0827296008042524,6.3353622747911e-06,0.997991715067039,0.999999999994214,415,ENSG00000185885
ENSG00000185650,3.79261260503487e-09,-0.0846014029329525,6.25865940863265e-06,0.99800390931675,0.999999999994214,416,ENSG00000185650
ENSG00000101608,3.766723025415e-09,-0.0867053682698988,6.17350385499305e-06,0.998017535238336,0.999999999994214,417,ENSG00000101608
ENSG00000167460,3.6531779371448603e-09,-0.0960917793276089,5.80692212975606e-06,0.998077295059368,0.999999999994214,418,ENSG00000167460
ENSG00000115414,3.63322032467879e-09,-0.0977691054002037,5.74364804955923e-06,0.99808779893492,0.999999999994214,419,ENSG00000115414
ENSG00000131171,3.5911254917416504e-09,-0.10133473046342,5.61132616824031e-06,0.998109953834911,0.999999999994214,420,ENSG00000131171
ENSG00000026297,3.5438299406086303e-09,-0.105386737685864,5.46449579413546e-06,0.998134845922736,0.999999999994214,421,ENSG00000026297
ENSG00000103811,3.49199857999318e-09,-0.10988450304686,5.30581944275468e-06,0.998162125251303,0.999999999994214,422,ENSG00000103811
ENSG00000185624,3.4245844737345203e-09,-0.115826667965692,5.10293594317592e-06,0.998197605927465,0.999999999994214,423,ENSG00000185624
ENSG00000153187,3.3774384137104105e-09,-0.120046182239247,4.96339943728718e-06,0.998222419342994,0.999999999994214,424,ENSG00000153187
ENSG00000123349,3.3653226521356903e-09,-0.121139220247661,4.92785326522979e-06,0.998228795982726,0.999999999994214,425,ENSG00000123349
ENSG00000128272,3.2638336052093e-09,-0.130439097777924,4.63511345963733e-06,0.998282210630935,0.999999999994214,426,ENSG00000128272
ENSG00000164111,3.2419485066421403e-09,-0.13247911909387,4.57316188192612e-06,0.998293728966949,0.999999999994214,427,ENSG00000164111
ENSG00000142168,3.23985238446147e-09,-0.132675169223187,4.56725012417094e-06,0.998294832176055,0.999999999994214,428,ENSG00000142168
ENSG00000182196,3.2085074652612504e-09,-0.135620768794095,4.47930317677617e-06,0.998311329306519,0.999999999994214,429,ENSG00000182196
ENSG00000109321,3.1917714267435504e-09,-0.137204303729884,4.43269566527045e-06,0.998320137643793,0.999999999994214,430,ENSG00000109321
ENSG00000109332,3.17501103222483e-09,-0.13879776656405,4.38626460530179e-06,0.998328958800069,0.999999999994214,431,ENSG00000109332
ENSG00000198492,3.0280710198304804e-09,-0.153106677957421,3.98966530103533e-06,0.998406294745573,0.999999999994214,432,ENSG00000198492
ENSG00000042286,2.99638408507244e-09,-0.156275344484967,3.9066033071696e-06,0.998422971886889,0.999999999994214,433,ENSG00000042286
ENSG00000115310,2.9774158552598204e-09,-0.158186835650451,3.85729934438092e-06,0.998432955050675,0.999999999994214,434,ENSG00000115310
ENSG00000103363,2.9631947205062804e-09,-0.159627260119144,3.82053983675035e-06,0.998440439772334,0.999999999994214,435,ENSG00000103363
ENSG00000099860,2.94635559554795e-09,-0.161341046637918,3.77724079307127e-06,0.998449302367901,0.999999999994214,436,ENSG00000099860
ENSG00000255302,2.9302647915527e-09,-0.162987057709802,3.7360964879431e-06,0.998457771115031,0.999999999994214,437,ENSG00000255302
ENSG00000146066,2.86198122489406e-09,-0.17006533895412,3.5640017675275e-06,0.998493709424284,0.999999999994214,438,ENSG00000146066
ENSG00000148834,2.8496904187602702e-09,-0.171355770629274,3.5334562174191e-06,0.998500178196138,0.999999999994214,439,ENSG00000148834
ENSG00000241553,2.83452006362382e-09,-0.172955562942196,3.49593557645144e-06,0.998508162503019,0.999999999994214,440,ENSG00000241553
ENSG00000161547,2.8286614516805503e-09,-0.173575479053391,3.48149915459555e-06,0.998511245948057,0.999999999994214,441,ENSG00000161547
ENSG00000100129,2.81781989158408e-09,-0.174725756157238,3.45486284653804e-06,0.998516951967733,0.999999999994214,442,ENSG00000100129
ENSG00000217555,2.8159917290246304e-09,-0.174920120522081,3.45038136634143e-06,0.99851791414767,0.999999999994214,443,ENSG00000217555
ENSG00000168209,2.79544702675005e-09,-0.177112333265462,3.40021895220918e-06,0.99852872702671,0.999999999994214,444,ENSG00000168209
ENSG00000135535,2.77764504655389e-09,-0.179023824884893,3.35705026102263e-06,0.998538096384341,0.999999999994214,445,ENSG00000135535
ENSG00000146278,2.6973528084893204e-09,-0.187786807186136,3.16577365067683e-06,0.998580354983067,0.999999999994214,446,ENSG00000146278
ENSG00000147677,2.6749797450883204e-09,-0.190271039084351,3.11347473417752e-06,0.998592130148247,0.999999999994214,447,ENSG00000147677
ENSG00000189067,2.6657257608025904e-09,-0.191304126646537,3.09197011586233e-06,0.998597000612055,0.999999999994214,448,ENSG00000189067
ENSG00000197728,2.6586827439883803e-09,-0.192092587154631,3.07565333639944e-06,0.998600707421765,0.999999999994214,449,ENSG00000197728
ENSG00000262406,2.6168971864953102e-09,-0.19681008661699,2.97973519426293e-06,0.998622699576365,0.999999999994214,450,ENSG00000262406
ENSG00000143977,2.6055269310619402e-09,-0.198105677828828,2.95389791914933e-06,0.998628683855096,0.999999999994214,451,ENSG00000143977
ENSG00000239672,2.60213368643785e-09,-0.198493324465721,2.94620905490042e-06,0.998630469753567,0.999999999994214,452,ENSG00000239672
ENSG00000111716,2.5685329918629e-09,-0.202357029786339,2.87061299729545e-06,0.998648154134443,0.999999999994214,453,ENSG00000111716
ENSG00000166598,2.5459232161525502e-09,-0.204982986383105,2.82029769706121e-06,0.99866005388541,0.999999999994214,454,ENSG00000166598
ENSG00000143198,2.54489318218226e-09,-0.205103124049102,2.81801607697115e-06,0.998660596002592,0.999999999994214,455,ENSG00000143198
ENSG00000077549,2.54290410016625e-09,-0.205335245781925,2.81361269013486e-06,0.998661642876356,0.999999999994214,456,ENSG00000077549
ENSG00000119705,2.5282589306355904e-09,-0.207049433367391,2.78129752897854e-06,0.99866935077566,0.999999999994214,457,ENSG00000119705
ENSG00000128524,2.4570926518559504e-09,-0.215510725230764,2.62692344306086e-06,0.998706806302223,0.999999999994214,458,ENSG00000128524
ENSG00000166913,2.42051049234144e-09,-0.219947685169895,2.54928440407267e-06,0.998726059860934,0.999999999994214,459,ENSG00000166913
ENSG00000106615,2.3834886637594e-09,-0.224500809380304,2.47189791601128e-06,0.998745544822656,0.999999999994214,460,ENSG00000106615
ENSG00000099341,2.35258710180676e-09,-0.22835099648869,2.40821786197486e-06,0.998761808626905,0.999999999994214,461,ENSG00000099341
ENSG00000102317,2.3329743264821e-09,-0.230818702319837,2.36823213105104e-06,0.99877213102897,0.999999999994214,462,ENSG00000102317
ENSG00000117592,2.31349136224571e-09,-0.233288918816555,2.32884248141954e-06,0.99878238511035,0.999999999994214,463,ENSG00000117592
ENSG00000183011,2.26927002452993e-09,-0.238966989372938,2.2406638262137e-06,0.998805659248959,0.999999999994214,464,ENSG00000183011
ENSG00000166295,2.2548947739347e-09,-0.24083457933266,2.21236566669027e-06,0.998813225089385,0.999999999994214,465,ENSG00000166295
ENSG00000131236,2.2261472608867604e-09,-0.24460223886665,2.15631463024142e-06,0.998828355197868,0.999999999994214,466,ENSG00000131236
ENSG00000112695,2.1971240568124503e-09,-0.248451410462394,2.10045561375546e-06,0.99884363040577,0.999999999994214,467,ENSG00000112695
ENSG00000186395,2.17681759516403e-09,-0.251172261425326,2.06180898720493e-06,0.998854317903606,0.999999999994214,468,ENSG00000186395
ENSG00000206172,2.1559144577121e-09,-0.25399739790392,2.02240159844299e-06,0.998865319438217,0.999999999994214,469,ENSG00000206172
ENSG00000100906,2.13213303500539e-09,-0.2572421490972,1.97803033765257e-06,0.998877835843999,0.999999999994214,470,ENSG00000100906
ENSG00000090013,2.10330799824969e-09,-0.261219691811854,1.924908528223e-06,0.998893006755765,0.999999999994214,471,ENSG00000090013
ENSG00000163931,2.0947396147056e-09,-0.262411642482616,1.90925722128987e-06,0.998897516383768,0.999999999994214,472,ENSG00000163931
ENSG00000126709,2.09212328258872e-09,-0.262776489380025,1.90449087093742e-06,0.99889889338616,0.999999999994214,473,ENSG00000126709
ENSG00000068697,2.0639557859755703e-09,-0.266731073697809,1.85355351449828e-06,0.998913718228358,0.999999999994214,474,ENSG00000068697
ENSG00000230989,2.04455041621358e-09,-0.269484293958711,1.81886304166265e-06,0.998923931473596,0.999999999994214,475,ENSG00000230989
ENSG00000205352,2.04445151721503e-09,-0.269498386743724,1.81868708182205e-06,0.998923983525155,0.999999999994214,476,ENSG00000205352
ENSG00000141933,2.0372371888009603e-09,-0.270528089194897,1.80587439714135e-06,0.998927780500276,0.999999999994214,477,ENSG00000141933
ENSG00000132963,2.03457403034739e-09,-0.270909044622117,1.80115605975914e-06,0.998929182147922,0.999999999994214,478,ENSG00000132963
ENSG00000130811,1.9734334415110703e-09,-0.27978274629408,1.69453021388217e-06,0.99896136106866,0.999999999994214,479,ENSG00000130811
ENSG00000158710,1.9419865974718e-09,-0.284445122903795,1.64095551040992e-06,0.998977911866771,0.999999999994214,480,ENSG00000158710
ENSG00000185303,1.91525909986175e-09,-0.288462364040502,1.5960975056553e-06,0.998991978824565,0.999999999994214,481,ENSG00000185303
ENSG00000084234,1.8921081529489703e-09,-0.291983662946117,1.55774463469159e-06,0.999004163407074,0.999999999994214,482,ENSG00000084234
ENSG00000164924,1.88948097362678e-09,-0.292385745906254,1.55342180219323e-06,0.999005546118705,0.999999999994214,483,ENSG00000164924
ENSG00000118640,1.8815394810371102e-09,-0.293604284827711,1.54039117340112e-06,0.999009725808353,0.999999999994214,484,ENSG00000118640
ENSG00000173660,1.87043048951448e-09,-0.295316753516122,1.52225530569541e-06,0.99901557258548,0.999999999994214,485,ENSG00000173660
ENSG00000086061,1.8694806006673e-09,-0.295463611449362,1.52070955868118e-06,0.999016072521806,0.999999999994214,486,ENSG00000086061
ENSG00000143933,1.8546968549871902e-09,-0.297758092040183,1.49675328865381e-06,0.999023853360138,0.999999999994214,487,ENSG00000143933
ENSG00000197111,1.8420918748994702e-09,-0.2997276615489,1.47647780860765e-06,0.999030487491667,0.999999999994214,488,ENSG00000197111
ENSG00000099622,1.8315978634652601e-09,-0.301376803574378,1.45970335595177e-06,0.999036010598588,0.999999999994214,489,ENSG00000099622
ENSG00000170540,1.8054141925719801e-09,-0.30552954779775,1.41826718422635e-06,0.999049791336006,0.999999999994214,490,ENSG00000170540
ENSG00000172270,1.7824058241335e-09,-0.309224374625348,1.38234846671151e-06,0.99906190087906,0.999999999994214,491,ENSG00000172270
ENSG00000124172,1.7729093620708401e-09,-0.31076209752172,1.36765770563976e-06,0.999066898965647,0.999999999994214,492,ENSG00000124172
ENSG00000143742,1.76398962856716e-09,-0.312213304346849,1.35393060283657e-06,0.999071593514037,0.999999999994214,493,ENSG00000143742
ENSG00000277377,1.7497977706264502e-09,-0.314536148230897,1.33223263374002e-06,0.999079062836346,0.999999999994214,494,ENSG00000277377
ENSG00000284916,1.72084861064222e-09,-0.319328257696381,1.28851560041618e-06,0.99909429908032,0.999999999994214,495,ENSG00000284916
ENSG00000164265,1.6978071174426e-09,-0.323195389999878,1.25424116277094e-06,0.999106426058062,0.999999999994214,496,ENSG00000164265
ENSG00000282633,1.6953620188427602e-09,-0.323608569907108,1.25063117080805e-06,0.999107712938922,0.999999999994214,497,ENSG00000282633
ENSG00000161055,1.68501666517364e-09,-0.325362806791905,1.23541466112807e-06,0.999113157806334,0.999999999994214,498,ENSG00000161055
ENSG00000088986,1.6783017060859801e-09,-0.326506721904174,1.22558778004788e-06,0.999116691959279,0.999999999994214,499,ENSG00000088986
ENSG00000116044,1.60156056613335e-09,-0.339885623658646,1.11606909938401e-06,0.999157081622178,0.999999999994214,500,ENSG00000116044
ENSG00000197448,1.59229830127943e-09,-0.341539822122839,1.1031973591468e-06,0.999161956448989,0.999999999994214,501,ENSG00000197448
ENSG00000288920,1.5714496356413302e-09,-0.345295711712562,1.07449718781796e-06,0.999172929319758,0.999999999994214,502,ENSG00000288920
ENSG00000100300,1.5544223935730902e-09,-0.348397109789015,1.05133818505304e-06,0.999181890935452,0.999999999994214,503,ENSG00000100300
ENSG00000125743,1.53839330017789e-09,-0.351345204879806,1.02976733053622e-06,0.999190327215148,0.999999999994214,504,ENSG00000125743
ENSG00000171222,1.52417502310483e-09,-0.353983841869889,1.01082047650316e-06,0.999197810443329,0.999999999994214,505,ENSG00000171222
ENSG00000282657,1.5179841428619e-09,-0.355139785733722,1.0026256703349e-06,0.999201068768481,0.999999999994214,506,ENSG00000282657
ENSG00000129562,1.5178549180340302e-09,-0.355163960106526,1.00245497208956e-06,0.999201136780863,0.999999999994214,507,ENSG00000129562
ENSG00000132002,1.5137205582182102e-09,-0.355938378349166,9.97001400656969e-07,0.999203312737769,0.999999999994214,508,ENSG00000132002
ENSG00000110321,1.5127847994642102e-09,-0.356113926127758,9.95769119817771e-07,0.999203805237411,0.999999999994214,509,ENSG00000110321
ENSG00000163463,1.51123909362234e-09,-0.356404117082498,9.93735281540775e-07,0.999204618758599,0.999999999994214,510,ENSG00000163463
ENSG00000143543,1.4972623152615201e-09,-0.359040505515962,9.75439050006976e-07,0.999211974883609,0.999999999994214,511,ENSG00000143543
ENSG00000188186,1.4641825862670302e-09,-0.365370954250387,9.32813504517546e-07,0.999229385092113,0.999999999994214,512,ENSG00000188186
ENSG00000170315,1.4605687668882702e-09,-0.366070428879055,9.28214543345134e-07,0.999231287083197,0.999999999994214,513,ENSG00000170315
ENSG00000111639,1.4541559783886401e-09,-0.367315562252572,9.20081580005149e-07,0.99923466220113,0.999999999994214,514,ENSG00000111639
ENSG00000123144,1.43752844448677e-09,-0.370567560599091,8.99160548789112e-07,0.999243413446904,0.999999999994214,515,ENSG00000123144
ENSG00000125977,1.4368475364671e-09,-0.370701463384341,8.98308947374081e-07,0.99924377181595,0.999999999994214,516,ENSG00000125977
ENSG00000154582,1.41283683620469e-09,-0.375460721233897,8.68537089503263e-07,0.99925640889991,0.999999999994214,517,ENSG00000154582
ENSG00000169230,1.3944924197511301e-09,-0.37914691604558,8.46129166540942e-07,0.99926606375926,0.999999999994214,518,ENSG00000169230
ENSG00000122852,1.36102050792017e-09,-0.38598859298013,8.05997488287014e-07,0.999283680378835,0.999999999994214,519,ENSG00000122852
ENSG00000213585,1.3546896043439101e-09,-0.387299901279419,7.98516595022166e-07,0.999287012400076,0.999999999994214,520,ENSG00000213585
ENSG00000102760,1.34839501871671e-09,-0.388609251435696,7.91113196332853e-07,0.99929032530681,0.999999999994214,521,ENSG00000102760
ENSG00000111775,1.34551687568054e-09,-0.389209802110407,7.87739545660011e-07,0.999291840103817,0.999999999994214,522,ENSG00000111775
ENSG00000152234,1.3378903365423202e-09,-0.390806844343851,7.78834863223954e-07,0.99929585403174,0.999999999994214,523,ENSG00000152234
ENSG00000155368,1.33357310500037e-09,-0.391714589867263,7.73816536574615e-07,0.999298126236207,0.999999999994214,524,ENSG00000155368
ENSG00000173812,1.33176705961789e-09,-0.392095127804674,7.71722011070622e-07,0.99929907677693,0.999999999994214,525,ENSG00000173812
ENSG00000099795,1.33105159815741e-09,-0.392246007626711,7.70893053721759e-07,0.99929945333184,0.999999999994214,526,ENSG00000099795
ENSG00000185787,1.29586902412984e-09,-0.399758472012984,7.30678902194439e-07,0.999317970291634,0.999999999994214,527,ENSG00000185787
ENSG00000162191,1.24030391394769e-09,-0.412011651208499,6.693612674658e-07,0.999347214795934,0.999999999994214,528,ENSG00000162191
ENSG00000108654,1.19187377158128e-09,-0.423107741616667,6.18108727220382e-07,0.999372704092038,0.999999999994214,529,ENSG00000108654
ENSG00000168484,1.19175101634049e-09,-0.423136386535186,6.17981411425566e-07,0.99937276869942,0.999999999994214,530,ENSG00000168484
ENSG00000075142,1.1697739596148902e-09,-0.428308703662913,5.95399202439103e-07,0.999384335457008,0.999999999994214,531,ENSG00000075142
ENSG00000080824,1.16458821068795e-09,-0.429542116728444,5.90131950729768e-07,0.99938706477158,0.999999999994214,532,ENSG00000080824
ENSG00000135441,1.1634870060117402e-09,-0.429804680566051,5.89016451166622e-07,0.999387644347263,0.999999999994214,533,ENSG00000135441
ENSG00000089280,1.1509904061911101e-09,-0.432800305538703,5.76431568833982e-07,0.999394221440107,0.999999999994214,534,ENSG00000089280
ENSG00000182004,1.14666923836321e-09,-0.433843074425568,5.72111494889505e-07,0.999396495716512,0.999999999994214,535,ENSG00000182004
ENSG00000198668,1.14245285162654e-09,-0.434864025456937,5.67911838631622e-07,0.999398714845524,0.999999999994214,536,ENSG00000198668
ENSG00000156467,1.12676480838508e-09,-0.438693200038495,5.52421914790856e-07,0.999406971628937,0.999999999994214,537,ENSG00000156467
ENSG00000167815,1.11956514781258e-09,-0.440466847345714,5.45384876391916e-07,0.999410760886616,0.999999999994214,538,ENSG00000167815
ENSG00000173113,1.1176193969325801e-09,-0.440947975186957,5.43490817859605e-07,0.999411784955932,0.999999999994214,539,ENSG00000173113
ENSG00000182718,1.08408683430801e-09,-0.449362199086232,5.11366755087176e-07,0.999429433499293,0.999999999994214,540,ENSG00000182718
ENSG00000179271,1.0674556800514801e-09,-0.453624024666225,4.95797183099548e-07,0.999438186652275,0.999999999994214,541,ENSG00000179271
ENSG00000184009,1.0253724244124e-09,-0.46468537577638,4.57475264940637e-07,0.999460335516623,0.999999999994214,542,ENSG00000184009
ENSG00000122133,1.01597403653759e-09,-0.46721228332773,4.4912741882396e-07,0.999465281988025,0.999999999994214,543,ENSG00000122133
ENSG00000092199,9.90849360320124e-10,-0.474073853369988,4.27188562734266e-07,0.999478505372185,0.999999999994214,544,ENSG00000092199
ENSG00000165502,9.76872685692907e-10,-0.477960035835974,4.15221930164014e-07,0.99948586144467,0.999999999994214,545,ENSG00000165502
ENSG00000282986,9.68279727473629e-10,-0.480374589877431,4.07949146211937e-07,0.999490384009981,0.999999999994214,546,ENSG00000282986
ENSG00000172531,9.66181792761056e-10,-0.480967066702277,4.06183285622158e-07,0.999491488175338,0.999999999994214,547,ENSG00000172531
ENSG00000185043,9.65033829682794e-10,-0.48129176032485,4.05218650576295e-07,0.999492092360518,0.999999999994214,548,ENSG00000185043
ENSG00000188243,9.55320059722762e-10,-0.484053453817317,3.97102063845843e-07,0.999497204820996,0.999999999994214,549,ENSG00000188243
ENSG00000100650,9.49585556197504e-10,-0.48569588517448,3.92349000129406e-07,0.999500222951223,0.999999999994214,550,ENSG00000100650
ENSG00000288299,9.32039563786435e-10,-0.490778179734652,3.77983677325338e-07,0.999509457593781,0.999999999994214,551,ENSG00000288299
ENSG00000051108,9.21819448618785e-10,-0.493778938731785,3.69739698979912e-07,0.999514836549203,0.999999999994214,552,ENSG00000051108
ENSG00000135390,9.14260806999834e-10,-0.496017877145488,3.63701050284088e-07,0.999518814742774,0.999999999994214,553,ENSG00000135390
ENSG00000166562,8.89801843090419e-10,-0.503380624885208,3.44501368908892e-07,0.999531687756011,0.999999999994214,554,ENSG00000166562
ENSG00000177556,8.352802032744771e-10,-0.520482440037068,3.0357690352908e-07,0.999560383076231,0.999999999994214,555,ENSG00000177556
ENSG00000112335,8.203854542538101e-10,-0.525331882393688,2.92846645136636e-07,0.999568222341515,0.999999999994214,556,ENSG00000112335
ENSG00000186010,8.07027866069171e-10,-0.529749786089304,2.83387970942961e-07,0.99957525258269,0.999999999994214,557,ENSG00000186010
ENSG00000106153,8.00309502784065e-10,-0.531997143314233,2.78689301687552e-07,0.999578788528979,0.999999999994214,558,ENSG00000106153
ENSG00000160888,7.35589040630738e-10,-0.554576823741407,2.35437073224496e-07,0.999612851599254,0.999999999994214,559,ENSG00000160888
ENSG00000140264,7.342274233922381e-10,-0.555071090696393,2.34566265046746e-07,0.999613568232953,0.999999999994214,560,ENSG00000140264
ENSG00000100138,7.3322645750031e-10,-0.555434975791548,2.33927136684835e-07,0.999614095051995,0.999999999994214,561,ENSG00000100138
ENSG00000122034,7.31166726596852e-10,-0.556185188414672,2.32614717609986e-07,0.999615179110375,0.999999999994214,562,ENSG00000122034
ENSG00000101182,6.88214712089622e-10,-0.57228662129184,2.06087786516597e-07,0.999637785214649,0.999999999994214,563,ENSG00000101182
ENSG00000167283,6.86124312474605e-10,-0.573093473887288,2.04837736053744e-07,0.999638885414314,0.999999999994214,564,ENSG00000167283
ENSG00000168003,6.773456102248561e-10,-0.57650659439882,1.99629625059511e-07,0.999643505739168,0.999999999994214,565,SLC3A2
ENSG00000071082,6.75201359176895e-10,-0.577346411075281,1.98367703568529e-07,0.999644634281422,0.999999999994214,566,ENSG00000071082
ENSG00000155957,6.61442076338462e-10,-0.582794100494178,1.90365387182483e-07,0.999651875939118,0.999999999994214,567,ENSG00000155957
ENSG00000205581,6.591619669733951e-10,-0.583706848269873,1.89055202098077e-07,0.999653075985063,0.999999999994214,568,ENSG00000205581
ENSG00000070831,6.40090983944505e-10,-0.591456186258322,1.78273901833159e-07,0.999663113247426,0.999999999994214,569,ENSG00000070831
ENSG00000232112,6.37322481792683e-10,-0.592598638724998,1.76735107049932e-07,0.999664570339727,0.999999999994214,570,ENSG00000232112
ENSG00000171867,6.14097148459451e-10,-0.602365570539401,1.64088638481786e-07,0.999676794081173,0.999999999994214,571,ENSG00000171867
ENSG00000057608,6.12062686504759e-10,-0.603237127980613,1.63003210511465e-07,0.999677864840272,0.999999999994214,572,ENSG00000057608
ENSG00000116741,6.09562445267293e-10,-0.604311857411396,1.61674212832417e-07,0.999679180743994,0.999999999994214,573,ENSG00000116741
ENSG00000160014,6.089026487755051e-10,-0.604596142949905,1.6132440667948e-07,0.999679528001949,0.999999999994214,574,ENSG00000160014
ENSG00000010278,5.92644332825675e-10,-0.611691807277816,1.52824372623172e-07,0.999688084927656,0.999999999994214,575,ENSG00000010278
ENSG00000147684,5.492435972471421e-10,-0.631543050269557,1.3126059112123e-07,0.999710927199508,0.999999999994214,576,ENSG00000147684
ENSG00000169813,5.379116584144981e-10,-0.63696207477907,1.25900154798702e-07,0.999716891320293,0.999999999994214,577,ENSG00000169813
ENSG00000106803,5.33325935208156e-10,-0.639184707030235,1.23762694817036e-07,0.999719304835539,0.999999999994214,578,ENSG00000106803
ENSG00000164266,4.99514983440699e-10,-0.656133481145218,1.08567888051758e-07,0.999737099901718,0.999999999994214,579,ENSG00000164266
ENSG00000171314,4.931713320743921e-10,-0.659429794657344,1.05827855690669e-07,0.999740438633415,0.999999999994214,580,ENSG00000171314
ENSG00000109971,4.90892104970499e-10,-0.660623604286229,1.0485193382935e-07,0.999741638215067,0.999999999994214,581,ENSG00000109971
ENSG00000102265,4.57357520088199e-10,-0.678800200287311,9.10156340064124e-08,0.999759287826554,0.999999999994214,582,ENSG00000102265
ENSG00000149357,4.25072305410105e-10,-0.697489257741006,7.86194444948415e-08,0.999776279881221,0.999999999994214,583,ENSG00000149357
ENSG00000175550,3.71942887126777e-10,-0.73127397395388,6.01945075309035e-08,0.999804242463968,0.999999999994214,584,ENSG00000175550
ENSG00000088832,3.66661008553054e-10,-0.734870025187464,5.84970287395193e-08,0.999807022373333,0.999999999994214,585,ENSG00000088832
ENSG00000163220,3.40023692189386e-10,-0.753760188326539,5.03063383848749e-08,0.99982104187877,0.999999999994214,586,ENSG00000163220
ENSG00000197249,3.17176986006133e-10,-0.771072518321282,4.37731384440481e-08,0.999833066345438,0.999999999994214,587,ENSG00000197249
ENSG00000074800,3.07516141096443e-10,-0.778738343690802,4.11471900433324e-08,0.999838150951811,0.999999999994214,588,ENSG00000074800
ENSG00000104763,3.0355479420165e-10,-0.781945443983775,4.00939221330837e-08,0.999840235851204,0.999999999994214,589,ENSG00000104763
ENSG00000165637,2.9723727545052e-10,-0.787140115467704,3.844243543111e-08,0.999843560829139,0.999999999994214,590,VDAC2
ENSG00000110696,2.79707102145655e-10,-0.802101667962868,3.40417076491842e-08,0.999852787147542,0.999999999994214,591,ENSG00000110696
ENSG00000262526,2.75344967306464e-10,-0.805957644464479,3.29882012880607e-08,0.99985508298594,0.999999999994214,592,ENSG00000262526
ENSG00000136238,2.75228712405947e-10,-0.806061171589188,3.29603509119314e-08,0.999855144172143,0.999999999994214,593,ENSG00000136238
ENSG00000116459,2.72074674554454e-10,-0.80888526178105,3.22092481019885e-08,0.999856804176127,0.999999999994214,594,ENSG00000116459
ENSG00000189403,2.70125015346684e-10,-0.810645965966661,3.17492857140515e-08,0.999857830302701,0.999999999994214,595,ENSG00000189403
ENSG00000115541,2.6542491069833e-10,-0.814938772081529,3.06540392965074e-08,0.999860304018241,0.999999999994214,596,ENSG00000115541
ENSG00000067225,2.60779943452817e-10,-0.819250024904164,2.95905286156011e-08,0.999862748714375,0.999999999994214,597,ENSG00000067225
ENSG00000112081,2.53184274758152e-10,-0.826453575891975,2.78918811779015e-08,0.999866746396367,0.999999999994214,598,ENSG00000112081
ENSG00000113558,2.50552730338209e-10,-0.82899539539638,2.73150895991381e-08,0.999868131406451,0.999999999994214,599,ENSG00000113558
ENSG00000111678,2.50153450761401e-10,-0.829383191109884,2.72281005869441e-08,0.99986834155158,0.999999999994214,600,ENSG00000111678
ENSG00000130303,2.41433409852821e-10,-0.83799669156569,2.53629103280103e-08,0.999872931002746,0.999999999994214,601,ENSG00000130303
ENSG00000196683,2.37798107719156e-10,-0.84167181841422,2.46048736253123e-08,0.999874844301296,0.999999999994214,602,ENSG00000196683
ENSG00000107223,2.3352718474451e-10,-0.846055705493245,2.3728989137868e-08,0.999877092133921,0.999999999994214,603,ENSG00000107223
ENSG00000144381,2.2743855043717301e-10,-0.852433791830669,2.25077720156501e-08,0.999880296647542,0.999999999994214,604,ENSG00000144381
ENSG00000041357,2.26653762712581e-10,-0.853267211639799,2.2352711686488e-08,0.99988070968975,0.999999999994214,605,ENSG00000041357
ENSG00000169020,2.23903687940223e-10,-0.856208666978865,2.18135748227932e-08,0.999882157083636,0.999999999994214,606,ENSG00000169020
ENSG00000008952,2.1417387894463002e-10,-0.866887623197892,1.99589345797446e-08,0.999887277986603,0.999999999994214,607,ENSG00000008952
ENSG00000105669,2.1171274679451e-10,-0.86965904761629,1.95028627103678e-08,0.999888573306885,0.999999999994214,608,ENSG00000105669
ENSG00000284889,2.1095040019877e-10,-0.870523482576756,1.93626616825121e-08,0.999888974538086,0.999999999994214,609,ENSG00000284889
ENSG00000129084,2.07602281414346e-10,-0.87435408683531,1.87529067302791e-08,0.999890736688961,0.999999999994214,610,ENSG00000129084
ENSG00000127540,2.07025493447202e-10,-0.875019688287289,1.86488479016963e-08,0.999891040258663,0.999999999994214,611,ENSG00000127540
ENSG00000163041,2.05772304418865e-10,-0.876471703682531,1.84237568109002e-08,0.999891699825508,0.999999999994214,612,ENSG00000163041
ENSG00000165629,1.91453793207712e-10,-0.893661784782578,1.59489574930336e-08,0.999899235811745,0.999999999994214,613,ENSG00000165629
ENSG00000154723,1.8497605987647003e-10,-0.90182797163702,1.48879670459372e-08,0.999902645112374,0.999999999994214,614,ENSG00000154723
ENSG00000143384,1.81509802710594e-10,-0.90630569007181,1.43352251847913e-08,0.999904469440751,0.999999999994214,615,ENSG00000143384
ENSG00000154518,1.70068658138942e-10,-0.92166142799683,1.25849913146653e-08,0.999910491038033,0.999999999994214,616,ENSG00000154518
ENSG00000142864,1.59824446807806e-10,-0.936234012185328,1.11145214874688e-08,0.999915882676498,0.999999999994214,617,ENSG00000142864
ENSG00000111237,1.58923811433749e-10,-0.93755569263267,1.09896103477638e-08,0.99991635669057,0.999999999994214,618,ENSG00000111237
ENSG00000125166,1.51795203070028e-10,-0.948265311634892,1.00258325073893e-08,0.999920108553729,0.999999999994214,619,GOT2
ENSG00000169564,1.5178941337598201e-10,-0.948274195006957,1.0025067721749e-08,0.999920111600907,0.999999999994214,620,ENSG00000169564
ENSG00000162704,1.50502397877819e-10,-0.950256644526819,9.855784268601211e-09,0.999920788970989,0.999999999994214,621,ENSG00000162704
ENSG00000005022,1.5000289008701601e-10,-0.951030235400748,9.790471403590741e-09,0.999921051867305,0.999999999994214,622,ENSG00000005022
ENSG00000116586,1.42269506137444e-10,-0.96331742919561,8.80700003074214e-09,0.999925122030354,0.999999999994214,623,ENSG00000116586
ENSG00000178741,1.41399476321134e-10,-0.964737757357162,8.69961337018926e-09,0.999925579936392,0.999999999994214,624,ENSG00000178741
ENSG00000138495,1.41207129543991e-10,-0.965052842266895,8.67596116853532e-09,0.999925681170568,0.999999999994214,625,ENSG00000138495
ENSG00000122705,1.40959249062836e-10,-0.965459476390333,8.64552766547878e-09,0.999925811632728,0.999999999994214,626,ENSG00000122705
ENSG00000254999,1.38397909948834e-10,-0.969699912195742,8.334190306538171e-09,0.999927159693019,0.999999999994214,627,ENSG00000254999
ENSG00000179218,1.37783621517534e-10,-0.970727558039604,8.26037076902728e-09,0.99992748299962,0.999999999994214,628,ENSG00000179218
ENSG00000173436,1.35781500273784e-10,-0.974106227436734,8.02205353486996e-09,0.999928536737539,0.999999999994214,629,ENSG00000173436
ENSG00000116209,1.34672757266365e-10,-0.975996919872823,7.891578005847141e-09,0.999929120280894,0.999999999994214,630,ENSG00000116209
ENSG00000285246,1.34257414593391e-10,-0.976708850592826,7.842976420831171e-09,0.999929338880205,0.999999999994214,631,ENSG00000285246
ENSG00000160789,1.31692734783231e-10,-0.981150031871549,7.546194294882261e-09,0.999930688698741,0.999999999994214,632,ENSG00000160789
ENSG00000168899,1.2950809713771002e-10,-0.984995895172026,7.297904814888131e-09,0.999931838497004,0.999999999994214,633,ENSG00000168899
ENSG00000168653,1.28091891834096e-10,-0.987520801923993,7.13916845879638e-09,0.999932583861069,0.999999999994214,634,ENSG00000168653
ENSG00000196262,1.2180419417542201e-10,-0.999048387326587,6.455484398486251e-09,0.999935893143897,0.999999999994214,635,ENSG00000196262
ENSG00000104979,1.19427786258932e-10,-1.00354727488799,6.20604777288748e-09,0.999937143872914,0.999999999994214,636,ENSG00000104979
ENSG00000180817,1.18133812323337e-10,-1.00603147497736,6.072293976542991e-09,0.999937824905297,0.999999999994214,637,ENSG00000180817
ENSG00000122565,1.1780393193224002e-10,-1.00666876397104,6.038428415592421e-09,0.999937998524891,0.999999999994214,638,ENSG00000122565
ENSG00000278032,1.16793951130412e-10,-1.0086301160015,5.9353324768559505e-09,0.999938530088638,0.999999999994214,639,ENSG00000278032
ENSG00000174886,1.16744142753488e-10,-1.00872724290906,5.93027114899192e-09,0.999938556303322,0.999999999994214,640,ENSG00000174886
ENSG00000102007,1.1592266529879001e-10,-1.01033462064587,5.847107328831371e-09,0.999938988655732,0.999999999994214,641,ENSG00000102007
ENSG00000131174,1.1397824241316001e-10,-1.01418113306601,5.65260009393345e-09,0.999940012026386,0.999999999994214,642,ENSG00000131174
ENSG00000085063,1.10060253388703e-10,-1.02211749782197,5.27066443009732e-09,0.999942074106103,0.999999999994214,643,ENSG00000085063
ENSG00000099624,1.09276905872204e-10,-1.02373518040069,5.195904130126521e-09,0.999942486390316,0.999999999994214,644,ENSG00000099624
ENSG00000211450,1.0854203989165901e-10,-1.02526240772365,5.126256211149e-09,0.999942873158177,0.999999999994214,645,ENSG00000211450
ENSG00000265241,1.08450251040117e-10,-1.0254538303404,5.1175898139260305e-09,0.999942921467636,0.999999999994214,646,ENSG00000265241
ENSG00000089220,1.0817949792489101e-10,-1.02601934080021,5.092068918460161e-09,0.999943063967909,0.999999999994214,647,ENSG00000089220
ENSG00000170348,1.07538296194481e-10,-1.02736376769482,5.03188437002854e-09,0.999943401439269,0.999999999994214,648,ENSG00000170348
ENSG00000090266,1.07394355398611e-10,-1.02766657935498,5.018422957108131e-09,0.999943477196856,0.999999999994214,649,ENSG00000090266
ENSG00000152795,1.07213016810289e-10,-1.02804859407218,5.0014897501132e-09,0.999943572637303,0.999999999994214,650,ENSG00000152795
ENSG00000124795,1.05053200925573e-10,-1.03264452269489,4.80200855455788e-09,0.999944709371608,0.999999999994214,651,ENSG00000124795
ENSG00000149021,1.03214790984799e-10,-1.03662507269593,4.63541076327661e-09,0.999945676946511,0.999999999994214,652,ENSG00000149021
ENSG00000163479,1.0271703215523801e-10,-1.03771397243736,4.590809538289631e-09,0.999945938922331,0.999999999994214,653,ENSG00000163479
ENSG00000096384,1.02381222776419e-10,-1.0384513182221,4.56084144330283e-09,0.999946115662415,0.999999999994214,654,ENSG00000096384
ENSG00000167863,1.02177845941845e-10,-1.03889895366016,4.542739526215021e-09,0.999946222701828,0.999999999994214,655,ENSG00000167863
ENSG00000164104,1.01840832466846e-10,-1.03964252111903,4.51282228481068e-09,0.99994640007564,0.999999999994214,656,ENSG00000164104
ENSG00000105968,1.01002670058227e-10,-1.04150159204209,4.438845810380421e-09,0.999946841209521,0.999999999994214,657,ENSG00000105968
ENSG00000140990,9.994689028224169e-11,-1.04386351525063,4.34653240992713e-09,0.99994739687776,0.999999999994214,658,ENSG00000140990
ENSG00000127184,9.832753739980169e-11,-1.04753091446772,4.20682721564971e-09,0.99994824916058,0.999999999994214,659,ENSG00000127184
ENSG00000171530,9.831146922223479e-11,-1.04756758035897,4.205452412102631e-09,0.999948257617435,0.999999999994214,660,ENSG00000171530
ENSG00000123983,9.7977174050231e-11,-1.04833165171546,4.1769008662097206e-09,0.999948433560575,0.999999999994214,661,ENSG00000123983
ENSG00000143761,9.556896554118629e-11,-1.05390738194902,3.9740938619336105e-09,0.999949701026587,0.999999999994214,662,ENSG00000143761
ENSG00000129625,9.507580550762129e-11,-1.05506501710936,3.93318502602375e-09,0.999949960582011,0.999999999994214,663,ENSG00000129625
ENSG00000023909,9.498819952012009e-11,-1.05527123567426,3.92594003226232e-09,0.999950006689984,0.999999999994214,664,GCLM
ENSG00000147123,9.437363434651769e-11,-1.05672278658307,3.87530340784104e-09,0.999950330142237,0.999999999994214,665,ENSG00000147123
ENSG00000169714,9.43096349343036e-11,-1.05687444406385,3.87004912160639e-09,0.999950363825815,0.999999999994214,666,ENSG00000169714
ENSG00000102081,9.153984372890409e-11,-1.06352976919897,3.6460673223063103e-09,0.999951821596685,0.999999999994214,667,ENSG00000102081
ENSG00000185088,8.98948799991733e-11,-1.06756997023083,3.51620562219083e-09,0.99995268735877,0.999999999994214,668,ENSG00000185088
ENSG00000177156,8.796716596715439e-11,-1.07239152729087,3.3670188758567e-09,0.999953701935376,0.999999999994214,669,ENSG00000177156
ENSG00000145494,8.56235428910208e-11,-1.07838514013661,3.19000040202271e-09,0.999954935409381,0.999999999994214,670,ENSG00000145494
ENSG00000241837,8.54057022254463e-11,-1.0789498395286,3.17378925725621e-09,0.999955050061264,0.999999999994214,671,ENSG00000241837
ENSG00000070756,8.469553303884019e-11,-1.0807999671578,3.12122704420022e-09,0.999955423830937,0.999999999994214,672,ENSG00000070756
ENSG00000241468,8.31050656132749e-11,-1.08499541824545,3.00510287106427e-09,0.999956260911031,0.999999999994214,673,ENSG00000241468
ENSG00000126756,8.047102887086869e-11,-1.09210784083659,2.8176267265885103e-09,0.99995764723287,0.999999999994214,674,ENSG00000126756
ENSG00000164919,7.878581387588289e-11,-1.09677071447853,2.7008496049492202e-09,0.999958534179628,0.999999999994214,675,ENSG00000164919
ENSG00000105404,7.68279185920771e-11,-1.10230394367064,2.56828068140762e-09,0.999959564640952,0.999999999994214,676,ENSG00000105404
ENSG00000185825,7.45291676428313e-11,-1.10896738417298,2.4168900396034203e-09,0.999960774498275,0.999999999994214,677,ENSG00000185825
ENSG00000131143,7.35055970802495e-11,-1.11199506778342,2.35095961767632e-09,0.999961313214459,0.999999999994214,678,ENSG00000131143
ENSG00000118363,7.343644616241139e-11,-1.11220100046533,2.3465383340763604e-09,0.99996134960933,0.999999999994214,679,ENSG00000118363
ENSG00000173141,6.970901118302949e-11,-1.12357237806002,2.1143758741004603e-09,0.999963311398409,0.999999999994214,680,ENSG00000173141
ENSG00000132432,6.92790914018124e-11,-1.12491949041481,2.08837611020238e-09,0.999963537669809,0.999999999994214,681,ENSG00000132432
ENSG00000110680,6.91902206868367e-11,-1.12519891086359,2.08302163935024e-09,0.999963584443421,0.999999999994214,682,ENSG00000110680
ENSG00000114902,6.900578099228719e-11,-1.12577986021233,2.0719310602819504e-09,0.999963681516014,0.999999999994214,683,ENSG00000114902
ENSG00000174021,6.749889580622089e-11,-1.13058014280895,1.9824292036506503e-09,0.999964474605878,0.999999999994214,684,ENSG00000174021
ENSG00000075415,6.74968406603963e-11,-1.13058675622364,1.98230848703661e-09,0.999964475687523,0.999999999994214,685,ENSG00000075415
ENSG00000089248,6.714542992695179e-11,-1.13172030340927,1.9617211203798804e-09,0.999964660638768,0.999999999994214,686,ENSG00000089248
ENSG00000161960,6.5983955233729e-11,-1.13550584602831,1.8944408035575803e-09,0.999965271935378,0.999999999994214,687,ENSG00000161960
ENSG00000069275,6.59713894056189e-11,-1.13554713324817,1.8937193266254e-09,0.999965278548909,0.999999999994214,688,ENSG00000069275
ENSG00000126267,6.50762552947022e-11,-1.13850690511709,1.8426780325253702e-09,0.999965749667609,0.999999999994214,689,ENSG00000126267
ENSG00000008018,6.330876878264249e-11,-1.14446204186215,1.7439421925535e-09,0.999966679914751,0.999999999994214,690,ENSG00000008018
ENSG00000150779,6.3198689168041e-11,-1.14483793644474,1.7378828238502502e-09,0.999966737850835,0.999999999994214,691,ENSG00000150779
ENSG00000065518,6.31169356070086e-11,-1.1451174919965,1.73338949604391e-09,0.999966780878612,0.999999999994214,692,ENSG00000065518
ENSG00000169976,6.30225831987e-11,-1.14544054084317,1.7282109420381902e-09,0.999966830537299,0.999999999994214,693,ENSG00000169976
ENSG00000136938,5.9909532705348e-11,-1.15635507945378,1.56169497967465e-09,0.999968468969222,0.999999999994214,694,ENSG00000136938
ENSG00000175756,5.98105575964448e-11,-1.15671052457281,1.5565391641009901e-09,0.999968521060885,0.999999999994214,695,ENSG00000175756
ENSG00000122566,5.94957051737626e-11,-1.15784482668151,1.54019455150949e-09,0.999968686771098,0.999999999994214,696,ENSG00000122566
ENSG00000044574,5.7964332466351097e-11,-1.16344128506314,1.4619281460649302e-09,0.999969492749008,0.999999999994214,697,ENSG00000044574
ENSG00000182117,5.7292481879843694e-11,-1.16593934842572,1.4282348372660802e-09,0.99996984635119,0.999999999994214,698,ENSG00000182117
ENSG00000140612,5.6545968443308896e-11,-1.16874661863995,1.39125789850013e-09,0.999970239249233,0.999999999994214,699,ENSG00000140612
ENSG00000118705,5.5636840933649795e-11,-1.17221150651483,1.3468811517305102e-09,0.999970717732809,0.999999999994214,700,ENSG00000118705
ENSG00000166136,5.446944800979709e-11,-1.17673738644295,1.290952605363e-09,0.999971332144248,0.999999999994214,701,ENSG00000166136
ENSG00000115053,5.4213025697935097e-11,-1.17774337781074,1.2788265463862201e-09,0.999971467102066,0.999999999994214,702,ENSG00000115053
ENSG00000189043,5.410334882466739e-11,-1.17817498848586,1.2736574631439102e-09,0.999971524826183,0.999999999994214,703,ENSG00000189043
ENSG00000165119,5.38845174163978e-11,-1.17903854896083,1.26337519405773e-09,0.999971639999504,0.999999999994214,704,ENSG00000165119
ENSG00000288145,5.3506905254036195e-11,-1.18053626132967,1.24573026487825e-09,0.999971838740843,0.999999999994214,705,ENSG00000288145
ENSG00000136240,5.2848190211180496e-11,-1.18317218042042,1.2152470875052e-09,0.999972185429647,0.999999999994214,706,ENSG00000136240
ENSG00000198931,5.2370007827300295e-11,-1.1851045556654,1.19335491898474e-09,0.999972437102174,0.999999999994214,707,ENSG00000198931
ENSG00000101084,5.0803770710431294e-11,-1.19154876898148,1.1230426362675601e-09,0.999973261429597,0.999999999994214,708,ENSG00000101084
ENSG00000143774,5.0219739555167496e-11,-1.19399829989868,1.0973704520723e-09,0.999973568811469,0.999999999994214,709,ENSG00000143774
ENSG00000113387,5.012576062950429e-11,-1.19439489382158,1.09326715719452e-09,0.999973618273588,0.999999999994214,710,ENSG00000113387
ENSG00000117632,4.9222575024093e-11,-1.19824140380679,1.05422426754373e-09,0.999974093629876,0.999999999994214,711,ENSG00000117632
ENSG00000034713,4.91721239863898e-11,-1.19845816314587,1.05206430532352e-09,0.999974120182799,0.999999999994214,712,ENSG00000034713
ENSG00000072274,4.9062228942951897e-11,-1.19893102391222,1.04736703186725e-09,0.999974178021741,0.999999999994214,713,TFRC
ENSG00000130724,4.88686848924191e-11,-1.19976617154914,1.03911988017171e-09,0.999974279886055,0.999999999994214,714,ENSG00000130724
ENSG00000110958,4.7494314008548793e-11,-1.20578509359026,9.81493863150952e-10,0.999975003232218,0.999999999994214,715,ENSG00000110958
ENSG00000087302,4.7278035623431093e-11,-1.2067467261632,9.72575213250937e-10,0.999975117061856,0.999999999994214,716,ENSG00000087302
ENSG00000143222,4.7039768584431694e-11,-1.20781079171959,9.62796943829485e-10,0.999975242464359,0.999999999994214,717,ENSG00000143222
ENSG00000266472,4.6493351973240496e-11,-1.21026973062907,9.40559049228202e-10,0.999975530049292,0.999999999994214,718,ENSG00000266472
ENSG00000164405,4.6108790292145797e-11,-1.21201618850247,9.25064055977483e-10,0.999975732448237,0.999999999994214,719,ENSG00000164405
ENSG00000185728,4.5241632888838696e-11,-1.21600369064669,8.90596312685751e-10,0.999976188842496,0.999999999994214,720,ENSG00000185728
ENSG00000167642,4.5208736023413294e-11,-1.21615633338595,8.89301612498797e-10,0.99997620615647,0.999999999994214,721,ENSG00000167642
ENSG00000177700,4.496592012834309e-11,-1.21728615884702,8.79774397678898e-10,0.999976333953084,0.999999999994214,722,ENSG00000177700
ENSG00000101558,4.49239141266769e-11,-1.21748217882672,8.78131440384576e-10,0.999976356061294,0.999999999994214,723,ENSG00000101558
ENSG00000176340,4.4221847758078594e-11,-1.22078339608932,8.50899209511588e-10,0.999976725566368,0.999999999994214,724,ENSG00000176340
ENSG00000156411,4.39539877866606e-11,-1.22205554861365,8.406223184751591e-10,0.999976866543949,0.999999999994214,725,ENSG00000156411
ENSG00000214253,4.2669265828501596e-11,-1.22825735388449,7.921997313708e-10,0.999977542706919,0.999999999994214,726,ENSG00000214253
ENSG00000197061,4.2172098114191396e-11,-1.23070325084288,7.73846399830776e-10,0.999977804371629,0.999999999994214,727,ENSG00000197061
ENSG00000243147,4.19228519864098e-11,-1.23193939116537,7.64726235007407e-10,0.999977935552544,0.999999999994214,728,ENSG00000243147
ENSG00000166794,4.1690241822029795e-11,-1.2330990992762,7.5626356645982e-10,0.999978057977773,0.999999999994214,729,ENSG00000166794
ENSG00000139644,4.12996465349998e-11,-1.23505983128769,7.42159104331024e-10,0.999978263552269,0.999999999994214,730,ENSG00000139644
ENSG00000125835,4.03977514317853e-11,-1.23965276318739,7.10098728909382e-10,0.999978738229353,0.999999999994214,731,ENSG00000125835
ENSG00000099901,4.03742789358182e-11,-1.23977354433952,7.09273784615312e-10,0.99997875058318,0.999999999994214,732,ENSG00000099901
ENSG00000106028,3.99797919364561e-11,-1.24181309635214,6.95481223119749e-10,0.999978958205926,0.999999999994214,733,ENSG00000106028
ENSG00000147649,3.9948579539791e-11,-1.24197525290404,6.94395716610811e-10,0.999978974633346,0.999999999994214,734,ENSG00000147649
ENSG00000188612,3.9888177509837596e-11,-1.24228938634401,6.922974591692111e-10,0.999979006423583,0.999999999994214,735,ENSG00000188612
ENSG00000135940,3.9813239533128695e-11,-1.24267972184404,6.89698662173105e-10,0.999979045864246,0.999999999994214,736,ENSG00000135940
ENSG00000171159,3.93665197784651e-11,-1.24502061463318,6.74308128290771e-10,0.999979280977652,0.999999999994214,737,ENSG00000171159
ENSG00000198258,3.8346965719236794e-11,-1.25045553703464,6.39832594764701e-10,0.999979817579909,0.999999999994214,738,ENSG00000198258
ENSG00000118680,3.81385898440727e-11,-1.25158255588752,6.32897838326698e-10,0.999979927250371,0.999999999994214,739,ENSG00000118680
ENSG00000124593,3.79027501361415e-11,-1.252864924401,6.25094668847094e-10,0.999980051375343,0.999999999994214,740,ENSG00000124593
ENSG00000164032,3.7828359506152595e-11,-1.25327093339928,6.22643366353968e-10,0.999980090527931,0.999999999994214,741,ENSG00000164032
ENSG00000136888,3.77077969273108e-11,-1.25393049174703,6.186808436693721e-10,0.999980153981312,0.999999999994214,742,ENSG00000136888
ENSG00000131495,3.60528515603811e-11,-1.26318447381268,5.65566387681227e-10,0.99998102499684,0.999999999994214,743,ENSG00000131495
ENSG00000198830,3.5508801428466595e-11,-1.26631156321039,5.48625988740118e-10,0.99998131133627,0.999999999994214,744,ENSG00000198830
ENSG00000111684,3.4755636492465195e-11,-1.27071365963682,5.25599377995218e-10,0.999981707735069,0.999999999994214,745,ENSG00000111684
ENSG00000173915,3.4501220909028e-11,-1.27222038161567,5.179326361442411e-10,0.999981841636724,0.999999999994214,746,ENSG00000173915
ENSG00000151012,3.42523886750593e-11,-1.2737038921059,5.10488633953734e-10,0.999981972599802,0.999999999994214,747,SLC7A11
ENSG00000134308,3.4149911269768594e-11,-1.27431771630284,5.07438610526384e-10,0.999982026534762,0.999999999994214,748,ENSG00000134308
ENSG00000170144,3.2270135493511795e-11,-1.28588669890741,4.53112379549641e-10,0.999983015880951,0.999999999994214,749,ENSG00000170144
ENSG00000132341,3.1889908675540006e-11,-1.28830146532493,4.42497581174499e-10,0.99998321599841,0.999999999994214,750,ENSG00000132341
ENSG00000125148,2.8922726917147e-11,-1.30810493727674,3.63984444838872e-10,0.999984777658052,0.999999999994214,751,ENSG00000125148
ENSG00000116030,2.7385707355541296e-11,-1.31910544105411,3.26326449602061e-10,0.999985586607962,0.999999999994214,752,ENSG00000116030
ENSG00000108561,2.6878075754643796e-11,-1.32286276892918,3.14340758852624e-10,0.999985853779928,0.999999999994214,753,ENSG00000108561
ENSG00000148346,2.6512359664789696e-11,-1.32561008966126,3.05844810171375e-10,0.999986046260236,0.999999999994214,754,ENSG00000148346
ENSG00000143256,2.56315037252315e-11,-1.3323721239441,2.8585942869378403e-10,0.999986509864181,0.999999999994214,755,ENSG00000143256
ENSG00000185651,2.54457548555197e-11,-1.33382512908319,2.8173125359845203e-10,0.999986607625807,0.999999999994214,756,ENSG00000185651
ENSG00000129824,2.5309117387600497e-11,-1.33490016540274,2.78713721529629e-10,0.999986679539575,0.999999999994214,757,ENSG00000129824
ENSG00000163584,2.5128056083848898e-11,-1.33633292039592,2.7474015275975403e-10,0.999986774834084,0.999999999994214,758,ENSG00000163584
ENSG00000151366,2.43704674719676e-11,-1.34243199459869,2.58423539021019e-10,0.999987173561111,0.999999999994214,759,ENSG00000151366
ENSG00000149658,2.3625807519959497e-11,-1.34859825371201,2.42872125096819e-10,0.999987565483645,0.999999999994214,760,ENSG00000149658
ENSG00000150459,2.31484100514651e-11,-1.35264553459117,2.33156047084867e-10,0.999987816743062,0.999999999994214,761,ENSG00000150459
ENSG00000001084,2.3074324142511797e-11,-1.35328044648377,2.31666015086068e-10,0.999987855735272,0.999999999994214,762,GCLC
ENSG00000167088,2.2973962990383298e-11,-1.35414351355603,2.29655147523337e-10,0.999987908556425,0.999999999994214,763,ENSG00000167088
ENSG00000169567,2.28026715988e-11,-1.35562454414752,2.2624334607982501e-10,0.999987998708925,0.999999999994214,764,ENSG00000169567
ENSG00000173726,2.2537730083882e-11,-1.35793544634778,2.21016499790725e-10,0.999988138150491,0.999999999994214,765,ENSG00000173726
ENSG00000166595,2.2426889839808398e-11,-1.35890960289643,2.1884793326238002e-10,0.999988196486902,0.999999999994214,766,ENSG00000166595
ENSG00000152082,2.2317158239372897e-11,-1.35987835975495,2.16711588519023e-10,0.999988254239823,0.999999999994214,767,ENSG00000152082
ENSG00000100387,2.1058166197415297e-11,-1.37131617350454,1.9295029543455301e-10,0.999988916860862,0.999999999994214,768,ENSG00000100387
ENSG00000120533,2.0956279846481798e-11,-1.37226893104737,1.91087698001892e-10,0.999988970484743,0.999999999994214,769,ENSG00000120533
ENSG00000146701,1.89787607018435e-11,-1.39165295336087,1.56725639224786e-10,0.999990011274318,0.999999999994214,770,ENSG00000146701
ENSG00000228474,1.8741378190892698e-11,-1.39410265799287,1.5282957280079501e-10,0.999990136211284,0.999999999994214,771,ENSG00000228474
ENSG00000285390,1.8500949010059e-11,-1.39661288097735,1.48933488564276e-10,0.999990262751745,0.999999999994214,772,ENSG00000285390
ENSG00000114850,1.77179945453183e-11,-1.40499926667109,1.36594583195166e-10,0.999990674829092,0.999999999994214,773,ENSG00000114850
ENSG00000084623,1.5518716604465897e-11,-1.43050981836577,1.04789062422313e-10,0.999991832332704,0.999999999994214,774,ENSG00000084623
ENSG00000116288,1.4979169443934e-11,-1.4372719952536,9.76292194315438e-11,0.999992116302172,0.999999999994214,775,ENSG00000116288
ENSG00000125971,1.46110963983906e-11,-1.44201400493547,9.289021372584529e-11,0.99999231002297,0.999999999994214,776,ENSG00000125971
ENSG00000128228,1.4494720758573399e-11,-1.44353604067108,9.141638767585509e-11,0.99999237127272,0.999999999994214,777,ENSG00000128228
ENSG00000125356,1.4459736308780699e-11,-1.44399577339341,9.09756351357923e-11,0.999992389685412,0.999999999994214,778,ENSG00000125356
ENSG00000142507,1.4167192031948e-11,-1.44788040969195,8.73316994174424e-11,0.999992543654608,0.999999999994214,779,ENSG00000142507
ENSG00000170043,1.3366482445195098e-11,-1.45890043234945,7.773894001896489e-11,0.999992965076667,0.999999999994214,780,ENSG00000170043
ENSG00000175334,1.3133913866697599e-11,-1.46221435903698,7.50572550533619e-11,0.999993087480009,0.999999999994214,781,ENSG00000175334
ENSG00000115128,1.2808262086637198e-11,-1.46694593191721,7.13813506621881e-11,0.99999325887404,0.999999999994214,782,ENSG00000115128
ENSG00000118418,1.26362644836226e-11,-1.46948952814944,6.94771131369672e-11,0.999993349398227,0.999999999994214,783,ENSG00000118418
ENSG00000134248,1.2576175226628098e-11,-1.47038562400455,6.88179148703965e-11,0.999993381023848,0.999999999994214,784,ENSG00000134248
ENSG00000120742,1.25470705564803e-11,-1.47082106207338,6.8499756921078e-11,0.999993396341949,0.999999999994214,785,ENSG00000120742
ENSG00000074842,1.2483494306488899e-11,-1.47177545275063,6.780733643562749e-11,0.999993429802812,0.999999999994214,786,ENSG00000074842
ENSG00000172428,1.2173692501429598e-11,-1.47649064740402,6.448355988673489e-11,0.999993592854831,0.999999999994214,787,ENSG00000172428
ENSG00000119335,1.1655999436304299e-11,-1.48462038766743,5.911577472728939e-11,0.999993865322254,0.999999999994214,788,ENSG00000119335
ENSG00000172115,1.11994931700248e-11,-1.49206786354657,5.4575922890559397e-11,0.999994105586407,0.999999999994214,789,ENSG00000172115
ENSG00000130332,1.01282067785138e-11,-1.51069719130278,4.463437611361479e-11,0.999994669415946,0.999999999994214,790,ENSG00000130332
ENSG00000165678,1.0059814871525699e-11,-1.51194680296043,4.4033613600694e-11,0.999994705411341,0.999999999994214,791,ENSG00000165678
ENSG00000086598,8.13534785374244e-12,-1.55073991070947,2.8797620534143398e-11,0.999995718279011,0.999999999994214,792,ENSG00000086598
ENSG00000125991,7.747978410556699e-12,-1.55955356123995,2.6120480021001898e-11,0.999995922155711,0.999999999994214,793,ENSG00000125991
ENSG00000275903,7.56776546986319e-12,-1.56379195750126,2.4919520364102398e-11,0.999996017003718,0.999999999994214,794,ENSG00000275903
ENSG00000143870,7.256264415684799e-12,-1.57134053829136,2.2910288057627198e-11,0.99999618095007,0.999999999994214,795,ENSG00000143870
ENSG00000134825,7.0495655248764694e-12,-1.57651466866181,2.1623652485949297e-11,0.999996289737917,0.999999999994214,796,ENSG00000134825
ENSG00000139343,6.1163124977283395e-12,-1.60175345082635,1.6277349290868497e-11,0.999996780919013,0.999999999994214,797,ENSG00000139343
ENSG00000164096,4.60001242940521e-12,-1.65146768213627,9.20708940370225e-12,0.999997578964032,0.999999999994214,798,ENSG00000164096
ENSG00000187193,4.35487184071313e-12,-1.66088487626651,8.25192187015755e-12,0.999997707984157,0.999999999994214,799,ENSG00000187193
ENSG00000161905,3.90730992911096e-12,-1.6794027748388,6.6429360548275296e-12,0.9999979435408,0.999999999994214,800,ENSG00000161905
ENSG00000079999,3.8440570631392495e-12,-1.68217472671399,6.42960068880164e-12,0.999997976831464,0.999999999994214,801,ENSG00000079999
ENSG00000178127,3.70017684929953e-12,-1.6886386276067,5.95729783467278e-12,0.999998052557166,0.999999999994214,802,ENSG00000178127
ENSG00000100380,1.01815998937273e-12,-1.89524004030064,4.51062168139648e-13,0.999999464131458,0.999999999994214,803,ENSG00000100380
ENSG00000183648,4.69401153549228e-13,-2.00863194838704,9.58721915502869e-14,0.999999752949129,0.999999999994214,804,ENSG00000183648
ENSG00000126368,4.62327176929678e-17,-2.91022490154713,9.300433601120079e-22,0.999999999975667,0.999999999994214,805,ENSG00000126368
ENSG00000197253,3.13150235332699e-17,-2.93474681485305,4.26687416100715e-22,0.999999999983519,0.999999999994214,806,ENSG00000197253
ENSG00000140319,2.86551078870788e-17,-2.94021991434692,3.57279786190619e-22,0.999999999984919,0.999999999994214,807,ENSG00000140319
ENSG00000144554,2.7159049433395702e-17,-2.94350586699941,3.2094711866805397e-22,0.999999999985706,0.999999999994214,808,ENSG00000144554
ENSG00000172236,2.3814594533348802e-17,-2.95149500882618,2.4676907503715e-22,0.999999999987466,0.999999999994214,809,ENSG00000172236
ENSG00000180176,2.36036653242051e-17,-2.95203261586772,2.42417097083751e-22,0.999999999987577,0.999999999994214,810,ENSG00000180176
ENSG00000110955,2.0644424082306402e-17,-2.96007782908002,1.85442764826407e-22,0.999999999989135,0.999999999994214,811,ENSG00000110955
ENSG00000178980,1.2137486274719201e-17,-2.99107983175057,6.41005644200759e-23,0.999999999993612,0.999999999994214,812,ENSG00000178980
ENSG00000054148,1.09934608235977e-17,-2.99670306503141,5.2586372829128103e-23,0.999999999994214,0.999999999994214,813,ENSG00000054148
