	sample	defense_score	reader_score	epi_score	x	y
AAACAAGTATCTCCCA-1	P24_T1	-0.050372995588514546	-0.04371710625004181	-0.34975268999735515	12850	11014
AAACACCAATAACTGC-1	P24_T1	0.020358329614003495	0.44297426212287316	0.16977110624313352	3728	12721
AAACAGCTTTCAGAAG-1	P24_T1	-0.01651486251089307	0.1389784062535437	-0.40643171111742654	2634	9660
AAACAGGGTCTATATT-1	P24_T1	0.1803101375897726	0.13214635558976423	1.3737235097090401	3072	10426
AAACAGTGTTCCTGGG-1	P24_T1	0.024740663687388142	0.16985821367243525	0.6775760543346405	6360	15401
AAACATTTCCCGGATT-1	P24_T1	0.20190069701936508	0.181570262050202	1.1105904277165732	12297	13116
AAACCCGAACGAAATC-1	P24_T1	-0.05171959500842627	0.1840036708769916	2.0794804771741235	14280	10061
AAACCGGAAATGTTAA-1	P24_T1	0.2300077427758111	0.34486514089891573	0.6752363419532776	15266	11783
AAACCGGGTAGGTACC-1	P24_T1	0.06844049061669241	0.20879045095486393	0.020064872900644848	4721	9472
AAACCGTTCGTCCAGG-1	P24_T1	0.07872718069288465	0.05486264738193827	0.13734355608622228	6257	11386
AAACCTAAGCAGCCGG-1	P24_T1	0.22843414886792507	0.12980499553600416	1.3782354517777762	10758	13879
AAACCTCATGAAGTTG-1	P24_T1	-0.021057418399386935	-0.08117018543367151	-0.7200708794593811	3734	8515
AAACGAAGATGGAGTA-1	P24_T1	0.21385026992691886	0.21994675745900044	1.2465974803765616	2080	12527
AAACGAGACGGTTGAT-1	P24_T1	-0.045143071545494906	0.2395133798821127	1.6790772136052452	10327	8143
AAACGGGCGTACGGGT-1	P24_T1	0.0445230281617906	-0.1296614301151344	0.324972513516744	11637	13880
AAACGGTTGCGAACTG-1	P24_T1	0.022216881540086525	-0.016555811068088927	-0.797486982345581	8120	14257
AAACTCGGTTCGCAAT-1	P24_T1	-0.08755870246887207	-0.13990575195158889	-0.5726815986633301	9329	14068
AAACTGCTGGCTCCAA-1	P24_T1	0.09622557642724777	0.19466641581965238	1.471055692434311	9006	10052
AAACTTAATTGCACGC-1	P24_T1	0.19185690191056992	0.09319479373477449	1.1137152369817098	2957	13675
AAACTTGCAAACGTAT-1	P24_T1	-0.27660044240951537	0.21282660814473028	0.9118097790082298	3732	10044
AAAGACCCAAGTCGCG-1	P24_T1	-0.0734532889790005	0.11087122892906734	-0.3999030073483785	6928	3358
AAAGACTGGGCGCTTT-1	P24_T1	0.001567167652977819	0.07487931759232108	0.9898274332284926	3297	6985
AAAGGCCCTATAATAC-1	P24_T1	0.08155972369511921	-0.051952799294618934	0.5655375417073567	4055	14059
AAAGGCTACGGACCAT-1	P24_T1	-0.1431647720336914	0.14745744496117238	-0.042792669932047445	7572	13300
AAAGGCTCTCGCGCCG-1	P24_T1	-0.11456033897399902	-0.09388551616028651	-0.45602356910705566	7684	11962
AAAGGGATGTAGCAAG-1	P24_T1	-0.10489062213897705	0.0017439120967916166	-0.6332983160018921	8463	6037
AAAGGGCAGCTTGAAT-1	P24_T1	0.09479770188861425	0.14125284585910092	0.899907398223877	4507	6031
AAAGTAGCATTGCTCA-1	P24_T1	0.03899027225706314	0.28165833315326594	1.610624163945516	4609	11193
AAAGTCACTGATGTAA-1	P24_T1	-0.005866155412462021	0.059681930664668426	-0.8505671501159668	7368	3358
AAAGTCGACCCTCAGT-1	P24_T1	-0.042526948981814916	0.15251510755327724	0.5110597570737203	3295	8514
AAAGTGCCATCAATTA-1	P24_T1	0.06405486885706585	0.43051314580627204	1.0521911406517028	15373	13503
AAAGTGTGATTTATCT-1	P24_T1	-0.13499322891235352	0.15035147101553759	-0.7707461214065552	11973	9866
AAAGTTGACTCCCGTA-1	P24_T1	0.33595865869522096	0.17387379872585568	0.6637559213240942	12193	9484
AAATACCTATAAGCAT-1	P24_T1	-0.031001128355662044	0.15467233019120474	1.306026837825775	9225	10435
AAATAGGGTGCTATTG-1	P24_T1	-0.0328273524708218	-0.028676230502075253	0.02251634200414021	10322	11584
AAATCCGATACACGCC-1	P24_T1	0.2681849365234375	0.10401146203879541	-0.21371556758880617	11197	13879
AAATCGCGGAAGGAGT-1	P24_T1	0.1159601634873284	0.23632523197455696	1.7238288116455078	2190	12336
AAATCGTGTACCACAA-1	P24_T1	-0.249441020488739	0.39452174592604844	1.6134883920351664	7797	9859
AAATCTAGCCCTGCTA-1	P24_T1	0.07204868671629167	0.17629105279376306	1.0644413073857626	12739	11588
AAATGACTGATCAAAC-1	P24_T1	0.14909935537974042	0.4608151397315715	1.0270046663284302	8227	15978
AAATGCTCGTTACGTT-1	P24_T1	-0.1870731201171875	-0.05223361051055943	0.27282578150431325	4290	4501
AAATGGCCCGTGCCCT-1	P24_T1	0.001983238988452485	0.26331445894785377	1.4413663709163667	3511	10809
AAATGGTCAATGTGCC-1	P24_T1	-0.07512215937508476	-0.131672027460414	0.13706280946731564	7251	7755
AAATGTATCTTATCCC-1	P24_T1	-0.11487651252746582	0.10147349359738479	2.2204485893249513	1650	6408
AAATTAACGGGTAGCT-1	P24_T1	0.014388496028052422	0.008252441549727818	1.0370909253756204	8020	7948
AAATTAATAAGCGCGA-1	P24_T1	-0.05478813997904461	-0.0031202751518095984	0.7336349662144979	2087	7556
AAATTGATAGTCCTTT-1	P24_T1	-0.002112049261728921	0.23312121223016602	1.0738400046030678	5047	11958
AAATTTGCGGGTGTGG-1	P24_T1	-0.11497674226760862	0.3356795709005138	1.2541410883267723	5269	10429
AACAACTGGTAGTTGC-1	P24_T1	-0.07546437168121338	-0.05237985777374882	-0.5970962190628052	6264	6798
AACAATACATTGTCGA-1	P24_T1	0.2974622217814127	0.2563666157274438	0.5887341022491455	5705	13106
AACAATTACTCTACGC-1	P24_T1	-0.08914164961708915	0.20874654393334782	1.1358790075778962	4396	6986
AACACACGCTCGCCGC-1	P24_T1	0.10924396419525145	0.2287275476477023	0.5719755593935649	11861	11204
AACACGAGACGCGGCC-1	P24_T1	0.33995944351620144	0.2212187078441816	1.5042316182454427	3951	10045
AACAGCTGTGTGGCAA-1	P24_T1	0.04515944295459323	0.24261661357260922	0.6074378824234008	5046	12723
AACAGGATGGGCCGCG-1	P24_T1	0.059673214276631636	0.08042722967113691	0.06236469586690263	5055	6987
AACAGGTAGTATGGAT-1	P24_T1	0.10529816648695206	0.1062982463729995	1.457872117360433	14059	10825
AACATAGCGTGTATCG-1	P24_T1	-0.029412302229139542	0.010261664321225245	-0.07131638685862218	10755	15790
AACATTGAAGTTGATC-1	P24_T1	0.12232908839649625	0.29916894739239536	1.5814757736523948	4165	14251
AACATTGTGACTCGAG-1	P24_T1	-0.12608886432647706	-0.14823292805844504	0.23718710740407312	7352	13682
AACCAAGACTTCTCTG-1	P24_T1	0.010854023509555388	0.11632043643285767	0.9893851931889854	4284	8324
AACCATAGGGTTGAAC-1	P24_T1	-0.16135889863967895	0.11011058205459476	0.8548152518272399	2847	13866
AACCATGGGATCGCTA-1	P24_T1	-0.08865803204642403	-0.05892494927583394	0.962734397252401	4950	4119
AACCCAGAGACGGAGA-1	P24_T1	-0.09384933853149414	0.22181682431991204	-0.7936591053009033	5938	4312
AACCCATCCCATGATC-1	P24_T1	-0.13374292612075805	0.030375946821515717	-0.47259161233901975	3179	12146
AACCCGACAACCCGTG-1	P24_T1	-0.1774282627105713	0.09446566430247605	0.09300313313802089	6362	14254
AACCCGAGCAGAATCG-1	P24_T1	0.06418039406670464	-0.19218931262125105	0.4389154195785523	14056	12354
AACCCGCTGTATTCCA-1	P24_T1	0.1071711057027181	0.2893059017674235	0.8413425095876057	8118	15786
AACCCTACTGTCAATA-1	P24_T1	0.12397978705830043	0.28989690615560115	1.2916957366466522	12194	9101
AACCGCTAAGGGATGC-1	P24_T1	-0.07860051155090332	-0.17829201045452348	-0.6348326110839844	11752	10248
AACCTCGCTTTAGCCC-1	P24_T1	-0.0390569626490275	-0.0015088335779689377	0.9431188607215881	10649	13305
AACCTTTAAATACGGT-1	P24_T1	-0.022430474917093907	0.007851306490716803	0.7467023650805156	9113	11773
AACGAAAGTCGTCCCA-1	P24_T1	-0.019244523790147572	-0.08811187550792227	0.860779001712799	2519	12528
AACGACCTCCTAGCCG-1	P24_T1	-0.1738945484161377	0.26461435404399897	-0.5876274681091309	14711	15032
AACGATAATGCCGTAG-1	P24_T1	0.13252484342787002	0.3115196746734432	0.06483974377314261	9663	11583
AACGATAGAAGGGCCG-1	P24_T1	0.07795380327436663	0.03496164416840147	0.6557307465871174	7476	4315
AACGATATGTCAACTG-1	P24_T1	-0.23519476413726806	0.046544165952627004	-0.4989537350336711	10001	6039
AACGCGAACGGCAACA-1	P24_T1	-0.22366362285614014	-0.02970567778986305	0.3131293503443401	4072	2971
AACGCGACCTTGGGCG-1	P24_T1	-0.17043942070007323	0.005764978043985042	-0.5517372941970825	7461	14256
AACGCGGTCTCCAGCC-1	P24_T1	-0.20027639055252075	-0.032128418318643936	0.458974958260854	8792	5846
AACGCTGTTGCTGAAA-1	P24_T1	0.1077133562829759	0.13236005147564867	1.0566221495469412	11970	11778
AACGGACGTACGTATA-1	P24_T1	-0.03832988823784722	0.0792957102292336	0.19389011700948067	11751	11013
AACGGCCATCTCCGGT-1	P24_T1	-0.14731865215301515	0.29382415452526184	-0.06568790753682463	5929	10430
AACGTACTGTGGGTAC-1	P24_T1	0.03078955713907877	0.15102772824716248	0.7954252974192302	6258	10622
AACGTCAGACTAGTGG-1	P24_T1	0.017040676646762426	0.19920137944637528	-0.19966865380605064	6045	6033
AACGTCATCCGGCTTG-1	P24_T1	-0.16781365060806275	-0.0732382208575605	-0.7253426527976989	7897	16168
AACGTCGCTGCACTTC-1	P24_T1	-0.08717234516143799	0.37583585100152617	-0.6708746099472046	13612	15413
AACGTGCGAAAGTCTC-1	P24_T1	0.2638978684213426	0.24042917844699802	0.9292092593510944	9777	8333
AACGTTATCAGCACCT-1	P24_T1	0.18428019205729168	0.04596962864766985	1.0297601715723674	2750	5645
AACTACCCGTTTGTCA-1	P24_T1	-0.05990989881091646	0.11411028660383798	1.4239238929748534	14059	10443
AACTAGGCTTGGGTGT-1	P24_T1	-0.035763428582085505	0.2746716289712279	1.2024572944641112	8343	11963
AACTCAAGTTAATTGC-1	P24_T1	-0.06741441724035474	0.09983753974672399	-0.3549162026246389	6481	8710
AACTCCAGAGCGTGTT-1	P24_T1	-0.046387578646341965	0.13337343151137332	0.7690018534660339	11748	12924
AACTCGATGGCGCAGT-1	P24_T1	-0.17263651037216188	0.02992088469349566	0.5694406127929688	4621	3545
AACTCTCAATAGAGCG-1	P24_T1	0.08032009349928965	0.13495228066207043	1.1535363167524337	11865	8145
AACTCTCAGTGTGCTC-1	P24_T1	0.060275633229149694	0.21524470451160838	1.167302636305491	6147	11577
AACTGAGTTATACTGA-1	P24_T1	0.42075713613298205	0.06882538178089745	1.011817528406779	15596	11210
AACTGATATTAGGCCT-1	P24_T1	-0.019415228207906088	0.11948033967274146	-0.39667183796564737	8904	4508
AACTGGGTCCCGACGT-1	P24_T1	-0.09172672308815849	-0.012647886270911374	0.3263539600372315	8903	5273
AACTGGTGTGGGCCTT-1	P24_T1	0.13421795717875165	0.2513968160488461	-0.44655140399932863	7039	2784
AACTTCTGCGTCTATC-1	P24_T1	0.08209901512993706	0.0192505838620316	-0.1374357684453329	3630	4882
AACTTGCCCGTATGCA-1	P24_T1	0.03323560110727947	0.06316826727566305	1.1566616280873618	4615	6987
AACTTGCGTTCTCGCG-1	P24_T1	0.09766912004682754	0.2919045906738947	0.4277279170354207	3851	4118
AACTTTACGGGAGCTT-1	P24_T1	0.16767027886708574	0.3155624658469386	-0.37505234718322755	2417	7366
AAGAAAGTTTGATGGG-1	P24_T1	-0.19132463550567627	0.16671646894757916	0.10191320419311523	2404	15778
AAGAAGGATCAGTTAG-1	P24_T1	0.10979861036936445	0.2277217178670085	0.7869851247469584	4400	3927
AAGACATACGTGGTTT-1	P24_T1	-0.23380039072036743	0.2973713334774811	1.3130284627278648	14163	14458
AAGACCAAATAACTCA-1	P24_T1	0.021045434315999312	0.08300922714357142	0.6166914176940919	2298	13292
AAGACCCAACTGAACA-1	P24_T1	-0.0009889147546556232	0.2319528353827645	-0.6846833101908367	7573	12918
AAGACTGCAAGCTACT-1	P24_T1	-0.15422275066375732	-0.13469239769365965	-0.5526850414276123	9118	8332
AAGAGATGAATCGGTA-1	P24_T1	-0.1075862874454922	0.1951763927936554	0.8211046997706096	4616	6604
AAGAGCTCTTTATCGG-1	P24_T1	-0.14076289749145507	0.0965696533254329	-0.5869248723983764	10107	8142
AAGAGGATGTACGCGA-1	P24_T1	0.32337933826446535	-0.07653599377446527	-0.52736478805542	4832	8899
AAGAGGCATGGATCGC-1	P24_T1	-0.1770111837387085	0.05124605075358277	0.9889759286244709	10437	8334
AAGATGGCACCGGACC-1	P24_T1	-0.15119966650009156	-0.014338729698919347	-0.5470286417007446	5925	12724
AAGCACCCTGCGTATC-1	P24_T1	0.038522024260626925	0.11905573091784316	1.8100117095311483	9661	12730
AAGCATACTCTCCTGA-1	P24_T1	-0.07801796054840088	0.03708847303785201	0.8703257179260253	9223	11582
AAGCCACTTGCAGGTA-1	P24_T1	0.06773463630676269	0.2633586842608399	1.4413648804028831	4932	15590
AAGCCGAAGCGGTTTA-1	P24_T1	-0.1874280762937334	0.02951265471493636	1.0192806152502694	13399	10824
AAGCCGCCGTGAAATC-1	P24_T1	-0.07071879932615491	0.0574930045562036	1.7683735688527427	4165	13868
AAGCCGGAGAGCAGGA-1	P24_T1	0.0308786523077223	0.18965149579165502	0.6109699813524883	15374	13121
AAGCGCAGGGCTTTGA-1	P24_T1	0.06444170920054121	-0.0011604812321246993	-0.3654400277137756	9658	14259
AAGCGTCCCTCATCGA-1	P24_T1	-0.15217315244674684	-0.008117101003126292	-0.4864493703842163	5486	12341
AAGCTAGATCGAGTAA-1	P24_T1	-0.2651015615463257	0.3549915074768749	1.1968828964233398	9114	11008
AAGCTCTTTCATGGTG-1	P24_T1	0.16785943826039632	0.17338987738227418	1.4960985668500266	10540	12349
AAGGAGCGGTTGGTGC-1	P24_T1	0.16141073046790227	0.09933581401571068	1.0188934644063314	6923	6799
AAGGCAGGCTGTCTCC-1	P24_T1	-0.12384920591778226	0.03135182800175623	1.1195436680316926	14610	9487
AAGGCGCGTAAAGCTT-1	P24_T1	-0.18702686977386473	-0.17516917510320676	0.12923212369283044	5826	6033
AAGGCTGTGCTCATCG-1	P24_T1	-0.20246149256494309	0.2183924322360314	2.0700972421964012	6703	7181
AAGGGAACGACTGGCT-1	P24_T1	-0.011204217751820844	0.07814571454754349	1.7107270447413125	3946	13486
AAGGGACTATGCATTC-1	P24_T1	-0.022179803106519957	0.15692419967128662	1.271824220021566	4496	12913
AAGGGTTTGATTTCAG-1	P24_T1	-0.12147659556070964	0.24928488540702748	1.8036317658424377	1750	12718
AAGGTATCCTAATATA-1	P24_T1	0.1027648910946316	-0.10589721985578003	-0.8349686217308044	10550	6231
AAGGTGATAAACCAGC-1	P24_T1	0.24767275079091394	0.08074021199405593	0.2675060160954792	11753	9865
AAGTAGAAGACCGGGT-1	P24_T1	-0.172447509765625	0.1572007170192881	-0.6225519180297852	6816	5078
AAGTAGTGACGCGAGG-1	P24_T1	0.07814039972093367	-0.07219970012937885	-0.5934051179885864	5054	7752
AAGTCAATTGTCGTCA-1	P24_T1	0.12054427485995822	0.2668542252557657	1.256043894290924	12741	10058
AAGTCTTCTGTGGCCT-1	P24_T1	-0.10466618585586548	0.03597399045690326	-0.5219609212875366	1976	8894
AAGTGACGACCGAATT-1	P24_T1	-0.10190662288665772	-0.11359124775700921	-0.589287428855896	4392	9280
AAGTGCAAAGGTAGAC-1	P24_T1	0.031637285868326814	0.328838433428632	1.0258138036727906	2748	6793
AAGTGCGTTAGAATCT-1	P24_T1	0.14594300932354398	0.24074789091644672	0.8325345488389335	4610	10810
AAGTGCTTCTCTATTG-1	P24_T1	0.5112952086395688	0.29424079072555437	1.2781270968914031	5702	14636
AAGTGTTTGGAGACGG-1	P24_T1	0.2517776810328166	-0.11182388123249848	0.3793753385543823	10432	11393
AAGTTCACTCCAAGCT-1	P24_T1	-0.02150866815778943	-0.019337866063619355	-0.7644982743263244	10980	12350
AAGTTCGGCCAACAGG-1	P24_T1	0.19719317250781582	0.2385259906717595	1.6714765572547912	5380	10238
AAGTTGTGATGTTATA-1	P24_T1	0.19530926243464153	0.4172530280263632	1.359402848084768	13285	14074
AAGTTTATGGGCCCAA-1	P24_T1	-0.1874718918800354	0.03526187263079136	-0.418941593170166	9328	14450
AATAACAACGCTCGGC-1	P24_T1	0.0756030010647244	0.04266615528654996	0.6642595275243124	4943	8325
AATAACACTAGAACAA-1	P24_T1	0.13059484611617195	0.1534723530146367	1.1080051573117575	5817	11386
AATAACGTCGCGCCCA-1	P24_T1	-0.1266138963699341	-0.14956258527384508	0.4101811758677164	14271	15796
AATAATCTTCGTATCG-1	P24_T1	0.3828205966949463	0.3034163954140623	1.5641981403032936	15047	11400
AATACAATGTTTCAGG-1	P24_T1	0.2542992648018731	0.14287476004903482	0.8287156836191811	3738	5838
AATACCGGAGGGCTGT-1	P24_T1	0.08778649377822878	0.19085893119941622	0.8970679622888564	5703	14253
AATAGAACAGAGTGGC-1	P24_T1	-0.0438459587097168	0.627555104043393	-0.436570463180542	6696	11387
AATAGAATCTGTTTCA-1	P24_T1	0.10279006658660045	0.17533399784724985	1.3293159147103628	11092	10629
AATAGTCCGTCCCGAC-1	P24_T1	-0.15804484939575195	-0.09334020966651456	-0.49224587440490725	7903	12345
AATAGTCGCGAGTCGG-1	P24_T1	-0.03340316232045493	0.33552701294555487	-0.7591141748428345	2419	6219
AATATCCTAGCAAACT-1	P24_T1	0.2261293098661635	0.2575811725068145	1.1531423425674439	1864	10232
AATATTGGAGTATTGA-1	P24_T1	0.07563765621185303	0.28075372612716365	0.8190936545530954	4064	8324
AATCAGGTTTCATTTA-1	P24_T1	0.15268787701924647	0.4178757366184687	0.9511069361368814	5263	14635
AATCATGTAAAGACTC-1	P24_T1	0.17351334073808455	0.29194781917586954	0.9535534548759461	12409	11778
AATCCAAGGGCCTGAG-1	P24_T1	-0.15986008358001708	0.10226902999067203	-0.6791586589813232	6818	3931
AATCCATGCAAGGGTG-1	P24_T1	-0.08266352844238281	0.35032522305012814	-0.6123470163345337	4512	2972
AATCCCGCTCAGAGCC-1	P24_T1	-0.03272052552964952	0.1012513728216457	-0.714547381401062	7788	15977
AATCGAGGTCTCAAGG-1	P24_T1	0.04695011387930978	0.4123186048378613	0.06493567148844404	10425	15981
AATCGCCTCAGCGCCA-1	P24_T1	0.12141621557871501	0.4131301250767121	0.6739242704709371	10326	8907
AATCGTGAGCCGAGCA-1	P24_T1	-0.10464608160654701	0.34524819568232934	0.8330601453781128	10757	14261
AATCTAGGTTTACTTG-1	P24_T1	-0.15369531726837157	-0.04450492090826867	-0.6848976016044617	3400	11382
AATCTGGCTTTCTAGT-1	P24_T1	0.08081067869398328	0.11258962810439552	-0.4587164282798767	3290	11191
AATGACAGCAATGTCT-1	P24_T1	0.1184335521062215	0.2494142100848341	0.13527202685674022	4939	10620
AATGACGTAGGATGTC-1	P24_T1	0.4030107248094347	0.18685097635725734	1.2411429230372109	10215	9863
AATGACTGTCAGCCGG-1	P24_T1	-0.15539446258544923	0.04638023491140447	0.07646704276402794	6815	5843
AATGAGTTCGCATATG-1	P24_T1	-0.06759557151794433	-0.11773624356161028	-0.49177642822265627	3960	4309
AATGCAACCGGGTACC-1	P24_T1	-0.08602577220069038	0.10143594333789493	0.9156801970799763	8133	6227
AATGGTCCACCGTTCA-1	P24_T1	0.024740835454728854	-0.16907833473261036	0.5150727804501851	3407	7176
AATGGTTCTCACAAGC-1	P24_T1	-0.09234100723266601	0.20932217492353195	-0.7187793636322022	5497	5076
AATGTATGGCACTGTA-1	P24_T1	-0.1564918451309204	0.1136709791701912	-0.4062013943990071	2627	13866
AATGTGCCCGAGGTGT-1	P24_T1	0.004778504689534502	0.04216007738305419	0.855145239830017	4608	11957
AATGTGCTAATCTGAG-1	P24_T1	-0.06923699225319757	-0.05211478431752864	0.9379626818497977	5154	14061
AATGTTAAGACCCTGA-1	P24_T1	0.06570406013064914	0.28055604165565784	0.46146390438079843	10535	15790
AATGTTGTCGTGAGAC-1	P24_T1	0.7923210154639351	0.20701895790878824	-0.21500500996907557	13504	14456
AATTAAAGGTCGGCGT-1	P24_T1	-0.1431459274291992	0.15773423632786046	-0.5358403182029724	7139	9094
AATTAACGGATTTCCA-1	P24_T1	-0.28018777799606326	0.24199158346626315	1.520800749460856	8892	12538
AATTACGAGACCCATC-1	P24_T1	0.07499301992522345	0.19065546889433127	1.433611982266108	2189	12718
AATTAGCGCTGCAGCG-1	P24_T1	-0.021202764113744055	0.2003925371356725	0.8471451095739999	8564	11199
AATTATACCCAGCAAG-1	P24_T1	-0.2985942740440369	0.01311250634374772	-0.7829045152664185	11414	15792
AATTCATTGTCATGCA-1	P24_T1	0.11782906394534642	-0.07212437632633269	-0.5310057107607524	2628	13484
AATTCCAAGCATGTAC-1	P24_T1	-0.044531318452623175	0.1569425496345665	-0.14827588001887004	8011	14066
AATTCGATTCGAGGAT-1	P24_T1	-0.11324944686889649	-0.1436212110839434	-0.613026180267334	9988	14069
AATTCTAGAGTTAGGC-1	P24_T1	-0.05039371620284189	-0.18953793337547803	1.2754230753580729	8565	10816
AATTGAACGCTCTGGT-1	P24_T1	0.016719829347398546	0.11435275416512883	-0.06036915461222325	10764	10055
AATTGCAGCAATCGAC-1	P24_T1	0.10576867622799344	-0.05529039718160694	-1.0152321910858155	12846	13691
AATTGCGTGGATTACA-1	P24_T1	-0.19289544677734374	0.34592730913652936	0.574471975962321	2626	14248
AATTGTGGTTGCCAAA-1	P24_T1	0.0921615807215373	0.3335611562200841	1.5794056407610575	14713	13885
ACAAACCATGCGTCCT-1	P24_T1	0.22835884025361802	0.21097476423720113	0.9183548680941263	3396	13676
ACAAAGAAGGTAGGCC-1	P24_T1	0.2572025103569031	-0.023178985454892165	0.5171370800336201	2083	10233
ACAAAGCATGACCTAG-1	P24_T1	0.21418391720453894	0.1950327812025211	0.7998227715492248	12297	13499
ACAAATCGCACCGAAT-1	P24_T1	-0.1402999668121338	0.33715193143626987	-0.0564805269241333	10652	11011
ACAAATGGTAGTGTTT-1	P24_T1	0.17675471655527752	0.16043436007211673	-0.15048076629638674	10874	9864
ACAACAGCATGAGCTA-1	P24_T1	-0.07507696723937989	-0.09771924530899764	-0.44439653396606443	9559	7568
ACAACGGTCCCTGCGA-1	P24_T1	-0.005227572600046804	-0.07074095238775213	0.9941699735323586	4947	5649
ACAAGCAGTGCCTAGC-1	P24_T1	0.02834761301676436	0.03821212526669171	1.0539112424850463	4505	7178
ACAAGCTATATGGAAG-1	P24_T1	-0.13332258892059326	-0.2159861214208923	0.8559937953948975	1756	8512
ACAAGGAAATCCGCCC-1	P24_T1	0.031537898116641594	-0.04119945099156441	-0.5799006342887878	9883	10818
ACAAGGACAAGAGGTT-1	P24_T1	0.22783831622865464	0.36306141953607	0.9041799775759378	5714	6988
ACAAGGATGCTTTAGG-1	P24_T1	0.460946260187361	0.21303614820676625	0.5324853610992433	11198	13115
ACAAGGGCAGGCTCTG-1	P24_T1	-0.10173923587799072	0.22822961264542022	-0.4169416832923889	9995	9863
ACAAGTAATTGTAAGG-1	P24_T1	0.34398116175333654	0.6587211499011489	0.23344053268432619	3942	16162
ACAATAGTCGTACGTT-1	P24_T1	0.04302428801854452	0.08701517864628389	1.344571452140808	3843	9471
ACAATCCATTTAAACC-1	P24_T1	0.045011831045150774	-0.0669959780220484	0.4730849675337474	5163	8326
ACAATGAATACGGAGA-1	P24_T1	0.0012734310362074175	0.1683200839781921	1.2935003701845804	5047	12340
ACAATTGTGTCTCTTT-1	P24_T1	0.09411475743187797	0.2604578840119194	0.9655162731806435	12300	11205
ACAATTTAGGAGGCTC-1	P24_T1	-0.2100421199798584	0.025149074710188818	0.17369776407877602	2637	7366
ACAATTTGAGCAGTGG-1	P24_T1	-0.1619232440524631	0.36504302102180664	0.1603506286938985	10659	6805
ACAATTTGGCCATATT-1	P24_T1	0.5059124502605863	0.5536836984440251	0.43171919345855714	15159	9680
ACACACCAGGACCAGT-1	P24_T1	0.10303523678249782	0.0417292910800951	-0.11241525570551547	11533	9865
ACACACTTTCTACACG-1	P24_T1	-0.028437158054775646	0.04223357311031162	-0.8089766836166382	8685	4125
ACACATGATCAAATCT-1	P24_T1	-0.20557759475708007	0.23129202335472876	-0.859426543712616	3398	12911
ACACATTTCCGTAGAC-1	P24_T1	0.044675137413872607	-0.07049526390880015	-0.1765454085667928	8997	15405
ACACCCAGCATGCAGC-1	P24_T1	-0.06537926552030773	0.11309960997878038	0.21642265558242801	7144	6035
ACACCCGAGAAATCCG-1	P24_T1	0.07567472590340507	0.2656516987472039	-0.6032641593615216	5937	5077
ACACCGGTCTGACCGC-1	P24_T1	0.19852008570565116	0.18015574522199782	-0.46337807575861617	3506	13867
ACACCTTAAGTAGGGC-1	P24_T1	-0.09257678386900159	-0.10078864662972607	-0.11860616286595671	6375	6225
ACACGGGAACTTAGGG-1	P24_T1	-0.10725101470947265	0.26578585320137754	0.6207814439137775	9451	6612
ACACTCCAATGTCACT-1	P24_T1	-0.15176699352264406	0.018395004923178332	-0.8656077194213867	3520	4691
ACACTGATCAAGGTGT-1	P24_T1	0.18979745621151395	-0.09154259985191979	0.6143500073750814	6916	11387
ACAGAACTGAGAACAA-1	P24_T1	-0.0435059921476576	0.2294518257547545	0.7173996814092	4279	11383
ACAGCGACATTCTCAT-1	P24_T1	0.1601595437791612	0.13025796436756787	0.8475008348623909	12518	12734
ACAGGCACGGATCCTT-1	P24_T1	-0.18996840620040895	-0.1877431945512759	-0.2485215655962626	12075	14645
ACAGGCTTGCCCGACT-1	P24_T1	-0.263573899269104	0.2679625646913345	0.8338945945103962	11201	11585
ACAGGTGGAGGTGAGG-1	P24_T1	0.1628830871582031	-0.12257266144624493	1.1999181342124938	5927	11195
ACAGGTGTGTTGTTGC-1	P24_T1	0.34005989265441894	0.5384305158184146	1.2186723232269288	1646	8703
ACAGTAATACAACTTG-1	P24_T1	0.07132139656278824	0.11271457317424838	1.0396586171785989	3182	10234
ACATAAGTCGTGGTGA-1	P24_T1	-0.08991810592015584	0.3723256544645468	0.45751662413279226	2629	12719
ACATAATAAGGCGGTG-1	P24_T1	-0.05474655267927386	0.07152308400311991	0.8632302963733673	8573	5463
ACATACAATCAAGCGG-1	P24_T1	-0.06491911125183106	0.31147803582867784	-0.7145783281326294	12183	15984
ACATCAGCTGGGACGC-1	P24_T1	-0.11339408779144287	-0.13543539559281112	0.0632014719645182	2966	7558
ACATCCCGGCCATACG-1	P24_T1	-0.10463569927215575	-0.13264329321432433	-0.666548752784729	7904	11962
ACATCGATCGTTTACC-1	P24_T1	-0.09551938247680664	-0.054006444527798854	-0.5196352624893188	8457	9478
ACATCGCAATATTCGG-1	P24_T1	-0.14515941333770752	0.06551151774340294	0.5233020861943563	4601	16163
ACATCGGTCAGCCGCG-1	P24_T1	0.059566610309812806	0.14513007563099228	1.0915757942199706	5711	9283
ACATCGTATGCAATGG-1	P24_T1	-0.24065237784385682	0.10604081634573753	0.8783425168196362	10544	10055
ACATGCTTACGGCAGC-1	P24_T1	-0.020457417594061944	-0.0347128150447103	0.9242396100362142	3503	15779
ACATTAGTTTATATCC-1	P24_T1	-0.26469057488441466	0.0846915878772202	0.06544129411379507	8345	11198
ACATTCGCGCGGAATA-1	P24_T1	-0.13966298389434814	0.21030844858028744	0.4508191553751628	4602	15399
ACATTTGAAACCTAAC-1	P24_T1	-0.09910862350463867	-0.16188973708440793	-0.9607596302032471	12513	15411
ACCAACCGCACTCCAC-1	P24_T1	-0.2594375381469727	0.16533793285655762	-0.31194519996643066	12296	13881
ACCAACGCTTATTTAT-1	P24_T1	0.259723636203342	0.25575485858874564	1.0528409115473427	7026	11579
ACCAAGAACGCGTGTC-1	P24_T1	-0.17282520866394044	0.27990309477385794	-0.7236327075958252	7036	4696
ACCAATATGCAAGTTA-1	P24_T1	0.23184601147969564	0.12765993207893117	0.36390267372131346	10211	12157
ACCACAAGTTTCTATC-1	P24_T1	-0.1745839383337233	0.24064877022566145	1.0121807765960693	7582	7182
ACCACACGGTTGATGG-1	P24_T1	-0.11372487756941055	0.18778897451874393	0.40469230492909747	10315	15790
ACCACGTGCAGCTATA-1	P24_T1	0.13748445320129393	-0.01185866070273739	-0.7252632641792297	9994	10627
ACCAGACCATAACAAC-1	P24_T1	-0.1499830560684204	-0.13913638399751393	0.037617395718892443	2086	8703
ACCAGTGCGGGAGACG-1	P24_T1	-0.13995048904418944	-0.12272477389982082	0.5986678075790405	11971	10630
ACCATATCCGCAATAA-1	P24_T1	0.05455138683319094	0.21360882603348766	-0.3319325764973958	7799	8712
ACCATCCGCCAACTAG-1	P24_T1	0.021119182255532998	0.0937590355041043	0.7429586617151895	2963	9852
ACCATCGTATATGGTA-1	P24_T1	-0.11399381701151531	0.21531528891199658	0.8358762490749359	6260	9475
ACCCAACGCCCGTGGC-1	P24_T1	0.2680723748207092	0.38276994081684934	0.042481758594512975	11098	7188
ACCCACCTACATGCTC-1	P24_T1	0.02811619260576037	0.03272841520757483	0.4083408800760906	4397	6222
ACCCATCTTGAGGGTA-1	P24_T1	0.02162141074074639	0.2924588865348423	0.8202383383115132	5712	8518
ACCCATTTGTCCCTCT-1	P24_T1	-0.03770676623450386	0.22538663690255523	1.3386832157770792	12627	12926
ACCCGAGCGAAATTAC-1	P24_T1	-0.058324354383680554	-0.04286031468335948	-0.8304550552368164	4826	13105
ACCCGATTGGTTCCGA-1	P24_T1	-0.04512832567426894	0.2525669833024343	1.240796860853831	5483	14635
ACCCGGAAACTCCCAG-1	P24_T1	-0.07029650375578136	0.22992588429643002	1.2034675574302673	8782	12346
ACCCGGAGCACCACAA-1	P24_T1	0.27420511054992674	0.18822552060387548	0.7259862256050109	15154	12738
ACCCGGTTACACTTCC-1	P24_T1	0.028131046507093638	0.05606885751088461	-0.5736276912689209	6919	9476
ACCCGTAGCAGAGAAT-1	P24_T1	-0.09924534098307289	0.43565022425363525	1.153733056386312	2625	15396
ACCCGTAGTCTAGTTG-1	P24_T1	0.2332320696512858	0.3838051886233175	1.191227993965149	14602	14458
ACCCGTGTCATCAGTA-1	P24_T1	-0.027379672050476075	-0.09549286781541454	-0.5073890447616577	7573	12535
ACCCTATAGGACTGAG-1	P24_T1	0.06152085420820447	0.2404924359097577	0.44193778832753494	3851	3735
ACCCTATGCCATATCG-1	P24_T1	-0.011268651432461196	0.15653044672087	0.6423242584864299	6036	12151
ACCCTCCCGTCAGGGC-1	P24_T1	0.11110867638058132	0.07765452760444659	0.040248120625813844	12515	14646
ACCCTCCCTTGCTATT-1	P24_T1	0.02181562021043565	-0.03998650973808579	1.2792716773351036	10873	10629
ACCGAAAGGGCCCTGC-1	P24_T1	0.05863054121865166	0.23006928893810416	-0.6930331707000732	7478	3167
ACCGAAGAGTCTGGTT-1	P24_T1	0.06565748861100937	0.023057218232677562	0.556576697031657	2849	12337
ACCGACACATCTCCCA-1	P24_T1	-0.16822236728668213	-0.23180660865450867	0.03918004194895419	9001	13111
ACCGACTGAGTCCCAC-1	P24_T1	-0.00041040250990126426	-0.049692504891346495	0.6663831059137981	8901	6802
ACCGAGTCTCCTTATT-1	P24_T1	-0.14887432289123534	0.05337499185429856	0.06393794695536292	10316	15025
ACCGATAGGCATAACC-1	P24_T1	0.18367792436811664	0.4214202666309323	1.385391012032827	14605	12929
ACCGATATTTAATCAT-1	P24_T1	-0.08524228731791175	-0.2217331044625916	0.48138741811116526	14826	11782
ACCGATGGTAGCATCG-1	P24_T1	-0.25237947750091555	-0.08657781656423139	0.9061217141151429	11755	8336
ACCGCAATAACTGCCT-1	P24_T1	-0.16962187767028808	-0.1266497173565346	0.9750197251637776	10322	11201
ACCGCTAGTCATTGGT-1	P24_T1	0.39705424118041993	-0.1958519988412025	1.070440526008606	5152	15591
ACCGGGCCTTTGTTGA-1	P24_T1	0.11306377543343438	-0.15196856829677385	1.526846604347229	12411	10249
ACCGGTCAGGTACACC-1	P24_T1	0.04625793054368761	0.1097314395093811	-0.9005561351776123	3288	12720
ACCGTCCACTGGGCCC-1	P24_T1	-0.0064511332511901776	0.22684142986933392	0.5367786780993145	2188	13483
ACCGTGACCACGTGGG-1	P24_T1	0.12194360126389397	0.2962981879177777	0.686026639143626	5924	13106
ACCTAAGTACCTTTCA-1	P24_T1	-0.15449600076675415	0.01934016344264583	0.1306659332911173	4939	11002
ACCTAATCGACTTCCT-1	P24_T1	0.0852709822389815	0.20330776547558888	1.2873177560170492	4944	7561
ACCTACTATAAATCTA-1	P24_T1	-0.06346046352386475	-0.06644614270869517	-0.34778638362884523	8010	14448
ACCTCAGCGAGGCGCA-1	P24_T1	0.012387105729844833	0.32358694716587966	0.2579922358194988	12512	16176
ACCTCCGCCCTCGCTG-1	P24_T1	-0.023722523689270025	0.4008296926149586	0.29439642190933224	13398	11971
ACCTCGAACTTATGCT-1	P24_T1	0.09012823796272279	-0.012990297087086933	0.776677395105362	3286	13867
ACCTGCGTGTCATGTT-1	P24_T1	-0.01436710965633392	0.11660070390642624	1.0586497672398887	3622	10235
ACGAAATGGGCGGCAC-1	P24_T1	0.25676991624302337	0.10329232669916727	0.697025640408198	4285	7560
ACGACCCATGAGTTGC-1	P24_T1	0.2727704711490207	0.1866892406204403	0.8050452303886413	15374	12739
ACGACTCTAGGGCCGA-1	P24_T1	-0.13236750888824464	0.11263626760551061	-0.8086037874221802	11855	15027
ACGACTGGTCATACTC-1	P24_T1	0.00040140326817827976	0.10850486179326205	-0.39035136381785074	5374	13679
ACGAGAACCCATCACG-1	P24_T1	-0.13438935852050782	-0.1444630750873745	-0.5934989929199219	5391	2973
ACGAGGATACCACTCT-1	P24_T1	0.13269985712899102	0.43002937987480117	1.6596948647499083	3620	11000
ACGAGGTTTACAACGT-1	P24_T1	-0.16059174633026124	0.040863765166109844	-0.5433924007415771	3069	12337
ACGATACCTATCCTGA-1	P24_T1	-0.06310389264424637	0.09921028696717299	1.5007368107636772	1758	7747
ACGATCATACATAGAG-1	P24_T1	-0.09075572776794434	0.062390332987377825	-0.3662291240692139	8572	6228
ACGATGCATATGTTAT-1	P24_T1	-0.2168112917211321	0.10905058511951626	0.9053269553184509	6371	8519
ACGCAAACTAATAGAT-1	P24_T1	0.31088206450144446	0.04210447171657142	0.8997347021102905	6803	13490
ACGCATACGTTTACTA-1	P24_T1	0.6175291487905714	0.5402260280028819	-0.08066466808319084	12848	12161
ACGCATTCGTGAGTAC-1	P24_T1	0.056340677685207785	-0.01596768923787195	1.0698175632953644	8350	7757
ACGCCACTCGAAACAG-1	P24_T1	0.22574333731333412	0.2223980092095582	0.45999363581339525	9436	15788
ACGCCGCTAGACGACC-1	P24_T1	-0.07078660954369437	0.16888335580527117	-0.845880811214447	9446	9671
ACGCGAAGTCAGACGA-1	P24_T1	-0.03351134814156426	0.21303951206889993	0.4580505053202313	8126	10816
ACGCGCTACACAGGGT-1	P24_T1	0.4341895248095194	0.2787218942938235	0.873692681392034	5051	9281
ACGCGGGCCAAGGACA-1	P24_T1	0.41817214292950106	0.12578879866824055	0.20028904040654494	8460	7949
ACGCGTTTCTTAAGAG-1	P24_T1	-0.09890669753816392	0.011162518654893705	1.108035040696462	2198	6983
ACGCTACTGAATGGGC-1	P24_T1	0.06918317959043715	-0.14827118984004795	-0.39220505237579345	14820	15606
ACGGAATTTAGCAAAT-1	P24_T1	-0.04696541187498304	-0.008116777177891749	-0.2823712174097697	4620	4310
ACGGACGCAGCGACAA-1	P24_T1	-0.12369167137145996	0.013281211356988676	0.12039048035939537	3394	15588
ACGGACTCTCAAAGCG-1	P24_T1	0.02772675397660998	0.2211838216589601	0.18868443648020428	9880	13113
ACGGATGGTGCGGATA-1	P24_T1	0.20339409976535375	0.3083529580359491	0.06282781918843594	10321	12349
ACGGCACTTGCTTGGG-1	P24_T1	-0.2878298716545105	-0.07365019942823406	1.2559138973553976	8234	11389
ACGGCCAACATGGACT-1	P24_T1	-0.12393283653259278	0.09719403838151253	0.3498469018936157	7685	11580
ACGGCGACGATGGGAA-1	P24_T1	-0.12240281438827515	0.06927768349380833	-0.31764686266581216	10103	10819
ACGGCTGGATGTAGAA-1	P24_T1	-0.09028288841247559	-0.10704549767026966	0.5691101376215617	2848	13102
ACGGGAGTGTCGGCCC-1	P24_T1	-0.10207239813274804	-0.08440486763414386	1.519926651318868	4390	10428
ACGGTACAGTTCAATG-1	P24_T1	-0.11998971843719483	-0.10495054881844744	-0.7069269418716431	12294	15028
ACGGTCACCGAGAACA-1	P24_T1	0.12988750712076824	-0.001770675849061154	1.2810323214530945	3065	15014
ACGTACTTTGGCACGG-1	P24_T1	-0.10063238530688817	0.3327701284448039	0.7491135152180989	5153	14826
ACGTAGATTGCTGATG-1	P24_T1	-0.18773318672180175	-0.06036433717548448	0.09404683589935303	9009	7758
ACGTAGGAGAGTCGCT-1	P24_T1	-0.10458177185058594	0.13063809162284973	-0.4552211093902588	9548	14833
ACGTATTACTCCGATC-1	P24_T1	0.257178994178772	0.11907327628509046	1.0939216566085816	12303	9293
ACGTCTCGTTCCGGGA-1	P24_T1	-0.18720858097076415	0.14619470976076404	-0.7296216726303101	2304	9851
ACGTGACAAAGTAAGT-1	P24_T1	-0.18279927825927733	0.24591197410152527	-0.7574112606048584	2082	11380
ACGTGCGCCTCGTGCA-1	P24_T1	-0.07494603093465171	0.33329594842006166	-0.277068354288737	8574	4699
ACGTTAATGTCGAAGA-1	P24_T1	-0.17897920989990235	-0.21434392465040988	1.1832842048009236	9227	9288
ACGTTAGATTTGCCCG-1	P24_T1	0.037221717622545	-0.02230251448799836	1.1811889958381654	5931	8900
ACGTTATTGGTCACTC-1	P24_T1	-0.24734760189056396	-0.018574180885716052	1.2681033070882162	3080	5072
ACGTTCACTATGCCGC-1	P24_T1	0.29374378797743056	-0.10285615374311238	1.0792635202407836	5811	15592
ACGTTCGTTCAGGAAA-1	P24_T1	-0.23394722986221314	0.08289758231015815	0.07921723365783695	6474	12916
ACGTTCTGTACAAGTC-1	P24_T1	0.31652652025222777	0.031272358142289514	0.4965952603022259	12076	13881
ACGTTGTCGTTGAAAG-1	P24_T1	-0.1346482982635498	0.1608774832697789	-0.6656974172592163	5041	15782
ACTACAAAGAGAGGTG-1	P24_T1	0.08767082648807104	-0.14504475801583105	0.2173279285430908	7020	15020
ACTACATCCCGACAAG-1	P24_T1	0.3586826361550225	0.3331671109135519	-0.00921900113423657	3507	13485
ACTACCAGCTCTCTGG-1	P24_T1	0.5962336583667331	0.07158781778092355	0.3172038825352985	6155	6224
ACTACCATCCGAGGGC-1	P24_T1	-0.15622213411331176	0.18621307171431162	1.446900045077006	4712	15590
ACTACGCGTTAGAATT-1	P24_T1	-0.10724451160430908	0.07941571391402208	-0.4858670425415039	7793	12918
ACTAGTTGCGATCGTC-1	P24_T1	0.004935819201999259	-0.00779141589032456	0.7803390622138977	13070	11015
ACTATCTGCCCGCGTA-1	P24_T1	-0.08203099377950032	0.3517338645538228	0.7464758348464966	14058	11590
ACTATGTCCAGCTGCC-1	P24_T1	0.15904355843861895	0.3127273205809412	1.1950150577227272	4056	13677
ACTATTTCCGGGCCCA-1	P24_T1	0.18925143771701392	0.4078352606003183	0.5230012480417887	6145	12724
ACTCAAGTGCAAGGCT-1	P24_T1	0.1635648152033488	0.19434202730789013	1.1361046059926352	11089	12923
ACTCAATAAAGGCACG-1	P24_T1	0.1034153775109185	0.09263552088598809	0.969550422032674	9231	6229
ACTCATGGCAGCCTTC-1	P24_T1	0.13528977976904977	0.3755117082755838	1.2132875108718872	3505	14250
ACTCCAATATCATCAT-1	P24_T1	0.004820425801806971	0.009772108671915858	1.0203357366720833	4825	13487
ACTCCCATTCCTAAAG-1	P24_T1	-0.08909575748443603	0.19884337581510775	0.6305266459782918	3511	10426
ACTCCCTAATGCTAAA-1	P24_T1	0.03500997074445089	0.21536218739996021	1.8222643160820007	9222	12347
ACTCCCTAGAATAGTA-1	P24_T1	-0.297002185344696	-0.10586251608477343	0.055244278907775834	9334	10626
ACTCCGGCCGACCACT-1	P24_T1	0.043757260216606975	0.1675877488432848	0.7452515856424968	11525	14836
ACTCGATGTATTTCAT-1	P24_T1	-0.13873341247770524	0.052752411005481004	1.254434827963511	2751	4881
ACTCGCCGTTCGATAA-1	P24_T1	-0.18933461093902587	-0.04895299466397671	0.9231462216377259	13834	14266
ACTCGCGATCTGACGC-1	P24_T1	0.3571034154891968	0.25212436921111153	1.4572435108820596	15489	9489
ACTCGTAACCCGTCCT-1	P24_T1	-0.06513071537017823	-0.037323404478546755	-0.4102577447891235	4170	10810
ACTCGTCAGTAATCCC-1	P24_T1	-0.1209368839263916	0.026992739847042424	-0.21971733093261714	10217	8334
ACTCTAAACCTGGGAT-1	P24_T1	-0.03079614692264135	0.2670546485406973	1.0355130712191263	1759	6600
ACTCTCTGACTTAGGT-1	P24_T1	-0.09371825716230603	0.10486702244287105	0.8631214276949566	10215	9481
ACTCTGACCTAATAGA-1	P24_T1	-0.17402825784683226	0.1351677455358057	0.965984160900116	12295	14646
ACTCTTCAGCTCCCGC-1	P24_T1	-0.08240193992190892	0.15746728189172898	0.8717755921681722	15491	8342
ACTCTTGTATAGTAAC-1	P24_T1	-0.1377687339782715	-0.1138608055626786	0.22269256909688318	9338	8332
ACTGAAACGCCGTTAG-1	P24_T1	0.20912359756893584	0.22522280520240734	1.049318038622538	11859	12351
ACTGAATGGCGAAAGT-1	P24_T1	0.06733163907792833	-0.13249009647625404	1.344410891532898	10763	10437
ACTGCCCGCCATTCTC-1	P24_T1	-0.2270613350868225	0.2207216746455071	0.566293122768402	4934	14443
ACTGCTCGGAAGGATG-1	P24_T1	-0.14009139347076416	0.03777732858455153	-0.23253833373387656	2631	11572
ACTGGGATGCCAGTGC-1	P24_T1	0.3889759751425849	0.18848015397987108	1.4212088076273601	7459	15403
ACTGTACGATACACAT-1	P24_T1	-0.06756299792395698	0.2913455324418326	-0.9900405263900757	10219	7187
ACTGTAGCACTTTGGA-1	P24_T1	-0.10673708534240722	0.1096595317725367	-0.18215199232101442	5935	6606
ACTGTATACGCGAGCA-1	P24_T1	0.0028267366091410118	-0.04576965306429254	-0.9075525999069214	5610	3356
ACTGTCCAGGATTATA-1	P24_T1	-0.10345361529456244	-0.07987476021918141	0.4198965279261271	7691	7756
ACTGTCTTCTTTAGAA-1	P24_T1	-0.13850779186354745	0.22759795415588135	0.8343026375770568	8681	7184
ACTGTGCTAGTAGATC-1	P24_T1	0.151345933119456	-0.05287668462300994	-0.414673551718394	5060	3928
ACTTACGCATCCACGC-1	P24_T1	0.06771919192208181	0.3963141276665715	0.8837588016192119	10210	12540
ACTTAGTACGACAAGA-1	P24_T1	0.1193837989966075	0.23480973937767463	-0.5849427485466003	5169	4120
ACTTATACTTACCCGG-1	P24_T1	-0.0039012391037411276	0.14491076350745474	-0.5960232011477153	11535	8336
ACTTATTAGGATCGGT-1	P24_T1	0.23090684207280482	0.1617887648826744	0.8897197500864664	7360	8712
ACTTATTTATGTGCCA-1	P24_T1	-0.06977563381195068	0.2065061961511104	-0.314422173500061	11533	10247
ACTTCAGGCTGATCCC-1	P24_T1	0.4392945577303568	0.3097802986634658	-0.2148171067237854	10542	11202
ACTTCCAGTGGAAGCT-1	P24_T1	0.1366557380358378	0.31692211319936203	1.1946872433026634	1970	12336
ACTTCCATGCGGGACA-1	P24_T1	0.07534558317396378	0.09813069843872546	1.1002312111854553	10979	13114
ACTTCGCCATACGCAC-1	P24_T1	-0.09576869964599609	0.05397756041029689	-0.6363693761825562	9890	6612
ACTTCGCTAGCGAGTG-1	P24_T1	-0.13697271802690295	0.36292635574436827	0.9508442743619285	15602	7386
ACTTGACTCCCTCTTT-1	P24_T1	-0.10702485752105713	-0.1057168597342984	-0.3164167642593384	9556	9480
ACTTGGGACCCGGTGG-1	P24_T1	-0.11955944299697874	0.1969453353409799	1.313849265575409	7033	6990
ACTTGGGCTTTCGCCA-1	P24_T1	-0.21118172264099122	-0.15498140194272034	0.01897045612335213	9875	16171
ACTTGTAGTCCCTTCA-1	P24_T1	-0.06628804016113281	-0.11817521216885356	-0.5114137601852417	2743	9851
ACTTGTTACCGGATCA-1	P24_T1	0.031805260287390835	0.2539360385213122	-0.6711092567443848	7898	15786
ACTTTATACACCACTT-1	P24_T1	-0.17046689319610595	-0.011029706571992898	0.5303971576690674	2734	15587
ACTTTCCTATAGCTTC-1	P24_T1	-0.1528026294708252	0.4045311212539673	-0.023736362457275395	8461	6801
ACTTTGACTGCATCCT-1	P24_T1	-0.11125983333587647	-0.09333878635560106	-0.33923461437225344	2855	8896
ACTTTGGTCGTGCTCC-1	P24_T1	-0.15199092292785646	0.15126488752813147	-0.5579140424728394	3068	13102
ACTTTGTCGACGCACT-1	P24_T1	0.4453172586229112	0.5292502908365305	1.1914539798100792	14826	12164
AGAAATTATGACTCGC-1	P24_T1	0.4509640341864692	0.02356128591285722	1.2047908051808678	14277	11590
AGAACACGGCGATGGT-1	P24_T1	0.18617741351657444	0.2033714700065203	0.44846308390299483	3064	15779
AGAACCCAGCGTGACA-1	P24_T1	0.11151061556074354	0.009445961423101612	2.078166001637777	15269	9871
AGAACCCTCAATTGGG-1	P24_T1	0.24413234965006508	0.27802461979106496	1.1133474485079446	2628	13101
AGAACGTGGTACATTC-1	P24_T1	0.10312807676527236	0.02399569443141586	0.2343709341684977	9670	6612
AGAACTGTACTTTGTA-1	P24_T1	-0.11781479072570801	0.20682748185441535	-0.32726330757141114	12183	15602
AGAAGAGCGCCGTTCC-1	P24_T1	-0.1071475715637207	-0.08669528305130517	1.4047817913691203	11315	8718
AGAAGGTACACTTCAC-1	P24_T1	0.07190605248345266	0.02459615058946929	-0.9234806776046753	3180	11382
AGAAGGTTGCCGAATT-1	P24_T1	0.17966382127337988	0.03291311440051803	0.2822737352053325	6479	9475
AGAAGGTTGTAGGTCG-1	P24_T1	-0.07850970554351806	-0.12193211373066742	-0.30206767082214353	10209	13687
AGAAGTGATTCGTGAT-1	P24_T1	-0.07228750114970739	0.10911068366944654	1.2221021465460458	4720	10619
AGAATTGTTTGACATA-1	P24_T1	-0.11992005920410156	0.06605940150467873	-0.4594475936889648	4180	4692
AGACAGCTCAGAATCC-1	P24_T1	-0.0911448638174269	-0.11555460048735275	0.29074672698974613	2969	5646
AGACAGGCATCTCAGC-1	P24_T1	0.05780746459960939	0.3804290499329834	1.1823544549942016	15375	11974
AGACCAAACCACACCT-1	P24_T1	-0.041653708351982954	0.01830657389873358	-1.0217638540267944	2631	11190
AGACCATGGGATACAA-1	P24_T1	0.08542223209804956	0.03764621053366052	-0.24328520496686312	4727	5649
AGACCCACCGCTGATC-1	P24_T1	0.1726291464699639	-0.11008182148005338	0.4589094607035319	8785	10817
AGACCCGCCCTCCTCG-1	P24_T1	-0.13336152458190917	-0.13094297751484302	-0.044382379849751796	7803	6418
AGACCGGGAAACCCTG-1	P24_T1	0.05838143555323283	0.38157259177841596	1.0688948051134743	3513	9279
AGACGAAGTGCCGGTC-1	P24_T1	0.17819414175881276	0.22508130197557025	0.5677051059405009	12301	10822
AGACGACGATGCCGCT-1	P24_T1	-0.18171166133880615	-0.028824994161358336	1.181737042268117	5268	11576
AGACGCCCACTTCGCC-1	P24_T1	0.08492628616756864	0.14273986963751067	0.9770280162493385	14825	12929
AGACTAGCCTTCCAGA-1	P24_T1	-0.02633308845096166	0.05381475652357609	0.9029833618799846	6703	6799
AGACTGTTACCGGGTC-1	P24_T1	-0.05689178466796875	0.4696806293205927	-0.15580474853515625	6583	13490
AGAGAAACACCAGAAA-1	P24_T1	0.14254587120480006	0.39870439866511886	0.9936238749821982	5373	14444
AGAGAAGGAGTACAAT-1	P24_T1	-0.0938458080291748	-0.12888549158237125	-0.6212263679504395	5376	12532
AGAGATCTCTAAAGCG-1	P24_T1	-0.08408439445495605	-0.05944017755905254	-0.47448996067047117	3623	9088
AGAGCAGTTATGAGAC-1	P24_T1	0.10837647385067412	0.1834527248770865	0.8562292416890462	3736	6985
AGAGCGGGCTAATCAT-1	P24_T1	0.24199420687887407	0.20538334848496737	0.27260700662930804	8685	4508
AGAGCGTACAAGCTCG-1	P24_T1	-0.08474721193313597	0.14161656833601743	0.7128531297047933	4727	6031
AGAGCTACGAAAGCAT-1	P24_T1	-0.08813780307769775	0.16883105559637082	0.5156587171554565	3412	3352
AGAGGCTTCGGAAACC-1	P24_T1	-0.15055892239676583	0.20989850710169045	0.39750439405441274	12740	11205
AGATAACTTCAGGGCC-1	P24_T1	-0.2159631657600403	0.06689594282666578	0.022813256581624364	6482	7563
AGATAATCACACCTAT-1	P24_T1	0.16088702509138322	-0.10655731402787587	0.36818092028299965	3063	16161
AGATACCAATAGAACC-1	P24_T1	0.3391912896898058	0.4940708921659713	1.413553967475891	13725	13692
AGATACCGGTGTTCAC-1	P24_T1	-0.004434014134936881	0.2335756961464615	1.2497943993409477	5821	9091
AGATACGACTTCATAT-1	P24_T1	-0.062138271278805224	0.13936817045979855	0.7291001876195273	5499	4311
AGATACTCAAGATCGA-1	P24_T1	0.4825434494548373	0.06430226071035566	0.5847215541203816	10654	10246
AGATATAATACGACTA-1	P24_T1	-0.055193603515625	0.1485566090150701	-0.4139520263671875	9549	13686
AGATCTCAGGTGTGAT-1	P24_T1	-0.1908462700843811	-0.14783672078343846	-0.7457003831863404	9889	6995
AGATCTGGAGAGGATA-1	P24_T1	-0.051995378388298874	0.08904220167155769	1.320389224688212	2844	15778
AGATGACTCGCCCACG-1	P24_T1	0.09240629794862532	0.14098024204940068	0.7588748971621195	7694	5462
AGATGCAAGACGTGCA-1	P24_T1	0.39717135927412245	0.16320897395445466	1.0844376333554586	4277	12530
AGATGCATCCTGTGTC-1	P24_T1	-0.15092680025100708	-0.0048431808783170605	-0.4009109799067179	2302	10615
AGATTATAGGACGTTT-1	P24_T1	0.045798476537068644	0.2930997484082344	0.6093912736574809	7580	8330
AGATTCACAACCGATA-1	P24_T1	-0.09598326857884724	-0.13451338814408986	0.7159532348314922	3070	11573
AGCAAAGGCCGCTAGT-1	P24_T1	0.2302154426574707	-0.06619966843517566	0.26611368338267016	9551	12921
AGCAACATATCTTATT-1	P24_T1	-0.023422007242838522	0.06530093113314653	-0.644376475016276	11864	9292
AGCAACCGAAAGTAAT-1	P24_T1	-0.0950117932425605	0.07341810574200863	0.619306829770406	3838	12147
AGCACACGTTTAGACT-1	P24_T1	-0.26110861682891845	0.18531619195703428	-0.2749302736918131	4494	14443
AGCACCAGTACTCACG-1	P24_T1	-0.13513330592049494	0.1649859435606323	1.4312573901812233	8791	6611
AGCACTACCGGCCTGT-1	P24_T1	0.17912592811054656	0.15052996174134398	1.2274636387825013	3845	7941
AGCACTACCTCACCAG-1	P24_T1	-0.150836838722229	0.09119248216850913	2.424646903673808	10542	11584
AGCACTTAAGGACGCC-1	P24_T1	0.1351315570672353	0.1767761676636852	1.375065506696701	5494	7370
AGCAGAAGGAGAAAGA-1	P24_T1	0.14111101627349854	0.09102368074775542	-0.7268472909927368	9110	13685
AGCAGCCAGATGAATA-1	P24_T1	-0.14021517324447633	-0.03242252370388449	-0.9084460520744324	8014	12154
AGCAGTCGAAGCATGC-1	P24_T1	0.042708836979336195	0.09897865585032725	1.8383342409133911	10865	15599
AGCATATCAATATGCT-1	P24_T1	0.004905308140648712	0.047143014152044665	0.6868057147661846	12080	11204
AGCATCATTTCGAAAG-1	P24_T1	0.12298885975943671	0.07514910816612927	-0.3363874236742656	3729	11574
AGCATCGTCGATAATT-1	P24_T1	-0.1414261482556661	0.043678782930310134	0.48633528192838016	7364	5653
AGCATTACGAGGCAAG-1	P24_T1	0.1757800366083781	-0.052335038881173856	-0.09941947778066007	13174	14265
AGCCAAGCTTTGTGTC-1	P24_T1	0.1810060076183743	-0.17409466817074973	0.4778191979726156	8011	13683
AGCCACAGGTTACCCG-1	P24_T1	0.13434381156497532	0.01969704705330083	-0.9775104784965515	11418	13497
AGCCATATAGTATGTG-1	P24_T1	0.06532242647806805	0.47546232106701636	0.12849471092224118	8778	15023
AGCCCATACATGTAAG-1	P24_T1	-0.08622342766655816	0.09636949899479313	1.2793784737586975	4502	9472
AGCCCGCACTACAATG-1	P24_T1	0.08215187316470676	0.1468168643763668	0.1120874897638956	13832	15413
AGCCCGGCATTAGAGG-1	P24_T1	-0.1424766204622057	0.22240755528678294	1.6756634529431662	4495	13678
AGCCCGGTAGCCTGTA-1	P24_T1	0.18264926115671795	0.1639380975057615	0.7237472629547119	7023	13108
AGCCCTAAGCGAAGTT-1	P24_T1	0.10047880056169295	0.1952099610095056	-0.2282433056831359	8795	4317
AGCCCTCCCTGGTGGC-1	P24_T1	-0.044526865058475085	0.3973658783590501	0.8839741516113282	4824	14252
AGCCCTGTCGCACCGT-1	P24_T1	0.07304592906104196	0.2615948347437302	1.4560792970657348	14940	9297
AGCCCTTGGACATCCC-1	P24_T1	0.045910029411315945	0.23231421821069398	0.6089726034800211	14496	12355
AGCCGCAAATTCAAAT-1	P24_T1	-0.12602428436279298	0.11824398566145758	0.028261624972025556	1976	8512
AGCCGTGGCTAAATGT-1	P24_T1	-0.023332213348812525	-0.016778031918293163	-0.17550985018412268	4060	11001
AGCCTAATACCCACGT-1	P24_T1	-0.10902215385437011	-0.1119139970549001	-0.6853435420989991	3181	10999
AGCCTTAAAGCGGAAG-1	P24_T1	0.1181064055760701	0.21478989093629042	0.30082796017328906	3299	5455
AGCGACATCCCATTCA-1	P24_T1	-0.004863373491499179	0.38802867971143995	0.3251310968399048	8135	4698
AGCGACCAACGATATT-1	P24_T1	0.053529078218672005	-0.09192457215097927	1.203565813700358	7693	6227
AGCGACTTTGAAGACA-1	P24_T1	-0.20811148643493652	-0.034538178235892475	0.023427529335022013	6579	16166
AGCGAGACGTGAAGGC-1	P24_T1	-0.059707496775521174	0.36364485356765036	1.349376783768336	4055	14442
AGCGATGCGCCTAATA-1	P24_T1	-0.09871498780780369	0.11250391609183358	1.190041309197744	13505	13692
AGCGCATAATGAATCG-1	P24_T1	0.125652127371894	0.470348721382602	0.11886355717976893	7684	12344
AGCGCTAGAGCGATGT-1	P24_T1	0.30183232392205134	0.41554222224276066	1.4450173060099283	15050	9106
AGCGGACACTTCGTAG-1	P24_T1	-0.1406044111251831	0.06514022440985012	-0.871093111038208	8451	13302
AGCGGCGGTTAGCGGT-1	P24_T1	-0.0019820126957363626	0.1728001418929772	-0.7639430165290833	2961	10999
AGCGGGAAGGGTCCAT-1	P24_T1	0.00645933119455977	0.07619865428681341	0.5376064085960388	5719	3929
AGCGGGTCTGACACTC-1	P24_T1	0.10362187216016983	0.10704837709465281	0.0020182911554972316	8890	14067
AGCGTACGAGAGCTAG-1	P24_T1	-0.06422455310821533	-0.08128441100152548	-0.2920500707626343	4292	2971
AGCGTGGTATTCTACT-1	P24_T1	0.07331480418311226	0.12819434199023833	0.28343203862508126	9445	10053
AGCTAACAAGCAATGT-1	P24_T1	0.08910285107294719	0.22120749353695768	1.2045973209540048	5265	13105
AGCTAAGTACGCAGGC-1	P24_T1	-0.18295231246948243	0.23929998805325567	-0.7863855028152466	11088	13688
AGCTACGAATGGTGGT-1	P24_T1	0.5322586500379775	0.19241060679924304	-0.01696310838063564	13611	16177
AGCTCCATATATGTTC-1	P24_T1	0.19940873781840007	-0.01449573626720932	1.0836829090118407	13617	12354
AGCTCCTTCGCACATC-1	P24_T1	-0.031191041946411147	0.1990297128690169	1.4769765742619834	11091	11394
AGCTCTAGACGTTCCA-1	P24_T1	-0.16444937324523926	-0.04252794764985973	0.2913440084457397	9997	8716
AGCTCTTTACTCAGTT-1	P24_T1	-0.1335936908721924	0.15253982794631513	-0.5674352741241455	6590	9284
AGCTGTAACCTCAATC-1	P24_T1	-0.20925869364208644	0.16167522653503968	1.252516188224157	4718	11766
AGCTTCTTCTCGAGCA-1	P24_T1	-0.020922918743557395	0.23012209545312576	-0.34582961877187096	12625	14455
AGCTTGATCAGGGTAG-1	P24_T1	-0.020312989128960485	0.16239719156184187	-0.20867747942606607	2735	15205
AGCTTGATCTTAACTT-1	P24_T1	-0.1413292942047119	0.11782805018243639	-0.12558247645696008	4172	9280
AGGAACGAACGACTTC-1	P24_T1	0.036607496049669036	0.17535903803187464	1.59988462527593	14823	13694
AGGAAGCTGTCCGCCG-1	P24_T1	-0.22913945293426513	0.028975570228542524	-0.23604545036951696	8781	13111
AGGACAGTCGAATCCC-1	P24_T1	0.06586544285880197	0.24516934149750658	0.9731229694684349	10984	9673
AGGACATCGCACGTCG-1	P24_T1	0.09319543520609537	-0.1514154904640761	-0.4161366367340088	5828	4503
AGGACATCGGCACACT-1	P24_T1	0.013155461311340322	0.17544348887949182	-0.17052261352539066	15042	14459
AGGACGACCCATTAGA-1	P24_T1	0.12108588663736979	0.3531713811076461	-0.45022545337677	6589	9666
AGGAGCGTTTATTATC-1	P24_T1	-0.18958660554885864	-0.029342953657410575	-0.3043140769004822	14270	16178
AGGAGGCCTTCGCGCG-1	P24_T1	-0.010894543170928972	0.21557155471520134	1.0705231277147926	12410	11396
AGGATAAAGTCGGGAT-1	P24_T1	0.007413509315914557	0.1880349540537103	1.0829538170496622	8784	11581
AGGATATAGGGATTTA-1	P24_T1	0.21712129550509984	0.31607570304166555	0.5316340414683025	12192	10248
AGGATATCCGACTGCA-1	P24_T1	-0.1227165994644165	0.02029339352443446	2.139285907745361	12074	15028
AGGATCACGCGATCTG-1	P24_T1	0.23458473939365815	0.1604399716427396	1.0645158632596334	3401	10617
AGGCACGTGACTGTCC-1	P24_T1	-0.06727305009629991	0.04355007856750914	0.670816581249237	14276	12355
AGGCAGGGAGCGTACT-1	P24_T1	-0.0014234673182169644	0.07017997993985542	0.9874010848999024	7024	12726
AGGCATTGTCGTAGGG-1	P24_T1	0.21854384795824683	0.3871588492286818	0.7253524219989776	12520	10823
AGGCCACATTGGTTAC-1	P24_T1	0.10076102357440525	0.458534611351538	1.0844670701026917	15488	10254
AGGCCACCCGTTATGA-1	P24_T1	-0.19691447067260742	-0.19752763301734155	0.2670623755455017	5824	6797
AGGCCCAGTGACTGGT-1	P24_T1	-0.25140028285980226	0.02996743912131461	-0.645336298942566	3303	3161
AGGCCCATTGTACAGG-1	P24_T1	-0.08834030003017851	0.0565986315942717	-1.0077257990837096	7696	4315
AGGCCCTAGAACGCCA-1	P24_T1	-0.1259493236541748	-0.03446377923824643	-0.27387216567993167	4391	10045
AGGCCTATCATACCAA-1	P24_T1	0.17861337121327717	0.2668816491261425	0.4868574857711792	7350	15212
AGGCCTGAGAATCTCG-1	P24_T1	0.07742515749401516	0.27808501309729794	0.15316035509109494	11308	13306
AGGCGATAACTGGCGT-1	P24_T1	0.31092578127649095	0.20203331982929434	0.5908942580223084	15045	12547
AGGCGGTTTGTCCCGC-1	P24_T1	0.13716062996122574	-0.017308905554031098	0.030212146441141674	3508	12720
AGGCTATGGTTAGCTT-1	P24_T1	-0.19210091972351073	-0.034979151732702926	0.7522274287541707	4946	6414
AGGCTTAAGTTGCACA-1	P24_T1	0.18901738262176512	0.12850127637519668	-0.6562958669662475	9216	16170
AGGCTTCCCGAAGAAG-1	P24_T1	-0.241856281598409	0.020302520969036675	1.2554159132639566	6257	11004
AGGCTTGCTAGACACC-1	P24_T1	-0.251292405128479	0.1352749588905565	0.9506096990903219	3628	6029
AGGGACTCTACGCGAC-1	P24_T1	-0.1491932439804077	0.0066805883275315725	-0.7457682275772095	7464	11962
AGGGCCCTAATGTTCT-1	P24_T1	-0.16120148468017578	0.07247526907014101	-0.8173211622238159	15043	13694
AGGGCGAGCAGCTGAT-1	P24_T1	-0.12514996539221873	0.17315790770571238	1.0949732359250388	3842	9853
AGGGCGTGATCGGCTA-1	P24_T1	-0.10626696300506591	0.05288689121837316	0.8807862051328023	6597	4696
AGGGCTGCAGTTACAG-1	P24_T1	-0.0693058924674988	0.2147895187406199	1.079154533545176	8789	8140
AGGGTCAGAGCACTCG-1	P24_T1	0.1491662058300442	0.39770819236768173	1.2631307220458985	6032	14445
AGGGTCGATGCGAACT-1	P24_T1	-0.18282659673690796	-0.013362877587610705	-0.7505548787117005	12304	8528
AGGGTCTGGACGCAGT-1	P24_T1	-0.19473688220977783	0.0884790208515705	1.1345914634068808	14712	14650
AGGGTGCCGTTCTTTA-1	P24_T1	0.04118149911032781	-0.030205984276946485	1.0770041712125145	5264	13870
AGGGTGCTCTCGAGGG-1	P24_T1	0.0653073040644328	0.22981012000866913	1.1373385771115623	11756	7954
AGGGTGGATAGTGCAT-1	P24_T1	-0.14772174215316775	0.04668856953881195	0.8243029284477235	2857	6984
AGGGTTCAGACGGTCC-1	P24_T1	0.17667306820551557	-0.08350694679573878	-0.15578663587570185	6581	14637
AGGGTTTAGTTCGGGA-1	P24_T1	-0.12092846965789796	-0.14596146385141667	0.01003996372222904	8570	7757
AGGTAACCTCCTATTC-1	P24_T1	0.023404578950670024	0.11239363896500079	0.6340895462036132	6158	3930
AGGTAGATCGAGATAT-1	P24_T1	0.15419988759358721	0.14750046531359357	0.8873860216140748	5484	13488
AGGTAGGTACAAAGCT-1	P24_T1	-0.04831975253423057	0.19434594988022874	0.18511969804763795	5053	8134
AGGTATGCGGACATTA-1	P24_T1	0.19204559045367764	0.21942779458475864	1.1547581191857657	15271	8724
AGGTCAGGTGAGAGTG-1	P24_T1	-0.023465334574381547	0.1914129175195758	0.8568296170234679	3841	10236
AGGTCGCCTCCCAACA-1	P24_T1	-0.08978843593597412	-0.12853585473643053	-0.7361720371246337	14934	13120
AGGTGCACGTCCACAT-1	P24_T1	-0.1589984188079834	0.3069318831633668	-0.6526306533813476	13064	14838
AGGTGGTGACCTTCGC-1	P24_T1	-0.07200827164120144	0.22066535485670868	-0.3197224680582681	7791	13683
AGGTGTATCGCCATGA-1	P24_T1	-0.24282246494293214	-0.11978808732107452	-0.11558618386586494	3514	8514
AGGTGTTGCCGACCAC-1	P24_T1	-0.028503586981031614	0.04512346244231702	1.4907829809188842	15153	13886
AGGTTCTCCTTTCCGG-1	P24_T1	-0.28390458059310913	0.22315872335593973	1.7146951516469322	2517	14057
AGGTTGAGGCACGCTT-1	P24_T1	-0.06382655647065905	-0.0602243940035502	0.033799736499786404	9782	5656
AGGTTTCACACACCTT-1	P24_T1	0.03290526633792454	0.19228382745311828	0.4971626027425129	9007	9288
AGTAAGGGACAGAATC-1	P24_T1	-0.20018403005599975	0.23456083354800605	1.9799265257517495	13171	16177
AGTAATCTAAGGGTGG-1	P24_T1	-0.21633283042907714	-0.057003069243975135	-0.31150383551915495	11304	15600
AGTAATGTCTTGCCGC-1	P24_T1	-0.059472646183437755	-0.007169961662633839	-0.1323494211832682	8245	4507
AGTAATTTGCAAGCGT-1	P24_T1	-0.16544015884399413	-0.12575129214549224	1.1260950056711834	2626	14631
AGTACAGAAGCTTATA-1	P24_T1	-0.04415638520982529	0.18172389235539188	1.1404959762096405	10097	15025
AGTACGGCCCGTATCG-1	P24_T1	0.0717567120658027	-0.16330195273328948	1.6840121507644654	2856	8131
AGTACGGGCACCTGGC-1	P24_T1	0.027163048956129282	-0.2047378108805458	-0.27726746877034514	10330	6231
AGTACTCTTATGCCCA-1	P24_T1	0.23287493048773872	0.0808455642704462	-0.7498727226257325	11310	12159
AGTAGAAGGCGCCTCA-1	P24_T1	0.21198314306471086	-0.11483880657477667	0.3792848936716715	8449	14831
AGTAGGTAACATACAT-1	P24_T1	-0.06848364353179931	0.14639517731581222	-0.4816318821907043	7257	3932
AGTATAATACTAGGCA-1	P24_T1	0.07645855045318603	-0.032404496365745605	0.967544182141622	5276	6223
AGTATACACAGCGACA-1	P24_T1	0.24173245175679522	0.11244456960050853	0.4326741600036621	6912	13682
AGTATGCTGGAGACCA-1	P24_T1	0.1355023569530911	0.2679113776358449	1.5141909909248352	4497	12531
AGTATTTGGCACGACC-1	P24_T1	-0.10750730895996094	0.1965157289633015	-0.23682369232177736	7354	12535
AGTCAAATGATGTGAT-1	P24_T1	0.08150107399622603	0.3497129508046229	1.043518443107605	5483	14253
AGTCAACACCACCATC-1	P24_T1	-0.09589157517751058	-0.07209258624904642	0.3813070567448933	6809	9284
AGTCAAGATGACACTT-1	P24_T1	-0.14251201285256276	0.21112796637569226	0.8608897924423218	11532	10630
AGTCACTAGCTCTCGA-1	P24_T1	0.2053103880617354	0.07868235739952228	0.7969186166922251	12519	11970
AGTCAGCCACCGCCTG-1	P24_T1	-0.20391021156311034	0.3381853913034102	-0.5006290467580159	4729	4501
AGTCCATTGGCTGATG-1	P24_T1	0.2321357683605618	0.2879900633622069	0.06837623198827114	12632	9484
AGTCGACGGTCTCAAG-1	P24_T1	0.0179047794342041	0.08015022748535378	-0.4185278590520224	11535	8718
AGTCGGCCCAAACGAC-1	P24_T1	-0.1105848355293274	-0.11967246244417741	-0.7645948219299317	5935	6224
AGTCGGCTCAACTTTA-1	P24_T1	-0.21519747352600097	-0.010554025103848536	1.813218495051066	4171	10427
AGTCGTATAAAGCAGA-1	P24_T1	0.2450172634124756	0.4020529738741966	1.4255129241943358	10538	13878
AGTCGTCGACCACCAA-1	P24_T1	-0.016322734567854158	0.08064013032838538	-0.47327783346176155	11639	12351
AGTCGTGGGCATTACG-1	P24_T1	0.1413993173175388	-0.11369981941760786	-0.7174878883361816	4829	11193
AGTCTCACAAGACTAC-1	P24_T1	0.06307294040256078	0.24947434487092146	1.3824739948908487	4938	11767
AGTCTGGACATCCTTG-1	P24_T1	0.22342453808254664	0.1366664257892293	0.4320019515355428	3850	4882
AGTCTTCTCCTCAAAT-1	P24_T1	-0.08032551495234172	-0.1450116624368117	0.5235212278366088	8902	6037
AGTCTTTAAAGTGTCC-1	P24_T1	0.12296489254633589	0.4121226038308752	0.2583363429705303	10098	14260
AGTGACCTACTTTACG-1	P24_T1	-0.16313884258270264	0.0013193830814404173	-0.676357023715973	7358	9859
AGTGACTGTGACACAA-1	P24_T1	-0.15309597301483155	0.08015493178527627	0.04592031796773277	4714	14060
AGTGAGACTTCCAGTA-1	P24_T1	0.2378417661984762	0.30931651378904684	0.6790458504358927	11206	8144
AGTGAGTCGAATTAAC-1	P24_T1	0.10288164138793943	0.23107128922037895	1.1449412004152932	13614	14265
AGTGATAACCTGCGCG-1	P24_T1	0.23585764757792158	0.034911235706918176	0.2875840894381205	11419	12733
AGTGATATGAGTAGTT-1	P24_T1	0.11596972730424668	-0.043181783667613466	0.17832331498463938	7028	10049
AGTGATTCAAGCAGGA-1	P24_T1	-0.19009392929077149	0.19248498326179966	-0.2707903075218201	11207	7762
AGTGCACGCTTAAGAA-1	P24_T1	0.094971512887213	0.15188253935951512	1.153966290752093	12190	11396
AGTGCGTAGCTCGTAA-1	P24_T1	-0.01889039044910007	0.1583617504944471	0.677343927224477	6259	10239
AGTGCTAAACACAGCA-1	P24_T1	-0.010794401221805139	0.23853390895546955	1.3010358293851219	11638	13115
AGTGCTTGCACGAATA-1	P24_T1	0.025753533734215628	0.3775906918166201	1.137742726802826	11424	9291
AGTGGCCCGCAAATGG-1	P24_T1	-0.12937346935272218	0.04816536748702627	0.5185913054148356	12074	15410
AGTGGCGTCTGAAGGT-1	P24_T1	-0.16973673152923585	0.05402837370332722	0.4561693747838338	11088	13306
AGTGGCTCCGTCGGCC-1	P24_T1	0.2343495150672065	-0.13992306050038178	-0.8058654117584229	2964	9087
AGTGGTGTTACCCGTG-1	P24_T1	-0.004490956200493695	0.06838943854274365	-0.4465365012486776	2632	10425
AGTGGTTGCGTATAGG-1	P24_T1	-0.07247288253572251	0.03767348362562106	1.0513239606221518	2416	8130
AGTGTGCTAAGATCGC-1	P24_T1	-0.15654446983337403	-0.09006562649003612	0.6085916376113891	2752	4116
AGTGTGGTCTATTGTG-1	P24_T1	-0.16702584513028465	-0.038747880049466554	0.9019164327780405	4178	5457
AGTTAAACACTTGCGA-1	P24_T1	0.17775368309020997	0.26013623988068346	-0.07415103912353516	6480	9093
AGTTAAGTCAACCGCT-1	P24_T1	0.06141385295655988	0.3166421002122913	1.021491417090098	4389	11192
AGTTACCCTTAAGACT-1	P24_T1	0.058333880450990416	0.21032572145963413	0.5282256579399109	2529	6027
AGTTACCGCACATGGT-1	P24_T1	-0.08204227352142333	-0.17547875762785842	1.151422692934672	3188	6411
AGTTATTCAGACTGTG-1	P24_T1	-0.11383191204071044	0.12540687570635906	0.14546195824940988	13941	15987
AGTTCACCGGTTGGAC-1	P24_T1	-0.18597238731384277	-0.06514720815406817	0.2511743990580242	2531	5263
AGTTCCTACAGAATTA-1	P24_T1	-0.14391608476638795	0.08583686642465443	-0.5916890645027161	7142	7182
AGTTCCTATTTATGTT-1	P24_T1	-0.19455873775482177	0.14136562151396834	0.593241560459137	8787	9670
AGTTCTGCGTTGTATC-1	P24_T1	-0.18611659383773804	0.3760331031060059	-0.039171106815338086	3741	3926
AGTTGACATCGGCTGG-1	P24_T1	0.06324399884541831	-0.1585021739038045	-0.06318110227584839	4511	3354
AGTTGACGGTCCTTGC-1	P24_T1	-0.11363099098205566	0.28210607791106973	-0.6295335721969605	8560	13875
AGTTGCGGTCCTCAAC-1	P24_T1	0.19437949887911476	0.420110094700617	1.0293419245878854	2735	14822
AGTTGCTGACTGATAT-1	P24_T1	-0.20445152473449707	-0.12392092311142275	0.941975777943929	3630	4500
AGTTGGCAAGGCTAGA-1	P24_T1	0.12053288862440323	0.26557513478084965	0.11243788401285804	13284	14456
AGTTTGCACCTGCCTC-1	P24_T1	0.41939529498418177	0.3106182698968807	0.3845502678553264	9771	12539
AGTTTGGCACGGGTTG-1	P24_T1	0.21776464287439984	0.30635498784132453	0.998020610411962	12850	10632
AGTTTGGCCAGACCTA-1	P24_T1	-0.19185144519805908	-0.20473955581652237	1.7100945901870728	5050	10429
ATAAACGGACCCGTAA-1	P24_T1	0.1092846155696445	0.11829464174223692	-0.0491978605588278	8346	10434
ATAAACGTTGCACCAC-1	P24_T1	0.007277064535352928	0.09698829741552639	0.2967482646306354	13397	12353
ATAAAGGCTCGGTCGT-1	P24_T1	0.14711431037055123	-0.09102597652665721	-0.2530373191833496	7141	7946
ATAAATATTAGCAGCT-1	P24_T1	-0.14385264836417305	-0.019132549264020304	0.9526712727546691	4723	8707
ATAACGCCGGAGGGTC-1	P24_T1	0.025418772061665873	0.31465222731532666	0.17966362635294608	10547	8143
ATAACGGAGTCCAACG-1	P24_T1	0.13270270040300158	0.05892721285222628	0.26666808923085533	9891	6230
ATAAGGTGGAGAACAT-1	P24_T1	0.06699831657939487	0.15782301434601176	0.600507646004359	9554	11009
ATAAGTTACCGCGACG-1	P24_T1	-0.23904756784439088	-0.24013419959369123	1.593687014579773	7357	10241
ATAATACCGTTAGCCG-1	P24_T1	-0.17135361671447755	0.06728494087321646	0.019919150670369534	3411	4499
ATAATAGCTGTTGAAT-1	P24_T1	-0.20486415338516234	0.025570939517927938	2.071743539174398	8566	10434
ATAATAGTGTAGGGAC-1	P24_T1	0.038055158933003735	0.16114465422278282	-0.8969901323318481	4948	4884
ATAATCTTGGAGAACC-1	P24_T1	0.20103767172495526	0.13273629246142088	1.501845803260803	10100	13113
ATAATTAGCTAAGTAG-1	P24_T1	-0.06164202414618597	0.32688230196101553	-1.0519426774978637	8670	13684
ATACAGGCCCTCCAAT-1	P24_T1	-0.208323814868927	-0.13203779883032676	0.22333194573720305	9552	12156
ATACCACGGGCAACTT-1	P24_T1	0.03809791127840678	0.13568855362050486	0.9640021860599518	4833	8134
ATACCCTCCCGGCCAA-1	P24_T1	-0.034876436180538595	-0.05494751572875636	0.5740566150347393	2514	15969
ATACCTAACCAAGAAA-1	P24_T1	0.23552685409122043	0.12240362494050522	1.5304817008972167	8672	12537
ATACGAAGGCTTTCCA-1	P24_T1	-0.020869367387559706	-0.0035249065499444454	0.06563710371653242	15161	8532
ATACGCCGGCGAAACC-1	P24_T1	0.09128071233961318	0.12285783613554849	0.03874096552530926	10216	9098
ATACGGAACGTCGTTT-1	P24_T1	-0.025737076812320292	0.04733854305557489	-0.2559615961710612	4058	12148
ATACGGTGAAGATGCA-1	P24_T1	0.13084526167975533	0.11775508609660787	-0.6166801166534424	2856	7749
ATACGTACTTAGCCAC-1	P24_T1	0.14710141298505996	-0.1672954423315573	-0.39931747436523435	10101	11966
ATACGTCCACTCCTGT-1	P24_T1	-0.21450359725952148	0.2083952802939703	1.202580542564392	11862	10439
ATACGTTATGCACGGA-1	P24_T1	0.0006382140583462148	-0.18863921637503092	-0.2744277087847391	8561	13493
ATACTACCCGTACCAC-1	P24_T1	-0.24161089515686035	-0.10147742123678496	0.40189089934031175	13177	12735
ATACTAGCATGACCCT-1	P24_T1	0.1435994749334123	0.09917071991718857	0.9778703868389129	8354	5463
ATACTCTCGCCACTCT-1	P24_T1	-0.15245621776580812	0.03376614914111112	-0.7122957420349121	4402	3163
ATACTGCCTTACACCG-1	P24_T1	-0.02952828407287597	0.0929078261057536	0.24551987965901678	10870	12541
ATACTTGTTCTCGAGC-1	P24_T1	-0.21939213228225707	0.06253018508554839	0.624501548608144	2747	7175
ATAGACGAAGAGAAAG-1	P24_T1	0.06178367249170941	0.23956739549135467	0.7549350571632385	6592	7754
ATAGAGTACTGGGACA-1	P24_T1	-0.16915210819244383	-0.15463997293638704	-0.16960156917572022	6924	6417
ATAGCAACTAGGGAAG-1	P24_T1	0.08227057515250313	0.13064651252906057	0.7957197596629462	12407	13308
ATAGCCTCAGTACCCA-1	P24_T1	0.02612409390343559	0.10805939134602044	0.3648405011494954	3190	4881
ATAGGCGGCTATAGAA-1	P24_T1	-0.05563614270422196	0.12069517900746407	1.317110797961553	5271	9664
ATAGGGATATCCTTGA-1	P24_T1	-0.044289953231811535	0.06543255172319859	0.36062246481577565	9452	5465
ATAGGTTGGGCAGATG-1	P24_T1	0.295072180642022	0.3045468403722349	1.300674808820089	8681	6802
ATAGTGAAGCGTTCTC-1	P24_T1	0.14044710201687283	0.15022037266618188	0.20254290898640948	7908	9286
ATATAAAGCGCTCGTG-1	P24_T1	0.08977260552512278	0.3158693960982414	1.472132030328115	9112	12538
ATATAAATGTAGCTGC-1	P24_T1	-0.0712016019291348	0.19149191000850943	0.7727609237035115	9772	11774
ATATAACACGGGCGCA-1	P24_T1	0.22866883219612966	0.2575958497172234	1.2972044126192728	11966	14072
ATATACATGTATGGTA-1	P24_T1	0.016684318807389964	0.06775907262059666	0.9660638038317363	1753	10806
ATATACGCTCGTGACG-1	P24_T1	0.23587659618589618	0.2003289811163141	1.005564069747925	13505	13309
ATATAGAGTATTGGTC-1	P24_T1	-0.16117317867279052	0.28686855810067263	-0.015446896553039546	2847	13484
ATATCAATTCCAGCCT-1	P24_T1	0.16448698006735907	0.24512427091865202	1.275054794549942	2300	12145
ATATCGTTCCTCGAAC-1	P24_T1	0.20444249396853975	0.6047117348752034	0.8074603223800658	11749	12542
ATATCTTAGGGCCTTC-1	P24_T1	0.12881482410430906	-0.026348167417833468	1.1684781567255655	8349	8140
ATATGGGATAGCAACT-1	P24_T1	-0.14304164028167723	-0.1301445148935254	-0.7540972232818604	7679	15021
ATATGTCTAGAGCGTG-1	P24_T1	-0.06505524275037977	0.3271427545238128	1.5184425989786783	9107	15597
ATATTCAGTTAAACCT-1	P24_T1	-0.01829012001885308	0.11403185862556134	-0.05831868330637613	6039	9857
ATATTCCACATAGTGA-1	P24_T1	-0.13222565364837646	0.23432350218696082	-0.8427906537055969	10103	11201
ATATTGCTGTCAAAGT-1	P24_T1	0.018229690233866364	0.3390624417154581	-0.47692994594573973	5168	4884
ATATTGGAGAGGCCTT-1	P24_T1	0.03569620272848345	0.07315748119914289	0.15051031430562323	14935	12738
ATATTTAACCCTCAAG-1	P24_T1	-0.006254537582397468	0.3586931753345251	1.1263947105407714	7691	7374
ATCAAACGAAGGTTTG-1	P24_T1	-0.13916332530975342	-0.10884442105389282	0.21386762777964274	5269	10811
ATCAAAGAGCCGTGGT-1	P24_T1	-0.013071414205763077	0.1113731746438899	-0.7845209217071534	8447	15978
ATCAAGATCCCAGGAC-1	P24_T1	-0.14368156242370606	0.3660695704837773	1.4504213953018188	8009	15213
ATCAATCTGGGCTGCA-1	P24_T1	-0.09283331489562988	-0.09260296181544361	-0.5942923259735108	8790	7758
ATCAATGCCGTGGCTG-1	P24_T1	0.24781927585601807	-0.08395985922290708	0.2490889286994935	3727	13103
ATCACGTGCTAATTAA-1	P24_T1	-0.14491670846939086	0.0351285136386052	0.7508364681402843	5599	10238
ATCACTTCATCCTCGC-1	P24_T1	0.03353764939308168	0.11856999103254917	0.6505625538031261	9013	5464
ATCAGCCTCATGCTGC-1	P24_T1	-0.2693696837425232	-0.022854220880491355	-0.8347728657722473	11200	12350
ATCAGCTCGTCCACTA-1	P24_T1	-0.03389619361029733	0.33765580923498606	1.0059984453519186	3291	10808
ATCAGGTAGCTGACAG-1	P24_T1	0.30305266353819105	0.03986682521150153	0.7392034252484638	15602	7768
ATCATAGATCGACGAG-1	P24_T1	-0.1708858871459961	-0.06368395226113749	1.1940895907084148	6470	15593
ATCATAGCCCTATGTA-1	P24_T1	0.10639103364944458	-0.01755931933454219	1.1647957261403403	13286	13309
ATCATCCAATATTTGT-1	P24_T1	0.06346073579788208	0.035638642591117986	1.3220094537734985	8128	8904
ATCATGGACTACCGAC-1	P24_T1	0.04766031037436594	0.07053338221255567	0.7681670355796815	15489	9871
ATCCAACGCAGTCATA-1	P24_T1	0.11937999571694269	0.32334376714906965	1.1929369616508483	5715	6224
ATCCAATGGAGGGTCC-1	P24_T1	-0.1610154857635498	0.1518762667707149	0.7892784563700359	4611	9663
ATCCAATGGTACCGAA-1	P24_T1	-0.1177778081893921	0.23924032353714808	1.0384168847401938	2306	8321
ATCCACATCGACAGAA-1	P24_T1	0.17505026658376055	0.28081240669992946	-0.6790435218811035	9550	13303
ATCCAGAGCAACAACC-1	P24_T1	-0.17188186889224583	0.24843467722003093	0.6626508744557698	7356	11006
ATCCAGGATTCGTGAA-1	P24_T1	-0.040921244912677346	0.1497530962530132	1.0415591963132225	6700	9093
ATCCCATCCACAGCGC-1	P24_T1	-0.013485030916002061	-0.17331908773255827	-0.6171691417694092	3177	13293
ATCCCATTTCCGTGGG-1	P24_T1	0.2766650462680393	-0.08277685690246173	-0.289788236618042	7899	15021
ATCCGGACCAGCCTGA-1	P24_T1	0.6718088538381789	0.15432827371345537	0.19455652952194213	15372	14268
ATCCTACCTAAGCTCT-1	P24_T1	-0.11693360996246338	0.06477383245824435	0.06327269872029628	6918	9858
ATCCTGAATCGCTGCG-1	P24_T1	0.08759706200493705	0.2196548958486092	1.4620935901006065	4503	8707
ATCCTGCGTGGAATGG-1	P24_T1	0.06137347751193578	-0.021829462558097756	0.7522192891438801	6808	10049
ATCCTTCTGAAAGAAC-1	P24_T1	-0.23218784427642822	0.3410252286683793	0.4719975670178731	15487	10636
ATCGACCCAATACAGA-1	P24_T1	-0.17074887084960938	0.4077330168995014	-0.4657091649373372	8567	9669
ATCGACTCTTTCCGTT-1	P24_T1	0.05570298703511553	0.024718395148881078	0.09146032174428287	8353	5845
ATCGCACGCCGGGAGA-1	P24_T1	-0.06328254201677111	0.026317424688829943	-0.866152195930481	7913	6227
ATCGCTTTACGTCTCA-1	P24_T1	0.36949332634607945	0.11160353052802799	0.6174971254666646	15381	8150
ATCGGAGACAGACGGC-1	P24_T1	0.03035428733295864	0.4672836703342079	1.6690037274360656	9992	11392
ATCGGTTACCTAGTAA-1	P24_T1	-0.20447471523284913	0.06813055636898782	0.39967583179473876	2526	7939
ATCGTATTCCGAGAAC-1	P24_T1	-0.11839849959479437	0.19224007304349466	-0.5370955546696982	1978	6983
ATCGTCCAATCGAGTC-1	P24_T1	-0.20325512504577636	0.1888997642785911	-0.820257773399353	3083	3161
ATCGTGGAAAGTCTGG-1	P24_T1	-0.06775681289037067	0.12336857053524158	1.3330610291163125	4166	13486
ATCGTTAGCTAGCGGA-1	P24_T1	0.1703026068475511	0.04720799368233225	1.1302622191111245	12408	12543
ATCTAATATCCTACGG-1	P24_T1	0.00010288238525391069	0.3047765222705184	0.8930660422643026	9003	11964
ATCTACCATCTGCTCC-1	P24_T1	0.09748012055291069	0.026640598272583915	0.5784159835179646	11306	14835
ATCTAGCTTGTGAGGG-1	P24_T1	-0.09525279998779297	-0.09988758387981646	-0.17859899997711182	8779	14258
ATCTCGTGAGCGAAAC-1	P24_T1	0.334062726020813	0.15900293585971434	-0.14108699480692544	14389	10634
ATCTGACATGGAAGGA-1	P24_T1	-0.15415518760681152	0.044991974462598755	-0.6991911554336547	6144	13489
ATCTGATAGTGTCTTA-1	P24_T1	-0.1555893793106079	-0.1360068369231768	-0.0964789787928263	2971	4499
ATCTGCTGTTATCGCC-1	P24_T1	0.04668400902218289	0.2542052416993468	0.5940890709559123	7900	14257
ATCTGGGCTGTTCTTG-1	P24_T1	-0.01709978686438668	0.02157419666614574	1.6330581315358481	9221	13112
ATCTGGTTAAGACTGT-1	P24_T1	0.04803472020890978	-0.1022499423699091	-0.6925492238998413	10000	6421
ATCTGTAATTGTACCC-1	P24_T1	-0.09806372849146525	0.05950239827435555	-0.2595378732681275	7916	4315
ATCTTAGGGCATTAAT-1	P24_T1	0.06095944902631972	-0.1580173553236379	0.12055239359537762	2846	14631
ATCTTATCGCACACCC-1	P24_T1	0.0028849676979912364	0.20066184552190552	-0.15745931704839078	13065	13691
ATCTTGACCTGCAACG-1	P24_T1	-0.0009842398961385224	-0.02567712385915802	0.7456524268786113	6484	6416
ATGAAGCCAAGGAGCC-1	P24_T1	-0.12531629276275635	0.2277322634887909	-0.502069308757782	6705	5652
ATGAAGTGGACCCAGC-1	P24_T1	-0.13246944740083486	-0.05880143028377688	-0.1751132885615031	2088	7174
ATGACGCCGGCTCTAA-1	P24_T1	-0.24185414171218872	0.09905117163455462	-0.17670197407404575	8025	4507
ATGACGCGTTCTATCC-1	P24_T1	-0.13649964714050292	0.4905923258271526	0.11257913907368977	4938	11384
ATGACTATCAGCTGTG-1	P24_T1	-0.062266438484191895	-0.024975899881964563	1.1660415124893189	6363	13490
ATGACTATGCGACATT-1	P24_T1	0.06281648996141223	0.0609757724224321	0.022852996190389052	11312	10629
ATGAGGAGTGTTAATC-1	P24_T1	0.17639443355136447	-0.041797199305271926	0.8826541272799173	5496	6223
ATGATCGGGAATAGAC-1	P24_T1	-0.057529242568545885	0.15807990146430012	0.24438850879669194	7586	4506
ATGATGCAATGGTACA-1	P24_T1	-0.14080932331085205	0.09997594783236785	0.060805365244547493	7138	9858
ATGCACCTTCCTTAAT-1	P24_T1	-0.06042641989390056	-0.11754270567989988	-0.07202260017395024	2311	5262
ATGCACGCGCTGTTCA-1	P24_T1	0.10060571156607734	0.1338226055138863	1.2510542225837709	2849	12719
ATGCACTACCGCATTG-1	P24_T1	-0.02723458284801905	0.008997646754220018	-1.0170036602020263	6594	6607
ATGCATGATCCAGGAT-1	P24_T1	-0.11771673774719238	-0.15542230190046682	-0.9980050420761108	8792	6228
ATGCCATTTGCGACCA-1	P24_T1	0.2862722406387329	0.006263305810207204	0.5436808307965596	11643	9674
ATGCCGGTCTTGCATA-1	P24_T1	-0.012321566369798448	0.25213400809556846	0.3691514229774475	9889	7377
ATGCGACAGTCCCATT-1	P24_T1	-0.14732924461364746	-0.12228020005578162	-0.45185219287872314	9448	8141
ATGCGAGTCCCACCAC-1	P24_T1	0.3294524516529508	0.06857244327030992	1.1992657001813254	13070	10632
ATGCTCAGTGTTGCAT-1	P24_T1	0.2548617413838704	0.12129365277770382	0.5317522478103638	4838	5458
ATGCTCTGGCGCGGTA-1	P24_T1	0.4397637099689908	0.03894247304673165	1.3070798261960348	9990	12922
ATGCTTAGGAGTTGAT-1	P24_T1	-0.08678277397155762	0.34914833520616195	-0.641215648651123	13947	12163
ATGGAAATTTAAGGAG-1	P24_T1	-0.03702162710825603	0.0786934748325305	-0.06454708814620969	2411	11572
ATGGAACCTTTGCACA-1	P24_T1	-0.21249244546890259	0.23561993901361555	1.1499700101216637	14831	8723
ATGGAGCAGGCCGTGA-1	P24_T1	-0.10197388060887655	-0.08942005818322202	1.3523081556955971	8898	8332
ATGGATTGACCAAACG-1	P24_T1	0.12517349500126307	-0.06640022153022307	1.210787938038508	8352	6610
ATGGCAGCATTACGAT-1	P24_T1	0.10875250567330252	0.3319500772078298	1.5664563171068826	3616	13676
ATGGCAGCCGAGAAAC-1	P24_T1	-0.12492580604553223	-0.12285471442561821	0.2636689805984497	2637	7748
ATGGCGGAATAGTCGC-1	P24_T1	0.27387944327460395	0.3584598282172909	1.1884540128707886	15272	7959
ATGGGACCTGCTGAAC-1	P24_T1	0.15204264158672756	0.10671435346539387	0.8623214912414552	5045	13105
ATGGGCCTCGGCCTCT-1	P24_T1	-0.13979487323760986	0.028295683914116285	-0.7063902807235718	11643	10056
ATGGGTGTATACCTCC-1	P24_T1	0.09748212167951797	0.12083881226695359	1.1297088511784872	4275	13677
ATGGTATTGGGAACCG-1	P24_T1	-0.15277228734228346	0.1156447106093102	-0.6052659352620442	8338	15404
ATGGTATTTACTGATT-1	P24_T1	0.40550078466203476	0.22745643899478096	1.5100105142593383	3065	14631
ATGGTCGCGTGGTTTC-1	P24_T1	0.4992463823954264	0.4022827232444046	1.795349647204081	10983	10055
ATGTACATGCGGTGAG-1	P24_T1	-0.1739872817463345	0.08259335800305306	1.7149212471644082	13944	13692
ATGTACGATGACGTCG-1	P24_T1	-0.12486771106719971	0.11439431980418946	-0.5264594411849975	8670	14067
ATGTAGCGCGCGTAGG-1	P24_T1	-0.04462638854980469	0.13306606162581136	-0.3290455532073975	9548	14450
ATGTCATAATAAACGA-1	P24_T1	-0.16560366249084474	0.2514267871843888	0.529417158762614	8557	16169
ATGTCTTGTTTGACTC-1	P24_T1	-0.06980627632141113	0.34588721747899753	-0.5950288105010987	5371	15591
ATGTGAAAGCCTAATG-1	P24_T1	-0.09030113220214844	-0.07575598339106412	0.7253889306386312	4061	10236
ATGTGCATCCGACGCA-1	P24_T1	0.2364856424331665	-0.017008684892249076	0.40309741338094063	7913	5845
ATGTGGACATCTTGAT-1	P24_T1	-0.1963417959213257	-0.10690872061172588	1.7756241703033449	9445	10435
ATGTTACGAGCAATAC-1	P24_T1	-0.046290432585610275	-0.05386653335835842	-0.07903527061144511	4839	4310
ATGTTCGTCGACCCAC-1	P24_T1	-0.17624631023406984	0.02847890539190645	0.6633696778615314	3186	7940
ATGTTGATTAGAGACT-1	P24_T1	-0.15802809143066407	0.279661770768347	0.9288837750752766	11746	14454
ATGTTGTAGTCTGTTT-1	P24_T1	-0.16699705791473388	0.47967741153384214	0.948919545809428	6802	13873
ATTAAACATGCGGACC-1	P24_T1	0.43507125059763585	0.2103947459051273	-0.6388276886940002	8127	9669
ATTAATACTACGCGGG-1	P24_T1	-0.168483242087894	-0.16188904276363536	-0.28851928790410364	8903	5655
ATTACCACACTGCCTG-1	P24_T1	0.10536935896343652	0.33323363669766676	0.8658680891990662	14608	10635
ATTACGCGCTGGCAGG-1	P24_T1	-0.028167632314893915	-0.011164831768479655	0.8359184900919594	4942	9090
ATTACGGGCTACGGTT-1	P24_T1	-0.2447644157409668	-0.24314345769434167	0.8671367232004802	2077	14439
ATTACTAGCCTCTTGC-1	P24_T1	-0.153296923160553	-0.13765901407139414	0.2773248163859049	6487	4887
ATTAGATTGATAGCGG-1	P24_T1	-0.125748779296875	0.0997171844678704	-0.5480748844146729	7036	5079
ATTAGGCGATGCTTTC-1	P24_T1	-0.04795483144124349	0.03418370747992924	-0.792399799823761	9448	8524
ATTATCGGAATGTACG-1	P24_T1	-0.08189549160003662	-0.08858765851731268	-0.3921186923980713	7900	14639
ATTATGAGACCCAATT-1	P24_T1	-0.28090747356414797	0.25032501839418003	1.3683538405100504	2956	14058
ATTATGCCATAGGGAG-1	P24_T1	-0.035892368925942275	0.32238149489599055	0.5869540186723072	7475	5462
ATTATTATGTCCGTCA-1	P24_T1	-0.05582311778598362	-0.07065048567133994	-0.7522131919860839	5705	12724
ATTATTCAGAGTCACT-1	P24_T1	-0.08279071664810178	0.21604923047208682	-0.39787116050720217	12295	14263
ATTCAACCATTTAAGG-1	P24_T1	0.09930250469843549	0.09050725770476681	0.7587286130587261	12628	12543
ATTCACTGATGTTGGA-1	P24_T1	-0.21076538133621217	0.15315190997699762	1.7531222907702126	9112	12156
ATTCAGTAGCAGGGTC-1	P24_T1	-0.08714752472771536	0.1404935577571792	0.666923319498698	4396	6604
ATTCATATACTGTCCA-1	P24_T1	-0.17151973056793213	-0.14481280314042264	-0.18924229621887212	8236	10242
ATTCATCGTTGAGGCA-1	P24_T1	-0.09461227215660939	0.3156321935472339	0.4452508544921875	11418	13115
ATTCCCACATAAACAA-1	P24_T1	-0.0049377903938293555	0.06405420511360937	0.5873746260007222	4287	6413
ATTCCTCCGCCAGTGC-1	P24_T1	0.1120956400765313	0.16079396649495067	1.1002819077173867	5936	5842
ATTCCTTCCAGGCGGT-1	P24_T1	-0.13196215057373048	0.15387383936768945	-0.6887618875503541	4291	3354
ATTCGACGCCGGGCCT-1	P24_T1	-0.03401664733886719	-0.04027591375696579	-0.3648819303512573	4504	8325
ATTCGCGCCTTGAGAG-1	P24_T1	-0.21956883239746094	0.22963718413239892	0.13160607655843104	13395	13883
ATTCGTGTACCCATTC-1	P24_T1	0.25086048486497664	-0.12994568539945872	-0.42880120754241946	12292	16175
ATTCGTTTATCGTATT-1	P24_T1	-0.10007289791107178	0.06788500790094637	0.3056073125203451	13721	15986
ATTCTCGTCTCTTTAG-1	P24_T1	0.11091413307189942	-0.10417245458436493	-0.7008166170120239	7258	3549
ATTGAAGATCTTAGTG-1	P24_T1	-0.00462835767534045	-0.021187165306185196	-0.7880134391784668	7032	7373
ATTGATAGCAACGAGA-1	P24_T1	-0.1952568244934082	0.18653832332666553	-0.4725783220926921	4071	3736
ATTGATCACCACATTT-1	P24_T1	-0.19797308778762818	0.11201785001445402	-0.27226607481638593	2521	11381
ATTGCCTATTAGACCG-1	P24_T1	0.04276911497116087	0.3355637038047415	1.141494606733322	4384	14251
ATTGCCTTTATGTTTG-1	P24_T1	0.1864015356169807	0.1805027464625553	1.1643928535779318	10868	13688
ATTGCGATCAGTAACT-1	P24_T1	-0.1419193153381348	0.2524193967682136	0.9775301794211069	12520	11205
ATTGCTGCTCCTCCAT-1	P24_T1	-0.018345770888858387	-0.10387501913962481	0.18010668992996215	6372	8136
ATTGGATTACAGCGTA-1	P24_T1	0.30518333045641577	0.2511719773613099	0.5615278633435568	12849	11779
ATTGGGAATATCTTGG-1	P24_T1	-0.12628177642822266	-0.11852105991952372	0.3594062423706055	7367	3741
ATTGGTAGGATCCGCT-1	P24_T1	-0.11872029304504395	-0.17365853258427358	-0.6245823478698731	1980	6218
ATTGGTTGTGCATTAC-1	P24_T1	-0.13202087211608887	0.0762787841310437	1.1838036187489827	13283	15221
ATTGTCTGTTTCATGT-1	P24_T1	-0.08935179424285888	-0.08886907084676243	-0.6014217853546142	7460	15021
ATTGTTCAACGATCCG-1	P24_T1	0.2523439548280504	0.1834926817241131	1.0005480798085533	15156	11591
ATTTAACTCGTATTAC-1	P24_T1	0.0008081390062968374	0.1093380483538246	0.7327045166492463	7367	4123
ATTTACAGTTTACTGG-1	P24_T1	-0.01580718080202742	0.3195731710534235	1.1218819049994149	5824	7180
ATTTATACTGGTAAAG-1	P24_T1	0.042399458090464304	0.467841205380907	0.7953802529970806	9876	15789
ATTTCCGGGTTCTGCG-1	P24_T1	-0.05967027256223892	0.2151638569447818	1.152048663298289	5487	11959
ATTTGCGCGAGTAGCT-1	P24_T1	0.08961153316497802	-0.053008204338534565	0.10319002628326418	5048	11576
ATTTGTCTTGGGAGCT-1	P24_T1	-0.1162783145904541	0.16420735142108311	0.19295850912729895	10875	9099
ATTTGTTCCAGGGCTC-1	P24_T1	-0.029297928995556305	-0.04597916922446599	-0.4328287482261657	9453	5082
CAAACCAGGTCTGCAT-1	P24_T1	0.31368710041046144	0.08488650956676574	1.10607292731603	1647	8320
CAAACCATAAGCGTAT-1	P24_T1	0.055808991697099464	0.16562747831979324	1.036841238339742	11413	16174
CAAACCCTCCGGCGGG-1	P24_T1	0.047353665987650534	0.029538550232880878	-0.828848066329956	9328	14832
CAAACGAGTATCGCAG-1	P24_T1	-0.25832711553573606	-0.12361269829257224	1.0936749736467997	6808	10431
CAAACGGTCGCACTTT-1	P24_T1	-0.12895569038391114	0.032679097697772164	-0.3237114842732748	6044	7180
CAAAGATTATTGGGCC-1	P24_T1	0.12639941687054104	0.25861472118087525	0.9239778757095337	4937	12149
CAAAGGTCATCTGAAA-1	P24_T1	0.13241929274135167	0.17959243375849676	0.8579317990938822	15268	10253
CAAATCTCTCACAAGG-1	P24_T1	-0.033124810536702465	-0.012140288715661196	0.41385519345601396	4281	9854
CAACCAGTGGCCTACC-1	P24_T1	-0.20922287956873575	0.2651251705834263	1.0721359407901765	14275	13119
CAACCTACCGAGCAGT-1	P24_T1	0.07709493446350096	0.14172658317574455	0.6335121655464173	12956	13117
CAACGACCCGTTTACA-1	P24_T1	-0.15675984716415406	-0.13568595391791938	-0.6406902432441711	7145	5270
CAACGAGCTTATTATG-1	P24_T1	0.24647288057539202	0.1842465851397589	1.4748681942621866	2734	15969
CAACGGTTCTTGATAC-1	P24_T1	0.49487783686319986	0.14981123118325904	0.14381315946578976	5827	4886
CAACGTGGTGGAGTCT-1	P24_T1	0.21063560422261557	0.215743996552973	1.0659649976094565	14057	11972
CAACTCCTTGATCCCG-1	P24_T1	-0.12860603141784668	0.24097691979717623	0.08285222848256435	6706	4887
CAAGAGGGCGGAGTAC-1	P24_T1	-0.10742030620574951	-0.10109969673540768	1.5657209523518882	9775	10245
CAAGATATTATAACGT-1	P24_T1	-0.16642447524600562	-0.14618729338283243	-0.38474809646606456	11423	10056
CAAGCAACGTCGGAGT-1	P24_T1	-0.07331721146901447	0.09300013536574855	0.36828070322672535	5823	7562
CAAGCACCAAATGCCT-1	P24_T1	-0.15003247499465944	-0.12714142087321953	-0.5725716209411621	8904	4890
CAAGCGGCACATAATT-1	P24_T1	-0.1290481996536255	0.2188259787207482	1.295190380414327	9552	11774
CAAGGATCGCATGTTC-1	P24_T1	-0.22453127765655517	-0.0509335741367383	0.431105751991272	9117	9097
CAAGGCCAGTGGTGCA-1	P24_T1	-0.22850537395477294	0.061890566309026424	-0.47213451147079466	12625	14073
CAAGTGTGGTTGCAAA-1	P24_T1	0.04907304962476092	0.05000728402095089	-0.39371646205584215	11974	9101
CAATAAACCTTGGCCC-1	P24_T1	-0.08922269439697265	0.1324733571718203	-0.31485474586486817	9780	6421
CAATACGAGAGTCTGA-1	P24_T1	0.34046174653371175	0.044515370255882064	1.797533629735311	14829	9870
CAATACGCTCTGAGGC-1	P24_T1	-0.07457317161560059	-0.0527845085067237	-0.37286585807800293	2744	9087
CAATATTCTTGACCTA-1	P24_T1	-0.039000743760002954	0.11319506201701413	0.41261429707209274	6036	11768
CAATATTGGACTAGTG-1	P24_T1	-0.03912604236602783	-0.10073257692708265	-0.36097987174987795	3633	2970
CAATCCTGCCGTGGAG-1	P24_T1	-0.2222279062271118	0.18324555606650025	0.4274645074208576	4290	4118
CAATGACCCTTAATTT-1	P24_T1	-0.11323617553710938	-0.11324826742978704	-0.03465685526529949	7899	15404
CAATGCGAGAAGTATC-1	P24_T1	-0.14857332801818848	-0.11433485370354364	-0.6827600908279419	10651	11776
CAATTAAGGGTGATGA-1	P24_T1	-0.019929297924041744	0.2838446165891302	-0.1909451738993327	8791	6993
CAATTGGGCCGCACTC-1	P24_T1	-0.1697797107696533	-0.005286987062535303	0.14721155484517412	2080	12145
CAATTTCGTATAAGGG-1	P24_T1	0.16206085199779935	0.1722286637597436	0.07276853005091344	8569	8522
CACAAGCTAAGAAAGG-1	P24_T1	-0.07547660080591839	0.40923362090283594	1.2899402570724487	3286	14249
CACAATGAGCTGCTAT-1	P24_T1	0.05001362620459665	0.26389185740910387	-0.430343382358551	7139	9476
CACACACGCTAACGAG-1	P24_T1	0.16195434014002483	0.11242508694896228	0.08830921490987143	12958	11970
CACACAGCTTGCGCTC-1	P24_T1	0.3038868713908725	0.3625037373445711	0.9048564759890236	14279	10443
CACACAGGGATAGATT-1	P24_T1	-0.15167077562544082	0.09549672711615595	0.5403307795524597	4617	6222
CACACGCGCTGTCTTA-1	P24_T1	0.28025227369202504	0.05451387670349489	0.8697643347581228	11426	7762
CACAGAGACGAGGACG-1	P24_T1	0.08823436641693116	0.17396878876142052	1.2798324704170227	3836	13677
CACAGCACCCACGGCA-1	P24_T1	0.4565621840159098	-0.10009096772878762	1.4249090655644736	8131	7374
CACAGCTAGGGAGTGA-1	P24_T1	-0.03251475625567968	0.07189097713837422	0.474436473051707	8244	5272
CACAGGGCCATATAGT-1	P24_T1	0.10229080261124501	0.3148163544384958	0.9411790136496225	12298	12352
CACAGGGCCGTTGTCA-1	P24_T1	-0.17996450233459474	0.03284864284314834	-0.40007869720458983	8232	13301
CACATATTAGCAGGAT-1	P24_T1	0.014856476253933382	0.20553476441759927	0.9399251027901969	9664	10436
CACATCGTGCACGCGC-1	P24_T1	-0.0036256848441229977	-0.020663409291764495	-0.400259993871053	5815	12915
CACATCTCACCGACGA-1	P24_T1	0.29324986139933273	0.2546726917260445	0.44458254655202223	9881	12348
CACATGATTCAGCAAC-1	P24_T1	0.1576660442882114	0.12688837675440232	1.0490630722045897	8678	8714
CACATGTTTGGACATG-1	P24_T1	-0.13611481475830078	0.07008911792597247	-0.7150997161865235	3632	3353
CACCAATCATCCGTCT-1	P24_T1	-0.0052943633397420364	0.3324433117104857	-0.7847429990768433	2081	11762
CACCAGTCAGCATGCA-1	P24_T1	-0.005269991503821486	0.22481103878159917	0.5454146432876587	4057	12912
CACCCACACGTCACCC-1	P24_T1	0.2397554678916931	-0.000811342358322531	1.0784384950002035	6377	4695
CACCCGCGTTTGACAC-1	P24_T1	-0.08906319236755371	0.09999681025810157	-0.28745505332946775	14491	15414
CACCCGGTTTGTGACT-1	P24_T1	-0.168566971010632	0.30281205268647576	1.4408498764038087	5927	11577
CACCCTAACAAGATCT-1	P24_T1	-0.0313285303645664	0.4062446068463976	1.7616642077763878	10431	12158
CACCCTTGGTGAGACC-1	P24_T1	-0.17134796047210693	0.08320361402477462	1.1542544651031494	3401	11000
CACCGCCAGAAGGTTT-1	P24_T1	-0.1219488255712721	-0.02903202756139256	1.1559183041254677	8132	6610
CACCGGGCATCACAAG-1	P24_T1	-0.03864495849609375	-0.07564729012098888	-0.22476409912109374	11964	15219
CACCGGTAGAGACATT-1	P24_T1	-0.09279407379362317	0.15460915413478876	1.4040128906567892	3396	14058
CACCGTATCCCATCCG-1	P24_T1	0.020098147180345333	0.11179651803351623	0.6065442577997844	13069	11397
CACCGTTAGGGATCAC-1	P24_T1	-0.01034788004557291	0.03462161793804808	0.6276845828692117	5707	11577
CACCGTTGCGCGATAT-1	P24_T1	-0.12255922412872314	-0.11392766117249559	0.366447933514913	4830	10428
CACCTAATAGAGTCGT-1	P24_T1	-0.12841467142105104	0.22820078653243828	0.29006148576736446	4399	4692
CACCTAATCAGTTTAC-1	P24_T1	0.11448326857884722	0.03418826603516101	0.18820205052693673	9562	5274
CACCTCGATGGTGGAC-1	P24_T1	-0.29444776916503906	0.034895953716047645	-0.04843135833740231	9343	4891
CACGAAAGTTAGTCCC-1	P24_T1	-0.15214838208092585	0.1538951178258431	1.258121361732483	4834	7752
CACGAGCAAACCAGAC-1	P24_T1	0.30184142886267773	0.09145566134378147	0.22672034422556553	4053	15589
CACGCACAGCGCAGCT-1	P24_T1	-0.06423977470397949	-0.12217305810659523	-0.47439438343048096	9561	6038
CACGCAGCGAGGCTTT-1	P24_T1	-0.1578493776321411	-0.01520169381327277	1.4690935198465984	6373	7372
CACGCGGAACTGTTGC-1	P24_T1	0.060233540376027406	0.29527708588030516	1.0121373335520425	12413	9484
CACGGGATTGAGGGTT-1	P24_T1	0.14230824915568036	0.041988447208532564	0.007484331130981459	2857	7366
CACGTCAATCAATGGA-1	P24_T1	0.4628849699762132	0.38272326017919533	0.6446422505378724	14384	13311
CACGTCGGCAACCTCT-1	P24_T1	-0.08099662923812867	0.21696862211696788	0.4830674886703492	5708	10812
CACGTTCGTGCTCTAG-1	P24_T1	-0.11585484027862548	0.06534789085921558	0.018476708730061908	10546	8525
CACGTTTCGTACACAC-1	P24_T1	0.004504221916198731	0.2718082347705593	0.1727937094370524	11640	11968
CACTAAAGTTGCCTAT-1	P24_T1	-0.12739832592010497	0.04220397120354161	-0.006663594245910676	7251	8138
CACTCAAGAGCTATGG-1	P24_T1	0.04865799220403033	0.11547598342767496	1.0709261830647787	7909	8904
CACTCCTATGTAAGAT-1	P24_T1	0.20835681745741105	-0.01068808461729047	-0.13227141539255777	5596	12150
CACTCGAGCTGAACAA-1	P24_T1	-0.15793221092224122	0.035973857046507074	-0.0026443942387899266	9774	10627
CACTCGGTTAGGAGGA-1	P24_T1	-0.2471114444732666	-0.07192218317014792	0.6618595107396443	3075	8131
CACTCTCAAGCATCGA-1	P24_T1	-0.1553234977722168	-0.05241757271273824	-0.3748904800415039	6801	14637
CACTCTTCTGCTAGCC-1	P24_T1	0.1223226221932305	0.28583886319358875	0.8939151358604431	12737	12735
CACTGACGATTGTGGA-1	P24_T1	-0.053251086076100684	0.028320248094981126	0.24785149097442627	7242	13873
CACTGTCCAAGTGAGA-1	P24_T1	-0.014279993746015768	0.00945839132505244	-0.6827737832069397	6376	5078
CACTTAATCAGACGGA-1	P24_T1	-0.07255698585510253	0.12466943917391816	0.3113195864359537	6921	7946
CACTTCGCCACAGGCT-1	P24_T1	-0.2648738136291504	0.3012555272253835	1.6636543973286948	5057	5458
CACTTCGTCTTATCTC-1	P24_T1	-0.13225932502746582	0.06184962465192381	1.1593402830759685	3192	4117
CAGAACTTAGCCCTCT-1	P24_T1	-0.13310685348510742	-0.000735960284068804	-0.1448731962839762	10981	11585
CAGAATATTCGTTATC-1	P24_T1	0.03385087574852835	0.6172785164925876	1.1518974296251931	15267	11018
CAGACACCGATCGCTG-1	P24_T1	0.30334688705868196	0.48620378344384346	0.2401237384478252	7245	11579
CAGACGAACCTGATAC-1	P24_T1	0.11768349599838257	0.1604597730524588	1.9949768098195395	7136	11005
CAGAGACGGTCACCCA-1	P24_T1	0.1526027476787567	0.10612618886517733	1.0224771634737648	7905	11198
CAGAGCATGAGCTTGC-1	P24_T1	0.015420070118374263	0.16964235628477942	0.6957370932896931	9341	6420
CAGAGGCGATGCATGA-1	P24_T1	0.42090973907046847	-0.0223489281048444	-0.1637721840540568	6915	11770
CAGATAATGGGCGGGT-1	P24_T1	-0.0907373718685574	0.16147579676086204	0.6266264430681865	12845	14073
CAGATACTAACATAGT-1	P24_T1	0.14044991132948137	0.2669905845484211	0.5856935683886211	6704	6416
CAGATATGAAGATGAC-1	P24_T1	-0.3331552920341492	-0.051783723985855484	1.3534812808036805	3725	14250
CAGATCCTGGTTTGAA-1	P24_T1	-0.03258697806464303	-0.00245135479192074	0.16965370933214818	3509	11956
CAGATGTTTGTCCCAA-1	P24_T1	0.12345330805248683	0.09202984722135316	0.6918343178431193	1862	11380
CAGCAGCCCGTTCCTT-1	P24_T1	0.16890882968902587	0.07002216777545495	-0.5376304244995118	10219	6804
CAGCAGTCCAGACTAT-1	P24_T1	0.05814897839228314	0.11049868723156733	0.3283219114939373	12630	11014
CAGCAGTCTGTGCTGC-1	P24_T1	-0.13610681533813476	-0.13719385102291234	0.5916606553395589	9770	13304
CAGCCTCCTGCAGAGG-1	P24_T1	0.025534613609313972	-0.037970140076323655	-0.83397367477417	10111	5848
CAGCCTCGATAGCGGT-1	P24_T1	0.09772060510847308	0.27556510406319196	1.5243166176478067	15153	13503
CAGCGATTCCCTTCAA-1	P24_T1	0.059562696350945354	-0.034244818442086516	0.4721774085362751	6366	11578
CAGCGCCAACACGATA-1	P24_T1	0.25846216668023003	0.3025329958405804	-0.43846333026885986	2196	8512
CAGCTCACTGAGACAT-1	P24_T1	0.11855603578355572	0.0642915913455972	1.6547428750991822	8130	7757
CAGCTCGTGCTTGTGT-1	P24_T1	-0.2587483592033386	0.1084344253710719	0.06561967849731443	6268	4121
CAGCTCTGGGCTCACT-1	P24_T1	0.14650255796644424	0.1323767685116804	1.344163864850998	5481	15400
CAGCTGGCGTAACCGT-1	P24_T1	-0.1549797649383545	0.08630055829182567	0.18418186664581304	4060	10618
CAGCTTAGTAGGTAGC-1	P24_T1	0.12507693391376073	0.14485467460331503	1.4536808784802757	4724	7560
CAGGACAGCTGCCCTT-1	P24_T1	0.027113104131486654	0.050338888928394165	1.2068433213233947	15601	8151
CAGGATATATCGTTGT-1	P24_T1	0.20035728221469457	0.6454135964914189	-0.017265559832254973	8237	9860
CAGGCAGTCTTACCAG-1	P24_T1	-0.1531789712376065	0.1942839319807304	0.9860268994172416	10977	13879
CAGGCCAGTACCACCT-1	P24_T1	-0.1673103666305542	0.10493430741948034	0.4063092215855916	3504	15015
CAGGCCGTTTGGGTGT-1	P24_T1	-0.23785719609260558	0.03958473576261959	1.3489957221349083	6370	8901
CAGGCGCACGGTGGTC-1	P24_T1	0.04360031085544164	-0.13519479604375442	0.4560858758290608	4717	12149
CAGGCGCCATGCTAGG-1	P24_T1	-0.00614886111683316	0.047080002375097074	0.2915283620357514	9664	10818
CAGGGAGATAGGCCAG-1	P24_T1	0.159943298763699	0.07444785612008183	1.6919371350606285	3613	15588
CAGTAAGGGACGTCTC-1	P24_T1	-0.08045600032806399	0.31385139524269956	1.6414203286170959	2078	13674
CAGTAATCCCTCCCAG-1	P24_T1	0.13342830006281536	-0.05700609888006378	-0.33819617986679074	4398	5457
CAGTACCAGTTTACGT-1	P24_T1	0.07436246977912059	0.04767923913812741	0.6467830808957418	3621	10618
CAGTCGGCCTAGATAT-1	P24_T1	0.12074548244476319	0.18634928066191792	1.241745238304138	1974	10041
CAGTCTGTATACTGGG-1	P24_T1	0.04953241380055745	0.43133212335957777	1.4354164981842041	8897	9479
CAGTGGTTGCACATGA-1	P24_T1	-0.17907956409454345	-0.0086570787483147	0.03045821030934659	4070	4500
CAGTGTCCGCAGAATG-1	P24_T1	-0.012933792114257825	0.26854601415745094	1.1702256774902344	5718	4312
CAGTGTCGGCTGGCCC-1	P24_T1	-0.1524712683094872	0.12316989908682419	0.6759958966573079	11750	11395
CAGTGTTAATCTCTCA-1	P24_T1	-0.12626343154907227	0.2804959100364839	0.10903777599334719	3395	14823
CAGTTCAAATTGACAC-1	P24_T1	-0.14514367591010202	0.06663920135306031	-0.024695343971252504	7252	6991
CAGTTCCGCGGGTCGA-1	P24_T1	-0.07973199462890625	-0.06819690793952686	0.19128967920939122	4506	6413
CAGTTCGAGGACCCGA-1	P24_T1	-0.14469324588775634	0.07758951040455692	1.1988171990712484	7021	14638
CATAACGGACAGTCGT-1	P24_T1	-0.28410361766815184	0.37850199276435564	0.6478093194961547	11975	8336
CATAAGAAGCTTGGCT-1	P24_T1	-0.10862176651424832	0.21470769726456676	1.9309161806106567	9551	12539
CATAAGCTCTCCGTCT-1	P24_T1	-0.14218087005615235	-0.12970687158955824	-0.5579525423049927	3183	9470
CATACAAAGCCGAACC-1	P24_T1	-0.02475399589538574	0.056634655868180395	0.07581234137217208	5499	3929
CATACACAAAGTCAGC-1	P24_T1	-0.14216225814819336	0.005699263589760889	0.9532883071899414	1641	12144
CATACACGGTTCCCAC-1	P24_T1	-0.282587278842926	0.49797668679715273	-0.38468062003453574	7682	13109
CATACCCGTACCCAGT-1	P24_T1	0.08169196462631226	0.17999572841913108	0.6890850027402241	5053	8517
CATACGAACTAGCTGG-1	P24_T1	0.025369992203182645	0.2802289418992847	1.230649081071218	5044	13870
CATACGGCGTCTGGGC-1	P24_T1	0.08265896201133727	0.18227687424728	0.5170563081900279	8568	8905
CATACTATGTAATTGT-1	P24_T1	0.005509856330023877	-0.022921468587529747	1.2437163432439169	6921	8328
CATACTTCTTTCTCCG-1	P24_T1	-0.09529856967926026	-0.14847571977832974	-0.3073330593109131	7351	14447
CATAGCCGCCCGGGAT-1	P24_T1	-0.1344609644677904	0.1444013568778966	0.7760087911287945	4067	6412
CATAGCGTTGCCCACC-1	P24_T1	0.1866168408923679	-0.024668812285066982	-0.15788571993509926	6256	11769
CATAGGGACACTTGTG-1	P24_T1	0.4133254098892212	-0.25288692416760744	1.2941715097427369	3943	15780
CATAGTAGCATAGTAG-1	P24_T1	-0.17194021320343017	0.1403746404903847	-0.12231733322143556	6596	5078
CATAGTCAAATACATA-1	P24_T1	0.1324306738641527	-0.17393015521751423	1.3458322421709694	11856	13880
CATAGTCCACAAGAAC-1	P24_T1	0.20245811300807526	0.15060231792980122	1.310425081650416	5050	10046
CATATAGGTACAGTCA-1	P24_T1	-0.15655764484405518	-0.13796635762157056	-0.6277471590042114	7688	9668
CATATGTCAGGCTACG-1	P24_T1	-0.062079541179868886	0.17304349735679242	1.1367450380325317	4280	10619
CATCATTACCCTGAGG-1	P24_T1	-0.2638444480895996	0.3572315553690763	1.378675710360209	11970	11395
CATCCAATATAGTTTG-1	P24_T1	-0.10776698112487793	-0.10584707708166749	1.2757536443074544	3616	14059
CATCCGCAGGCCCGAA-1	P24_T1	0.11110188855065238	0.42198611519214024	-0.6799401998519897	3301	4308
CATCCTCTCAAAGATC-1	P24_T1	0.03044524590174358	0.14742341937634768	-0.2449764720598856	11750	11777
CATCGCCCGCGGCCAA-1	P24_T1	0.1264100423389011	0.140514138160936	0.6403935400644939	6488	4122
CATCGGACGGGTTAAT-1	P24_T1	-0.02011497232649062	-0.1363320894689368	-0.020468007723490333	8018	9477
CATCGTCCGGTTACTA-1	P24_T1	0.10926602352990042	-0.08030739499951904	0.4425048446655273	2859	5837
CATCTAGTGAAGGGAA-1	P24_T1	0.1277952067057292	0.3439708046065081	1.1957320110003151	14939	10062
CATCTGCAGGATCATT-1	P24_T1	0.23139176850848725	0.20843031715760024	1.411998635927836	2528	6792
CATGAACCGACATTTG-1	P24_T1	-0.058779095278845894	0.24056093031394665	1.1762319064140319	6379	3548
CATGAGATGCACTCTC-1	P24_T1	0.21229159037272138	0.22861868163083224	1.6252216005325317	10320	12731
CATGAGTCCATCACGG-1	P24_T1	-0.11073276329040527	0.2277542320673898	0.03668373107910161	5261	15782
CATGATACGGTGAAAC-1	P24_T1	-0.08089630699157715	-0.14691305880578573	-0.11505140622456878	9985	15980
CATGATCGCTTTGAGA-1	P24_T1	0.07675982030232747	0.2864978628803953	0.6731486296653748	14383	14075
CATGATGCACAATTCT-1	P24_T1	0.04548926772011652	-0.028517853960361522	-0.2762645101547241	9233	5464
CATGCACATGAGAGGC-1	P24_T1	0.05230453618367514	0.35604158023859833	1.8555130386352539	3943	15398
CATGCCAACTCGCAAA-1	P24_T1	-0.1854353699684143	0.12447078249331822	0.9647515741984047	3952	9662
CATGCGTTAGACAGAA-1	P24_T1	-0.05725174707836575	0.00756662143956896	-0.5703913656870524	8575	4316
CATGCGTTGAGAGGAG-1	P24_T1	0.48448789861467145	-0.20842447736919326	1.3501495273907982	6690	15211
CATGCTGGCTCCAATT-1	P24_T1	0.1349761225382487	-0.11736301207702432	0.8024721145629883	8246	3742
CATGGATTGTCTTCCG-1	P24_T1	0.09560674715042117	0.2437194346448186	0.9472409478823343	12738	11970
CATGGCAGGAAGATCG-1	P24_T1	-0.14111264679167004	0.1231011556298941	0.6111055390040079	7915	4698
CATGGGTATGCCTTAT-1	P24_T1	0.07844594049453735	0.16910413974350197	0.4819909771283466	10651	12158
CATGGTAAGTAGCGTT-1	P24_T1	0.32339183669620086	0.15936981471592948	0.39904604752858464	9665	10053
CATGGTATTAGTTTGT-1	P24_T1	-0.19502461910247804	0.07961327984295699	0.36188453197479253	2409	12719
CATGGTCTAGATACCG-1	P24_T1	-0.1920387496948242	-0.1918604529944042	-0.04642916758855187	8901	6420
CATGGTTTATTAATCA-1	P24_T1	0.015951792081197125	-0.019198754489821862	-0.2731324005126953	12954	14647
CATGTAAGAGACATTT-1	P24_T1	-0.19619196701049804	-0.17554252819726932	-0.9575549459457398	11530	11777
CATGTCTCATTTATGG-1	P24_T1	-0.16326755905151366	0.07030438216740653	0.9574984550476074	10982	10820
CATGTGGGCTCATCAC-1	P24_T1	-0.05424775632222492	0.26142171925346325	1.4201804208755493	11524	15983
CATTACGCAGGAAGGG-1	P24_T1	-0.10999656677246093	-0.14063547281610886	-0.7128320693969726	12734	15029
CATTACGTCGGCCCGT-1	P24_T1	0.1270793851216634	0.3857954820530527	-0.2991086133321127	8794	5081
CATTATCCCATTAACG-1	P24_T1	-0.013988065295749252	0.07473736668059755	0.746510796546936	5044	14252
CATTATGCTTGTTGTG-1	P24_T1	0.07298272217644584	-0.1464188610947372	-0.635148777961731	7363	6417
CATTCCCTAAGTACAA-1	P24_T1	0.16432409477233886	0.054844065000546866	-0.47541519165039064	3632	3735
CATTCGTCGTAGCGGT-1	P24_T1	0.17149536620246042	0.3117703936777392	0.895383578936259	15044	13312
CATTGCGAAATGGGCG-1	P24_T1	0.21280589781867135	-0.13592311359891956	-0.6321917629241943	2965	8322
CATTGTGTGCTAGATC-1	P24_T1	-0.016858375549316407	-0.05933081943716779	0.670079714457194	3302	3926
CATTTCTAGCAGACTA-1	P24_T1	0.3405974672105577	-0.08410435641638651	0.20739713271458948	4509	4501
CATTTGAGTGGTACGT-1	P24_T1	0.025333980719248472	0.2334512227466976	2.054271652698517	6917	11005
CCAAACAGAACCCTCG-1	P24_T1	0.16840086666742962	0.07975386373148668	-0.36462071816126496	6925	5652
CCAAATAACAAGATTC-1	P24_T1	0.3072982151773241	0.2335334731561759	0.66643088499705	14058	11207
CCAAATCAAAGGGCAA-1	P24_T1	-0.11072697024875217	0.05217023877222804	1.2513233979543052	4053	15207
CCAACCTTATGTAACT-1	P24_T1	0.13959323946634933	0.371710574533582	1.0246943593025208	6142	14254
CCAACGATGCACTGAT-1	P24_T1	0.12139187431335452	0.05569308669508438	1.219330391486486	5714	7371
CCAACTTGATAGATCC-1	P24_T1	0.4745618246396383	0.3249831895033518	0.9618983221054078	15158	10444
CCAAGAAAGTGGGCGA-1	P24_T1	-0.21596213340759277	0.30955187539659623	0.7565262635548908	7356	11388
CCAAGACTTCTGCGAA-1	P24_T1	-0.18897119188308717	-0.002040796098559783	-0.5074823347727457	8464	5272
CCAAGCGTAACTCGTA-1	P24_T1	-0.17064029407501222	0.020461162864761878	-0.09095314979553226	9449	7759
CCAAGGAACAGAGAGG-1	P24_T1	-0.15125043869018553	0.09744914852799452	0.6581154696146647	6927	4122
CCAAGGTTGCCCTTTC-1	P24_T1	-0.014257009347279886	0.29897317056954575	0.5612286313374837	13613	14648
CCAATAGATTTCATCT-1	P24_T1	0.0020318837695651737	0.11159851473716545	0.8498352154095967	1649	6791
CCAATAGTGCCGTCGA-1	P24_T1	-0.06145370523134869	0.046705787213856764	1.1131761652231216	6262	7945
CCAATGTCACAGCAAG-1	P24_T1	0.13799160215589737	-0.08464655153436682	0.5860671615600586	7030	8520
CCAATTGAATGTTAAT-1	P24_T1	-0.14261774492263793	0.38423188674103226	-0.938651397228241	6706	5269
CCACAATGTACGTCTT-1	P24_T1	-0.1652868498696221	0.272494124619486	0.3173611021041871	10988	6997
CCACACTGAGATATTA-1	P24_T1	-0.02261004373762343	-0.06189575924702671	-0.0634759744008383	7030	8902
CCACAGCTGAAATCAT-1	P24_T1	-0.10861386299133301	-0.1755964499992012	-0.6555442762374878	4732	2972
CCACAGTACCCATCCT-1	P24_T1	-0.0215021815829807	0.27148433639699177	0.947537370522817	11752	10630
CCACATACTGCACCCA-1	P24_T1	0.13021884038713238	0.15439811098895617	1.032750231027603	14607	11399
CCACATGGCTCTTTAT-1	P24_T1	-0.07237758700052896	0.19461551375303757	-0.1847709107398987	2191	11954
CCACCAACTTTACTGT-1	P24_T1	-0.12747786808013917	0.06900990356001546	-0.08513769785563152	6037	11386
CCACCCAAGGAAAGTG-1	P24_T1	0.012178003311157232	0.04634779691696167	-0.18516374111175538	9887	8524
CCACCTGTATGGAATA-1	P24_T1	0.3013011361228095	0.3441597321289498	1.1738767695426942	15154	13121
CCACGGAGCCATAAGA-1	P24_T1	0.007211652967664933	-0.08342666120603848	1.377446896235148	4610	10428
CCACGGCAGGTGTAGG-1	P24_T1	-0.07587181520462036	-0.03479719295331027	-0.8247585391998291	5043	15017
CCACGTAAATTAGACT-1	P24_T1	-0.061813241322835305	0.280663328349457	0.8085584187507628	15052	7959
CCACTCAGATCCGCAA-1	P24_T1	-0.05694462659623889	0.4454152745421834	0.8165673796335857	10426	15216
CCACTGGTGGCTGGTT-1	P24_T1	0.33838108682632445	0.18145236949659305	1.0701531310876211	3953	8897
CCACTGTTTGGATTAA-1	P24_T1	0.22026708136664497	0.09061648248292722	0.490516586303711	13287	12544
CCACTTTCCTTCTAGG-1	P24_T1	0.07917100588480633	0.20725310088804105	0.28855042457580565	14050	16178
CCAGAAAGCAACTCAT-1	P24_T1	0.11506643366813657	0.17275120397942179	1.270330010255178	5598	11385
CCAGAGACAAAGCCGG-1	P24_T1	0.07235088857014971	0.388879091347624	0.6348423083623249	3958	5839
CCAGATAGTTGAGTGA-1	P24_T1	-0.18877081680297852	0.14645204741416096	0.6091762797037761	10879	6805
CCAGCCTGGACCAATA-1	P24_T1	-0.022325679249233676	0.09431162163181858	0.830501054128011	8788	8523
CCAGCTACGCCTCATA-1	P24_T1	-0.044392610867818205	0.10224230617484792	0.7259400876363118	5500	3164
CCAGCTCGAACGCATT-1	P24_T1	0.048454176372951935	0.017001628609044972	1.166795082092285	8781	13493
CCAGCTGATGGTACTT-1	P24_T1	0.12106110665533282	0.2088954165011177	0.6340382285912833	3954	8515
CCAGCTTCCGCCCGCA-1	P24_T1	0.24607424026065403	0.07455423734332092	0.0497125967343649	3517	6985
CCAGGCGAGATGGTCT-1	P24_T1	0.2932862875196669	0.38237404209922093	0.3024710893630982	3393	15970
CCAGGCTGGCGTCTGA-1	P24_T1	0.024079978148142486	0.10544329641649387	-0.6946511912345886	15046	12165
CCAGGGACGTGGCCTC-1	P24_T1	0.14595571931203205	-0.01689305241475969	1.3061421982447305	7473	6609
CCAGTCAAATCTCTTA-1	P24_T1	-0.13705536079406738	-0.015286083322776756	-1.0425126695632934	2524	9469
CCAGTCCATTATTCGA-1	P24_T1	0.01759317906697591	-0.030335024699268714	-0.7870246362686157	4072	3353
CCAGTCTTGTCATAGA-1	P24_T1	0.16017015430662368	-0.11708191270529558	1.0740887427330017	8123	12728
CCAGTGTACAGACCGA-1	P24_T1	0.2775967960357666	0.11661173773291927	0.57492178440094	3614	15206
CCAGTTCGGTAACTCA-1	P24_T1	0.06316783799065484	0.550510764788728	0.5319664700826008	11415	15409
CCATAACCTGTGCAGT-1	P24_T1	-0.1317564640045166	-0.12319187829958513	0.1403725353876749	2192	11189
CCATACTCGCCTCTCC-1	P24_T1	0.08774016904830934	0.30809947018255324	1.207525516351064	1648	7556
CCATAGAGGCTGCCAG-1	P24_T1	0.18404004955291747	0.24619906487347565	0.8765097514788309	2079	12909
CCATAGGTTGGCGTGG-1	P24_T1	0.14309019660949707	0.1503820470315498	-0.8875320112705231	8464	4890
CCATAGTCAGTAACCC-1	P24_T1	-0.18038257837295532	0.32201954689068546	-0.09824516137441008	3521	4308
CCATATGGAAACTATA-1	P24_T1	0.0561708779864841	-0.05610865861244116	0.711361146767934	12959	11588
CCATCCATACCAAGTC-1	P24_T1	-0.20548155689239503	0.05565256347058872	-0.4848421676953633	5829	4121
CCATCGCAGTTAAACT-1	P24_T1	0.16619364743762544	0.14594106076147734	1.402131551106771	8455	11007
CCATCTCACCAGTGAA-1	P24_T1	-0.0010822001033359147	-0.041952758560778056	-0.765079734325409	12414	8719
CCATGCCCTAGATTTC-1	P24_T1	0.23806495552592805	0.28968991919251896	0.8973334632317225	12409	12161
CCATGCCTGTTTAGTA-1	P24_T1	0.3507970133887397	0.06323679141550256	-0.0362288268407186	7470	8138
CCATGCTCTGCAGGAA-1	P24_T1	-0.09460867023468017	-0.0901379633269854	0.4763669681549072	6376	5460
CCATGGCAAACGCTCA-1	P24_T1	-0.09862773100535074	0.006252240814618615	0.6094746017456054	6030	15592
CCATGGCCCTTGTACC-1	P24_T1	-0.020584056880739	0.14422994705387943	0.21961865107218426	4065	7559
CCATGTTCATCTATAT-1	P24_T1	0.2543741088178422	0.14230495297935447	1.369852021932602	4714	14443
CCATTAGCGATAATCC-1	P24_T1	0.05083340607749093	0.15502489589871443	1.1094424903392792	6263	7563
CCATTCCCTGCCCACA-1	P24_T1	0.07877475680245294	0.07871624247339748	0.6333064476648966	5933	7753
CCATTTCTACCTATTA-1	P24_T1	0.22142196612887913	0.44898019941061135	1.7393963901201883	9442	11965
CCCAAACATGCTGCTC-1	P24_T1	0.05953221850925022	0.00384042540385951	0.09359757105509436	11316	7953
CCCAACATACGTCGCG-1	P24_T1	-0.17311613249778746	0.4026315996977574	1.2768528723716737	5490	9665
CCCAAGTCATTACACT-1	P24_T1	-0.007845446586608906	0.3239700808887781	1.3702594486872353	12185	14454
CCCAATGAGATTTGCA-1	P24_T1	0.1338403230773078	0.4123262976373335	0.1414638622601826	6035	12915
CCCAATTTCACAACTT-1	P24_T1	-0.03373311620288427	0.3008593787882952	0.9252967409292856	5272	8899
CCCACTCCACGGTATC-1	P24_T1	0.15603330310185748	-0.12837165454090044	1.4549359862009683	1973	10806
CCCAGGAAGAATTCGA-1	P24_T1	0.07327428966098362	0.2188569722026253	0.08680057207743319	8887	15596
CCCAGTAAACTTGGGA-1	P24_T1	0.14965350100729202	0.30819617665187354	1.5743257566293083	2961	11381
CCCAGTTAAGGCGCCG-1	P24_T1	-0.0008444299697875912	0.11239995412378503	1.5816732454299927	10655	9481
CCCATATAGGTCGATT-1	P24_T1	0.11719400750266182	-0.12454745760166672	0.5063078474998475	14493	13884
CCCATTATTGTATCCT-1	P24_T1	0.32839466423458524	0.030137868668942358	-0.034786485036214176	14821	15223
CCCGAAGTTTCGCGAA-1	P24_T1	-0.00044657791985402984	0.2740873945772781	1.227066912651062	2853	10043
CCCGACCATAGTCCGC-1	P24_T1	0.06629199812147352	-0.02654678996243999	-0.7644053041934967	9782	5274
CCCGATAGCCTCGCCT-1	P24_T1	-0.06866265169779459	-0.025056995001415283	1.7358633017539977	15601	8533
CCCGCAAATAATCATC-1	P24_T1	-0.11500354385375977	-0.10505098624517453	-0.5458616161346436	7678	16168
CCCGCAGCGCGAACTA-1	P24_T1	-0.3101448764801025	0.251465337155116	0.9048078850905099	9005	10817
CCCGCCATGCTCCCGT-1	P24_T1	0.11732880449295044	-0.026250599214694637	-1.0147932863235474	6157	5077
CCCGCGCAATGCACCC-1	P24_T1	-0.14663350105285644	-0.14215174137345896	0.26010488669077547	4179	5074
CCCGGCACGTGTCAGG-1	P24_T1	0.07941785844167074	-0.1746438637675855	0.7620338869094848	13062	15985
CCCGGGTCGTTCAGGG-1	P24_T1	-0.08513452593485513	0.20833727857410508	-0.22021433512369792	7901	13874
CCCGGTGGAAGAACCT-1	P24_T1	0.07739332283867728	-0.02678107255257217	0.36013482252756757	3957	6221
CCCGGTGTATCGGAAT-1	P24_T1	-0.08073955451117622	-0.033691947825536375	0.03071997880935673	3510	11573
CCCGTAAGTCTAGGCC-1	P24_T1	-0.06714533721076117	-0.0022188828428852947	-0.16269663731257122	4722	9090
CCCGTAGCTGGGAAGA-1	P24_T1	0.04450541358523899	0.16611246874668453	-0.8725255918502808	5926	12342
CCCGTCAGCGTCTGAC-1	P24_T1	-0.20189145252439708	0.245937215068463	1.2290548268953958	7254	5844
CCCGTGACAGTGCCTT-1	P24_T1	0.06009716288248701	0.2810651471950864	0.9587232224146525	11633	16174
CCCGTGAGGGCGGTGA-1	P24_T1	-0.20688171238369413	-0.11451637438213	-0.1923712229728699	2084	9850
CCCGTTTCGCAGATGT-1	P24_T1	0.08082289584477742	0.6074501648711945	1.0717998449007669	13289	11397
CCCTACCCACACCCAG-1	P24_T1	0.11407725053363377	0.3725694185268692	-0.3334433674812316	11524	15601
CCCTACTTGAACAATG-1	P24_T1	0.10433576843473646	0.5114078207037326	1.2026734034220377	11086	14835
CCCTAGCTCTAAGGTC-1	P24_T1	0.22846794001261395	0.42491948684589975	-0.3633138656616211	7458	16168
CCCTAGGCAACAAGAG-1	P24_T1	0.41896658960978184	0.3905507531475434	1.8779075288772584	1973	10424
CCCTATGTAGAGCAGA-1	P24_T1	0.3072429389953613	0.06006190700819028	0.9376685730616252	4277	12913
CCCTCAAGCTCTTAGT-1	P24_T1	-0.10143555042478775	0.346509508638574	1.2274084862073265	2091	5262
CCCTCAGATCGAGAAC-1	P24_T1	-0.11232908535003662	0.03771782161405422	0.12996356964111327	4493	15207
CCCTCATCACAGAGTA-1	P24_T1	-0.13871994876861574	-0.08783834012562797	-0.5669441223144531	4381	16163
CCCTCATTCTGGAATT-1	P24_T1	0.1821379686991374	0.13188697054348802	0.17448262214660648	6487	4504
CCCTCCTCGCTCGTAT-1	P24_T1	0.26869023519092133	0.24919717063839802	0.7385137383143108	13289	11015
CCCTCGATAATACACA-1	P24_T1	0.07742319869995118	0.22405550943925076	1.232634571393331	4823	14634
CCCTGAAATGAGTTGA-1	P24_T1	-0.11010254446665446	0.019089790531986228	-0.4777144320805867	5933	7371
CCCTGACTAACAAATT-1	P24_T1	0.31140532567765977	0.15768857916996248	0.7455908711751301	2965	8705
CCCTGATGTAACTCGT-1	P24_T1	-0.13228825187683105	0.20456748494099186	-0.0014797528584798991	3411	4117
CCCTGCCCAATCCGCT-1	P24_T1	-0.15390314621395534	0.3813985978196931	1.6782509080568948	3733	9279
CCCTGCGCTACGCATA-1	P24_T1	0.02240436649322511	0.24799668868916147	0.3748132514953614	4284	7942
CCCTGGCTGTTCCTTC-1	P24_T1	-0.15521767807006837	0.09155878097952347	0.09600810845692953	2193	10424
CCCTGGGAGGGATCCT-1	P24_T1	0.006617267767588281	0.32427218556404114	-0.3391801571846008	9546	15980
CCCTTTAATGGAGTTC-1	P24_T1	-0.18642225694656372	0.6050748806405121	0.9382268261909484	13615	13501
CCCTTTGACAGGTCTT-1	P24_T1	-0.23304026794433594	0.01971452214840541	1.1817467021942138	7796	11006
CCGAAAGTGGTGAGCA-1	P24_T1	-0.11327804666095309	0.09136610216475707	-0.8134793663024902	4619	4692
CCGAACACTGGGCCTC-1	P24_T1	-0.054740990532769096	0.2825003657031646	1.3790592924753824	3622	9853
CCGAACCTTCCCGGCC-1	P24_T1	-0.1753466370900472	0.16178754198737855	0.8580905024210612	9444	10818
CCGAAGCATTGACCAA-1	P24_T1	-0.18285391807556153	0.31468677320736366	0.7168053952852885	2189	13101
CCGAAGTATATTGTTC-1	P24_T1	-0.16204127216339112	-0.2072203667371865	0.3296816341082256	4068	5648
CCGACAAACACATGAG-1	P24_T1	-0.09648628330230713	0.1393647825957945	-0.5930403280258179	3191	4499
CCGACAAAGGGAGTGC-1	P24_T1	0.2012000011867947	0.140214995649837	0.09990394433339422	3955	7750
CCGACAATAGGCCGCC-1	P24_T1	-0.1874599390029907	0.25862106834215337	1.3813955402374267	13837	12354
CCGACGGGCATGAGGT-1	P24_T1	-0.06436837024158903	0.33719335734777534	1.0925660941998163	4498	11766
CCGATATGACGTAAGG-1	P24_T1	0.02851350800196334	0.29896589653603983	1.3419766012827554	15595	11974
CCGATTCGAGGGACCC-1	P24_T1	-0.028674950281778966	0.20164424020972027	0.6092898050944011	3844	8706
CCGCACAAAGACCAAC-1	P24_T1	0.14145319472418894	-0.1311063870487597	0.030967744191487623	9997	8333
CCGCACACGAACGTGT-1	P24_T1	0.20868232419755722	0.013472656008914563	0.3105199337005615	15159	10062
CCGCACGTGACCTCGG-1	P24_T1	0.04449520296520654	0.19016031444206066	1.2291575201352438	4506	6795
CCGCATGTGGTACGAT-1	P24_T1	0.16781366697947186	0.2418734137910591	1.8965434686342872	8893	12155
CCGCCGGAACTTCTCG-1	P24_T1	-0.04315589809417725	0.2706230216111646	1.058129427433014	2960	11764
CCGCCGGTCAACACAC-1	P24_T1	-0.1462694730758667	-0.09332943882718181	-0.08757452328999837	7697	3933
CCGCCGTTGAGGATAA-1	P24_T1	0.04637518962224324	0.30076271555567746	1.7618332886695862	14719	10061
CCGCCTTGCGATGTCG-1	P24_T1	-0.13078808403015138	0.11438439596419367	-0.5678835964202881	2414	9660
CCGCGCAAGATACCCA-1	P24_T1	-0.027869782394833037	0.18267435995524361	-0.18469674110412593	1968	13483
CCGCGGAATGCGTCAC-1	P24_T1	0.08104903968175248	0.09852634286987166	0.736658982435862	6587	11196
CCGCGGGTACGAAGAA-1	P24_T1	0.14120881334940594	0.23320500489315998	1.1250069852670035	4505	7560
CCGCGTAGGTAAGGGC-1	P24_T1	-0.08795561599731445	0.06337290695582992	-0.4576412296295166	4066	7177
CCGCTATCAGCACCAG-1	P24_T1	-0.19160060501098633	0.045732693917532624	-0.1603610547383627	8566	10052
CCGCTCCAGGGCGATC-1	P24_T1	0.0970667977862888	0.3443447418127551	-0.22422726472218835	9218	15023
CCGCTCCGGATAAGCT-1	P24_T1	-0.11317980670928955	0.032436881689417274	0.06108986854553222	3174	15588
CCGCTCTTCCGAACTA-1	P24_T1	0.27495665423075355	0.23010447521337726	0.3008330472310383	12516	13499
CCGCTTACCTCACTCT-1	P24_T1	-0.10904563999176026	-0.10837059052998588	1.1032593218485516	5489	10429
CCGGAAGTGCAATATG-1	P24_T1	0.04012649695078535	0.023938475839243634	0.942243824005127	13172	15794
CCGGAAGTTATCAGTC-1	P24_T1	-0.25180524158477785	0.06353431153350764	0.9445377381642659	15597	10827
CCGGAATGGTTTCAGT-1	P24_T1	-0.16759328937530518	0.046946058737351595	0.20629007339477534	5166	6032
CCGGAGCGTACTTTCT-1	P24_T1	-0.09784679985046386	-0.05928143238861289	-0.2174006748199463	7793	12536
CCGGCCGCGAGCATAT-1	P24_T1	0.02262801445855034	0.45191215588742456	1.5939042631785074	1860	12527
CCGGCGCATATTGGAT-1	P24_T1	0.21262564600838552	0.12442001490384941	0.2044741880893708	7806	4124
CCGGCGTGAGACTCTG-1	P24_T1	-0.18474248123168946	0.2703356136144941	0.45875433762868234	2852	10425
CCGGGACCCGCAGAGA-1	P24_T1	-0.1342784991264343	0.020394794292897978	1.1055994534492493	7366	4506
CCGGGCGGTCTCGTCA-1	P24_T1	0.1751615252494812	0.18716760803122384	1.0040541338920592	9998	7569
CCGGGCTAAGAATTTC-1	P24_T1	0.2920214535395304	0.3470239841964688	0.8403231366475425	3834	14824
CCGGGCTGCTCCATAC-1	P24_T1	-0.09416764577229814	0.26707711535812223	1.4823040994008383	11096	8335
CCGGGTTCGAGGTTAC-1	P24_T1	0.10379000557793511	0.11272811749637526	-0.14659044106801356	5162	8708
CCGGTATCTGGCGACT-1	P24_T1	-0.11168128967285157	0.147733964642689	-0.5569712352752686	10974	16173
CCGGTTTGTAATTGTG-1	P24_T1	-0.07488048839569092	0.18180197544012558	-0.4297032904624939	6256	12151
CCGTAAGTTGGTCCCA-1	P24_T1	-0.21149912929534911	-0.026807247258939487	0.15522722562154134	10108	7760
CCGTACCCAAGCGCCA-1	P24_T1	-0.13358683787451847	0.06321449301120155	-0.7523836119969685	5390	3738
CCGTAGGAAATCCCTG-1	P24_T1	0.544078967862659	0.2830142198459681	1.0666379710038505	12188	12925
CCGTAGGGTTGTTTAC-1	P24_T1	-0.02835383076137965	0.26507555818397727	0.30439387162526443	13067	12926
CCGTATCTCGTCGTAG-1	P24_T1	-0.10096753038300404	0.19514239061065436	1.5536438413461051	4608	11575
CCGTCAACCTCTGGCG-1	P24_T1	0.14894269824028017	0.32649803061613303	1.374132912158966	3176	14440
CCGTGCCCATGACGGC-1	P24_T1	-0.1060382194519043	0.059666334649327094	-0.3407135486602783	6928	3740
CCGTGTTAAATTCCAT-1	P24_T1	-0.10626755714416504	0.34921223685245384	-0.4335798168182373	5599	10621
CCGTTCCGAATCTCGG-1	P24_T1	-0.025561431196000794	0.2397950529985513	0.6611313052972159	4063	9089
CCTAAATTAACGGTTC-1	P24_T1	-0.13547428766886394	-0.04276355681003341	0.9632691788673401	9116	9479
CCTAAATTGTATCCTA-1	P24_T1	0.30086645343568585	0.2516223598579965	0.7243012980620067	14168	11399
CCTAACCCAAACAAGT-1	P24_T1	0.35177741654713945	0.4602684962669475	0.03833131790161137	11422	10821
CCTACAGTTGAGGGAG-1	P24_T1	-0.1237077522277832	0.22317819707345643	-0.5870044326782227	10754	16173
CCTACATTCACAGACG-1	P24_T1	0.03578609805636934	0.025565066993636587	1.09301766872406	5268	11194
CCTACGGCTCAGTCGA-1	P24_T1	-0.17435903644561768	0.01821462126652934	-0.6819942140579224	5169	4502
CCTACTCAACACGATT-1	P24_T1	-0.07498345194922554	0.36605551425509275	0.7265066885948182	14714	13502
CCTACTGCTTACACTT-1	P24_T1	-0.14248572874069215	0.18311868351311228	1.0300129985809325	7033	6608
CCTAGGCGTAGCGATC-1	P24_T1	0.3318260762956407	0.15879887555802963	0.3656554015477498	11316	8335
CCTAGGTAAAGGTAGC-1	P24_T1	0.08476047945022586	0.02028128058051637	1.3094474216302237	2851	11190
CCTATAATGAGTGCCC-1	P24_T1	0.033576378504435234	0.22398198050940596	0.5286635684967042	10541	11967
CCTATATCGTGTCACG-1	P24_T1	-0.12505707963307697	0.3012370559193144	0.7385981369018555	2738	12910
CCTATATTTGTCCTGG-1	P24_T1	-0.12778194427490233	-0.1462705255354811	-0.7239497089385987	7353	13300
CCTATGGCTCCTAGTG-1	P24_T1	-0.2927742028236389	0.18164436482476443	1.5034689633051554	4276	13295
CCTATGGTCAAAGCTG-1	P24_T1	-0.05764605988396537	-0.017073729794297443	-0.4639366225401561	9109	14450
CCTATGTCCACTCCAC-1	P24_T1	-0.07976939540439182	0.486101165180505	0.1678637790679931	11748	13307
CCTATTATTCCGGCCG-1	P24_T1	0.1486345663600498	0.3707934449316404	2.0485191361109414	1968	13865
CCTCAACGATCGCTGT-1	P24_T1	0.04750913291507297	0.3790741086806227	0.7115936160087586	1642	11379
CCTCACCAATCTTGAC-1	P24_T1	-0.11161935329437256	0.0019332721862750368	-0.2735891159375508	5498	4694
CCTCACGTCAGCTAAT-1	P24_T1	-0.048734960503048375	-0.025548380760005096	1.2328290208180748	15044	12929
CCTCATGCAGCTACGA-1	P24_T1	-0.06077143070432875	-0.20748358204860815	-0.24310460567474368	4951	3355
CCTCCGACAATTCAAG-1	P24_T1	0.23088412078221637	0.10899908810653944	0.3086124237378438	5274	7752
CCTCCTAGCTAGAGTC-1	P24_T1	0.18979894351959228	0.26432212687178747	1.618710045814514	3066	14249
CCTCCTGAGCCCACAT-1	P24_T1	-0.12790614604949951	-0.0585293529817722	0.2580071465174357	2525	8704
CCTCCTGTTGTGTCGT-1	P24_T1	0.03197329266866045	0.39096087140658287	1.3291054824988047	12187	13307
CCTCGCGCTGTGCGAT-1	P24_T1	-0.16868321800231934	0.009109067170145257	0.7651937214533489	8123	12345
CCTCGGACCGGGATAG-1	P24_T1	0.1527921338611179	0.04033753429216558	0.10894167582194003	10985	9291
CCTCGGATGCTACCTG-1	P24_T1	0.14490849198235406	0.07862484708461717	-0.7290670585632324	2747	7557
CCTCGGTTTCCTTGCC-1	P24_T1	0.270579638587104	0.34917646319807505	0.6725626524289448	5812	14827
CCTCTAATCTGCCAAG-1	P24_T1	-0.11083141136169433	-0.13649300280833404	0.08865358034769688	9671	5847
CCTCTACAAGGATTGG-1	P24_T1	-0.1507264060974121	-0.17218243675743974	-0.15779376824696867	4604	14252
CCTCTATCGATTAGCA-1	P24_T1	-0.1098312406539917	-0.0753875202780602	0.4742307424545288	4499	11384
CCTCTCTCCCATCTAG-1	P24_T1	0.0863318730460273	0.2163056113175898	1.2450146571795144	5603	7944
CCTCTGTACTATTCTA-1	P24_T1	-0.08666066964467367	0.1062559282753025	1.2157976587613426	8344	11581
CCTGAACGATATATTC-1	P24_T1	0.029664256307813885	0.20606693915472735	0.8345596476395927	10986	8526
CCTGAATATTTACATA-1	P24_T1	-0.0951399154663086	-0.14639409836506684	0.7586354144414267	9452	5847
CCTGACCACCGATGGT-1	P24_T1	0.15620037020577324	0.006228472562444298	0.1866762312253316	8346	10051
CCTGAGAATAAATGCA-1	P24_T1	-0.22762474918365477	0.026290545460895154	-0.4474005428949992	5262	15017
CCTGATTCGCGAAGAA-1	P24_T1	-0.2825977396965027	0.12798929574505596	0.2202471017837524	11854	15792
CCTGCCCGTTGTCTAG-1	P24_T1	-0.07010253662533228	-0.20737794661681924	-0.15318299293518067	2636	8131
CCTGCGATAGAACTGT-1	P24_T1	0.2203819954130385	-0.0919249241784115	-0.5745585680007934	3853	2971
CCTGCGTTCTACGCTT-1	P24_T1	0.48024613608254324	0.4584416768428196	1.297285852432251	3186	7558
CCTGCTACAACCATAC-1	P24_T1	-0.22133289909362794	-0.05628189277862275	-0.11905176321665445	13391	16177
CCTGCTATTTGAGAAG-1	P24_T1	-0.047104613198174355	0.042138136473278076	0.6494849173227947	7143	6417
CCTGGCTAGACCCGCC-1	P24_T1	0.11373621122042338	-0.0064321058308517975	1.011398621002833	6373	6989
CCTGGTCGAATGTGGG-1	P24_T1	-0.07206732728746204	0.05858034202183118	1.1796013053258263	9221	12729
CCTGTAAGACATGATA-1	P24_T1	-0.04917361852857802	-0.08543153690545084	0.41315948486328125	6151	8518
CCTGTACTCACGCCCA-1	P24_T1	0.08763758246103925	0.21573243771890138	1.120625422000885	4283	9089
CCTGTCACCCGGGCTC-1	P24_T1	-0.09028178024291993	0.0432162820892846	-0.4696604156494141	9010	6993
CCTGTCGCCCGTAAAT-1	P24_T1	0.22961032459470962	0.017940646916694558	0.039582821528116874	8459	8331
CCTGTCGTGTATGAAG-1	P24_T1	-0.17679072205225624	0.34955926322830333	1.167625836531321	2516	14822
CCTGTGAAACCGTAAC-1	P24_T1	0.19284520970450508	0.20021778291770548	1.508225839138031	1867	7938
CCTGTTCAACCTCGGG-1	P24_T1	-0.07659444046020508	-0.17293441215617544	0.32124627431233727	7240	15020
CCTGTTTGAAGACACG-1	P24_T1	0.1638734022246467	0.19155743351452031	1.7140173288186393	11968	12542
CCTTAAGTACGCAATT-1	P24_T1	-0.08113566780090332	0.21311733306654349	-0.48317298889160154	12293	15793
CCTTCAGTTAAAGTGA-1	P24_T1	0.26611362706290353	0.161501799920528	-0.276709209283193	6803	13108
CCTTCCGCAACGCTGC-1	P24_T1	0.02917055712805855	0.7498101556061099	0.843897973696391	3285	15014
CCTTCGTATAGAATCC-1	P24_T1	0.08063972176445855	0.1631885169603147	-0.013696502049764026	8339	14640
CCTTCTCAGCGTTCCT-1	P24_T1	0.044858440372679	0.06793900080841925	0.919900144735972	3293	9661
CCTTCTTGATCCAGTG-1	P24_T1	-0.08027059555053712	0.10343575077568924	-0.42242362022399904	9673	5083
CCTTGACCACTTTATT-1	P24_T1	-0.1489753189086914	-0.01633889936494079	0.7030982367197673	13617	11971
CCTTGTGAACGTGGTT-1	P24_T1	0.023298107994927292	0.3499067697749042	1.577013807296753	6910	15211
CCTTTAAGGGAGCACT-1	P24_T1	0.2801326836480035	0.16860433526220472	-0.6057608699798585	7134	12535
CCTTTGAATTATGGCT-1	P24_T1	0.11022416692309911	0.35245706297673907	1.1357118558883668	2300	12527
CGAAACGCAATTCATG-1	P24_T1	-0.04778285026550294	-0.062216015670123526	1.2937977854410807	5271	9282
CGAACAGTATGGGCGT-1	P24_T1	0.054803686751259684	0.1959879848047658	0.8472192875544231	12191	11013
CGAACCCGCATGCGTC-1	P24_T1	0.09858662875493365	0.3118000557892007	1.1345798603693642	7027	10814
CGAACCTCTTTCCTAG-1	P24_T1	0.016889057159423848	0.1679269647438254	1.414482041200002	3834	15206
CGAACGGCCGGACAAC-1	P24_T1	-0.10239321843783059	0.28754489187159527	1.310017921527227	3292	10426
CGAAGACGGTGAGTGC-1	P24_T1	-0.11088992193010119	0.15938785238820702	1.2511988369623819	1977	7747
CGAAGATCAGTTTCAT-1	P24_T1	-0.021576248062981473	-0.14402080608961032	0.44655150731404625	9327	15597
CGAAGCCACAGCATGG-1	P24_T1	-0.10854449929131399	0.36768439832149735	0.86540211836497	2515	15204
CGAAGGGTTTCAGATT-1	P24_T1	0.2595213915506998	0.29741825213368306	1.6384894132614136	3176	14058
CGAAGTTGCTCTGTGT-1	P24_T1	0.01724838723076713	-0.15122185457472834	-0.7687942385673523	5493	7753
CGAATCTGCTCGACGC-1	P24_T1	0.34378816355599295	0.3575913169039976	1.34262526790301	4056	13295
CGAATGAAGTCATTGC-1	P24_T1	-0.28437100076675415	0.4009169896176997	1.699174230893453	3837	13294
CGAATGACGCATAATG-1	P24_T1	-0.1271822738647461	-0.17074809298419313	-1.1415607213974	7902	13492
CGAATGGTAGGTCGTC-1	P24_T1	0.10387082110510934	0.27448618998730206	0.45597031593322757	4822	15399
CGACAATTTGATCTAA-1	P24_T1	0.2625504972669814	0.015711972310772426	1.099295515616735	12083	9675
CGACACGCTCCGACAG-1	P24_T1	-0.1612578239440918	0.28654714818768856	0.3326250187555949	11972	10248
CGACAGTTCGCGTTAT-1	P24_T1	-0.01567028225792777	-0.20745951257296055	0.4531607333819072	6262	8327
CGACCCTTAACGCCGG-1	P24_T1	-0.16773222374916077	0.15958860449876297	-0.3735426342487336	2962	10617
CGACCGTTGGTATTCG-1	P24_T1	-0.0019285789065890957	0.13394790157775752	0.7095238908131917	4602	15781
CGACCTACTAGACAAT-1	P24_T1	-0.21373688459396362	0.06585270166397095	1.1084171239535012	1644	10232
CGACGCATCCGTACCT-1	P24_T1	0.08260350455178153	0.32032049535638263	0.09358827988306673	2741	10999
CGACTTGCCGGGAAAT-1	P24_T1	-0.10000929832458497	0.10060597319464287	0.16328712145487467	3503	16162
CGAGACCCTAGAGTGT-1	P24_T1	0.0563031627866957	0.08541764055589166	1.0450419155756632	8347	9669
CGAGAGATGTGAACCT-1	P24_T1	-0.09868894672393799	0.11610037941793999	-0.5199569892883301	9670	6994
CGAGAGCGCGTAGATA-1	P24_T1	0.025463443650139694	0.31521670823662606	-0.7654663610458374	2413	10042
CGAGAGCTTTCACTAC-1	P24_T1	-0.1877077422142029	0.1507666512357042	-0.04895434061686199	11307	13688
CGAGAGGGTAGCCGCG-1	P24_T1	-0.15770518112182616	-0.010376965706247077	0.6690830977757771	13068	12162
CGAGCACTTCAAGTTT-1	P24_T1	0.1216350544028812	0.06312083214588077	1.2368001584211983	4398	5839
CGAGCGTTGATCAGCC-1	P24_T1	-0.16073043870925904	0.13348550037783	-0.6833899784088134	6708	3740
CGAGCTGGGCTTTAGG-1	P24_T1	0.20329112166828578	-0.03872259137881151	-0.5537558368841806	9014	4699
CGAGGCCAGGCATTGG-1	P24_T1	0.011651141749488003	0.12941521159487818	-0.24636787335077914	4071	4118
CGAGGCTAAATATGGC-1	P24_T1	-0.07988097953796387	-0.058909045769864284	-0.6431523132324218	9450	6994
CGAGGGACTGCGGTCG-1	P24_T1	-0.057719878779517286	0.7067347276930841	0.6569120796521504	10216	8716
CGAGGGTATCCAGGTG-1	P24_T1	-0.12123655128479004	-0.11527712073102094	-0.21557616233825683	8231	13684
CGAGTACTAAAGAGGA-1	P24_T1	0.12642256434758503	0.2606874635022225	0.675128390789032	5490	10047
CGAGTGAAGGTACCAG-1	P24_T1	-0.007547009812461036	0.20514978211731455	1.0971561376253762	4828	11958
CGAGTGCTATAGTTCG-1	P24_T1	0.15925326935450237	0.032461913973426376	-0.4069716556866963	5830	3356
CGAGTTTATCGGACTG-1	P24_T1	-0.07885291846593222	0.07614668323689658	-0.46935945034027104	11865	8527
CGATAATACTCAGGTT-1	P24_T1	0.37894789054658673	0.049352673542846226	0.03923593044281004	14500	9679
CGATACCTCGCGGACA-1	P24_T1	0.025445880863401632	0.18831487273343192	-0.12752771655718487	6920	9093
CGATAGCGATACAGTG-1	P24_T1	-0.14604371012581718	0.4111241911281675	1.2804079115390778	2737	14057
CGATAGTCGTACTGCA-1	P24_T1	0.1287908591694302	0.1210407620041696	-0.8979756283760071	11307	14071
CGATCCACCATTGTTG-1	P24_T1	-0.20642923164367677	0.05839620647281077	-0.07954669634501133	7569	15212
CGATCCGACCCAGTGC-1	P24_T1	0.3107482480472989	-0.050825213625927124	0.9347416241963706	7140	8711
CGATCCTCGCAACATA-1	P24_T1	0.05313584338294136	0.22467949693101635	1.0076591507593788	6033	14063
CGATCGAGAAGCACCA-1	P24_T1	0.1969552279578315	0.202694107722116	0.5674053625265758	8667	15596
CGATCTGTTGGAGGAC-1	P24_T1	-0.14184827995300292	0.06533563403741893	0.2576854419708252	4281	10236
CGATGTTGTTATCTAC-1	P24_T1	-0.059086679458618174	0.13780690026229925	1.3832989291350046	2959	12528
CGATTAAATATCTCCT-1	P24_T1	-0.18120366191864012	0.11610367420802448	0.3107759555180868	8453	12154
CGATTCGCCTGGCTGC-1	P24_T1	-0.15678507614135742	0.08240484191267282	1.934746592839559	9661	12348
CGATTTGTCATTAATG-1	P24_T1	0.10456573650572037	0.21503799887044853	1.6175543864568076	4382	15781
CGCAAACACGAGTTAC-1	P24_T1	-0.1507812099456787	-0.0014852778090193308	-0.24944766362508142	5715	6606
CGCAATTACTTTCGGT-1	P24_T1	0.024509821865293713	0.1954000373881402	0.9887794180711111	5276	5841
CGCAATTAGGGTAATA-1	P24_T1	-0.12611992025375365	0.21843789501211522	-0.6223634457588196	6484	6798
CGCAATTCTACAATAA-1	P24_T1	-0.1217277831501431	0.13246043313136302	1.185603437423706	4726	6413
CGCACATGTCCACTAC-1	P24_T1	-0.08985047435760499	0.15972939073639428	-0.66869873046875	11205	8909
CGCACGTCTGTTTATG-1	P24_T1	0.3774719089931912	0.4887211782153554	1.217999121348063	5153	14444
CGCACGTGCGCTATCA-1	P24_T1	-0.11182955985599097	0.15347333669129098	-0.5359500614802042	12523	8911
CGCAGGCGATCCAAAC-1	P24_T1	0.026197325706481922	-0.16182906002272962	-0.022983868122100848	12849	11397
CGCAGTTCTATCTTTC-1	P24_T1	-0.093530611038208	0.122290670205016	-0.4222846984863281	14161	15987
CGCATGCCGAATGCGT-1	P24_T1	-0.10772252035140992	0.20876077417559272	-0.631542649269104	11416	14262
CGCATGGTGCGATGCT-1	P24_T1	-0.127479787296719	0.03550344918931625	1.5795016177495322	8897	9096
CGCATTAGCTAATAGG-1	P24_T1	0.06216542408201431	-0.011402600830300008	-0.08781675020853696	7912	6609
CGCCAAGAAGCCGAGT-1	P24_T1	0.18141902033487958	-0.0296679377155816	0.5870931100845338	3514	8897
CGCCACAGGTCGCGAT-1	P24_T1	-0.22258962821960449	-0.13699368655814953	-0.6010093251864115	2632	10807
CGCCAGTAGTACCTTG-1	P24_T1	0.2794147463374667	0.2586302933943619	0.6927886350949604	2515	15587
CGCCCAGCACGCCTAG-1	P24_T1	0.20723873684141372	-0.22877006242739273	1.2730183672904967	7244	12726
CGCCCAGCGTTTCACG-1	P24_T1	-0.0025189414554172285	-0.09792627857568811	0.4628697450955708	11417	13880
CGCCCTAATTGTTCAA-1	P24_T1	0.4864733738369412	-0.12625656431953378	-0.48843468189239503	2846	14249
CGCCCTTGAAGGCTGA-1	P24_T1	0.21129527017805314	0.051776495422559576	-0.6382845163345336	3848	6030
CGCCGACTATTCGCTA-1	P24_T1	-0.1157254891925388	0.16081938314224514	1.3525752878189086	2196	8130
CGCCGCCCATGCCTGT-1	P24_T1	-0.13869924545288087	-0.04654337095734257	-0.34674811363220215	10765	8908
CGCCGCGTTCTGAACG-1	P24_T1	0.022621418343649974	-0.05018606178579181	-0.5158685314655304	6580	15402
CGCCGTCTACCCATCG-1	P24_T1	0.1542033445040385	0.20503948112195503	1.1604437931378684	15051	8723
CGCCGTTCAGCATAGT-1	P24_T1	-0.2174393196105957	0.14880230296111482	0.6432881673177082	13067	12544
CGCCTCCCTCCTCTAT-1	P24_T1	0.17475099807315403	-0.07907997295093747	0.923779086271922	9666	9671
CGCCTGGCCTACGTAA-1	P24_T1	-0.08764035320281982	0.3580259676747674	0.10476332346598305	4612	9281
CGCCTTTAGCATGCTC-1	P24_T1	0.05099094772338869	0.2627832220171389	0.9799962544441223	14499	10061
CGCGAAGTGGCATACT-1	P24_T1	0.0176149476369222	0.1400090652024186	0.3576646471023559	12186	13690
CGCGACACTGCGCAGC-1	P24_T1	-0.015050396733813809	0.026500911253944104	1.1003664604822794	2969	6028
CGCGACCGCGACAGAT-1	P24_T1	-0.24251531410217286	0.4661508847269703	0.9659527198473613	10540	12731
CGCGAGTCTGCCGGGT-1	P24_T1	0.1252575528356764	0.44533466512724856	1.4331495515505472	3840	11383
CGCGCAAATGTCCAGA-1	P24_T1	0.16958238617579144	0.34308366800848	0.40180002291997274	4278	12148
CGCGCATGTTTGATTG-1	P24_T1	0.008233027246263291	0.08076852906737014	1.1051927574475608	7576	11006
CGCGCCCGACTTAATA-1	P24_T1	-0.20195431423187254	0.056606338261491224	0.12099472204844164	9892	5465
CGCGGCAGTATTACGG-1	P24_T1	0.04949751896328394	0.05209620193613723	0.7737835327784222	3412	3735
CGCGGCTCAACTTGAA-1	P24_T1	0.4619897027545505	0.13454131505366673	0.9295853551228841	12303	9675
CGCGGGAATTAGGCAG-1	P24_T1	0.06740799978044298	-0.18857827682623127	-0.6183921194076538	10439	6804
CGCGGGAATTCCTTTC-1	P24_T1	0.051969046645694295	0.1897474956725801	0.23930787165959666	10866	15217
CGCGGTACGGTATACA-1	P24_T1	0.26710799389415313	0.49814248651732806	1.0138674656550088	14604	13311
CGCGTTCATGAAATAC-1	P24_T1	0.06145409083366393	0.0287553653354346	0.4701510715484619	7253	6608
CGCTACGGGACATTTA-1	P24_T1	0.06352791415320502	-0.132585399902907	-0.1622432295481363	6920	8711
CGCTATACCGCCCACT-1	P24_T1	0.10544492027494645	0.31150626496180595	1.2190846721331277	5609	4120
CGCTATTCAATGTATG-1	P24_T1	0.19276763036515976	0.024703534257491944	0.6840202621618907	5058	5076
CGCTATTCTTAGGCTC-1	P24_T1	-0.08721852715810141	0.0341047299921646	0.5602177460988362	8239	8713
CGCTCGACATAATGAT-1	P24_T1	-0.11108602094650269	0.09258765355585938	0.03434621651967368	6596	5460
CGCTCTCCGTAGATTA-1	P24_T1	0.089006290435791	0.19085745180079866	1.4797319730122886	5713	7753
CGCTGGTGACTACCCT-1	P24_T1	0.3458848982387118	-0.048261693860060406	0.7305387377738952	12411	10631
CGCTGTGACGCCGCAC-1	P24_T1	-0.10498891915215386	0.04213803099839214	0.21069495995839427	6814	6225
CGCTTAGTATTGATAC-1	P24_T1	0.10564322619967992	-0.22783089404138143	0.1003139511744181	7351	14065
CGCTTATTCCCGGTCG-1	P24_T1	-0.23576101779937744	0.0969386960836065	1.1819644673665366	4941	9472
CGCTTCCACTGAAATC-1	P24_T1	-0.013820385615030906	-0.01831864850633097	0.3541050863265991	6267	4886
CGCTTCGGTCTAAGAC-1	P24_T1	-0.13746967713038125	0.53633905663853	0.7448562510808308	13065	14073
CGCTTGGACGGATAGA-1	P24_T1	0.2910031801329719	0.3675381073215664	1.0075949764251708	14494	13502
CGCTTTCATACCGGTG-1	P24_T1	-0.10526370149188574	0.16915576576653207	-0.9785683560371399	7147	4123
CGCTTTCCGCCAAGGT-1	P24_T1	0.2203364339404636	-0.07787009453613486	0.6192154439290364	10096	15407
CGCTTTCTTGCATTCG-1	P24_T1	-0.011600120226542138	0.2037589870043249	0.2639518642425537	10988	7379
CGGAAAGAATCAAACG-1	P24_T1	-0.1207765753004286	0.25930048715348214	1.415321260293325	6914	12534
CGGAAAGCAAATGTGC-1	P24_T1	0.24257546170552569	0.1216386461951322	0.3097922929128011	2311	4880
CGGAACGTAAACATAG-1	P24_T1	-0.1675546407699585	0.12920973631626273	-0.21432452042897543	6588	10431
CGGACCTCTGTAGTTA-1	P24_T1	-0.06910982322692871	0.18683001592388626	0.34406349182128904	7348	15976
CGGACCTTTACGTCCC-1	P24_T1	-0.15463762998580932	0.08004280271412806	0.7910716621081035	9437	15024
CGGACGTTACTTGAAG-1	P24_T1	-0.1668280463218689	-0.17097190522507533	-0.8532269048690796	2304	9468
CGGAGCAATTTAATCG-1	P24_T1	0.03231249618530274	0.20914846978731605	0.9805937623977661	8234	11772
CGGAGCATGGCGATCC-1	P24_T1	0.05399518974622086	0.20342453847528835	1.234541815916697	9007	8905
CGGAGTTTGAGAGACA-1	P24_T1	0.04944682640499537	0.16294395510248955	1.6842428366343178	5384	7179
CGGATAAGCGGACATG-1	P24_T1	0.055288676844702844	-0.2734982595347718	1.2239232953389487	3520	5073
CGGATCCTCAAGGACT-1	P24_T1	-0.2133371090888977	-0.053136926302707166	1.285653630097707	10430	12922
CGGATGAATGCTGTGA-1	P24_T1	0.05603704500198364	0.13312372365253883	0.08651901563008624	4054	14824
CGGATTCTGCCTTATG-1	P24_T1	-0.1996296215057373	0.2134826475341848	1.0498055267333983	4821	16164
CGGCAAACATCGTGCG-1	P24_T1	-0.15231175422668458	-0.09608837742133429	0.3696788342793783	8894	11390
CGGCAATAAGATCGCC-1	P24_T1	-0.21230668115615844	-0.027026299062191228	0.8627706933021546	13508	11780
CGGCACTCAAGAAAGT-1	P24_T1	-0.11788349109225804	0.09776480892627298	-0.828241605758667	4730	3737
CGGCCACGCACAAAGT-1	P24_T1	-0.26213936805725097	0.24154189849059854	0.9381747245788574	8130	8139
CGGCCAGAGCGACCAT-1	P24_T1	-0.23357040214538574	0.05621665862849362	-0.564050645828247	7021	14255
CGGCGCCATCAATCCC-1	P24_T1	0.1434796365102132	0.35657805964450706	-0.5081375980377197	11858	12733
CGGGAACGCCCTGCAT-1	P24_T1	-0.006408932314978716	0.09635669999741334	0.18554184516270944	2625	15013
CGGGAAGTACCGTGGC-1	P24_T1	-0.13991962517632378	0.2618882850112531	0.83441943804423	2955	14822
CGGGAATTTATGTAAA-1	P24_T1	0.33572222852706907	0.20700587142233878	0.5882698623339335	8786	10052
CGGGAGCTTCAGTGTA-1	P24_T1	0.04529551664988199	-0.028800257367042364	1.0165768353144327	11641	10821
CGGGAGTATACCGCCG-1	P24_T1	-0.16403560108608667	0.2087827229526486	0.9661766513188679	3300	5073
CGGGATCAATGTAAGA-1	P24_T1	0.1538847737312317	0.20542155256207356	-0.706230103969574	8133	5845
CGGGCAGCTAAACCGC-1	P24_T1	-0.13200004434585572	0.05564422175388209	-0.17401435216267902	7801	7565
CGGGCCATAGCCGCAC-1	P24_T1	-0.19938209748268126	0.10516718913378065	0.9575436913967132	3631	4117
CGGGCCTTCTTTGTAA-1	P24_T1	-0.2516550397872925	0.07292857999502944	-0.22995883146921792	7688	9286
CGGGCGATGGATCACG-1	P24_T1	-0.1810130009651184	-0.05487995686413724	0.31883973836898805	9878	14642
CGGGTGTACCCATTTA-1	P24_T1	-0.034770103030734606	0.12049886910974045	0.6778447794914245	11097	7570
CGGGTTTGTTAGGGCT-1	P24_T1	0.23881226857503254	0.007211441028304788	0.8890758180618286	14167	12163
CGGTACGGCAAACCCA-1	P24_T1	0.05726252693600123	0.37216491867231843	0.7919660393397014	1752	11571
CGGTACTAGAATCAAA-1	P24_T1	0.0020937015745374765	0.1047338850012828	1.3065369749069213	10764	9673
CGGTATGGGCACTCTG-1	P24_T1	-0.10828858248392739	0.323355633807129	1.5158016459147134	10096	15789
CGGTCAAGTGGGAACC-1	P24_T1	0.09056629043155248	-0.01537382376007318	-0.19279736200968428	10440	6422
CGGTCAGTCCATATTT-1	P24_T1	0.29601790968577063	0.19837808048965147	1.7822514247894286	15484	12548
CGGTCCGTCGCAAGCC-1	P24_T1	-0.27067096042633054	0.2362739541119911	0.7764099899927775	7242	13491
CGGTGAAGACTAAAGT-1	P24_T1	-0.11518637000189891	0.0540712347766697	0.629758580525716	4174	8133
CGGTGCAGATAGAACG-1	P24_T1	0.006706410368283566	0.06331979661713244	1.1426244348287582	5600	9474
CGGTGCGCGTTGGTCC-1	P24_T1	-0.3193357844352722	0.008805166488259186	0.9714775792757668	5928	10812
CGGTGTACTTGATCCC-1	P24_T1	0.10920780918333266	-0.10916557488025434	-0.6819859337806702	5059	4693
CGGTTCCGGCTTCTTG-1	P24_T1	-0.12425104671054416	0.04017844009452751	-0.9955271983146667	4841	3163
CGGTTGACCTGGCATA-1	P24_T1	0.06533076267772253	0.08134078962824226	1.1414820198218025	4393	8898
CGGTTGAGTATCCTTC-1	P24_T1	-0.13296090655856663	-0.16414401208527674	1.4381598552068076	4934	14061
CGGTTGGGCAGGGTCC-1	P24_T1	-0.01105698310004341	0.40348128231046454	0.9620088187853495	9876	15407
CGTAAACGCTTGAGTG-1	P24_T1	-0.2444234857559204	0.23568639552566564	-0.8207972884178162	4181	3545
CGTAAAGCAAGAAATC-1	P24_T1	0.2149143769476149	0.24283960641630542	0.9493965021769204	4713	14825
CGTAAATAACAAAGGG-1	P24_T1	-0.1036076831817627	0.12171006709403907	-0.6730352878570557	7678	15786
CGTAACTTCGACACTT-1	P24_T1	0.3347980255550808	-0.04724929796769315	0.6669826253255208	7131	14447
CGTACCGAAAGTCTAG-1	P24_T1	0.024684735404120556	-0.10687556442798384	-0.42445375442504885	2973	3352
CGTACCTGATAGGCCT-1	P24_T1	-0.041053312407599574	0.08287791891119359	0.6257696255048115	9122	5655
CGTAGAGAGTAATTAT-1	P24_T1	-0.06064238378736708	0.00380690439168771	0.24427325566609692	11197	14262
CGTATCTAGAACTAAG-1	P24_T1	0.42420477082994246	0.5505118972769787	0.1871832958857218	14823	14076
CGTATTAAGAGATCTA-1	P24_T1	-0.008981159793006066	-0.03811170037427471	-0.21659148534139	7581	7565
CGTCAAGGCTATAAAT-1	P24_T1	0.18575278001361417	0.0847367886328857	1.152218110561371	3187	7176
CGTCACGTCCATTGGT-1	P24_T1	0.01378601985507541	0.0643743712630048	0.6367696825663249	7247	10432
CGTCAGCTATTTACTC-1	P24_T1	-0.1598234281539917	0.18922924448713097	0.1877439419428507	2861	4690
CGTCAGTGCGCACAAG-1	P24_T1	-0.1072488136291504	0.06915123844040053	-0.08114124774932863	7038	3549
CGTCATACCATATCCA-1	P24_T1	0.33543368577957156	-0.05171761316741072	0.18738194068272906	3849	5265
CGTCCTCATCGCGTGC-1	P24_T1	0.5802552966011895	0.1430605052568235	-0.3756412124633789	13832	15031
CGTCGCATGTGAGCCA-1	P24_T1	0.13286078961690265	0.016511820306713942	1.8769279098510743	10099	13878
CGTCGCGGCGGGATTT-1	P24_T1	-0.12842630863189697	0.17258190188631917	0.6830896520614624	3192	3734
CGTCGCTTGGTTATAC-1	P24_T1	0.44295276196797695	0.22803686729213535	1.215760154724121	4386	13486
CGTCGGGTCTAAGCGC-1	P24_T1	0.1537656141916911	-0.1748139970254578	-0.803138461112976	4059	11765
CGTCGTCCTTCGCGAA-1	P24_T1	-0.03932082939147949	-0.06360346638916323	-0.6422547721862792	9991	12157
CGTCTGGAAGGGCCCG-1	P24_T1	-4.459873835244155e-05	0.04956604743697232	-0.7179590106010437	8465	4507
CGTCTTGAGTGTGACG-1	P24_T1	0.08528035789065891	0.08790206482479773	2.0168636417388917	15380	9298
CGTGAAGTTAATTCAC-1	P24_T1	0.07701151614718965	-0.11508575515192357	0.40231030225753783	7799	9095
CGTGACCAGTCCTCTG-1	P24_T1	-0.1210015048980713	-0.17338351435309288	0.7762452824910481	7682	13492
CGTGCACACCACTGTA-1	P24_T1	0.4728583375612894	0.19377937999614397	0.7453730877240499	11525	15218
CGTGCAGACTGGGACA-1	P24_T1	-0.005282586839463976	0.07818634904737708	-0.38328031857808426	9776	9098
CGTGCATTGTCGACGC-1	P24_T1	-0.013696911334991457	0.13926524677265945	1.1367613410949706	5052	8899
CGTGCCCTCCCGAAGA-1	P24_T1	-0.05249582486682469	0.22347029803583285	0.2986212253570557	10105	9672
CGTGCTGGCCTAGTCG-1	P24_T1	-0.11848184680938721	-0.126822787643279	0.5881092754999796	3742	3162
CGTGCTTCTACCTAAA-1	P24_T1	0.13057102203369142	0.18300189847914167	0.9875864879290261	4716	13296
CGTGGAAGCCTCGTAC-1	P24_T1	0.3961177159415351	0.12541926093816225	0.6567705003420512	14828	10635
CGTGGCCGAATATCTA-1	P24_T1	0.09288457965850833	0.02447715661669736	1.0260528167088827	12741	10440
CGTGGTACCCAAAGGC-1	P24_T1	-0.24456840753555298	0.12961853730598552	0.5016179744402569	6253	14063
CGTGTATGGGAGCTGA-1	P24_T1	0.2020960045920478	-0.11485736962132806	2.4231782277425133	13834	13883
CGTGTCCCATTCGCGA-1	P24_T1	-0.13782477140426636	0.13339124283267884	-0.7992922186851501	6044	6798
CGTTAAATACGACCAG-1	P24_T1	-0.06968442058563232	-0.07767768674248816	-0.4167929697036743	14601	15605
CGTTAATGTCCCGACG-1	P24_T1	-0.1314849372439914	0.1447146738935637	-0.5500662104288738	11199	12732
CGTTATCATACTTCCA-1	P24_T1	-0.10823628128899468	0.4734913386754542	1.1651047643025718	1754	10041
CGTTCAAGGAAACGGA-1	P24_T1	0.1007950044737922	0.1986344926709297	1.1125251173973083	6691	14828
CGTTCAGACCCGCGAA-1	P24_T1	-0.08288091468811035	0.032522472092502586	-0.022583049138387046	8341	13875
CGTTCATGGTGCGCGT-1	P24_T1	-0.09957891178131104	0.32822584639192964	0.011757424672444672	3841	10618
CGTTGAATACCGCGCT-1	P24_T1	0.0061012283960978075	-0.23302098448644548	1.4576772125562032	10101	12348
CGTTGAGCGACCGTCG-1	P24_T1	-0.14145066070556642	-0.07700316217921724	-0.7301470899581909	9775	9862
CGTTGCCCGCGTGGGA-1	P24_T1	-0.19756184005737304	-0.03346127671683394	-0.03871447086334223	6583	13872
CGTTGTAAACGTCAGG-1	P24_T1	-0.1838610405921936	0.14907286631180935	-0.97371835231781	3080	5455
CGTTGTCGGCAATTGA-1	P24_T1	0.2823866606818305	-0.10959702530163247	-0.6664732885360718	8890	13685
CGTTGTTTCAATTCCC-1	P24_T1	0.011294953028361032	0.029305089873488843	0.6690318274497986	6042	7945
CGTTTAAGCGGAGCAC-1	P24_T1	-0.13420010662078857	0.03453039829629648	-0.937064528465271	8136	3933
CGTTTCGCTCATTACA-1	P24_T1	-0.11729615592956542	-0.0842888147238917	-0.5205400848388672	7031	8137
CGTTTGGTGTTGTGGG-1	P24_T1	0.0010845286051432146	0.06162283804592669	1.4585903755823768	14824	13311
CGTTTGTGTAGAGGGT-1	P24_T1	-0.17223566913604738	0.17249348712980883	-1.1047517299652099	6146	11960
CTAAAGAATGCCTACT-1	P24_T1	-0.11622840346230401	0.19284767199149333	1.307064262231191	5602	8326
CTAAAGGATGAGATAC-1	P24_T1	-0.017102628919813373	0.08818825212634382	-0.6931567168235779	8776	16170
CTAAAGGGAAATAGGA-1	P24_T1	-0.23565510718027755	0.12404187460340377	0.6371535384654998	8457	9860
CTAAATCCGGTGTACA-1	P24_T1	-0.09991724814309014	0.1923719367191562	1.447841104666392	5485	13106
CTAACCGCGCGCCCGT-1	P24_T1	0.1220616675482856	-0.14293757741083235	0.3470834819475811	5492	8517
CTAACTGATAATCGCC-1	P24_T1	0.0644584011501736	0.47924033107373537	0.8971523761749267	12847	12544
CTAACTGGTCCGGTTC-1	P24_T1	0.14044372812906902	-0.13458332786090688	0.2882759332656861	5598	11003
CTAAGGGAATGATTGG-1	P24_T1	0.08023580662409469	0.16528588306717162	0.8554935495058693	9555	9862
CTAATTCGCACGCGCT-1	P24_T1	0.14288418224122784	0.24991408283811817	1.3794725267092385	5385	6797
CTAATTTCAACAACAC-1	P24_T1	-0.03335911406411063	0.16674013222490647	0.14164575497309362	4618	5457
CTACAAGAAATAACCC-1	P24_T1	-0.18216812419891357	0.06628067968142382	-0.27746110280354813	6035	12533
CTACACTCGCAGATGG-1	P24_T1	0.3513472837871976	0.21145996531384104	0.15135377089182545	12738	12352
CTACATATCGCGGGAC-1	P24_T1	-0.26857714319229126	0.017084255047825903	-0.49105260531107586	2956	14440
CTACGACTAGCTATAA-1	P24_T1	-0.24257510709762573	-0.057669196686221974	-0.30722090641657507	4283	8707
CTACGATCCTATCCTA-1	P24_T1	-0.15410285902023316	0.3163638756979232	0.44614957412083933	3725	14633
CTACGCACGGAGTACC-1	P24_T1	0.08336568085352578	-0.1252128765887062	-0.019582295417785667	7910	8139
CTACTATCATAGGTTT-1	P24_T1	0.04109751584794785	0.14780924844261784	0.9091997114817303	4389	11575
CTACTCTAGGCCCGGC-1	P24_T1	-0.13637376578648888	-0.02548122526015212	0.440779070854187	4395	7369
CTACTGCCACCTGACC-1	P24_T1	0.10441945134268865	-0.14122067335201324	1.6925622391700745	8572	6610
CTAGATAAACTCCTCG-1	P24_T1	-0.1342903938293457	0.07594590552434557	0.1861014238993326	4402	2780
CTAGATTTACGACGGC-1	P24_T1	0.06594970120324027	-0.10950191709019194	-0.7898427248001099	9776	9480
CTAGCATAGTATAATG-1	P24_T1	-0.1955089807510376	0.29230291931421165	0.18633220354715985	8899	7949
CTAGCCACAGGCGAGC-1	P24_T1	0.2359441803826226	0.08127207797379038	0.5589862203598022	14495	12737
CTAGCTTAATGGTCCC-1	P24_T1	-0.027651751836140964	-0.13178086440835224	1.1853293434778847	15378	10445
CTAGGCGCCCTATCAG-1	P24_T1	0.20571185578240286	0.2331912905577845	0.9705274756749473	11641	11204
CTAGGGATAGGGACAA-1	P24_T1	-0.25773966598510745	0.18546321648079278	0.9518735154469806	6361	15019
CTAGGTTCGGACGTGA-1	P24_T1	0.08884021059672037	0.03239344337109218	1.7583012628555297	9331	12538
CTAGTAGAAAGGGATT-1	P24_T1	0.027173011514875667	0.3065226779421437	-0.5949683157602947	10539	13496
CTAGTCACGTCTTAAG-1	P24_T1	-0.16361911392211914	0.3261000475360776	0.17709135452906288	9228	8523
CTAGTGAAGGACAGGA-1	P24_T1	-0.14302362728118898	-0.15674095185811088	0.34443219661712643	5823	7944
CTAGTTACAACCCGGT-1	P24_T1	-0.07672144116295707	0.2270874081041989	-0.37774809519449876	9003	11582
CTATAAGTAGGGTTTG-1	P24_T1	0.1430948365529378	0.17542504357544902	0.7652578814824422	2844	15396
CTATACTTAAAGCGAG-1	P24_T1	-0.02953199842241075	0.07226572864140973	0.04152142802874248	2079	13292
CTATAGGCGTTGATGT-1	P24_T1	-0.24546466255187988	0.04925554817421593	0.5783093579610188	5814	13297
CTATATCCAGCCTGGC-1	P24_T1	-0.08310087013244627	0.27188609050424306	1.3242907317479453	5043	14635
CTATCACAACGCTGGA-1	P24_T1	0.04871385977003312	0.28563466221427486	0.7309648752212524	10206	15598
CTATCGACGAAATACA-1	P24_T1	-0.0022972390916612406	0.36606878128894493	1.1846954917907715	11860	11586
CTATCGCGTAGAGAAC-1	P24_T1	0.20207718499501545	-0.22092863217296216	1.5409704041481018	14605	12546
CTATCGGGTCTCAACA-1	P24_T1	-0.20633776473999024	0.11604457306915217	0.2990236298243205	9228	8141
CTATGAACACCTTGCC-1	P24_T1	0.2106859113905165	0.1737921147271824	-0.40465067863464355	4713	15208
CTATGCCCGAATGCAA-1	P24_T1	-0.05459183120727539	-0.09159703222697213	-0.24547483921051025	8121	13492
CTATGGGAAGCGGAAT-1	P24_T1	0.22507527844111128	0.11534591109160608	0.406284077167511	13068	11779
CTATGTCACTAGCCCA-1	P24_T1	0.2940374497307671	0.049827719561472306	-0.7577139949798584	8900	7184
CTATGTCTATTGAAAC-1	P24_T1	-0.09317794132232667	0.10502591229125158	-0.5579983615875244	7697	3550
CTATGTGAGTCACGGC-1	P24_T1	-0.15370454597473143	0.08635712643331062	-0.5129427909851074	3512	10044
CTATTCATGTGTCCCA-1	P24_T1	0.008030317968792389	0.2285493964316861	1.1720341368516287	8454	11390
CTATTTGCTTGGAGGA-1	P24_T1	-0.08009324932098388	0.24549004575550157	-0.15043665885925292	8669	14831
CTATTTGGTTACGGAT-1	P24_T1	0.028860448042551667	0.257737322675035	-0.09341719627380374	10656	8334
CTCAAACCACTGCCCG-1	P24_T1	-0.07962521076202393	0.04940123019335786	-0.43983678340911864	6033	13680
CTCAACTAACCCGGAT-1	P24_T1	-0.19867513370513917	-0.18248179854962648	-0.8605893278121948	10978	13497
CTCACATTTACTAAAT-1	P24_T1	-0.08928237724304199	0.19926412526926474	-0.47330461502075194	9111	13303
CTCACCAGTACAAGTG-1	P24_T1	0.18934031338161894	0.22051800230738838	1.044459751447042	1868	7556
CTCACTGTGATACTTA-1	P24_T1	-0.10225236320495605	0.17142053165158433	-0.9127732610702515	9879	13495
CTCACTTGGCTGGTAA-1	P24_T1	0.09053318675359087	0.04608297814725493	1.2070598657925926	4502	9089
CTCAGAGCTAATGTCG-1	P24_T1	-0.012716367509629956	0.23881243499333427	1.0139980212847393	8118	15404
CTCAGATTGTGATAAG-1	P24_T1	-0.26523498344421387	0.244848678176035	-1.1419166707992554	2194	9659
CTCAGGACTCACCTGT-1	P24_T1	-0.11047118997573853	-0.0028050083842053597	-0.503541259765625	4949	4502
CTCATAAATGTGTATA-1	P24_T1	0.08230921607547337	0.06420481671689607	-0.6735490655899048	13282	15603
CTCATGGTAATTTGCG-1	P24_T1	-0.058127691374884716	0.16834157998663202	0.8715442673365277	4499	11001
CTCATTCGTGAACATC-1	P24_T1	0.04628265709347196	-0.05415425857974912	0.03394329706827792	1979	6600
CTCATTGCTCTAACAA-1	P24_T1	-0.06251040670606825	0.04180786020270394	0.7198145373662312	10210	12922
CTCATTTGATGGGCGG-1	P24_T1	-0.08557885604434542	-0.20509119081817218	-0.13150748093922926	8463	5654
CTCCCAATGAGTCGCG-1	P24_T1	0.13486268774668375	0.4618520232655058	0.8368162536621093	14278	11208
CTCCCTCCTTTCGATC-1	P24_T1	-0.20388444185256957	0.020686255072053933	1.3928192909558614	4169	11192
CTCCCTTGTATCAAGG-1	P24_T1	0.041541915151807995	-0.1655671012481587	0.6193367989857991	2624	15778
CTCCGCCCACATGAGG-1	P24_T1	-0.026068690458933508	0.24244031976800107	0.7584525458017985	5930	9665
CTCCGGCCTAATATGC-1	P24_T1	0.1489587784343296	0.1282702035018528	1.1003997202714286	8134	5080
CTCCGGCTTGTAGACA-1	P24_T1	0.003057862811618378	0.4020056271179677	0.5814230394363404	3741	4309
CTCCTAAGTTATGTCT-1	P24_T1	0.2594210901260376	-0.08085001461724575	-0.8201971578598023	4950	3737
CTCCTAGTAATCGTGA-1	P24_T1	0.24407545624838936	0.12154204360057308	-0.22109501679738364	4272	15972
CTCCTCCAGCTCACAC-1	P24_T1	-0.04263586044311524	-0.08610921258094327	-0.4659159708023071	7133	13300
CTCCTGTTCAAGGCAG-1	P24_T1	0.13622355249192977	0.2914520931457246	0.2990197451909382	14496	11973
CTCGAGACATACGATA-1	P24_T1	-0.047598344908820284	0.2091888127310964	0.39526006221771237	2410	11954
CTCGAGGCAAGTTTCA-1	P24_T1	-0.1553919200897217	0.13661712968109438	-0.2814219077428182	5152	15208
CTCGAGGTCGAACAGT-1	P24_T1	-0.019627439816792824	0.13934705681448814	1.0184097146987914	8131	6992
CTCGCACCTATATAGT-1	P24_T1	-0.0965489387512207	0.1597957696423968	-0.3138837242126465	9122	6038
CTCGCATTGCATAGCC-1	P24_T1	-0.05576661390728421	0.39619628014980546	1.2882484086354575	2958	12911
CTCGCCGAATGTAGGG-1	P24_T1	0.43972340265909826	0.0806189375435746	-0.4129963779449463	8672	12920
CTCGCTAGGTAAGCGA-1	P24_T1	-0.039184035301208495	-0.04609132773124132	-0.47694705486297606	12184	15219
CTCGGGTTCTCTGGCC-1	P24_T1	0.2520326320860121	-0.05211051998522459	1.1421661249796549	4606	13104
CTCGGTACCACTGCTC-1	P24_T1	-0.14374832725524903	0.2602872982521185	-0.7506873321533203	10545	9290
CTCGGTCCGTAGCCTG-1	P24_T1	-0.16056050872802735	0.0978483333683654	-0.7960087752342224	7146	4888
CTCGGTTGTCGGCCCT-1	P24_T1	0.17482232824961347	-0.0014825897328805543	0.08836781978607178	4498	12148
CTCGTCGAGGGCTCAT-1	P24_T1	-0.10972761249542236	0.016966887768483	-0.6441491556167602	3617	12912
CTCGTCTGTGCCTTCG-1	P24_T1	0.08328362512588501	-0.07564725051790276	-0.17540224552154537	10646	14834
CTCGTGGCACTGAAAG-1	P24_T1	0.25926586172315813	0.4322463672699811	-0.1939936319986979	8008	15977
CTCGTTACGGCTACCA-1	P24_T1	-0.1905445318222046	0.256884113787538	0.9464251708984375	6032	14827
CTCTAACACCGGCAGC-1	P24_T1	0.17882846652136908	0.4361667114349552	0.2579109485944111	11084	15982
CTCTACACTGGCGATT-1	P24_T1	0.14744245100021364	0.06188968704050818	0.5055186311403912	3513	9661
CTCTACATCCTGCGTG-1	P24_T1	0.042071959177652996	0.6378632410527343	0.1253318961461385	8888	15214
CTCTAGCCCTCGGAAA-1	P24_T1	-0.11672489113277859	0.23525006099035276	0.3396404449145001	11527	14071
CTCTATTTGGCTGCAG-1	P24_T1	0.015157665676540782	0.02986454003609268	-0.7438836002349853	9115	10626
CTCTCACAATCGATGA-1	P24_T1	-0.14221129989624023	-0.055459360148282656	-0.3687233877182007	9339	7568
CTCTCGCTGTACTATG-1	P24_T1	-0.05652776050567626	0.35789682801137834	1.0713428322474163	2310	6027
CTCTCTAACTGCCTAG-1	P24_T1	-0.00840838644239636	-0.03601535148001889	-0.7521072101593017	3948	12339
CTCTGCAGGCATTCTT-1	P24_T1	-0.11889847469329834	0.15536603698261098	-0.5493237781524658	4164	15016
CTCTGCGAAGCAAGCA-1	P24_T1	-0.1348042335510254	-0.12676326860517464	-0.09162029425303142	7148	3740
CTCTGGACGCCTGGTG-1	P24_T1	0.16976494889789157	0.20297113167626213	1.2712432805697123	8460	7566
CTCTGTCCATGCACCA-1	P24_T1	0.06253087155024209	0.18606007619192136	1.5065966868400573	11634	15792
CTCTTCTATTGACTGG-1	P24_T1	0.17090379330847	0.17721797469211642	0.8936761713027954	12631	10249
CTCTTCTGGAAGTTAG-1	P24_T1	-0.024851150406731498	-0.19536926322335366	0.6472153790791829	6034	13298
CTCTTGTCCCGCTTGG-1	P24_T1	-0.06971844185723197	0.05752112614761795	0.34096279303232835	8014	11771
CTGAAAGAGATCCGAC-1	P24_T1	-0.07747944328520032	0.061772202618703476	0.8318270945549011	9233	5082
CTGAATCCGAGACCTC-1	P24_T1	0.08262808577219644	-0.1455260587218624	0.7479824670155842	7467	10432
CTGACATAGAAATAGA-1	P24_T1	0.20085779915915597	0.0705951640936619	0.7364187486966449	14717	11208
CTGAGAAAGTTCGGCG-1	P24_T1	0.41109113264083863	-0.004063612796049526	-0.13070792992909752	14498	10826
CTGAGAGTAGAAATAC-1	P24_T1	0.191188153107961	0.2937680786888071	0.5646531836191815	15263	13694
CTGAGCAAGTAACAAG-1	P24_T1	-0.18698307132720948	0.05708002504086335	-0.18522843678792322	4400	4310
CTGATAGTGTATCTCA-1	P24_T1	0.1938572605980767	0.12711241861317782	-0.002349334557851246	3406	7558
CTGATCCCTTTATGCA-1	P24_T1	0.020288110521104602	-0.14871889712826517	-0.24981725136439004	4823	15017
CTGCAAGCACGTTCCG-1	P24_T1	0.2575676999621921	0.1317558079224571	1.1947552649180093	13835	13119
CTGCACAACTACATAT-1	P24_T1	0.08911397186915082	0.07601140209492419	1.1691924969355263	9993	11010
CTGCACCTGGAACCGC-1	P24_T1	0.19818973382314045	0.27125761406266985	-0.22950612862904862	7037	4314
CTGCACTCCAGTACAG-1	P24_T1	-0.12808530807495117	-0.10971116379603443	-0.19212796211242675	9333	11773
CTGCAGAGAATCAGAG-1	P24_T1	0.1872212636735704	-0.048104217655173365	0.24346927960713693	12737	13117
CTGCAGGGTGACGCTC-1	P24_T1	0.18914534012476605	-0.06121513127480577	0.6082799569765728	14600	15988
CTGCCATGCATCACAT-1	P24_T1	0.11279894415537517	0.2150565460490967	-0.21101333061854044	8458	9096
CTGCCCACGAAGCGTT-1	P24_T1	0.22243424447377524	0.24162501476755077	0.7472116037209828	2307	7557
CTGCCTTTAATACCTT-1	P24_T1	-0.043822092215220126	0.3107372596359893	0.7834436003367107	4715	13678
CTGCCTTTCTAGTAAA-1	P24_T1	0.2860585017999014	0.23915789431373546	1.225316855510076	11857	13498
CTGCGACCTCGCCGAA-1	P24_T1	0.02059619082344899	0.31646187240112017	0.5044126343727111	9657	15024
CTGCGATTTCGAGATT-1	P24_T1	-0.1549466028213501	-0.12684147149924463	0.12410630226135255	8229	15213
CTGCGGGTGAAATGTT-1	P24_T1	-0.05533069080776637	0.2940683988916794	0.873597428003947	4175	7368
CTGCTCTGACGGCAAA-1	P24_T1	0.23820634312099886	0.33395063450405793	0.6167161377271015	8777	15787
CTGCTGAGGCCACGAA-1	P24_T1	-0.050506186167399075	0.07943700010611171	0.9662078332901001	5489	10812
CTGCTGTCTAACGAGC-1	P24_T1	-0.10522141859266493	-0.044144059854332535	0.6831867718696594	14718	10826
CTGCTTGGCGATAGCT-1	P24_T1	-0.19489690017700195	-0.15960461981344543	1.7236433680852254	9882	11583
CTGGAAATGGATGCTT-1	P24_T1	0.09428694735633003	-0.09796422166578991	0.5783111866315205	7472	6991
CTGGAAGACACGGTGG-1	P24_T1	0.012828513357374394	0.4962379939737469	1.0548652537663779	11312	11012
CTGGACGCAGTCCGGC-1	P24_T1	0.1012081042130788	-0.002813703161758052	-0.8624909842014312	3071	11190
CTGGATTTACACTTGA-1	P24_T1	-0.11563350582122803	0.3160083776619077	0.287142154375712	7686	10815
CTGGCATCCGAATGAG-1	P24_T1	-0.044397230572170654	0.04596916127791606	0.9426750568548836	4500	10619
CTGGCGCACAGGTCTG-1	P24_T1	0.08677639865875242	0.21292463551698382	0.19407186826070144	11425	8527
CTGGCGGGAATAAGTA-1	P24_T1	-0.24377051734924315	-0.022199107229842946	1.1188215843836464	4069	5265
CTGGCTCCTGCGGGAT-1	P24_T1	-0.08856561470031739	-0.16564443687464567	-0.48221970081329346	4622	2781
CTGGCTGATTCATCCT-1	P24_T1	0.3635735374556648	0.2796795920904318	1.0194236302375794	12192	9866
CTGGCTGGTTGTCAGT-1	P24_T1	-0.06426895999908447	0.15103666974394114	-0.42282015800476075	7794	11771
CTGGGATAAATAATGG-1	P24_T1	0.018103120962778718	0.24237620270492247	0.29088661909103397	10876	8717
CTGGGCCTGCTATATC-1	P24_T1	0.038163083116213525	0.009370531845146135	0.9751974858840309	4941	9855
CTGGGCTACTGGAGAG-1	P24_T1	0.3988655043707954	0.7607012132403568	0.8514474360148113	13501	15986
CTGGGTAGGCAGTTAA-1	P24_T1	0.13676843537224662	0.0436594425565178	0.05736659049987791	10325	9672
CTGGGTTGAGTTAAAG-1	P24_T1	-0.11998529381222195	-0.03365959950474817	0.31155723412831615	2850	11572
CTGGTAAAGACTTACA-1	P24_T1	-0.0784262924194336	0.1932925319244931	-0.4981112575531006	12514	15028
CTGGTAACACATAGAA-1	P24_T1	0.7194643130832248	-0.011707321109387698	-0.2926577425003052	11314	9482
CTGGTCATTCCAATCC-1	P24_T1	-0.1963968482017517	0.08152759741883414	0.39289868434270214	3299	5838
CTGGTGAATGGGCCTA-1	P24_T1	0.00683741336398655	-0.08320314718839575	0.9579245678583781	3726	13868
CTGGTTCGCGAGCTAC-1	P24_T1	-0.19327550956938003	0.19708389723860975	1.0157561135292053	15269	9489
CTGGTTTCGAGCAAGA-1	P24_T1	-0.026986268626319032	0.14290528262754948	0.6718772021929423	11313	10247
CTGTACTTCTTAGCAT-1	P24_T1	-0.1609712545077006	0.1929722966363766	-0.3274510741233826	7249	8903
CTGTAGCCATCTCACT-1	P24_T1	-0.15586239242553712	-0.14421137547332968	0.2808517201741537	6695	12152
CTGTAGTGAGGATCGA-1	P24_T1	0.04524381494522095	0.27260920605403466	0.6231719732284546	6362	14637
CTGTATGGTGTAGAAA-1	P24_T1	0.2366467405954997	0.020647113488557883	0.4413662211100262	5168	5267
CTGTGCAGGGTAGGTC-1	P24_T1	0.17404633405473496	0.16369940465528693	0.8874959983428321	9336	9479
CTGTGGTCGGGAGATA-1	P24_T1	-0.08508460103140937	0.05492946845573066	-0.4983387287457784	11420	11968
CTGTTACCCAATCTAG-1	P24_T1	-0.16456504106521608	0.2909469502484239	-0.6118438577651978	8016	10624
CTGTTCACTGCCTGTG-1	P24_T1	0.012397629313998737	0.0911963146004901	0.7790653133392333	7804	5653
CTGTTCATCTCACGGG-1	P24_T1	0.16743352286020918	0.0927294604730286	0.2864083242416382	5387	5650
CTGTTGTTCAGTCGTA-1	P24_T1	0.2745231454637315	0.45253070808897083	1.5842624632517497	3945	14250
CTTAAATAAGACCCAT-1	P24_T1	-0.035340783490074995	-0.17646948203144458	0.47847491979599	2639	6219
CTTAACTTACAGTATA-1	P24_T1	0.013902210765414785	0.24689154603603966	0.00023288408915200787	13943	14840
CTTAAGCAGCGAGCCG-1	P24_T1	-0.0753925666809082	0.0801189177788344	1.2976257801055908	1972	11189
CTTAATCGACTTAGTA-1	P24_T1	-0.061949210166931154	0.24772754624919338	-0.4188146734237671	8667	15978
CTTACACGGTATTCCA-1	P24_T1	0.22721080059475374	0.26509952705178486	1.431783264478048	6593	7372
CTTACACTGGGAAATA-1	P24_T1	0.15881901963551837	-0.1134803256465818	-0.43379970232645676	6927	4505
CTTACATAGATTTCTT-1	P24_T1	-0.18207438564300538	0.08573637419365662	-0.32883913834889733	10645	15599
CTTACTGACTCCTCTG-1	P24_T1	0.203394658724467	0.11148209979870176	0.3737916072209675	15481	14460
CTTAGATGTTTCATCC-1	P24_T1	0.11771016857359146	0.28636343340479015	1.1864889160792031	9546	15597
CTTAGCCCGGATAGTG-1	P24_T1	0.00543681920899286	0.1747960096571003	1.3654664107163748	2638	6601
CTTAGGTATAGACCAG-1	P24_T1	-0.07207670783996582	-0.08211048497449631	-0.3025363922119141	3287	13485
CTTAGTGTAGTAGCAT-1	P24_T1	0.006101020654042583	-0.11554434315470241	-0.7370891261100769	10759	13114
CTTAGTTGAGGAATCG-1	P24_T1	-0.012760026454925522	0.21957508372913803	1.1054185779889427	5263	14253
CTTATAGATGGCTGTT-1	P24_T1	0.017452221340603313	0.09666063261512142	1.0158949096997578	14714	13120
CTTATGCGCTCAGGGC-1	P24_T1	-0.045385694503784185	0.014800676563442167	-0.05257936477661129	2853	9660
CTTATGTTGACTACCA-1	P24_T1	0.062221698708004425	-0.0244960655568697	0.41260278542836504	4620	3928
CTTCAACTCCACTTGG-1	P24_T1	0.03129298241933187	0.35936830261142994	1.1351889077822366	10100	12731
CTTCACGCCCTGGTAC-1	P24_T1	0.10306081340048051	-0.002914419343540864	1.679038530190786	3944	15015
CTTCAGTGGTCGCCTA-1	P24_T1	0.04963473987579345	-0.07482339618456713	-0.579305510520935	3619	11765
CTTCAGTTGGACAACG-1	P24_T1	0.23656924661000567	0.5881875957418609	0.8258300304412842	11634	15409
CTTCATAGCTCAAGAA-1	P24_T1	0.26431188837687175	0.1304031130451484	-0.22747279167175294	5717	5077
CTTCATCACCAGGGCT-1	P24_T1	0.10643918652004666	0.10500464003358112	0.45650618632634465	11194	16174
CTTCATTGTCAGTGGA-1	P24_T1	-0.023492692947387706	0.06106008799284096	0.7678203213214874	8239	8331
CTTCCGCTCCGTGAAG-1	P24_T1	-0.1052730417251587	0.1822460401778253	0.23019012133280436	7135	12152
CTTCGATTGCGCAAGC-1	P24_T1	0.12011391131083171	0.04801224542144161	0.40733834902445487	11306	14453
CTTCGTAGATAGGTGA-1	P24_T1	0.030473390102386477	-0.04578309817868857	0.11821892261505129	6590	8902
CTTCTATGTTGAAGTA-1	P24_T1	-0.0522306767039829	0.07006923757676847	1.1001789720853172	4720	10237
CTTCTATTAATGCTAG-1	P24_T1	-0.13126091194152834	-0.10514575363005568	0.9314919869105021	6806	11196
CTTCTGGGCGTACCTA-1	P24_T1	-0.08539023754331801	0.1383795373525129	0.6763023157914478	5374	14062
CTTCTTACGTCGTATA-1	P24_T1	-0.13401725959777833	0.04048550915664742	-0.7263630723953247	8246	4125
CTTGAGGTTATCCCGA-1	P24_T1	-0.12052146482467652	0.06700592566389901	-0.46241256078084303	4291	3736
CTTGAGTTAGGGTAAT-1	P24_T1	-0.10144144211875067	0.08252261609039052	-0.46803469260533653	11864	8910
CTTGATGACCATCCAG-1	P24_T1	-0.18041271305084228	-0.0737567516647996	-0.26684343179066977	12404	14837
CTTGCAACCGCCTCCT-1	P24_T1	-0.047297887007395456	0.21114974480614035	1.0402219335238136	4392	9663
CTTGCCCACCCACGCA-1	P24_T1	-0.2471816692352295	-0.037185121102621066	-0.7978126422564189	12624	14837
CTTGCCCAGGCTCTAC-1	P24_T1	-0.16956288242340087	0.03210578708840697	-0.12261018832524612	7687	10050
CTTGGCCAAGCTGGGA-1	P24_T1	-0.07821683692932128	-0.1392265006199779	-0.7792643451690674	7902	13110
CTTGTACTTGTTGACT-1	P24_T1	-0.2398117938041687	0.16130456188381118	-0.3872529236475627	7255	5461
CTTGTCAACATTCGAG-1	P24_T1	-0.01646586677763201	0.30325770184764395	1.756809596220652	8894	11008
CTTGTGAGTCTTTGAC-1	P24_T1	-0.013922328843010812	-0.1902938129117825	-0.26624744733174643	5390	3355
CTTGTTGCTGAGTCAA-1	P24_T1	0.03935845994949341	0.007115128256330566	0.009975118637085001	10436	8716
CTTGTTTATGTAGCCA-1	P24_T1	-0.13529844586054485	-0.04594540275983364	-0.15041918277740485	4729	4884
CTTTAACTTTCAAAGG-1	P24_T1	0.07089107704162598	-0.0007375388737493049	0.7426723249753315	9012	5846
CTTTAATATTGGTCGA-1	P24_T1	0.02322222524219092	0.011147851245248613	-0.6344111720720926	9663	11200
CTTTACCGAATAGTAG-1	P24_T1	0.09343432638380261	-0.10862140687520072	0.6719639460245769	10872	11011
CTTTAGGAACACTGTT-1	P24_T1	0.31979099273681644	-0.0789799306216656	-0.43849270820617675	11204	9291
CTTTAGTGCTATTATT-1	P24_T1	0.051467226505279545	-0.11939521543931642	-0.3433592899640402	8676	9861
CTTTATCCGACGCATG-1	P24_T1	-0.039326285362243654	-0.07398643349641121	-0.3773651027679443	8117	16169
CTTTCTGTGCGGGCTT-1	P24_T1	-0.10827130508422851	-0.0689080945597399	-0.49627394676208497	8893	11773
CTTTGACGTCGCTTCT-1	P24_T1	0.29421965466605293	0.25198101544006823	1.4222743805249534	1644	9850
CTTTGCATCGCTCTTG-1	P24_T1	-0.18027203178405762	0.4379076389658371	0.03180121262868252	11968	12925
CTTTGCTGTCATGGAT-1	P24_T1	0.09809863524966772	0.349350726044418	0.8846776374181113	15048	10635
CTTTGGCGCTTTATAC-1	P24_T1	-0.06271261278788248	0.0043380816510859566	0.35814388513565065	3626	7559
CTTTGGCTTTAGTAAA-1	P24_T1	0.14380710924996268	-0.045492585740100094	0.6005791624387105	6043	7562
CTTTGGGATTGTTGCA-1	P24_T1	-0.12123655128479004	-0.15695016816158422	-0.48499072074890137	6474	13299
CTTTGTCGAATGCTCC-1	P24_T1	0.15981140179104275	0.14333105580652056	1.267687317530314	2410	12336
GAAACAGATGACCACC-1	P24_T1	0.07695917701721192	-0.17763804989373125	-0.2992109123865763	11754	9101
GAAACAGCCATGCAGT-1	P24_T1	0.04308707621362473	-0.07162918673799074	0.26306573867797856	8356	3934
GAAACATAGGAAACAG-1	P24_T1	0.04875986374749078	0.15650401766134853	0.056213594277699785	3837	12912
GAAACCGAATTACCTT-1	P24_T1	0.02466261720657348	0.00812541371757286	0.5357731747627259	7248	10050
GAAACCTATACAAATG-1	P24_T1	-0.18911766481399536	-0.0023718320283313554	0.658507107893626	7353	12918
GAAACTCGTGCGATGC-1	P24_T1	-0.004935359981324938	0.07799815894906686	0.8622563374042511	4286	6795
GAAAGCAGTGCACTTT-1	P24_T1	-0.18613441276550294	0.09812182681405837	-0.6501453638076782	7574	12153
GAAAGCCCTTTGGACC-1	P24_T1	0.04887960147857667	0.2801338732909303	0.6041675305366516	3954	8133
GAAAGTGACTAACTGC-1	P24_T1	-0.000654741260740499	0.030561139219559275	0.35798257708549497	5056	6223
GAAATACTAAACGTTT-1	P24_T1	-0.13740812587738038	0.055783041238251424	-0.687685580253601	4069	4883
GAAATATCACCATCAG-1	P24_T1	0.07500456118583682	0.1505010115686946	1.0991432984670004	4175	7751
GAAATCGCGCGCAACT-1	P24_T1	-0.05814861869812013	0.1307453295795176	-0.02556914806365962	9124	4891
GAAATGGCGGTGTTAG-1	P24_T1	0.03715720033645631	0.030787671572410025	0.709298876921336	7362	7182
GAAATGGGATGTAAAC-1	P24_T1	-0.14022706031799317	0.015074070268029344	1.0174839719136555	3521	3926
GAAATTCACATCGCTG-1	P24_T1	-0.16433149576187134	0.3923646154953062	-0.6522722148895264	7037	3931
GAAATTGTCTCTATAA-1	P24_T1	0.0621064058939616	-0.03664432782721466	0.7699997639656067	7468	9668
GAACAACTGGGATGAA-1	P24_T1	0.1599214235941569	-0.07153090447920812	0.9309569319089253	10977	14261
GAACACACATCAACCA-1	P24_T1	-0.15177727961540222	-0.06050803567339111	0.40606356700261426	7145	5652
GAACAGATTACTAAAT-1	P24_T1	0.18070366774664987	0.19203306537879922	1.0943564530213676	9442	12347
GAACCCTCTGTGTTCT-1	P24_T1	0.15648622364468043	0.44403147324086306	1.766285901069641	9002	12729
GAACCTCGACCTACAC-1	P24_T1	0.18827173487345378	-0.07172689661883667	-0.5762227392196655	2634	9278
GAACCTTTAACGATCC-1	P24_T1	-0.035418157047695575	0.18505940021284475	-0.20894811948140468	10319	13496
GAACGACCGAATGATA-1	P24_T1	0.01649501932991873	0.10955009277768318	-0.12910043319066367	8574	5081
GAACGCGGGTCACACG-1	P24_T1	0.15158765368991423	0.20256787011820726	0.9030133684476218	14169	10634
GAACGTTAGGAAGACG-1	P24_T1	-0.12971773624420166	0.2276832538696477	-0.7511557579040528	3296	7749
GAACTGTGGAGAGACA-1	P24_T1	-0.09805556297302247	0.24473401977445192	-0.3302808380126953	8889	14449
GAAGAAACGATATTGT-1	P24_T1	0.3851325203577677	0.3170491462985941	1.2835150504112243	4826	12722
GAAGAACGGTGCAGGT-1	P24_T1	-0.05880628469255236	-0.07004546005720526	-0.24139981826146445	6048	4121
GAAGCCACTGATTATG-1	P24_T1	0.07635152382320828	0.0746265627127099	-0.6387833023071289	9220	13876
GAAGCCTGCACATTCC-1	P24_T1	0.12228598160213894	-0.10897715219715298	-0.2541372871398926	8342	13110
GAAGCGTGAGGAATTT-1	P24_T1	0.08579822736316259	-0.019208903680711792	-0.061102565129598	8240	7948
GAAGCTCGGACCCGTC-1	P24_T1	-0.17905721187591553	-0.012835326944154901	-0.40196521838506066	3949	11956
GAAGCTTGCTGACCGC-1	P24_T1	0.10761721483866377	0.11161508136147619	1.1589171489079795	5494	6988
GAAGGAGTCGAGTGCG-1	P24_T1	-0.13941875839233397	0.019863666437349575	0.9320190699895222	8230	14066
GAAGGGTCATTAAGAC-1	P24_T1	-0.009604415151807988	0.4202972193825698	0.9723889946937561	10536	15408
GAAGTCAGTTGCACTA-1	P24_T1	0.009577919006347635	0.2074161961307995	0.2513782294591267	8015	11389
GAAGTCTCCCTAGCGA-1	P24_T1	-0.1346083002090454	0.23596358619280308	-0.7004163599014283	11645	8527
GAAGTGATTTATCGTG-1	P24_T1	0.1009652411142985	0.1926865296342496	0.8606740562121071	6810	8902
GAAGTGCTGGATAGCT-1	P24_T1	0.054956885284847684	0.06207429375957854	-0.871299204826355	8355	4316
GAAGTTTCCACTCAAT-1	P24_T1	-0.24680990839004516	0.038252297797192386	0.5193895657857259	6701	8328
GAATAGACGCGACCCA-1	P24_T1	-0.1630319631099701	0.03081954225597766	-0.16992149353027342	11753	9483
GAATAGCATTTAGGGT-1	P24_T1	-0.05568038807974923	0.35278696955183736	0.8302444005012513	14609	10252
GAATAGTGCTCGATTA-1	P24_T1	-0.19021157598495483	-0.205733218049043	0.30170581420262643	5595	12915
GAATCGACATGGTCAC-1	P24_T1	-0.0670552550421821	0.3577875870986273	0.011368640263875407	6264	6416
GAATCGCCGGACACGG-1	P24_T1	0.08712027645111084	0.019073177504059458	0.5760331583023072	6159	3548
GAATCTGAACATTCTC-1	P24_T1	0.038669076707628036	0.23904066371171	0.5911755887667339	8677	9478
GAATGCCGAAATGACC-1	P24_T1	-0.19140714481141832	0.05290281985963485	1.305203252633413	3519	5455
GAATGCGAATCGGTTC-1	P24_T1	-0.1439005537033081	-0.16585673021790165	-0.47556605815887454	9220	13494
GAATGGGCTTATCGAC-1	P24_T1	-0.09521999645233155	-0.11411792479905507	-0.3784095859527588	2305	9086
GAATGTGGTCCGGATT-1	P24_T1	-0.11690568712022567	0.21339150269826257	1.5051821851730347	10545	9672
GAATGTTGGGTAATCT-1	P24_T1	-0.20927117538452147	-0.02338864605965499	0.875649094581604	9232	5847
GAATTATAGTGAAAGG-1	P24_T1	-0.16562819623947145	-0.20190592180162467	0.22077288627624514	9119	7950
GAATTCACCCGGGTGT-1	P24_T1	0.2351504946284824	0.3236255185716104	-0.011086107889811125	7687	10433
GAATTTCTCGCTGCAG-1	P24_T1	0.14906975899802316	0.22133510848153093	1.3868952461083732	4945	6796
GACAAACATATGCAGG-1	P24_T1	0.3574773762491014	0.0783912572818048	1.083049064477285	12632	9867
GACAACGACCATTGAA-1	P24_T1	-0.18829926204681396	0.19487972727557956	-0.7864003157615662	10110	6230
GACAACGCAGCTTACG-1	P24_T1	0.24429239739312064	0.25406918766381226	0.4234433790047962	7585	5271
GACAAGACGCCCGTGC-1	P24_T1	0.06872611967722575	0.3627373984196042	0.12453742980957028	15152	14650
GACAAGAGATGAGATT-1	P24_T1	-0.06654277409447562	0.1676869299054412	1.1754924289385476	14386	12164
GACACAAGGGAAGAAA-1	P24_T1	0.09160224395328098	0.11540107532368943	-0.5709048986434937	9560	7185
GACACGAGTTAGAGGA-1	P24_T1	0.034702144198947515	0.09465168686521136	-0.5570222870508829	4399	5074
GACACTGAGTTCAGTG-1	P24_T1	0.01151768355899388	0.13210905945007698	-0.7108707809448243	6699	9858
GACACTTCCAATTACC-1	P24_T1	-0.15269324970245363	0.2771463372163324	-0.7554713892936706	12185	14837
GACAGAGGTCTTCAGT-1	P24_T1	-0.21963389205932618	0.1642381228189874	-0.7757536864280701	8996	16170
GACAGATTTCTGGCTC-1	P24_T1	-0.09325579500198364	-0.1000846308349763	-0.5079260802268982	2523	9851
GACAGCCAGACCTGAC-1	P24_T1	0.5024170881907145	0.006279725623077437	1.3833357079823814	11094	9482
GACAGGCACACACTAT-1	P24_T1	0.18062213272518582	0.11147329637934963	-0.4216918913523356	4063	8706
GACAGGTAATCCGTGT-1	P24_T1	0.1799268418418037	0.31300081796027407	0.3239019234975179	14380	15987
GACATACTGTCGCAGA-1	P24_T1	-0.025864483939276817	0.022963936163541726	0.20020346482594809	2640	5454
GACATCCGTCGAACTG-1	P24_T1	-0.06579771518707275	0.20565494208261206	-0.27667770862579344	9439	13877
GACATCGATTTATAAC-1	P24_T1	-0.08058014318678111	0.29038717829407734	0.4356630690892537	7136	11388
GACATTTCGCCCAGCC-1	P24_T1	-0.1391881628036499	0.42607277951784583	1.8081332047780356	3394	15206
GACCACACTTCCCTTT-1	P24_T1	-0.10022140502929687	-0.10379704292988617	-0.7680609321594238	10427	14834
GACCAGAGCCCTGTAG-1	P24_T1	0.4242008077833388	-0.0056712625410733075	0.4582845258712769	6812	7372
GACCCAATTATGATAC-1	P24_T1	0.026350147883097363	0.092159395716601	-0.2145447158813476	3839	11765
GACCGACTGAAGCGTC-1	P24_T1	-0.06442475530836317	0.13157487188943015	-0.22510362227757785	4065	7942
GACCGATTAAATATGT-1	P24_T1	-0.04847344032923384	0.33725925309946075	1.0152188956737518	3395	14441
GACCGTGCTGACGGTG-1	P24_T1	0.013949275387658	-0.02252269737939175	0.13977334737777714	7359	9094
GACCGTTACATGCGAC-1	P24_T1	-0.021405028396182607	0.12525042724822727	0.5282771968841553	2305	8704
GACCTTCCACGTCTAC-1	P24_T1	0.15382319407992892	-0.08128485743631453	-0.4715581226348877	9769	14068
GACGACGATCCGCGTT-1	P24_T1	-0.19068518527348835	0.18493338039257384	0.8728704508145653	9333	11391
GACGAGGCTAATAAAC-1	P24_T1	0.06033219369252518	0.08228772385275068	0.6056098437309265	12628	12161
GACGATATCACTGGGT-1	P24_T1	-0.042971232944064686	0.2569680962653235	0.6145642479260762	5372	15209
GACGCATACCCGTCGG-1	P24_T1	-0.3041188702583313	0.1262597353666421	1.1312181878089904	2298	13674
GACGCCGTAAAGGCTA-1	P24_T1	0.11746015781826442	0.056520055071086164	0.6909395662943523	7575	11771
GACGCCTGTTGCAGGG-1	P24_T1	-0.20824319553375245	-0.03501344907203777	-0.832874550819397	5060	3546
GACGCTTGCTTCTAAA-1	P24_T1	-0.2537185139656067	-0.15772274349893234	1.5110696291923522	5602	8709
GACGGGCATCGAATTT-1	P24_T1	-0.10002659702301026	-0.17527301919540303	0.06435780525207524	13392	15795
GACGGGTTGGCCCGTA-1	P24_T1	0.137881105211046	-0.0014745978434347051	-0.8413489818572998	7243	13109
GACGGTCCTAGGGTGT-1	P24_T1	-0.1140856704711914	0.11229546451461928	-0.20085966904958097	15379	9680
GACGTGAGACTCCATG-1	P24_T1	-0.0677383664978875	-0.03750728814127194	-0.704354904492696	4951	2972
GACGTGTAGGGATTAT-1	P24_T1	-0.20390700817108154	0.38746493654763137	0.09063182512919099	5165	6796
GACGTTGCTCGGCGGC-1	P24_T1	-0.18206572002834742	0.4009735690267294	1.1347136290868125	5042	15399
GACTAAGATCATGCAC-1	P24_T1	0.13195476373036702	0.2718228541764637	1.4000295042991637	7474	5844
GACTAAGTAGGCTCAC-1	P24_T1	0.04346430333455403	0.256714545373682	0.2616645431518555	6374	6607
GACTACAAAGCGGTGG-1	P24_T1	-0.07257139205932617	-0.08566289300086515	0.5632895851135253	3950	10809
GACTAGGCCGTTAGGT-1	P24_T1	-0.19928305562337242	0.31563134621453764	1.073877637386322	10208	14069
GACTCCTTCCAATTGA-1	P24_T1	-0.06401217291090225	-0.10184890165158297	0.25387524763743086	2740	12146
GACTCTAGAGTTCCAA-1	P24_T1	-0.12855920600891113	-0.13950020754897355	0.5135908428827921	7788	15595
GACTGCAAATCGAGCT-1	P24_T1	0.2125354552798801	0.03655984524379105	1.7353172397613525	9881	12730
GACTGCACCAGCCCAG-1	P24_T1	0.03658127795325386	-0.03849189233459882	-0.21069395701090488	10434	10246
GACTGCGGCACGTGTA-1	P24_T1	-0.17935044765472413	-0.14574002899579555	-0.24896168867746982	3298	6602
GACTGCTGGTGAGAAA-1	P24_T1	0.07012342076831396	0.24377938238299662	1.3144452695051827	5923	14254
GACTTCAACGCATCAA-1	P24_T1	-0.09728494071960449	-0.12904416634732443	-0.06985452175140383	11964	15601
GACTTTCGAGCGGTTC-1	P24_T1	-0.25499610757827756	-0.244248732624438	-0.10213619947433472	9436	16171
GAGAAACTGGATCCCA-1	P24_T1	0.19034626261393234	0.09925172972999163	0.6302268568674725	15262	14077
GAGAACGGTTCTGACT-1	P24_T1	0.03119291761186388	0.08091984352542786	0.841158812046051	12955	14264
GAGAATCTCACGATCA-1	P24_T1	0.12203095881144208	0.24951104229728646	0.4338237237930298	2198	7365
GAGACTGATGGGTAGA-1	P24_T1	0.08244998788833618	0.0629773693330069	-0.5878214232126873	7802	6800
GAGACTTCGCGACCGA-1	P24_T1	-0.12824780988693238	-0.10778279632529957	-0.6196884632110595	7905	11580
GAGAGCGCAGTCCCTG-1	P24_T1	-0.2661010446548462	0.1956829221990018	0.66568696975708	2308	6792
GAGAGGCCTATGTGTA-1	P24_T1	0.46043268659379744	0.15260889719529974	1.119667789141337	14603	14076
GAGAGGGCGCGAGGTT-1	P24_T1	-0.2721677393913269	-0.10103853363585422	0.8044328324000041	6041	8709
GAGAGGTGCATTCTGG-1	P24_T1	-0.02656632126702202	0.20784758368061157	0.5387869675954182	4721	9855
GAGAGTCTCGGGAGAG-1	P24_T1	0.08063399193021986	0.14675733943780261	0.5360364600022633	6031	15210
GAGATCTGCTTGGCAT-1	P24_T1	0.13912953535715739	0.32088427375627043	1.0328713703155517	6482	7945
GAGATCTGTCACTCCG-1	P24_T1	-0.08856234073638916	0.017750545769463166	-0.8085628938674927	9779	7186
GAGATCTTCCATGACA-1	P24_T1	-0.21427200412750244	0.1377411859414188	-0.794984359741211	10104	10054
GAGATGGCTTTAATCA-1	P24_T1	-0.11734195703930322	0.23621073591895816	1.0225629568099976	9987	14833
GAGATGGGAGTCGACA-1	P24_T1	-0.06921990399890476	0.10936757035436784	0.7940971906979879	9553	11391
GAGCACCTGTGTCCAG-1	P24_T1	0.025679161495632596	-0.011858763444076964	0.7649567047754924	10430	12540
GAGCACGGCGCCTCTT-1	P24_T1	0.30056552309460116	0.5234475940532599	1.3817213249206544	15050	9488
GAGCATCAACAACTTG-1	P24_T1	0.4610177152951559	0.4545723694549578	0.8916339675585427	4935	13678
GAGCATCATCCCTGGG-1	P24_T1	-0.2252776517868042	0.40664489210585353	-0.6988740682601928	6049	3739
GAGCCACGGTAGTAGG-1	P24_T1	-0.058405554983350955	0.050742673493871765	-0.6868076980113983	6819	3166
GAGCCAGCTACCTGTG-1	P24_T1	-0.21413779544830322	0.014122058747865485	0.135533697605133	11421	11586
GAGCGAGGGAGTACCG-1	P24_T1	-0.12362672281265259	-0.02850151678726444	-0.24584558566411335	8026	4124
GAGCGCAAATACTCCG-1	P24_T1	0.5188233621385362	0.42354000328104496	0.4692247517903645	13399	11206
GAGCGCGCACGAGTAG-1	P24_T1	0.15038115273581612	0.36033296331729936	-0.2809396036465962	11861	10821
GAGCGCTGTTAGGTAA-1	P24_T1	0.327272872183058	0.15593594245995987	0.9942575963338218	4166	13104
GAGCTAAGGGCATATC-1	P24_T1	0.26817408315340674	0.21381572002265808	1.0704350137710572	10768	6996
GAGCTCAACATGAGCG-1	P24_T1	0.22985166070196367	0.08788107628923669	1.375789655049642	9217	15406
GAGCTCTCGGACCTAA-1	P24_T1	-0.06098443518744574	-0.017023438375268207	0.09875257968902584	5279	4311
GAGGAATATCTCTTTG-1	P24_T1	-0.1461494334538778	-0.20462137600719527	1.6093110497792564	6581	15019
GAGGAATGGAGAGGTT-1	P24_T1	0.029034083472357863	0.19423321896218076	1.4395994091033935	5056	6605
GAGGCCCGACTCCGCA-1	P24_T1	-0.06622520791159736	0.09280732440735137	-0.6530385041236877	4168	11957
GAGGCCTGTTGATACA-1	P24_T1	0.47430775525834823	0.3560598171264	1.2145030506451926	13395	13500
GAGGCTATCAAAGTCG-1	P24_T1	0.1680316939353943	0.15773061474564354	0.44103202184041335	4614	8134
GAGGGAGTCAGATCGC-1	P24_T1	-0.10225995063781738	0.09062898385711432	0.8463500992457073	6143	13872
GAGGGCATCGCGTATC-1	P24_T1	-0.08090198784404329	0.31682707145976813	-0.6294119544823964	5280	3546
GAGGGTAGTAACAAAG-1	P24_T1	0.13908366452323068	0.06157860686581673	0.5595528896649677	5045	13487
GAGGTACGCGTGTCCC-1	P24_T1	0.010619841999477797	0.12558623161625276	0.2071888717015583	8999	14258
GAGGTCCCAAAGATCT-1	P24_T1	-0.11930119895935058	0.1322095703491962	-0.003166610399881975	4509	4883
GAGTAAACCGGAAAGT-1	P24_T1	0.20412873533036974	0.3805858156825072	0.5647227434317272	14498	11208
GAGTAAATTAAGAACC-1	P24_T1	-0.01681997590594822	0.16877191772130246	0.3713843814531963	15262	14459
GAGTAAGGCCACGGGA-1	P24_T1	-0.19361789202690127	0.17099167639910512	0.9639512864748636	3181	10617
GAGTACGGGTATACAA-1	P24_T1	0.006404907464981069	0.28213028799767464	0.8285957252979279	6378	4313
GAGTAGATACTAGTTG-1	P24_T1	-0.07322756099700928	0.09796209436668378	-0.261770601272583	8671	13302
GAGTATACCCTAATCA-1	P24_T1	-0.06745234849717882	0.2806363827830193	1.3223896837234497	4933	14826
GAGTATCAAAGTTACA-1	P24_T1	0.19457354233000018	0.4570302902585441	1.0399289671579994	14935	12356
GAGTATGCCCGCCTTG-1	P24_T1	-0.01966345034705269	-0.02323388679982298	0.976341911951701	6368	10813
GAGTATGCGCGTGCAT-1	P24_T1	-0.13558389377593993	-0.11599297651508511	-0.36977425575256345	9440	13494
GAGTCCACCAGGTTTA-1	P24_T1	-0.17536032438278198	0.21791250047000998	0.2618542877833049	11853	16175
GAGTCCGCTTACCGGA-1	P24_T1	0.011442640410529253	0.303860212999169	0.6087874094645183	8017	10242
GAGTCGACAGACCCTC-1	P24_T1	0.15417502397961091	0.12021723609642693	0.8999387534459433	2638	6984
GAGTCTTGTAAAGGAC-1	P24_T1	0.1456410077412923	0.3510140630622838	1.368910907904307	1753	10423
GAGTGTCAACCAGAAA-1	P24_T1	0.14669002808464898	0.05455840237322007	0.6971361736456554	10758	13496
GAGTGTGCGGTACCCA-1	P24_T1	0.18174043104383683	0.24406215435173154	0.8253882916768391	11313	9865
GAGTTCTGTGGGTGCT-1	P24_T1	0.057284101698133694	0.46162591851264306	1.747176708380381	1970	12718
GAGTTGATGGCAATTT-1	P24_T1	0.04815171808666652	0.11586486793204442	1.1672466901938119	3730	11191
GAGTTGTCACCAGTCT-1	P24_T1	-0.17410723543167114	0.0028422525531760223	0.10100852092107138	2516	14439
GATAAATCGGTGGATG-1	P24_T1	0.34089961645338274	-0.16711257288119938	-0.9037972974777222	6158	4312
GATAACTCGCACTGTG-1	P24_T1	0.4136527364253998	0.18849549780889374	1.0060625926653544	11425	8909
GATAAGGCAGATGCAA-1	P24_T1	-0.04593583938810561	-0.0916395690750489	-0.909021372795105	4731	3354
GATACCGTGTCGGAGT-1	P24_T1	-0.17053578281402587	0.13094718237584604	1.1874262309074402	15599	9298
GATACGATGGGAGTCA-1	P24_T1	-0.1761674633026123	0.1371868710123186	-0.8515580773353577	6588	10049
GATAGATAGTACAGTC-1	P24_T1	-0.05533597183227539	0.5299935780915638	-0.24281346321105957	12294	15411
GATAGGATTAATTACA-1	P24_T1	-8.766735924614633e-05	0.083433587145752	1.9563049594561257	15490	9106
GATAGGTGTCCCGGGC-1	P24_T1	0.3781179572476281	0.22145179664128578	1.279211382071177	15160	8915
GATAGTGCGAGTAAGT-1	P24_T1	-0.09821588039398194	-0.0734858808901486	-0.6895217943191528	6472	14446
GATATCAAGCAGGAGC-1	P24_T1	-0.13613708448410033	0.033106946571828	-0.26196597178777054	1971	11953
GATATCTCATGCAATA-1	P24_T1	0.01311548556221856	0.04934399586662619	0.5360778411229451	8027	3742
GATATGAGACACTAAC-1	P24_T1	-0.08636562156677247	0.12424457873274015	-0.4688224220275879	10546	8908
GATATGGATTACGCGG-1	P24_T1	0.0373195416132609	0.11028511538868246	1.2902596521377563	3627	6794
GATCAACATAAAGGGA-1	P24_T1	0.00395293304655292	-0.009892525088867093	1.0736664175987243	5595	13297
GATCATTCCAAACATT-1	P24_T1	0.019222813447316467	-0.05098478049373198	1.3923958237965903	7802	7183
GATCCAACCTTTAAAC-1	P24_T1	-0.0876338354216682	0.06892939728645134	1.515053389867147	2843	16161
GATCCCTTTATACTGC-1	P24_T1	-0.22609251499176025	-0.0907264625866141	0.23108757257461543	8242	6801
GATCCGAATATAAGTG-1	P24_T1	-0.020913285520341662	0.18493708334779851	0.7521609234809876	15271	8341
GATCCGGGAATTAACA-1	P24_T1	-0.08617780992719862	0.2858639656830687	1.426359941959381	9667	8906
GATCCTCGACACTGGC-1	P24_T1	0.24101618692610002	-0.10173713080835023	0.17745538949966433	5159	11002
GATCGACACTATCTGA-1	P24_T1	-0.14691009283065795	0.00779760997300713	0.07335683743158972	6814	6608
GATCGCGGGCTCTCCA-1	P24_T1	0.11745883019765219	0.03888810254316738	-0.45763878504435207	7360	8329
GATCGCTACCCGATTT-1	P24_T1	0.0098446238040924	0.2105163467810458	1.1112031185626983	12410	11014
GATCGCTATATCTCAG-1	P24_T1	-0.2359690574010213	0.33750283051390506	1.4842618902524314	4386	13104
GATCGCTGTGGTGCGT-1	P24_T1	-0.1677378288904826	0.2517164808925099	0.9128090357780456	3614	14824
GATCGGATAGAACCAT-1	P24_T1	0.06383561102549234	0.12582930422469274	1.253745665550232	3074	9278
GATCGGCGATAAGTCG-1	P24_T1	0.13658458688524033	0.21544210416091897	1.3017084407806396	3190	5264
GATCGGTGGCCATAAC-1	P24_T1	-0.2318909492492676	0.38096092224654465	-0.021927223205566504	9121	6802
GATCGTGACTGATATC-1	P24_T1	-0.27510676002502443	0.1853633266967415	0.6770556847254436	9557	8715
GATCTAACCGTATTCA-1	P24_T1	0.09212678231133353	0.2603658792423188	0.04420875867207841	2301	11380
GATCTCGACGCTGTGG-1	P24_T1	0.19014512756135726	0.1301480889053686	0.7634401869773866	14608	11017
GATCTGCTATCTAAGG-1	P24_T1	-0.23702333974838258	-0.1087543942384272	-0.935451648235321	7792	13301
GATCTTCATTGTCCTC-1	P24_T1	0.13459820779164633	0.17339091599654294	1.5655651966730753	2641	5072
GATCTTGGAGGGCATA-1	P24_T1	-0.03972537204954363	0.14996935190503763	0.5548691987991332	9336	9862
GATCTTTGCAGGGTAT-1	P24_T1	-0.12123667176564537	0.4475516042853362	1.212960522969564	5822	8327
GATGACAAGTAGGGCA-1	P24_T1	-0.15191109535429212	0.04416199385186434	1.4021485312779745	5266	12341
GATGAGGAACCTTCGG-1	P24_T1	0.2691843606895871	0.5004520439928277	0.37130050818125415	10537	14261
GATGCCAGCAGAAGGC-1	P24_T1	0.10041508743498062	0.44926786736087243	0.6101642553011577	3519	5838
GATGCCTTCTGCGGCA-1	P24_T1	-0.03313300768534341	0.17595283143739038	0.3526557834943135	3179	12529
GATGCGAATGGTATTA-1	P24_T1	0.14699398459328544	-0.0423077021869237	0.8026943051815032	2749	6410
GATGCGTCCTGCATTC-1	P24_T1	0.0495479802025689	0.14436811562085847	-0.06360570271809896	7909	8521
GATGCTACAAGCGCCT-1	P24_T1	-0.027595175743103023	-0.08754573252377093	0.08442495346069334	7256	4697
GATGCTACCTTCGATG-1	P24_T1	-0.0523226900100708	-0.08778974833904497	0.6042666514714559	8009	14830
GATGCTGTATTTCATC-1	P24_T1	0.30644891696506077	0.12648430980025258	-0.9308071327209473	9885	9671
GATGGCGCACACATTA-1	P24_T1	0.13577517962455748	0.25646530221772673	0.9455303359031677	4838	5075
GATGTAACGAACCACC-1	P24_T1	0.16501185599962864	0.008111729084511965	0.7144746287663777	3950	11192
GATGTTCAATCCACGA-1	P24_T1	0.07749193027284407	0.19091474839904965	-0.4326977364222209	6370	9284
GATGTTTGTGCGAGAT-1	P24_T1	0.12552181628015302	0.14696898296375405	1.1237844129403434	4948	5267
GATTAACCGAAAGCCC-1	P24_T1	0.023037983126110495	0.06679612941523258	0.3892538269360859	11859	11969
GATTACTGAATTTGGG-1	P24_T1	-0.06788503615061442	0.10106977340359016	-0.9039245104789734	5930	9283
GATTATCTTGCATTAT-1	P24_T1	0.18644074392318727	0.36388262999671145	0.9779455773035683	11743	15983
GATTCCCTTGTCGCAG-1	P24_T1	0.07756665113237166	-0.18321582361622407	0.6817390569051105	9012	6229
GATTCCTATACGGCGC-1	P24_T1	0.060938788519965315	0.020686139196357478	0.6860005088647205	4177	6221
GATTCGACGGTTCACG-1	P24_T1	-0.288691397190094	0.16831443400457666	-0.20934374252955112	9446	9288
GATTCTGTTAATGAGT-1	P24_T1	0.21915749700864154	0.19300913270687897	-0.43699151913324996	8448	15596
GATTGCTCCAGTTGCA-1	P24_T1	0.04147983662287397	0.4416084898931601	0.9451088754336037	4605	13487
GATTGGGAAAGGTTGT-1	P24_T1	-0.2260692934989929	0.3192100402226117	1.3539365482330323	10428	14069
GATTTGCGCTAACACC-1	P24_T1	0.4609999249776205	0.6858216466786344	1.5777481412887573	7239	15785
GCAAACCCTACATTAT-1	P24_T1	-0.1557538537979126	-0.02734494362634833	-0.1438965741793315	10653	10628
GCAAACCTTGGCCATA-1	P24_T1	-0.060690382745530874	-0.2198891591705732	1.6257248576482137	9002	12347
GCAAACGTAAGCGACC-1	P24_T1	-0.20632170295715332	-0.1603474782350613	-0.3528000990549724	2186	14630
GCAAACGTCGCCAGGT-1	P24_T1	0.3853787144290077	0.4287443915736222	0.7527482155958811	14499	10443
GCAAAGGGCGTTAGCC-1	P24_T1	0.029325927363501647	0.3506211358428801	0.8168768326441447	3835	14059
GCAAATATTACGCTTT-1	P24_T1	0.013342948569191826	0.03853983390384608	0.8566406706968941	6152	8136
GCAAATGAGGACACTT-1	P24_T1	0.3796840068499247	-0.1429214901572106	-0.7278701376914978	2195	9277
GCAACACACTAGAACT-1	P24_T1	-0.17536376094818115	0.008824415521600376	-0.20377251784006756	3402	10235
GCAACCACGGCCGCGT-1	P24_T1	-0.3595324764251709	0.08335517690219069	1.0511533522605896	4831	9664
GCAACCCAAGTTGTTT-1	P24_T1	0.3654127427207099	0.3748646421187143	1.1251116005579629	1978	7365
GCAAGAATTCCTTGGC-1	P24_T1	-0.07084806029001872	0.05946416569502827	0.7492689275741578	5600	9856
GCAAGCTGGAAACCGC-1	P24_T1	0.3317154310014513	0.02755674753146417	0.06002692858378089	1861	11762
GCAAGTGCACAGAGAA-1	P24_T1	0.04138139613469438	0.04817083831334806	-0.36451467593510956	6265	6033
GCAAGTGTAAAGCATG-1	P24_T1	-0.12849764442443848	-0.10612329300618012	0.7019978316624959	6582	14255
GCACAAACCCTAGATG-1	P24_T1	-0.1317935308880276	0.30821241428388046	1.1081529633204141	3946	13868
GCACAAACGAGGCGTG-1	P24_T1	-0.20656031799316407	0.2142641232317726	1.4530093383789062	14169	10252
GCACAACCTCGGGCGT-1	P24_T1	0.286776110013326	0.33174229594951776	1.121666529973348	2739	12528
GCACACACTGGTAGCC-1	P24_T1	-0.004727907631132344	0.1717195379520689	1.3970947655042014	11969	12160
GCACACAGCTATTACC-1	P24_T1	0.1766993169784546	0.3261444821987109	0.6630608145395915	9327	15215
GCACACGCCCATGGTC-1	P24_T1	-0.10832524681091309	-0.06640114880248205	2.7156450907389322	2746	7940
GCACAGCACGGGCCGA-1	P24_T1	-0.016195092837015812	0.142923064446556	0.9213009548187256	6251	15210
GCACCTTCCCGAAGGT-1	P24_T1	0.06158380868699817	0.27265066068444477	0.5223522313435872	14932	14268
GCACGCCGATTCCCGC-1	P24_T1	0.1891078520880805	0.36487550356777454	1.452202161947886	9987	15216
GCACGCCTACTTAGAT-1	P24_T1	-0.1364856595993042	-0.12084515062754586	-0.02751801808675136	5926	11959
GCACGTGGTTTACTTA-1	P24_T1	0.5424936395221286	0.54472892896441	0.61498907883962	13285	13691
GCACTAGTCGCGCTAT-1	P24_T1	-0.10702529658211601	0.031800858259734444	-0.03759887695312503	6378	3930
GCACTGCCTACCTTTA-1	P24_T1	0.13853047339121502	-0.028699726066333336	-0.5735598015785217	9109	14067
GCACTGTGCAAATGTA-1	P24_T1	-0.1447653179168701	-0.14403556977342438	1.7371252822875975	5281	3164
GCAGAAGGTAATCTCC-1	P24_T1	-0.14328808053334555	0.6548539317427599	1.7585185273488364	15047	11018
GCAGATCCATAAGACT-1	P24_T1	-0.19804511785507203	-0.009577579079591725	1.9863626901308695	10982	11202
GCAGATCCTCGCAAAT-1	P24_T1	-0.2411251196861267	-0.1930263090453692	0.4949631516138713	3079	5837
GCAGATTAGGGATATC-1	P24_T1	-0.06132163037194144	0.2754611800314329	0.6277928686141967	8349	8522
GCAGCACACAGCCCAG-1	P24_T1	-0.1128749598397149	0.19111409606682905	1.1169071324666342	6261	8710
GCAGCGGTGGGCATTA-1	P24_T1	-0.006671830760108105	0.17895820976903776	0.11717970212300621	5061	2781
GCAGCTGTCAACGCAT-1	P24_T1	0.006731492625342478	0.33849134967897826	-0.6159858131408691	11195	15026
GCAGGAACTTAGATCT-1	P24_T1	-0.2048548369407654	-0.1240266390161493	-0.22778333822886143	3290	11573
GCAGGACTATAGAATA-1	P24_T1	-0.1746038327217102	0.167946704082041	1.0330103659629821	5712	8135
GCAGTGCGGGCGGATG-1	P24_T1	0.16637681706746416	0.1685289169851299	1.2748850377400718	15485	12165
GCAGTGTGGCTATAGG-1	P24_T1	-0.03529389932420518	-0.02772360146712402	1.0265049155553183	10760	12732
GCAGTTCGATCCGAGC-1	P24_T1	0.36589798882272506	0.12860473357057678	0.8802888751029969	14606	12164
GCATACGAGGTCTTTA-1	P24_T1	-0.0652583360671997	-0.11895475771603169	-0.535543155670166	3184	8705
GCATAGAGCACTCAGG-1	P24_T1	0.1461988903151618	0.36513636889607043	1.1380543486277261	8129	8522
GCATCCCTAACTTTGA-1	P24_T1	-0.00037692107094655647	-0.09729400963857936	1.5279891069730125	6267	4504
GCATCGGCCGTGTAGG-1	P24_T1	0.2730488459269206	-0.12342769827618695	0.47585296630859375	12960	10823
GCATGCTAATAACGAT-1	P24_T1	0.2966869055430094	0.19347396526294003	1.2468884046872457	12076	14263
GCATGGGTACTGACGC-1	P24_T1	-0.026949162801106763	0.16046372582715096	-0.6404092586040497	1975	9277
GCATTCGAAATGAACA-1	P24_T1	0.07577178276909721	-0.12466353031346196	-0.14806487242380773	3187	6793
GCATTGACTTGCGGAA-1	P24_T1	-0.12330401802062989	0.1771847105666295	-0.44239316940307616	2082	10998
GCATTGTAATTCATAT-1	P24_T1	-0.18846062803268432	0.12524667362238737	0.7451237614949544	3953	9280
GCCAAGAATACTTCTG-1	P24_T1	-0.05871820351812573	-0.061755404809710715	-0.28504898945490525	2743	10234
GCCACAATTTAAGGAC-1	P24_T1	-0.07387778186798095	-0.05747415395391067	-0.36197384834289553	5929	10048
GCCACTCAGAGCGCGA-1	P24_T1	0.20023051865895589	0.12925520905978993	1.3924847014745079	12078	12734
GCCACTCCTTACGGTA-1	P24_T1	0.24612565967771743	0.21769660091240134	0.9776691897710166	14716	11973
GCCAGGAAAGAACACT-1	P24_T1	0.08078751850128174	0.3182156770021324	0.6029398647944133	5482	15018
GCCATCGAGCTGCGTG-1	P24_T1	-0.11554576873779297	0.06387717838522039	1.4037320550282795	6806	11578
GCCATTAGCCTCAAAC-1	P24_T1	0.05704406515757243	0.12640504215654375	-0.5258097894986471	3070	11955
GCCCACCAAGGCTGTC-1	P24_T1	-0.06718398772345649	0.1996165130629102	0.08442641337712609	5829	3738
GCCCGACTTCTTCCCG-1	P24_T1	0.2679380932913886	0.2477463909843624	1.0749361745516457	4390	10810
GCCCGAGAGTCTAAAT-1	P24_T1	0.15470266644159955	-0.04121199423568092	0.6752202343940735	2738	13293
GCCCGATCTGTGGTCG-1	P24_T1	-0.008141454060872355	0.30388169007279997	1.2582800563176475	8564	11581
GCCCGATGCCCAGTTC-1	P24_T1	-0.21654265594482422	-0.010724993360122587	0.7028815587361653	3723	15397
GCCCGCGCGTAAACGG-1	P24_T1	-0.06794073989656235	0.006092394291687897	1.3233265368143716	6148	10813
GCCCGCGCGTTTGACA-1	P24_T1	-0.11007509422302246	0.056308066418240266	-0.6224240016937256	6047	5268
GCCCGTAATACCTTCT-1	P24_T1	-0.17547741508483886	0.09159368236592952	-0.5911353063583374	10330	6613
GCCCTAAGTGCAGGAT-1	P24_T1	0.27611645200517443	0.13012702139698684	-0.20198728879292804	9766	15980
GCCCTAGCCGTCGCGA-1	P24_T1	0.14351239739523994	0.026960800291441184	0.6445209137598674	3399	11764
GCCCTGAGGATGGGCT-1	P24_T1	0.016575693554348403	-0.046280509606837175	-0.7238009715080261	9768	14451
GCCGAAATTCCTACGT-1	P24_T1	-0.0751423687140147	0.09363122801119311	1.3285005025068917	6591	8137
GCCGACCCACGACTGC-1	P24_T1	0.23861767488055752	0.1950067655752169	1.4187540944417318	4935	13296
GCCGATTGGCCAAGCT-1	P24_T1	-0.11694309425354003	0.28803168207206986	0.4737230682373047	8348	9287
GCCGCACTCCGTTTCA-1	P24_T1	0.005547058794233561	0.34021388777683775	0.899351704120636	14939	9679
GCCGCATTAGTCCGGC-1	P24_T1	-0.025314754962921127	0.15067669369230335	0.8714589866002402	3515	8132
GCCGCTTGTGAGAAAC-1	P24_T1	-0.12447825193405151	0.11907110951624195	-0.11349128246307372	6042	8327
GCCGGGTTAGGGTCGC-1	P24_T1	0.10082004155053031	0.059713621400880046	0.5418434468905131	8128	9286
GCCGGTCGTATCTCTC-1	P24_T1	-0.08399435234069824	-0.057212921597013536	-0.27548744678497317	7570	14830
GCCGTCGGTTTCGGGC-1	P24_T1	-0.028845546457502563	-0.07754334100674196	0.5009876489639282	6141	15019
GCCTACGTTCTGTGCA-1	P24_T1	0.3020221594704522	0.5949670186378813	0.2274535902341206	10647	14452
GCCTAGCGATCTGACC-1	P24_T1	-0.06238881535000271	-0.00467476735445746	0.3079369195302326	6266	5269
GCCTATCAGGTAAGAT-1	P24_T1	0.16279128403133813	0.36459333904637586	0.5545356504122416	15484	12930
GCCTATTCCGATATAG-1	P24_T1	-0.10138754622141519	0.22226733702674542	0.00619997660319016	4947	6031
GCCTATTTGCTACACA-1	P24_T1	-0.20154409790039063	-0.10557004202665632	0.493070346514384	7149	2976
GCCTCAGGTACCGGTC-1	P24_T1	-0.18063072681427003	0.35879872842656413	0.653236927986145	3832	15971
GCCTCATCTGGAAATA-1	P24_T1	0.1425238477918837	0.13315725106520943	0.6720464158058166	12083	9292
GCCTCCGACAATTCAC-1	P24_T1	0.1759599806467692	-0.04392230317363269	0.25085816860198973	12407	12925
GCCTCTATACATAGCA-1	P24_T1	-0.003020964569515644	0.10183004711565019	1.6701854713757833	9882	11966
GCCTGTCCCGGTGCAT-1	P24_T1	-0.021806722296608794	0.3681702201131739	0.9374069972832999	8558	15405
GCCTTCAGCCCTACCG-1	P24_T1	0.08643141439225935	0.07682814734094096	0.24526053428649908	7146	4505
GCCTTTGTCAGTGGAC-1	P24_T1	-0.011560234546661385	-0.042062011541136146	-0.7887851214408874	2737	13675
GCGAAACGATCGGGAG-1	P24_T1	0.02892286841074626	0.1967031037647452	1.272663675546646	12629	11779
GCGAAACTTAACTGGA-1	P24_T1	-0.002388740698496483	0.1557930995953963	-0.3569249248504639	10654	9864
GCGAAGAATCTGACGG-1	P24_T1	0.10953880490197077	0.5229615654788029	1.3216743739446006	10867	14070
GCGAAGCCATACCCGT-1	P24_T1	0.061907670789294766	0.3173373758259503	1.0655853267510733	8351	7375
GCGAATGGACTAGCGA-1	P24_T1	0.25263056643803916	0.16363933602435476	0.6206652116775513	9656	15789
GCGACCCAACCATCTG-1	P24_T1	-0.20560318899154664	0.10040695108556641	0.4453406858444213	5266	12723
GCGACGATAGTTGTAC-1	P24_T1	-0.0988049259185791	-0.05985612037197856	-0.4333830499649048	7576	10624
GCGACGGTAGTCTCCT-1	P24_T1	0.22587399726443813	0.17926328587585383	1.1600250927607216	9437	15406
GCGAGAAACGGGAGTT-1	P24_T1	0.0977045496834649	0.019954265897439344	-0.8035198879241944	3082	3925
GCGAGGCCCGAGCAGA-1	P24_T1	0.3113532552719116	0.3273154503813793	1.270738174120585	6811	8519
GCGAGTTCTGCAAAGA-1	P24_T1	-0.07956756557358635	-0.12512069863894376	0.8047759938240051	8569	8140
GCGATTGTTAACGTTA-1	P24_T1	-0.0959854793548584	-0.17195057228907643	0.26688085714975984	10107	8525
GCGCAAATATATTCAA-1	P24_T1	-0.04004001739290025	0.11877152640414185	1.4437090440591178	4717	12531
GCGCAAGAGCGCGCTG-1	P24_T1	-0.04275654851065744	-0.03719086881718647	0.5037133089701336	12633	9102
GCGCCGTTCCACGATA-1	P24_T1	-0.06893524434831408	0.08996227250269861	1.4159317795435586	8787	9287
GCGCGTCATTGGTACA-1	P24_T1	-0.258504075050354	0.3119184434147222	0.03886047760645561	10760	12349
GCGCTAATTGAATAGA-1	P24_T1	-0.06900353598594666	0.053133842429058664	1.3337327210108438	9339	7950
GCGCTATGCCGAGGCA-1	P24_T1	-0.031465292559729685	0.01550027614738586	-0.7066329574584961	6809	9667
GCGCTCGATCACCTGT-1	P24_T1	0.1029837055736118	0.3449733348634152	1.5426884297529855	15378	10062
GCGCTTAAATAATTGG-1	P24_T1	0.13361666176054215	-0.09097733666966158	0.0203533069292704	11419	12350
GCGGACCGCGTTGTGG-1	P24_T1	-0.04421534633636476	-0.018239473136479417	1.0144027876853943	6367	11195
GCGGAGAAACTTCGCA-1	P24_T1	0.003068208456039445	0.10894548502944462	1.0681631787618002	5267	11958
GCGGAGAGGGAGAACG-1	P24_T1	-0.18598359537124634	0.07002816004241072	0.7220930496851604	10214	10245
GCGGATTACTTGTTCT-1	P24_T1	-0.16409088230133057	-0.12700451700479393	-0.5385488271713257	13722	15604
GCGGCAAAGTATTGCC-1	P24_T1	0.34397953224182126	0.13529684546276494	1.4541904242833457	4607	12722
GCGGCTCTGACGTACC-1	P24_T1	0.22845200912157695	0.089560564999079	0.9226437326272328	5821	8709
GCGGCTTTAGCAAGTT-1	P24_T1	0.05529840591218732	0.18940871197238596	0.3955513624350231	10207	14834
GCGGGAACCAGGCCCT-1	P24_T1	-0.1500561203956604	0.14875444666517926	-0.39294981122016903	6926	4887
GCGGGCAGACGGGTGA-1	P24_T1	-0.058367522981431746	0.24548603104264943	0.23696262915929156	9217	15788
GCGGGCGAGCCTTACC-1	P24_T1	-0.06062471114264595	-0.08292181306504032	-0.33996152718861905	7245	11961
GCGGTAACCCAAATGA-1	P24_T1	-0.2070663561820984	-0.09111818131184418	-0.19286586999893185	4182	2780
GCGGTCCCTAGACGCA-1	P24_T1	-0.011583524756961394	0.11748116701774686	0.9889537604649861	6598	3931
GCGGTCTTGCTTTCAC-1	P24_T1	-0.1383811192512512	0.0355855664550858	0.1526650937398275	10646	15217
GCGGTGCGGAGCATCG-1	P24_T1	0.1679562963909573	0.33416706483636127	0.2794217284520467	2201	5071
GCGGTTCCCTATCATG-1	P24_T1	-0.1413866310119629	-0.11113620364425966	0.5211774905522664	7027	10432
GCGTCCCTAAGACATA-1	P24_T1	0.08098477427164713	0.007688310322345501	-0.0372815227508545	6253	13681
GCGTCGAAATGTCGGT-1	P24_T1	-0.15673605532116358	0.3557351399588105	0.4012275966008503	8794	4699
GCGTCGCCAGGGTGAT-1	P24_T1	-0.08423201719919843	0.1270077927933977	1.0276955501238503	8454	11772
GCGTCGTAACATGGTC-1	P24_T1	0.08538396729363334	0.3240188057523979	2.08722926457723	9986	15598
GCGTCTAACCTCCTAA-1	P24_T1	0.14740926779641045	0.028983057612007368	1.1385332727432251	15492	7577
GCGTCTCTGCATTGGG-1	P24_T1	0.15592843272950913	0.11085086307536302	1.0264571440219878	6151	8901
GCGTGGTACTGGGTTA-1	P24_T1	-0.1020714676115248	0.48225192155613994	0.8214700579643249	12085	8145
GCGTTATATTTGGAAC-1	P24_T1	-0.18575017261505128	0.19364270414548695	-0.02029140949249264	3077	7367
GCGTTCTGACTAAGCG-1	P24_T1	0.13563009209103055	0.035685379099792525	0.7747546513875325	15595	12357
GCTAAACCTGAGGTGA-1	P24_T1	-0.1324677791595459	-0.10349974536255702	1.173616525332133	4178	5839
GCTAACTGAAGTCTGA-1	P24_T1	-0.11441551531685723	-0.033841535649043575	0.7981217896938324	11309	12541
GCTAAGCCCAGTATGC-1	P24_T1	0.18515386083390975	-0.1367130583564707	1.1886124340693156	13502	15604
GCTAAGTAAAGGCGAT-1	P24_T1	-0.06658314609527588	0.1351105862815908	0.3537665843963623	3078	6602
GCTAAGTAGTTTCTCT-1	P24_T1	-0.2731856937408447	0.0682773390072304	0.7190308237075806	10437	7952
GCTAATACCGAATGCC-1	P24_T1	-0.1384319486618042	0.10902463389723092	-0.3023201274871826	6815	5461
GCTACAATCGAGGATA-1	P24_T1	-0.17456703853607178	0.16474844318641646	0.07722989082336429	13066	13309
GCTACAGTACGGACCG-1	P24_T1	0.021622202926211892	0.015763276308708274	-0.9846234250068665	3184	9087
GCTACGACTTATTGGG-1	P24_T1	0.006353619787428155	0.25447364308156695	0.8900915654500325	9226	9670
GCTACTATAGTAGAGT-1	P24_T1	0.10346463076273604	0.14055343575658952	1.490393123626709	11971	11013
GCTACTCGGACGCAGA-1	P24_T1	0.11621598678165013	0.07262154513557487	0.17697668075561523	2295	15586
GCTAGAGTAGAGATGT-1	P24_T1	0.17028171661165026	0.2781597732564214	1.4868352762858073	12189	12160
GCTAGCAACGCACCTA-1	P24_T1	-0.07741282081604003	-0.14628375776662123	-0.3736505126953125	12403	15984
GCTAGCACCTGGGCCA-1	P24_T1	0.06005667877197268	0.2528980218324085	0.7792080728212991	14941	8914
GCTAGCGATAGGTCTT-1	P24_T1	0.12874505021837018	0.1756666792719156	1.1590865198771156	4275	14060
GCTAGCTTGAATAGCT-1	P24_T1	-0.20320641231536865	0.05612145680975861	1.6371847343444825	6477	11387
GCTAGGCACCACGGAG-1	P24_T1	-0.08531762599945068	-0.0806885861710414	-0.5725359201431275	10871	11776
GCTAGTAGAGCTTGTA-1	P24_T1	-0.09865244266721937	-0.0551030622499368	0.08109117984771719	8788	8905
GCTAGTTTCATTGAGG-1	P24_T1	-0.15556927871704102	-0.028535010630652405	-0.015843355655670188	5718	4694
GCTATAAGGGCCAGGA-1	P24_T1	-0.14108320426940918	0.34805122371221286	0.40691580136617034	13612	15795
GCTATACGTCTCGGAC-1	P24_T1	0.09695161989000106	0.4286877212241725	0.9129123369852701	11311	11394
GCTATCATACTCATGG-1	P24_T1	-0.10132083612018161	-0.013703860425842429	1.4712299728393554	10212	11775
GCTATCGCGGCGCAAC-1	P24_T1	-0.06432876777648926	-0.12496986725186342	-0.6393709707260132	4289	5265
GCTATGCCAGCTTATG-1	P24_T1	0.2626860727998946	0.2038411016365559	1.2115332170327506	1864	9850
GCTCAACCTCTTAGAG-1	P24_T1	-0.22451216888427733	0.006046015144194533	-0.37945381164550784	2641	4689
GCTCAATCCGTTTATT-1	P24_T1	-0.20610862970352173	0.22464671597651453	0.9594974223772685	5487	11576
GCTCAATGTAATACCG-1	P24_T1	-0.08128340721130371	-0.10228616679274796	-0.42793323993682864	8012	13301
GCTCATTGATCATATC-1	P24_T1	-0.1012142038345337	0.09635683754146498	0.19276156902313235	6909	15593
GCTCCATGAGTGCAGA-1	P24_T1	-0.18909605312347413	-0.051867775869049476	0.3432969586054485	15375	12356
GCTCCTGACATACTGG-1	P24_T1	0.03267138014899362	0.21102161905509514	1.22889834523201	5157	12149
GCTCGCGGTTCCGCTC-1	P24_T1	0.037006296793619775	0.19505276936012628	1.6211532402038573	3078	6220
GCTCGCTCATGTCCAA-1	P24_T1	-0.13250802103678389	0.05748516901227452	-0.6829359245300293	12523	9293
GCTCTAAACCCTGACG-1	P24_T1	0.10587162918514675	-0.043684009204241536	0.32076795101165767	8023	6036
GCTCTATGTTACGTGC-1	P24_T1	0.06936329227023655	-0.12199713799777447	-0.7317967557907105	6045	6415
GCTCTCGGGTACCGAA-1	P24_T1	0.032688809288872606	-0.1663041130808376	0.19328826745351146	8022	6418
GCTCTTTCCGCTAGTG-1	P24_T1	-0.16251631355285645	0.160672564501197	-0.17130420843760163	7572	13683
GCTGAACTCTCCAGGG-1	P24_T1	0.0381228063371446	0.19666789188747708	1.2568890579541525	14831	9105
GCTGAATCTTCCAATC-1	P24_T1	0.014748062451680505	0.13593675706210553	0.43531422615051274	4167	12721
GCTGAGCAACGGTTCT-1	P24_T1	0.033505076302422415	-0.020681633911943553	-0.7341554880142211	2421	5071
GCTGAGGCGTGAGTAT-1	P24_T1	0.08326155885060627	-0.19165363487781295	0.5779925696055095	8678	9096
GCTGCACGGTTTCTTA-1	P24_T1	0.002966352462768551	0.12473099083708436	-0.06409079551696772	9666	9289
GCTGCTAAGTAGTCGA-1	P24_T1	-0.098894700050354	-0.13641788335454544	-0.6738665914535522	7794	12153
GCTGCTACTGCGTAGC-1	P24_T1	-0.08989584822124902	0.22819857869372273	1.2535415124893188	9883	11201
GCTGCTCTCCGGACAC-1	P24_T1	0.2721448125839233	0.005997731381614746	-0.6373449754714966	8570	7375
GCTGGCAGGTGCCGTG-1	P24_T1	-0.25075712871551514	0.03271078476703143	1.2511191209157309	1870	6409
GCTGGCATATTCACCT-1	P24_T1	-0.05646669387817383	-0.07225798200440887	-0.2549710273742676	5054	7370
GCTGGCGGCGCATGCT-1	P24_T1	-0.009110318660736083	0.2657459444580995	1.1072557846705118	8673	11772
GCTGGGAGCGCGTCAA-1	P24_T1	-0.21420193862915038	0.06951730336652243	1.9958568461736044	5262	15400
GCTGGTTTAGGCCATA-1	P24_T1	-0.029190062046051013	-0.14741272854324955	-0.16916579405466714	3178	12911
GCTGTATTACTGGCCC-1	P24_T1	-0.07746311452653673	0.10196980887344756	0.2538503766059875	5819	10239
GCTGTTGCTACCGAAC-1	P24_T1	0.009825803014967216	0.2032541337295934	0.5171167981624603	12084	8910
GCTTAATGTAACTAAC-1	P24_T1	-0.21895401287078858	0.06539097088295343	0.26383656978607173	10874	9482
GCTTATGAAGCAGGAA-1	P24_T1	0.18976949961980183	0.25700619510089523	0.3448069421450297	11426	8144
GCTTCCAGCTTAGATT-1	P24_T1	-0.1522757749557495	0.058929513631517744	0.9596524874369304	3413	2970
GCTTCCCGTAAGCTCC-1	P24_T1	-0.07183495140075684	0.14966224930697108	-0.5519695091247558	12073	15793
GCTTCCGTCCCTAGAC-1	P24_T1	0.21792396728197735	0.2737182569783806	-1.031113646030426	10109	6995
GCTTCGACGTTCAATC-1	P24_T1	-0.06026226822535197	0.06334120635218266	0.46425027290980025	3285	14632
GCTTGAGTGACCTCTG-1	P24_T1	0.4556712919871012	-0.18146430806025562	2.2617255544662473	14052	15413
GCTTGATGATAATCAG-1	P24_T1	0.11951860025193957	0.10622607288211251	-0.6430082750320435	5606	5650
GCTTTATTAAGTTACC-1	P24_T1	-0.027547618124220102	0.0035668228830000454	-0.6175228214263916	10315	16172
GGAAACAGAGCTTGGG-1	P24_T1	0.013826847076416016	-0.11407690080220267	1.3177460662523903	4492	15972
GGAAACTAAATGGGCC-1	P24_T1	0.08879641871982152	0.16091348194169253	1.3884047047297159	12847	12926
GGAAAGGGAATTGAGC-1	P24_T1	0.12969136508305867	-0.049597946056050196	0.8263991594314575	9657	15406
GGAACCCGAACAAGAA-1	P24_T1	0.08445670302708941	0.05329442302585985	1.0841369098424911	2640	5836
GGAACCGTGTAAATTG-1	P24_T1	0.028079102304246706	0.03825931927768443	-0.1619339243570963	6807	10814
GGAACCTTGACTCTGC-1	P24_T1	0.29058627637227374	-0.015395261430633689	-0.1470179891586304	3947	12721
GGAACGGCCTGCAGCC-1	P24_T1	0.11326901716656154	0.16597509784186446	1.6218599724769591	3298	6220
GGAAGGACACCGTATA-1	P24_T1	0.3008904442257352	0.37154828235340326	0.7622482856114705	10755	15408
GGAATGCGCTAGCGTG-1	P24_T1	0.07496501821941798	-0.09937348508461476	-0.3904698212941487	10658	7570
GGACAACCATGAAGCC-1	P24_T1	-0.22071298837661743	0.08912093520697867	-0.43183913310368854	12844	14838
GGACAAGTTGCAGTGA-1	P24_T1	0.08402866978115506	0.16798554970914087	1.1941559664408365	2417	7748
GGACACCTCGGTGTTG-1	P24_T1	-0.03931193330552843	-0.02155512457992674	0.6404363512992859	8557	15787
GGACCAACAGGATAAC-1	P24_T1	-0.3038920340538025	0.3297312142998313	0.9927088061968483	9004	11199
GGACCTCTAGGCCGCC-1	P24_T1	0.14735920357704163	0.26809943052346275	1.5638413635889687	4936	12531
GGACGGGCGACCAACC-1	P24_T1	0.07155938265058731	0.10261070294934899	1.3232992188135781	14493	14267
GGACTAAGTCAGGAGT-1	P24_T1	-0.15108289861679078	-0.125935796123223	0.0642013303438822	2199	6601
GGACTCACAAATTAGG-1	P24_T1	0.2555471937656403	0.28019680832856453	0.5136761601765949	14938	10826
GGACTCGAAGCTTTCA-1	P24_T1	0.09713887304729885	-0.037041945345449745	0.829833928743998	15264	12930
GGACTCGACAGCGCAT-1	P24_T1	0.2746766596900092	0.48201605670937486	-0.14568984031677246	6692	14446
GGACTCGTGAGTGGTC-1	P24_T1	-0.23714656209945678	0.28436573659813646	0.37247233708699534	5814	13680
GGACTCTTCCGGTTGA-1	P24_T1	0.14972066614362933	0.19614478265679125	0.5230543160438537	15155	12356
GGACTCTTTGACTAAG-1	P24_T1	0.2593978856404623	0.3092253384174117	0.8550794529914856	10756	15026
GGAGAAGTCATTGGCA-1	P24_T1	-0.23173033428192139	0.07768596045389536	0.3795301135381062	6155	5842
GGAGACCATCTACATA-1	P24_T1	-0.14620396184921264	0.13502192043884753	-0.8165575742721558	2522	10998
GGAGACGACACCTTTG-1	P24_T1	0.11516549693213568	0.02407750814019699	0.8531414095560708	9006	9670
GGAGCAACATTTCAAG-1	P24_T1	0.19280917930603028	0.47362114145718437	1.4493805813789367	12958	12353
GGAGCACCAAGAACTA-1	P24_T1	0.004826085673438174	0.0932385238758403	1.0448183393478394	10659	6422
GGAGCGAGGCCTACTT-1	P24_T1	-0.18213237619400025	-0.007509990493189844	-0.063661535580953	9219	14259
GGAGGGCTTGGTTGGC-1	P24_T1	-0.043843473116556786	0.20268065677393202	0.9643292188644409	10218	7569
GGAGGGTCAAGTAAGA-1	P24_T1	0.05642197028795881	0.44625568409894134	1.1456563154856363	14165	13310
GGAGTGCCGCCCTGGA-1	P24_T1	0.045621707280476875	0.09884527295627848	0.4657839918136597	7475	5079
GGAGTTGATTCTGTGT-1	P24_T1	-0.2304335097471873	0.2818510504043609	1.6404019363721214	13943	14457
GGATCAGAGCCATCAG-1	P24_T1	-0.17150438700781928	0.24175854710657857	0.8636642471949261	1755	9659
GGATCCGGAATATACT-1	P24_T1	-0.17328527975082397	-0.0964203930941204	-0.20105373144149785	10657	7952
GGATCTACCGTTCGTC-1	P24_T1	-0.1249501895904541	0.09852556374249043	1.0200471584002178	5041	16164
GGATCTTACTGCCCTT-1	P24_T1	0.13149238114886813	0.23988142262902568	1.50502720673879	5484	13871
GGATCTTGACTCAACC-1	P24_T1	-0.06785449314117431	0.004807497830998986	1.168917113939921	3510	11191
GGATGAAGATCGCTGA-1	P24_T1	0.018610926204257555	0.23031058667490145	0.21294498523076366	11973	9483
GGATGACGCGAGTTTA-1	P24_T1	-0.005177399079004941	0.3321139852805959	0.6867331949869793	6591	8519
GGATGCTGGCGTTCCT-1	P24_T1	-0.11255922317504882	-0.12951588390657565	-0.6991861510276794	3734	8897
GGATGGCTTGAAGTAT-1	P24_T1	0.13604352362950642	-0.19108267198473014	-0.9842391037940978	12405	14455
GGATGTCCTTACCGCA-1	P24_T1	-0.08593192587958443	0.15850768019955697	0.617267991701762	11646	8145
GGATTAATCATGGACC-1	P24_T1	0.0849337921142578	0.14867963006832455	1.1488146829605101	9877	15024
GGATTCAGTACGGTGG-1	P24_T1	-0.13074000453948975	0.19701480358772366	-0.19290327231089266	5278	5076
GGATTGAAGTAGCCTC-1	P24_T1	-0.1551667699813843	0.07320375970546031	0.17142943382263187	12842	15985
GGATTGCTGTGACTCC-1	P24_T1	0.13671470448705886	0.27731542015902416	1.0949384669462838	10869	12923
GGATTTCACTTCTATA-1	P24_T1	-0.11600652122497558	0.326149853283927	-0.6147928762435914	10768	7379
GGCAAAGGCGCCAATA-1	P24_T1	0.04858274976412455	-0.08779173259367079	0.13165104826291407	5377	11767
GGCAAATTACTTTACT-1	P24_T1	-0.04090471675660873	0.1988302087890489	0.7203117227554321	7469	9285
GGCAAGCCCATAGTGG-1	P24_T1	-0.06735710144042968	-0.14832353431906475	-0.6507160377502441	8340	14257
GGCAAGGCGAAATAGC-1	P24_T1	0.022460660378138264	0.07811397270734943	0.922466575304667	9225	10053
GGCAATAGTCAATGAG-1	P24_T1	0.1173870620727539	0.07212877953612565	-0.7431288099288941	9340	7185
GGCACTCAGCCGACCC-1	P24_T1	0.19153668721516925	0.2334442284683253	1.3067752703030906	15156	11974
GGCACTCCACTGGGCA-1	P24_T1	0.04649451494216916	-0.10037414632920985	0.7400375644365946	6702	7946
GGCACTGCGGTGGTTT-1	P24_T1	0.2978829286363389	0.216568836029744	-0.9947729969024658	13723	14839
GGCAGAGAGATCGGGA-1	P24_T1	0.03823636563618976	0.3016154464059228	1.448663419087728	1977	8130
GGCAGCAAACCTATGC-1	P24_T1	-0.20711057376861572	0.3040827156713345	0.21268278121948248	12959	11206
GGCATACAGGTAGCGG-1	P24_T1	0.11976196416219073	0.27210651428107446	1.0684968376159667	5163	7943
GGCATTCCCTCCCTCG-1	P24_T1	0.14873886818355983	0.20981012588112682	0.18232789993286136	13831	16178
GGCATTGAACATCTCA-1	P24_T1	0.30741759490966797	0.3035110687249459	1.1063907607396446	8008	15595
GGCCCAGCTGGTTTGC-1	P24_T1	-0.03576736349529688	0.11217473604001721	-0.8617066168785095	9767	14833
GGCCCTCACCCACTTA-1	P24_T1	0.07030987421671553	0.08753135513672627	1.0295587118466696	4174	8515
GGCCGAGACTCTGGTG-1	P24_T1	0.5343514320585463	0.2951618032300765	0.9880408000946046	5155	13296
GGCCGCAGGAACCGCA-1	P24_T1	-0.16277679538726808	0.1466607891473194	0.8161869359016418	14383	14458
GGCCGGCGTCTGCTAT-1	P24_T1	-0.015820261425442184	0.17270514455684344	1.9033898385365806	10318	13878
GGCCGTTTGGGTTTCA-1	P24_T1	0.38378752729627824	-0.18886872105950478	-0.027291170756022054	6584	12725
GGCCTGCTCTGATGTT-1	P24_T1	-0.16290401220321654	0.16038132607270145	0.06925347089767453	8668	15214
GGCCTTTGCAACTGGC-1	P24_T1	-0.06544604873657227	0.13913524764229518	0.23485512415568033	2526	8322
GGCGAAATCTAACTTG-1	P24_T1	0.24594933528370333	0.3316901473190961	0.7168305424849191	11204	9673
GGCGAGCGAAACGGCA-1	P24_T1	-0.14336578178405762	0.192067598336495	-1.0321112060546875	2411	11189
GGCGCACAGTTTACCT-1	P24_T1	-0.09045623302459717	-0.14990193251795417	0.27505516688028964	12952	16176
GGCGCAGGACATCTTC-1	P24_T1	0.13269425715340505	0.17053205028209645	1.1320420575141907	4613	8516
GGCGCATGAATTGATG-1	P24_T1	-0.01522177600860597	-0.03577331288548924	0.04916519959767662	7578	9477
GGCGCGGAGATCTTTC-1	P24_T1	-0.2584924750328064	0.10168256155596483	0.2834214305877686	11089	12541
GGCGCGTTCGAGTTTA-1	P24_T1	-0.22670668506622316	-0.04796246354211897	-0.23949957370758057	8126	10433
GGCGCTCCTCATCAAT-1	P24_T1	0.14766385290357803	-0.13691810313487213	0.5522797091801961	3740	4691
GGCGCTTCATTCCCTG-1	P24_T1	-0.11505189228057862	-0.11367039792489686	-0.630844202041626	9439	14259
GGCGGAGTAATATTAG-1	P24_T1	-0.12264109897613526	-0.11558632002580886	-0.6662845087051391	6702	7563
GGCGGGCTCTAAGAGT-1	P24_T1	0.2260668119324578	0.14742460420201026	1.4991343649228415	15596	11592
GGCGGTAGGATCATTG-1	P24_T1	-0.14117753219604492	-0.053244305937082174	0.4065199581782023	9230	7376
GGCGTAGGGAAAGCTG-1	P24_T1	0.2647800776163737	0.25532403774976203	1.3216464249293007	10648	13687
GGCTATTAAGTTGTAT-1	P24_T1	0.20293424065907795	0.17225937388620655	0.33890541156133014	6153	7754
GGCTCCTCCACCTGTT-1	P24_T1	-0.10898206424713135	-0.06764104622322441	0.47989699363708493	5486	12723
GGCTCGTGCCACCAGC-1	P24_T1	0.18431601593229507	-0.004184667296057598	1.0800972970326743	5827	5268
GGCTCTGCTCCAACGC-1	P24_T1	-0.14469266986846924	0.06435686963249906	-0.5267921829223633	9561	6421
GGCTGAAATAGCAAAG-1	P24_T1	0.038838972303602434	-0.11634750774242734	0.22464652379353844	10323	10819
GGCTGGCAATCCCACG-1	P24_T1	-0.026169512589772514	0.36775965511932196	0.8573243145147957	11304	15983
GGCTGGCTAGCTTAAA-1	P24_T1	-0.19194170427322388	0.14549364419591507	-0.4768949071566263	4841	3546
GGCTTCTCGTGGGTGG-1	P24_T1	-0.0791637487411499	0.23408387864729435	-0.5499375534057617	10645	15982
GGCTTTCAATAAGGGT-1	P24_T1	-0.06635790729522704	0.038453743761817885	-0.5097467756271362	8452	12919
GGGAAAGAATGCCAAC-1	P24_T1	0.11344080501132542	0.08127674893778175	1.3888452434539795	13503	14839
GGGAACGGGAGGTTAG-1	P24_T1	0.26383336469862195	0.17399957249361933	1.6045517126719155	5711	8900
GGGAACGGTTTCAGAT-1	P24_T1	0.16419513442781236	0.19403363230911147	0.9903184731801353	5154	13679
GGGAAGACGGTCTGTC-1	P24_T1	0.19488522010379367	0.5201663406903312	1.101772206624349	9989	13686
GGGAAGGGCTTTCTCA-1	P24_T1	0.32773673804601033	0.01146117446139891	0.4563554032643635	11198	13497
GGGAATTCTGTCCAGT-1	P24_T1	-0.020469498422410748	0.1364747497859417	0.3679712009429932	2089	6792
GGGACAGAGTTACTCC-1	P24_T1	-0.10358295811547172	0.014176320042919521	-0.41453698794047034	3728	12338
GGGACCCGTATATCTT-1	P24_T1	0.10846612151463825	0.0018152058524573134	-0.3147172395388286	7464	12344
GGGACTGCATAGATAG-1	P24_T1	-0.14872440073225232	-0.08629282555590809	0.8049027760823566	8240	7566
GGGAGAACTCACAGTA-1	P24_T1	-0.0685119867324829	0.07679876025091081	-0.5640700054168701	8680	7566
GGGAGCGACCGTAGTG-1	P24_T1	-0.1343642349243164	-0.13986676331334466	0.2963109064102173	11086	14453
GGGAGGATGCCCGAAA-1	P24_T1	-0.04243221129311453	0.03326231921279191	-0.220913987159729	7250	8520
GGGAGTAATGGCTGGC-1	P24_T1	0.3861454310946994	0.26949198620698067	-0.29390302578608185	6269	3357
GGGATACGGTAATAAT-1	P24_T1	-0.07558971251381767	-0.005216229815344434	-0.6621282696723938	2420	5454
GGGATATTGATCGCCA-1	P24_T1	0.12145349884033202	0.45655054294022934	0.6903340911865234	4162	15780
GGGATGGACCCGCGTC-1	P24_T1	0.08298343971040512	0.21540894877723937	0.9816323645909628	2188	13865
GGGATTTACCGCACCT-1	P24_T1	-0.16885224183400474	0.263338844448128	1.1944518621762594	11534	9483
GGGCAACCGCACGTGC-1	P24_T1	-0.22748007345199586	0.15070603751229494	-0.13389942407608035	3729	11956
GGGCACGAATTGGCCG-1	P24_T1	0.11640880722469754	0.23120448113287856	1.4387440141042076	1759	6982
GGGCACGTAGTACTGT-1	P24_T1	0.1535637436972724	-0.028972605730863216	1.7339780600865682	6911	14829
GGGCACTATTGACCAT-1	P24_T1	0.053622194449106875	-0.08602404554418269	1.4366527140140533	1969	13100
GGGCAGACGTCACTGC-1	P24_T1	0.0899693086412218	0.18959615267896548	0.7511700646082561	2083	10615
GGGCAGAGCAATCGTT-1	P24_T1	0.07457043552398682	0.3633741757747044	0.8618170658747356	8233	12537
GGGCAGGATTTCTGTG-1	P24_T1	-0.2139580192565918	0.2142995603265912	-0.6709163522720337	2407	13866
GGGCAGTCAACGCCAA-1	P24_T1	0.013634196599324522	0.3099827909096242	1.407784287134806	10317	14643
GGGCATGCATGTCGAG-1	P24_T1	0.11499546464284263	0.09792340748528772	-0.7714098215103149	7679	15403
GGGCCATTCGTGCTGG-1	P24_T1	0.19617811907662283	0.011879490792617992	-0.39898001273473105	2406	14630
GGGCCCGTCTTAAACA-1	P24_T1	0.23010294580459595	-0.010536837097782414	0.6184495933850604	7358	9476
GGGCCCTACGAAAGGG-1	P24_T1	0.2925482292175293	-0.024523671041399048	-0.969511399269104	3404	8705
GGGCCCTTATCTATAC-1	P24_T1	-0.2334990301132202	-0.07324317577701286	0.43037709236145016	2197	7748
GGGCCGGCCGAAGTAC-1	P24_T1	-0.11811883327696057	0.06886175048164611	0.9952173280715941	10876	8335
GGGCCTAAATGGGCTA-1	P24_T1	-0.12049811363220214	-0.1298330638232647	-0.6687579917907714	2633	10042
GGGCGAATTTCTCCAC-1	P24_T1	-0.14023998059166803	-0.054007857971276774	0.9703027804692588	2422	4689
GGGCGATATGTGTGAA-1	P24_T1	-0.07187645456526015	0.18342913697229934	0.8512958041826884	8022	6801
GGGCGGCAAATGAATT-1	P24_T1	-0.26837561321258546	0.2903756430618448	1.061441184679667	6587	10813
GGGCGGGTTCCCTACG-1	P24_T1	0.22293057486746048	0.0632905000341552	1.0124181922276816	5710	9665
GGGCGGTCCTATTGTC-1	P24_T1	0.006638724750942654	0.13440581136101845	-0.16567283312479653	4730	4119
GGGCGTACATTTATAT-1	P24_T1	0.05163271734449601	0.18384908376390766	1.0696297057469688	7584	6035
GGGCGTCACCACGTAA-1	P24_T1	-0.11638531398773193	0.01754652133724033	-0.27690963268280033	7137	10623
GGGCGTGGTTTCCCAG-1	P24_T1	-0.0014106424119737504	0.2705622110057464	0.5541913334528605	10539	13114
GGGCGTTTACATTCAT-1	P24_T1	0.30757261784871426	-0.04504090820916279	1.0792069673538207	4495	14060
GGGCTACTATTTCGTG-1	P24_T1	0.03871190987692941	0.07194719271905202	-0.8012493467330932	2302	10998
GGGCTATGATCGATGG-1	P24_T1	-0.08672750473022461	0.24050552439636297	-0.30268325805664065	7244	12344
GGGCTGCCTAGGGCGA-1	P24_T1	-0.1303246011734009	-0.1266048594609203	-0.5459342861175537	9229	7759
GGGCTGGTTAGTCGCG-1	P24_T1	-0.09265659893883599	0.37879564911460445	0.44420914808909107	7252	7373
GGGTAATGCTGTGTTT-1	P24_T1	-0.13750624465942382	-0.10779048772466263	-0.8467131996154785	3962	3162
GGGTACCCACGGTCCT-1	P24_T1	-0.15868227211634323	0.2311993403989463	0.07086803277333575	4510	4119
GGGTACTTCATGAACT-1	P24_T1	0.026688918113708493	0.12662038113713528	0.36983817577362066	5932	8518
GGGTATGTATGCACTT-1	P24_T1	-0.1464764059914483	0.1186044085479156	1.0031905349095664	4726	6796
GGGTATTCTAGCAAAC-1	P24_T1	-0.044876679791344534	0.23289023569766307	-0.3984859601656595	3289	11955
GGGTCAGGAGCTAGAT-1	P24_T1	-0.01657622898949515	0.033688072923579226	-1.014357943534851	7681	13874
GGGTCATGCGTACCAT-1	P24_T1	-0.2607203750610352	0.09294875722870197	-0.1623350413640341	3189	5646
GGGTCCTTGGAAGAAG-1	P24_T1	-0.20843199825286868	0.19516204854252617	0.9086218802134194	2845	15014
GGGTCTATCGCTTTCC-1	P24_T1	0.4637429960038927	0.23047210566149462	1.4748438811302185	14055	13501
GGGTGACACCTTAACT-1	P24_T1	0.10678218491872149	-0.06095589187321246	0.8226168131828309	7797	10242
GGGTGTTTCAGCTATG-1	P24_T1	-0.11771238186624317	-0.04455051766145948	-0.4166309980551402	9124	4508
GGGTTAACATTTGAGT-1	P24_T1	-0.22781805419921874	-0.0849110263439366	0.4167835768063862	7135	11770
GGGTTCAGACGAACAA-1	P24_T1	-0.19486853408813476	-0.054686568794101165	-0.17384068568547573	3739	5073
GGTAAACTCTGCGCTG-1	P24_T1	0.05149398114946152	0.11970093932994524	0.8267692732810974	14164	14075
GGTAACCGGGAGGATA-1	P24_T1	0.3191886449389987	0.37621410961119117	0.8494492546717327	4607	12340
GGTAACTATGTATCTG-1	P24_T1	-0.12223850440979003	-0.14919760643235788	0.19846364657084148	6488	3739
GGTACAAACATGCTAT-1	P24_T1	0.13092256259918214	0.014581795106798218	-0.435729386806488	7579	9094
GGTACATCTGGGACGA-1	P24_T1	0.0594321108924018	0.28381800418198777	0.24704031944274907	3624	8706
GGTACGTTGCGGCCGG-1	P24_T1	0.0044507866965400045	-0.06039860237898176	0.4901063140233357	13944	14075
GGTACTAAGTGCTTTG-1	P24_T1	0.26036493725246856	0.2772834034307424	0.9897432883580528	15157	11209
GGTAGAAGACCGCCTG-1	P24_T1	0.18170848862330113	0.2399047641479462	1.3653223776817323	9443	11582
GGTAGACCGTTGGGCG-1	P24_T1	-0.185481725692749	0.06298067119030876	1.659042364756266	7465	11579
GGTAGGCCAATATCAC-1	P24_T1	0.1724451355404324	0.041455038841938824	0.005896992683410596	7569	15594
GGTAGTGCTCGCACCA-1	P24_T1	0.31675242953830296	-0.05833139355550676	0.99823255221049	9558	7950
GGTATGAAAGAACTGA-1	P24_T1	0.1630126401318444	0.24214622371682115	1.339391655524572	1647	7938
GGTATTGCCGAGTTTA-1	P24_T1	0.06753869883219399	0.2072322416625567	0.3656864070892334	7471	7756
GGTCAAGACTACTTCG-1	P24_T1	0.1647176482942369	0.34924769061523797	1.0885809803009032	13179	11588
GGTCAGTGGGTCCCAC-1	P24_T1	-0.2739722592830658	0.005042403336339374	1.1827479736010231	8455	10625
GGTCCACGTCTATTTG-1	P24_T1	0.16694882986280657	0.08161653941643052	1.277036682764689	4383	15398
GGTCGGCCAGGAGCTT-1	P24_T1	-0.18572293090820313	0.19600357771986548	-1.0669039821624755	10877	7570
GGTCGGTAATTAGACA-1	P24_T1	-0.17843826574749416	-0.02898335683532474	0.7015337642033894	5609	3738
GGTCGGTCGTCCACAG-1	P24_T1	0.5043484417597452	-0.08230100942138058	-0.7365350532531738	7354	12153
GGTCGTAAGCTCGCAC-1	P24_T1	-0.13480510309007435	-0.051201639026070056	1.5279882129033409	3731	10809
GGTCTCCAAGTAGTGC-1	P24_T1	0.317762226263682	0.25072197919457284	0.5248150300979614	15377	10827
GGTCTCCGTCCAGGTT-1	P24_T1	0.08269401688045924	0.022703357857612433	-0.05503795782725007	12736	13499
GGTCTCTGAATGGACT-1	P24_T1	0.1174224566883511	0.07396235908704583	-0.19952749967575079	5378	11385
GGTCTGAGAATCTGGA-1	P24_T1	0.10882781219482421	-0.14589566992433278	-0.5509000396728516	10439	7187
GGTCTTGAGCGCTCTT-1	P24_T1	-0.13554724502563475	-0.12999660936778024	0.44548853874206545	8780	13876
GGTGAACGGGCTAGCC-1	P24_T1	-0.06673364517423841	-0.07372907657484612	-0.44680159489313753	5171	2973
GGTGAAGTACAGGGAT-1	P24_T1	-0.2474955644607544	0.4417266591016611	0.5751252381006877	5709	10430
GGTGACTGATAGAGAG-1	P24_T1	0.05186750798755224	0.11936924734904997	1.5616993157068886	15483	13695
GGTGAGATGCAGATAA-1	P24_T1	0.13304474499490523	0.06685969126837898	0.14785189549128208	5608	4503
GGTGATAAGGAGCAGT-1	P24_T1	-0.024342445108625627	0.050782076197715936	0.6711980366706849	10327	8525
GGTGATGAAGGAAGTG-1	P24_T1	0.03833689318762884	0.027290738869033382	1.1296533274650573	1758	7365
GGTGCATAAATGATTA-1	P24_T1	0.10825281016031901	-0.20370578845875376	0.4229518795013427	6802	14255
GGTGCGGATAAGTGGC-1	P24_T1	0.016714044464959027	0.2802071621353994	0.3607361872990925	6707	4505
GGTGCTGATCACAAAG-1	P24_T1	-0.03144198417663574	-0.08710741796749549	-0.8070582771301269	3957	6603
GGTGCTGGTACACATT-1	P24_T1	-0.09942835617065429	-0.09748742724425041	0.44500625451405845	6699	9475
GGTGGACTGCTCTGGC-1	P24_T1	-0.0782065200805664	0.08681417178254267	-0.6630178880691528	10980	11967
GGTGGAGGTTGATACG-1	P24_T1	-0.20443363523483277	0.05450088225755115	1.2969173208872475	15049	9871
GGTGTAAATCGATTGT-1	P24_T1	0.2561048590342204	-0.11943844340791639	-0.34284029960632323	8779	14640
GGTGTAGGTAAGTAAA-1	P24_T1	0.6378521429697672	0.4611126640499038	0.19932969252268473	7130	14829
GGTGTTGGGCGTCTTA-1	P24_T1	0.14900375713242425	0.22534636519765966	0.6725867732365924	15157	10827
GGTTACCACCCTCGGG-1	P24_T1	-0.26224325895309447	0.05619073934203028	0.599375503063202	5270	10047
GGTTAGCTATATGTCT-1	P24_T1	-0.07465329064263238	0.013847109322046525	1.1879110972086586	11203	10438
GGTTAGGCTTGGAGAA-1	P24_T1	-0.25763683938980103	0.1270123700834227	1.0262711350123088	5605	6797
GGTTAGGGATGCTAAT-1	P24_T1	0.03320742437574603	0.08415796826083125	0.9072348721822102	3173	15970
GGTTAGTTACGGCGCC-1	P24_T1	-0.02379512590832178	0.33512121719001925	0.9428736225763956	4177	6604
GGTTCGCATTTGCCGT-1	P24_T1	-0.1002349042892456	-0.10228459707042514	1.2651528994242351	12952	15794
GGTTCGGATTATACTA-1	P24_T1	-0.07419355392456055	-0.07697615847491578	-0.37096776962280276	2415	8895
GGTTGTGCTCTTGTCC-1	P24_T1	-0.12983232614729137	0.03512523358300229	-0.15257350921630852	2749	6028
GGTTGTGTAGCCTGGC-1	P24_T1	0.11082313590579562	0.08641111144016786	-0.53211519241333	3076	7749
GGTTTAGCCTTTCTTG-1	P24_T1	-0.0011584519810146632	0.26480273372374924	0.2543901197115581	12851	10249
GGTTTGAGTGCTGGAA-1	P24_T1	-0.0028939292695787378	-0.059190152942200924	-0.6711558651924133	6269	3739
GGTTTGTGACCTGAGG-1	P24_T1	-0.06312627410888672	0.3655897578937095	0.33473684787750246	13176	13118
GTAACAGGTTAACGGC-1	P24_T1	-0.13426655769348145	-0.13762608950570127	-0.6063012838363647	7568	15977
GTAACATCTAAGATAA-1	P24_T1	0.23809407207700944	0.29105870375697246	-0.1936367050806681	13727	12163
GTAACTACGTAGACCT-1	P24_T1	0.15598004722595216	-0.16439341378692013	1.1183424917856852	3504	15397
GTAACTGCCCAAGGAG-1	P24_T1	0.06282637564341226	0.04591023281916676	1.1213013807932537	6692	14064
GTAAGCGGGCAGTCAG-1	P24_T1	-0.05927678574456108	0.06641023711070118	0.640666726430257	8573	5846
GTAAGTAACAGTCTGG-1	P24_T1	-0.11188440227508545	0.07756765323463971	-0.6978046321868896	10655	9099
GTAAGTAGGGTATACC-1	P24_T1	-0.16734691460927328	0.13126789716799522	0.7703174599011737	5605	6415
GTAATCTGATTCTTCG-1	P24_T1	0.20949596934848363	0.15326144771287903	1.2393557103474937	6477	11004
GTACACTTACCTGAAG-1	P24_T1	-0.030999753289752546	-0.0051736147278373945	1.151240473985672	8679	8331
GTACAGAGGCAAGGGT-1	P24_T1	-0.12462860865063136	-0.04514756362043504	-0.5086847086747488	10766	8526
GTACGACGGCGCTGCG-1	P24_T1	-0.002873254987928592	-0.03487385612739545	-0.8902698945999146	4511	3736
GTACGAGATTGCGACA-1	P24_T1	-0.005593262725406223	-0.047712301981262445	1.6441493352254233	7914	5462
GTACGCTTCATTGCAC-1	P24_T1	0.12406143437491524	0.13947255932778055	0.30522686878840133	9555	10244
GTACGTTTGCCCGTCA-1	P24_T1	-0.05294533970620899	0.20374486553722315	0.9562839758396149	9116	9861
GTACTAAGATTTGGAG-1	P24_T1	0.11797682174046834	-0.04471919693936169	0.3881176821390788	7693	6609
GTACTACGGCCTCGTT-1	P24_T1	-0.15446392726898192	-0.17946883336009595	0.20257017612457273	10975	15791
GTACTCCCTTATCGCT-1	P24_T1	0.00014101404613919843	-0.06233682741788141	0.5378772862752277	4723	8325
GTACTGAGGTCGTAAC-1	P24_T1	-0.11685184097290038	0.1516075042270174	-0.6313584923744202	6818	3549
GTACTGCATGAAGCGT-1	P24_T1	0.4743637297948202	0.18857901028338697	0.10228140592575075	5939	3547
GTACTGGAGTTAGACC-1	P24_T1	0.6356301113764444	0.10190866710888992	1.1689042218526202	10547	7761
GTACTTGGGCACTTCT-1	P24_T1	-0.1351208667755127	-0.04353333819632563	-0.6703340077400207	5278	4693
GTAGAAACGGGTGGAG-1	P24_T1	0.17295011552174883	0.08148423617318173	2.173151249885559	3408	6029
GTAGACACGCCTGACT-1	P24_T1	-0.12802219772338866	-0.09529284342823413	0.32952694892883305	9000	13494
GTAGACGTCGTTACAT-1	P24_T1	-0.09382380141152274	0.15853023229029356	-0.3469443241755167	5939	3930
GTAGAGGGAGACAAGT-1	P24_T1	0.0708336353302002	-0.22443677675003973	1.8308711194992067	5048	11193
GTAGCCAAACATGGGA-1	P24_T1	0.05729204511642455	0.10934551796923814	1.1059697922070824	9334	11009
GTAGCGGCTATACACT-1	P24_T1	0.0011138747003343052	0.22413140495351497	1.6309556023279825	9227	8906
GTAGCTCCGGGAGGCT-1	P24_T1	0.07603807646698424	0.23449244926906543	0.9370329048236212	5704	13871
GTAGTCGCGGGAATCA-1	P24_T1	-0.10212476825714112	-0.13960742710420748	-0.897932095527649	10543	10819
GTAGTCTACGATATTG-1	P24_T1	0.14641344854566787	0.40505952483055574	0.5957314682006836	10099	13495
GTAGTGAGCAACCTCA-1	P24_T1	0.18891977882385252	0.4411574204762777	1.987061280409495	14053	14649
GTAGTTCGAAGGCGAA-1	P24_T1	0.10637490500344168	0.06782528591369355	0.023255514303843094	5923	13871
GTAGTTTAAGCACACG-1	P24_T1	-0.20794272804260253	0.11371015088936892	0.7111704619725544	4163	15398
GTATAATCTCCCGGAT-1	P24_T1	-0.08168448829650879	-0.14159396990833667	-0.13614081382751464	2972	4116
GTATAGGACTCAGTAG-1	P24_T1	-0.21627181339263915	-0.035133865122293745	0.30947005589803056	8024	5271
GTATCAAACGTTAGCT-1	P24_T1	0.029871932652261513	0.06542141413862007	0.8893711123863854	12299	11969
GTATCAAGGTACTTCC-1	P24_T1	0.4959847629335191	0.3192161252301278	0.9299693202972412	9547	15215
GTATCAGCTTGGGTTC-1	P24_T1	-0.0784599199295044	-0.1316441609555443	-0.6543207454681397	5387	5267
GTATCCTTTGGTAACC-1	P24_T1	-0.20428850547472635	0.02746036798761997	1.4729997062683104	11747	13689
GTATCTCAGTCTTGAC-1	P24_T1	-0.1538897442817688	0.012065966123969235	-0.7422223973274231	4058	12530
GTATCTCGGGCGCTTT-1	P24_T1	0.11562364212671916	0.3633618362131268	1.3526052951812744	3724	15015
GTATCTTTCATAACCA-1	P24_T1	-0.017693637688954655	0.03999718123634388	1.121092805067698	8896	10243
GTATGAAATTTCACTC-1	P24_T1	0.03557841984430948	-0.11515655093545081	-0.6737551856040954	4059	11383
GTATGACGTGGGAAAC-1	P24_T1	0.07221159595913357	0.011743566600535021	-0.680395998954773	4842	2781
GTATGTGGGTCTAGTT-1	P24_T1	0.2915259547233582	0.21574554527365922	-1.1355439352989196	11755	8718
GTATTAAGGCGTCTAA-1	P24_T1	-0.11238867939843071	0.2644551544381468	-0.48130283991495765	4508	5266
GTATTCTGAGAAACGA-1	P24_T1	-0.1077713842391968	0.08188763487525699	0.5737784751256305	5818	10621
GTATTCTTACCGTGCT-1	P24_T1	0.09793160671657986	0.06140083181244682	0.9742107725143433	3963	2780
GTATTTAATGGCATAA-1	P24_T1	0.18391122187508474	0.314391605139312	1.0068049232165017	14827	11400
GTCAAAGAAGTGGTGT-1	P24_T1	0.11955674213833278	0.11250139269519438	-0.10684699535369868	3619	12147
GTCAAAGTTTACATAG-1	P24_T1	-0.2174714424610138	0.09483520623288164	-0.9514426052570343	4840	3928
GTCAACCAGGCCTATA-1	P24_T1	-0.19792002105712891	0.23786570841834048	-0.9856819868087768	12955	13882
GTCAAGCGGACTCGGG-1	P24_T1	0.20607835419972736	0.3401037534611337	-0.8986529159545898	10106	8907
GTCACTCTCCAAATCT-1	P24_T1	-0.1005564152399699	0.03121077260981736	0.8542539978027344	5057	5840
GTCAGAATAGTCTATG-1	P24_T1	-0.2680731029510498	0.23730893143071424	1.3177520179748536	5165	7179
GTCAGTTTGGTAGTCG-1	P24_T1	0.0400127942827013	0.05610964708946961	0.22197362502415974	3077	6984
GTCATCCCAAACTCAC-1	P24_T1	0.4113218252393935	0.37350378060500894	1.0107903019587199	4162	16163
GTCATGCACCTCCGTT-1	P24_T1	-0.0340892972946167	-0.040357790537328526	0.5391697931289673	8351	6992
GTCATGCGCGAGGGCT-1	P24_T1	-0.22491014671325685	0.13277735086095416	-0.5886356719334921	12406	13690
GTCATGGACATGACTA-1	P24_T1	-0.11748138618469238	0.025038993598630765	1.1825220839182538	8462	6419
GTCATTAGAGCGAACG-1	P24_T1	-0.17233420753479003	0.05695729754381798	0.6810081545511882	9008	8523
GTCATTGCATTGACCC-1	P24_T1	-0.20231490325927734	0.12572387327550508	0.7103850889205933	3516	7367
GTCCAATATTTAGCCT-1	P24_T1	0.03028647316826713	-0.1709025842231392	-0.5173510456085205	7462	13874
GTCCACGTCGCATTCG-1	P24_T1	0.3765992982652452	0.3383563893620067	0.9222583866119385	14604	13693
GTCCAGGCACGTGTGC-1	P24_T1	0.22478373580508762	0.2274186608508662	0.8431536308924359	6471	14828
GTCCCAACGTAAAGTA-1	P24_T1	0.0463423809475369	0.2568093182256558	0.9646748510996501	9668	7759
GTCCCAATCATCCCGC-1	P24_T1	-0.029871412383185525	0.11899488337621328	-1.0270189762115478	1865	9468
GTCCCGCGACGTTATG-1	P24_T1	-0.04543504979875354	0.07762342438068431	0.3534094190597534	10650	12540
GTCCGAGAGCAATCAT-1	P24_T1	0.2021685178544786	-0.15928901601957796	0.38636394818623865	2527	7557
GTCCGGACCTGAAATT-1	P24_T1	0.304042588075002	0.08437004732072217	-0.28989207665125527	11310	11777
GTCCGGCTGAATTGCG-1	P24_T1	0.1980222291681502	0.15616964510489895	1.1717728507518768	7363	6800
GTCCGGGTTCACATTA-1	P24_T1	0.03218350802527534	0.16974356150467124	-0.4504266635576884	9438	14641
GTCCGTTAGAGGGCCT-1	P24_T1	-0.10204738998413086	-0.10352676986847947	0.10081248919169106	10205	15981
GTCCTACGAATAGTCT-1	P24_T1	-0.07082354916466604	0.22969394508890922	0.32829554239908854	11640	11586
GTCCTACTCTACGGGC-1	P24_T1	-0.1484142370223999	-0.009262860688053778	-0.7447119855880737	2301	11763
GTCCTAGGATACCTTA-1	P24_T1	-0.05609943252139621	0.07636111734697482	0.16810096422831222	2297	14057
GTCCTATTGTTGTGGT-1	P24_T1	-0.10215474160512292	-0.01920526926416144	1.0568035896619163	2418	6983
GTCCTTCTACAACCCA-1	P24_T1	-0.029795360989040787	0.00010435199844224807	-0.5113734992345174	2310	5645
GTCGAATTTGGGCGCT-1	P24_T1	-0.15235722637176513	0.15785253714661734	1.1391839170455933	3505	14632
GTCGATAGGTGACTTT-1	P24_T1	-0.043489348835415303	0.21220248297556937	0.8244368680318196	14937	11591
GTCGCGTAACCCGTTG-1	P24_T1	0.02999290026558768	0.1709464187056693	0.8262273065249126	9886	8907
GTCGGATATCTCAGAC-1	P24_T1	-0.011216466479831266	0.13320854206213215	0.28393309434254954	5603	7562
GTCGGGAACATGGTAG-1	P24_T1	-0.10466238403320313	0.10232258996440793	-0.6498380970954895	2085	9086
GTCGGGAAGCAGAAAC-1	P24_T1	-0.16476266765594483	-0.15917553997679845	0.4739565054575602	8782	12729
GTCGGGTGAAGTACCG-1	P24_T1	-0.19552432060241698	0.14696215383158434	-0.9287810611724854	14382	15223
GTCGTACCATCTCGGG-1	P24_T1	0.013777652952406183	0.14837541969563872	0.4249348990122479	8456	10243
GTCGTACCTACGATTG-1	P24_T1	0.575318894704183	0.17001684080034296	-0.39753534317016603	2635	8513
GTCGTCAATTATAAGG-1	P24_T1	-0.14232453060150146	0.1712127671945815	-0.7238649034500122	6599	3548
GTCGTTATTCGCTTAT-1	P24_T1	-0.10749920654296875	0.290592560565445	-0.3911108493804932	9994	10245
GTCTAGTGAGCCGCTT-1	P24_T1	0.23282162941826712	0.22005466660130474	0.9691934617360431	11746	14071
GTCTATACACGCATGG-1	P24_T1	0.21681587664286295	0.13269507591623053	1.2620582119623818	7129	15594
GTCTATCTGAGTTTCT-1	P24_T1	0.19000744718975493	0.4590040189974527	0.8549831398328145	6260	9092
GTCTATTGCATGCTCG-1	P24_T1	0.198658532248603	-0.10328096764733061	0.6804375378290812	13175	13882
GTCTATTGGTTCCGGT-1	P24_T1	0.011934664090474445	0.1104928343088035	0.23696944077809656	11531	11012
GTCTCAAGGCCCGGCT-1	P24_T1	-0.027341426849365233	-0.11468719316008907	0.8305307451883952	8891	12920
GTCTCCGCCTCAATAC-1	P24_T1	0.08873777304755318	0.42125734806860854	0.21246776183446248	8339	15022
GTCTCCTGCCAGTATG-1	P24_T1	0.04823503753874042	0.043455541933942965	0.4855316352844238	3068	12720
GTCTGCCGACTCGACG-1	P24_T1	0.07177629873487684	0.3318482898759095	1.0156000709533692	11195	15409
GTCTGGGCGGTCGAGA-1	P24_T1	0.034227672259012853	0.019312134725135446	-0.618446078300476	6478	10240
GTCTGTAGGTTGAACA-1	P24_T1	-0.034821170171101895	0.09501340645271661	0.8239435418446858	5921	15401
GTCTTCCTCACCTAAG-1	P24_T1	0.30072426001230873	0.18618760359633957	0.7531413181622821	1649	7173
GTGAAACGTGCTCCAC-1	P24_T1	-0.22243036556243898	0.18336248851195813	-0.06799334685007719	5720	3547
GTGAAGTCACGACTCG-1	P24_T1	-0.03364257780710857	-0.12252612401975081	-0.7497711944580078	2412	10807
GTGACAGCTTCCCACT-1	P24_T1	0.26571108669704857	-0.09212178991944998	-0.4617502307891846	9769	13686
GTGACCGCACACTACG-1	P24_T1	-0.21382496380805968	0.07035451910773116	-0.60537145058314	11644	8909
GTGACGCAGGTTTCAT-1	P24_T1	-0.14914704036712648	-0.16709479869612112	-0.643438639640808	9879	13877
GTGACTTCAGTAGTGC-1	P24_T1	-0.12588820934295655	0.12736839629393026	0.46859054724375404	7138	10241
GTGAGATAACCTTATA-1	P24_T1	-0.20562438678741454	0.21290167892805947	1.0039129145940144	6142	14636
GTGAGCGTGCTGCACT-1	P24_T1	-0.19392898572815787	0.007450912156094391	0.5906413745880127	4395	7751
GTGAGGACACTTAAGG-1	P24_T1	0.16693023482958477	0.008034481331539362	-0.04427905440330515	10106	9289
GTGAGTCTAAGACGGA-1	P24_T1	-0.31628372192382814	0.18943773890101667	0.9400197275479636	2859	6219
GTGAGTGGTACAACGC-1	P24_T1	0.03588348846965367	0.2529595800627531	1.1227950982252755	7795	11389
GTGATCAAGCGTGCAC-1	P24_T1	-0.160875517156389	0.1840015988488592	1.1144424970944722	4605	13869
GTGATCACTAACGCCT-1	P24_T1	-0.13931816556718615	0.2845811182487198	1.017285451889038	12301	10440
GTGATCATAGATCTGC-1	P24_T1	0.2523995169003804	-0.004461999774245884	0.2258380818367004	7907	10051
GTGATCCTTGTCATGA-1	P24_T1	-0.11761177020602756	0.005858410191482616	-0.15544431368509926	10869	13305
GTGATTCGCCGCTCAA-1	P24_T1	-0.26667194747924805	-0.08735113402607725	1.4661164871851602	6038	10621
GTGCAACAAATGTGGC-1	P24_T1	-0.1383221465746562	0.14141629439605696	1.0530206886927287	8466	4125
GTGCACCAGCTTCAAC-1	P24_T1	0.17198376994662815	0.10884658735603826	0.19725933710734045	7571	14065
GTGCACGAAAGTGACT-1	P24_T1	-0.15236835821469624	0.1168015162216737	-0.5625508546829223	9453	4700
GTGCAGCGTAGAGTAG-1	P24_T1	0.24053962029351128	0.24200091832702864	0.9828257449467979	15266	11400
GTGCCAAACGTTTCGA-1	P24_T1	-0.025652498033311627	0.28662644976737517	0.48428129990895585	3613	15971
GTGCCATCACACGGTG-1	P24_T1	0.047167282528347426	0.07040057379660725	1.1220899256070456	5381	9473
GTGCCCGTTCGGATTC-1	P24_T1	0.1573106909857856	0.05170265846871158	1.5053156439463298	10985	8908
GTGCCGCTTCAAAGGT-1	P24_T1	-0.1337802143096924	-0.0898514081967757	-0.44883564472198484	6479	9857
GTGCCTGAGACCAAAC-1	P24_T1	-0.10579247374004785	0.22281694052203388	0.7886988282203675	11416	14644
GTGCGAAATCGAACAC-1	P24_T1	0.33246493403116856	0.07002408552489825	0.8471917859713237	6369	10048
GTGCGGGTCTCCAAAT-1	P24_T1	-0.01475739712185331	0.20604968130988563	0.5589395840962728	7804	5271
GTGCGTGTATATGAGC-1	P24_T1	0.06940885088178847	-0.15837581365700537	0.07315381209055583	10765	9290
GTGCTATCCAGCTGGA-1	P24_T1	-0.1872021608352661	0.31503954403085727	0.1534945551554363	8887	15979
GTGCTCAAGTACTGTC-1	P24_T1	-0.1686120595932007	0.02300938677201067	0.172584802309672	7361	7947
GTGCTGCAGATAAGGA-1	P24_T1	0.031133447329203284	0.22167943388023634	-0.7720781993865967	2416	8513
GTGCTGTTAGAACATA-1	P24_T1	0.07874431292215986	0.06978446551884049	0.1285976537068685	10534	16173
GTGCTTACATCAGCGC-1	P24_T1	0.0016015900505913505	0.3096934296940797	0.36385552247365316	14389	10252
GTGGACCAACCCGATT-1	P24_T1	-0.1443777069515652	0.19586062251321423	1.2375713109970092	4830	10046
GTGGACGCATTTGTCC-1	P24_T1	0.18080424160427516	0.19052370042608888	0.36849249203999834	8673	12155
GTGGACGTGCTGAGAC-1	P24_T1	0.011914963086446101	-0.08043286124331839	-0.2547155690193177	5938	4695
GTGGAGCATGTCGGCC-1	P24_T1	0.18649852493074204	0.10386657834853102	1.0827153388659159	15381	8533
GTGGAGCGTTTACCGA-1	P24_T1	-0.17211198139190673	0.0004847951116711269	-0.7077526545524597	3398	12529
GTGGAGTCGGCGGTTG-1	P24_T1	0.12357063296106124	0.30638851335384704	1.0921374102433523	5817	11768
GTGGCAAACAGCGGCA-1	P24_T1	-0.13219541647699143	0.28618559191290965	1.2240925598144532	3840	11000
GTGGCCGGTTTCTCGG-1	P24_T1	0.2740488140318129	-0.06639017674746929	-0.2772799873352051	2736	14440
GTGGCCTAATATCATT-1	P24_T1	0.18425374788708154	0.051408237925578526	1.2827024690310158	1757	8129
GTGGCGGTCCCAGCGT-1	P24_T1	0.27695991611480714	0.18786278747072155	0.04533045291900639	3843	9088
GTGGCTGTTTCTGTTC-1	P24_T1	0.32044335587819417	0.08323319646336089	1.2516350412368773	11745	14836
GTGGGAACAAACCGGG-1	P24_T1	0.3189359982278612	0.06832004643526651	1.219367074171702	6801	15020
GTGGGAAGACTGAATC-1	P24_T1	-0.027617251078287774	0.11080809734278341	1.031578582127889	3292	10043
GTGGGCTTAGACACAC-1	P24_T1	0.07621533939573502	0.020463542050163208	1.2839028024673462	5934	6989
GTGGGTACTGAGCGTA-1	P24_T1	0.2405231037669711	0.467225064300584	1.3999106709162392	1862	10997
GTGGTATAGTCTGCCG-1	P24_T1	-0.1458652982711792	0.05179968882993832	-0.6496804857254028	6145	12342
GTGGTGATGGTTTGTG-1	P24_T1	0.2136804314719306	0.38367248864915277	1.2930885561307273	15486	11783
GTGGTGGCCAAGTGAA-1	P24_T1	-0.1508140697479248	0.017760981649360394	-0.05922696113586423	10324	10054
GTGGTTTCCGCCTTTC-1	P24_T1	0.0707815233866374	0.047985843164008724	0.5949159463246663	5161	9473
GTGTACCTTGGCTACG-1	P24_T1	0.2630923059251573	-0.13171198864111164	-0.44897438049316407	10220	6422
GTGTACGAACCGTTCC-1	P24_T1	0.11361704603830974	0.16339735850125087	0.752848596572876	15599	9680
GTGTATATCAGCGGGC-1	P24_T1	0.25887341048982404	0.37170454066338426	1.5470009581247963	9991	12539
GTGTCAGTGTACGTGG-1	P24_T1	0.38378443808025786	-0.20545256697891542	0.7454993263880413	6252	14445
GTGTCGTATAGCGTTC-1	P24_T1	-0.20327402782440185	0.11368015015151942	1.6027464596430459	9992	11775
GTGTGAATAACTTAGG-1	P24_T1	0.01184790600670707	0.0008585950405538834	-0.11694369633992518	10767	7761
GTGTTACTATGCGTCC-1	P24_T1	-0.1236674976348877	0.01687313059565737	0.02873998800913491	9886	9289
GTTAAAGTAGGACTGG-1	P24_T1	-0.14738424968719482	-0.15417719767397683	-0.645853762626648	10762	10820
GTTAACATCACTTAAA-1	P24_T1	0.14487732728322344	0.16208054175312886	0.7971006067593892	9662	11965
GTTAAGGGTGCGATGT-1	P24_T1	0.2676250473658244	0.17485942936583654	2.1160305627187093	9440	13112
GTTAATGTCTATCTTA-1	P24_T1	0.15919171773062812	0.22966640927647583	0.5287881334622699	2967	7175
GTTACAATTGGTGACG-1	P24_T1	0.14341601726743913	0.3195806971065683	1.0813589358329774	5272	8517
GTTACCAAGGCGTACG-1	P24_T1	0.38698610258102417	0.13196674529338043	0.49427636941274	14822	14841
GTTACCTACAACTTGC-1	P24_T1	-0.15127550411224366	-0.034484603461003155	0.8045219699541728	9005	10435
GTTACTTTGGGCCTAG-1	P24_T1	0.02423343266381156	0.043088680345740094	-0.08733383258183802	7248	9667
GTTAGCCCATGACATC-1	P24_T1	0.1468094792895847	0.20491031819008604	0.2324116245905558	9878	14260
GTTAGGCTACCCGTTT-1	P24_T1	0.12302657230695085	0.17754160521147772	0.76332723458608	3180	11764
GTTATAATACGGTGAA-1	P24_T1	0.02559065384334988	0.14655088298272767	1.5188750187555948	13398	11589
GTTATATTATCTCCCT-1	P24_T1	-0.13382577991485595	0.03877845026502674	-0.6877077054977417	7796	10624
GTTATTAACGTGGGAG-1	P24_T1	-0.13467008346981474	0.056414844939106035	1.0849834561347962	3629	5647
GTTCACAGGAGTCTAG-1	P24_T1	0.3205810091495514	0.10601955125529228	1.2233291399478912	5384	7561
GTTCAGTCGCCAAATG-1	P24_T1	-0.23045214176177978	0.20103502820268837	-0.7040173864364624	8229	14831
GTTCCAGTCTGACCAT-1	P24_T1	-0.2764574146270752	-0.1502948235345367	-0.43571730534235636	7476	4697
GTTCCCGTAAACATAT-1	P24_T1	-0.008879626671473184	0.19063039630718148	0.9293743089834847	14715	12738
GTTCCGTCCGCCTGCA-1	P24_T1	0.29002493508656824	-0.018760390996399617	0.9665124305089314	6251	14828
GTTCGACAATTGTATA-1	P24_T1	0.12785594118965993	0.2648633167114301	1.3283799004554748	4604	14634
GTTCGCCATAAGTGCC-1	P24_T1	0.2428113223181831	0.022746889983247587	0.719653503894806	7470	8521
GTTCGGAGCACTCAAC-1	P24_T1	-0.14462076791127523	0.12869845887425224	0.9316118097305297	14164	13693
GTTCGTCTAAAGAACT-1	P24_T1	0.23755165672302248	0.13810118679498928	0.5825131058692932	11421	11203
GTTCTTCCCTCGATGT-1	P24_T1	-0.05560229269663497	0.12592547838586554	0.6703809134165446	7257	4314
GTTCTTGTAACTCAAT-1	P24_T1	-0.06004243638780385	0.14286608243948662	0.648284724553426	8338	15787
GTTGAACCGGTTCCAT-1	P24_T1	-0.01706437783771092	-0.06584820704705496	0.6713787364959717	6040	9474
GTTGAGTCCCGCCGGT-1	P24_T1	0.07013066148757935	0.004629534562962168	1.2886616945266725	10212	11392
GTTGCACGGAGTTTCG-1	P24_T1	-0.023111665142907023	-0.04638909260165239	1.321933664480845	6924	6034
GTTGCAGTCGACAACA-1	P24_T1	0.3406070149739584	0.05701587630865024	0.3361113444964092	15483	13312
GTTGCCCTAACGGGTG-1	P24_T1	0.04663367091284859	0.16331257969474366	1.1498848168055216	3284	15397
GTTGCGCTAACATTAC-1	P24_T1	-0.11033650210168625	0.20991360244468282	0.5648322029908497	14720	9296
GTTGCGGACGGTCAGG-1	P24_T1	0.10255564965142144	0.18444316305836844	0.9771712422370911	14717	11591
GTTGGATTGAGAACAC-1	P24_T1	-0.07358521715799968	0.06856667875443528	-0.06444469928741459	11317	7571
GTTGGATTTGCGTTGG-1	P24_T1	0.13076568698883057	0.08611906054835991	-0.30136961460113526	7141	8329
GTTGGTCATGCTATCC-1	P24_T1	-0.21405694484710694	-0.035747953842683644	-0.2360034290949503	8563	11963
GTTGTAGATTTATGAG-1	P24_T1	0.40377848042382136	0.257847497660575	-0.5564528656005859	8558	15022
GTTGTCGTGTTAGTTG-1	P24_T1	0.46949774487813317	-0.006073305804190743	-0.9049081039428711	6817	4314
GTTGTTGCAAGATGGC-1	P24_T1	0.053711336241828084	0.22606907968286433	0.7568242581685383	14934	13503
GTTTACGTTCCATCTG-1	P24_T1	0.16165934782558017	0.07276567186685218	0.9783030966917672	8675	10625
GTTTATGGGATTTAGA-1	P24_T1	0.011916339132520881	0.011328200899247881	-0.15042033513387043	2530	5645
GTTTCAAACGAGTTGT-1	P24_T1	0.09535227738486396	0.15164168882423334	1.090577940940857	13616	13118
GTTTCATATCGTCGCT-1	P24_T1	-0.03155525313483343	0.1482208995877763	1.4390537973244986	4613	8898
GTTTCCTGGAGGGTGA-1	P24_T1	0.15046067939864266	-0.005688691365905496	0.8211520024140675	7034	6226
GTTTCTAGAGGCGCGG-1	P24_T1	0.2729814829296536	0.0895087121583738	-0.5835006618499756	11855	14645
GTTTCTGCAGTCTCCC-1	P24_T1	0.0729890932506985	-0.015323564243529986	-0.7785287237167359	9557	9097
GTTTGACCAAATCCTA-1	P24_T1	-0.035645738495720725	0.0007881956879191021	1.2710352373123168	8021	7183
GTTTGGCCCAAGTTAT-1	P24_T1	0.12157829835679797	0.21571818107459906	-0.5440861797332763	10435	9481
GTTTGGCCGCTCAGCG-1	P24_T1	-0.08886634842554728	0.11037346000639386	-0.07987941741943361	5170	3737
GTTTGGGCTTGTGAGC-1	P24_T1	0.0501178849008348	0.35613250259051654	1.735957772731781	8784	11199
GTTTGGGTTTCGCCCG-1	P24_T1	0.2634342809783088	0.3591755727260172	0.8783026544253032	11637	13498
GTTTGGTAGGGTCAAC-1	P24_T1	-0.01311539533403186	-0.023378577675062004	0.3864518117904663	8124	11580
GTTTGGTGATCGGTGC-1	P24_T1	0.130762747420205	0.21812107625690352	0.9266064194838204	5813	14062
GTTTGTTAGCCAAGTA-1	P24_T1	-0.050085494995117184	0.1768258876715197	-0.29123650550842284	1971	11571
TAAACCCAGGAGGGCA-1	P24_T1	0.1093378752867381	0.16902603165681995	1.2029869397481283	5597	11768
TAAACGTCGTCAATGA-1	P24_T1	-0.27231554746627806	0.014159924631950843	1.2670413724581397	2971	4881
TAAAGAGCCCGAAACC-1	P24_T1	-0.1618436861038208	-0.14920405093455474	-0.6634213495254516	6709	3357
TAAAGCGGTATTTCCA-1	P24_T1	-0.1697132520675659	-0.0025149248457061735	0.6352794297536214	7023	13491
TAAAGTGCACGTCTCG-1	P24_T1	0.12014392375946042	0.40249282648366036	1.4332082851727805	7130	15211
TAAATGAATCCGTTTC-1	P24_T1	0.012270396656460236	0.08396174687000463	1.2058994658788047	4837	5840
TAAATGGGCTACTGAG-1	P24_T1	0.1107712752024333	0.5840151666661504	0.6241012938817341	15593	13504
TAAATTGTGGGTAAAG-1	P24_T1	0.06700443792343141	0.024370253619464988	1.065467561086019	9766	15598
TAAATTTAGTAACACC-1	P24_T1	-0.17846774172782898	0.1696873662922473	-0.2432922188440958	5922	15018
TAACAAAGGGAGAAGC-1	P24_T1	0.5813878606160482	0.19505708249623344	-0.33903578758239744	5497	5459
TAACAATATTTGTTGC-1	P24_T1	0.088099647919337	0.03928850754528773	0.4269201485315959	3407	6794
TAACAGCGTTTGTGCT-1	P24_T1	0.2368715383211772	0.18873623400193199	0.9508134531974792	5704	13488
TAACAGGTTCCCTTAG-1	P24_T1	0.3605156004163954	0.2296178206234703	0.43115116675694776	8228	15595
TAACATACAATGTGGG-1	P24_T1	-0.16777612495422364	0.15568471848297974	1.1594768253962198	9337	8715
TAACATACACGCGATC-1	P24_T1	0.15811068911022608	0.30188684742189364	1.5061313478151956	4388	11957
TAACCGCCCGCAGTGC-1	P24_T1	-0.09553540182113648	0.05672891588019044	0.669560656150182	7039	3167
TAACCTAGGGAGTCCA-1	P24_T1	-0.2168776741027832	0.40982110121639514	-0.18815854867299397	13286	12927
TAACGCTTTGAGAGCG-1	P24_T1	0.15425354629092747	0.4545165073018213	1.1159992218017578	4836	6605
TAACTATCGAAGGTCC-1	P24_T1	-0.1274709444840749	0.12033429498507137	1.0690064223607383	5386	6032
TAACTCATCCGCGCGG-1	P24_T1	0.20090246571434867	0.16060466894367398	-0.8148332929611206	7029	9667
TAACTCCATGGAGGCT-1	P24_T1	-0.09760120640860664	-0.13426666021747077	-0.20446233709653228	4618	5075
TAACTGAAATACGCCT-1	P24_T1	-0.13863020531336465	0.325246414748881	0.19660667181015012	2406	15013
TAAGAGGGACAGGGAC-1	P24_T1	0.3194423227310181	0.2593068482491794	1.4873181637128197	3726	13485
TAAGCAGGCGACACGC-1	P24_T1	0.2192641514142355	0.17301318087767165	0.8756699204444884	3735	8132
TAAGCGCGAATCAAAT-1	P24_T1	0.2988235574828254	0.22157644325454764	0.9744357641537986	4385	13869
TAAGGAACTTGTGGGA-1	P24_T1	-0.05862187083562215	-0.11163095159818662	0.14646827697753906	6048	4503
TAAGGCAACATAAGAT-1	P24_T1	0.05547504599889119	-0.15423692486163487	1.1036668467521666	9451	6229
TAAGGCCCGTCACCCT-1	P24_T1	0.16565826161702474	-0.1876757608964139	-0.5096466207504272	9330	13303
TAAGGCTGAATCCCTC-1	P24_T1	-0.11679418754577636	0.07573649040537925	-0.6747678852081299	12302	10057
TAAGGGCCTGTCCGAT-1	P24_T1	0.196133539835612	0.10188970403116554	0.7343641702334087	12079	12351
TAAGGGCTGGGAGAGG-1	P24_T1	-0.0030821864340040417	0.22544000549471088	0.6296825917561848	3625	7941
TAAGTAACATCTTGAC-1	P24_T1	-0.0013438088099161638	-0.020877817933191378	-0.2780738997459412	6039	10239
TAAGTCGCCGAGTATC-1	P24_T1	0.16856257600254482	0.2705191407161004	1.3084260853131613	5157	11767
TAAGTGAATAGTCTAC-1	P24_T1	0.06270103666517468	-0.11534721099290272	0.2870210870107015	4273	15207
TAAGTTGCGACGTAGG-1	P24_T1	0.24116261394818628	0.18290784188298298	0.7933464070161182	12080	11587
TAATACACAGTAGTAT-1	P24_T1	-0.13440865500768026	0.014916316774867544	0.4104330905278524	8683	5272
TAATACTAGAACAGAC-1	P24_T1	0.2505995814005534	0.27542770415611184	1.5478362353642783	10097	14642
TAATAGAACAGAGTTA-1	P24_T1	-0.09372773758570355	0.1320354833165538	0.7871912757555641	5818	11003
TAATAGGTCACCAGAA-1	P24_T1	0.026937129179636643	0.5485889964989101	1.150851043065389	3947	13103
TAATAGTGACGACCAG-1	P24_T1	-0.11620255279541016	0.1635891120439141	0.37922616640726725	10769	6614
TAATATTGAAATTCGC-1	P24_T1	-0.16492152595520018	0.11836848656336468	-0.7693454957008362	6817	4696
TAATCAACCAAATGGG-1	P24_T1	0.07761368857489692	0.17061676501694412	0.10598872820536309	15377	11209
TAATGAAAGACCCTTG-1	P24_T1	0.17077904690636525	0.19022825806999633	1.2937171347935996	3518	6220
TAATGTCGGTTCATGG-1	P24_T1	0.2848993915981717	0.9428416534558238	1.3609704542160035	4273	15589
TAATTACGTCAGTAGA-1	P24_T1	-0.18200166511535645	-0.05668085360153677	0.2686783822377522	12846	13308
TAATTAGATGGATATG-1	P24_T1	0.4201560574637519	0.4040725956560514	-0.4592894713083903	5170	3355
TAATTCCAATGCTTCA-1	P24_T1	-0.22716325759887696	0.18679986504100313	0.19244059721628837	14933	13885
TAATTGCGCTGATTAC-1	P24_T1	0.2118092981444465	0.13627149474700823	1.161894773642222	2186	15012
TAATTTCCGTCCAGTA-1	P24_T1	-0.18248071575164795	0.006287509429641486	0.7177332735061646	1646	9085
TACAACAGCGCATACA-1	P24_T1	0.024019540892706998	0.1438725841392073	9.60477193197029e-05	13831	15795
TACAACGCACAACTCA-1	P24_T1	-0.11973703289031982	0.20961721911526365	-0.4668703937530518	7029	9285
TACAAGGGCTTCTTTA-1	P24_T1	0.3227512043846978	0.21554596045406607	-0.1370545546213785	11965	14454
TACAAGTCTCGTGCAT-1	P24_T1	-0.21171575405862594	-0.06757736939445175	1.2632070211569466	4615	7369
TACACAGCCGTGGTGC-1	P24_T1	0.18607673645019532	0.10904651720251812	-0.3865423011779785	9767	15215
TACACCTCTTCGAATC-1	P24_T1	-0.12982794094085692	0.10177879165483002	2.336964888572693	11635	15027
TACAGAAACGGTGGGC-1	P24_T1	-0.02034694247775609	0.4166737284836353	0.23110653559366867	10979	12732
TACATAGGCATACACC-1	P24_T1	-0.09208855756123863	0.018993520896706806	-0.33090680201848344	8238	9095
TACATCCCTATCCCTG-1	P24_T1	-0.013250572204589861	0.2850410105531381	1.03019477446874	3183	9852
TACATGACCTTATCCG-1	P24_T1	-0.04640003681182864	0.10969283396765689	0.9824454069137574	2200	5836
TACATGCCGGAATTGT-1	P24_T1	0.1626995146009657	0.49617540556312406	0.8439338151613872	15046	11782
TACATTTCTAACGTGC-1	P24_T1	-0.23468530130386353	0.13369311455645552	-1.0666306710243225	7689	8903
TACCAAATAGCCCAGA-1	P24_T1	-0.04814957152472604	0.18772721770625786	0.28690473238627123	8342	12728
TACCAATAAAGTACCA-1	P24_T1	-0.20036738300323487	0.09111878162529113	-0.0037479368845620975	10761	11967
TACCAGAAGTAGGTTC-1	P24_T1	0.05545093435711329	0.03248590324282383	0.8329969994227091	7247	10814
TACCAGGAATCCCGTC-1	P24_T1	0.02189444605509444	0.29231782380899857	1.4104328433672586	5593	14444
TACCATGTATTGATTT-1	P24_T1	-0.17163143687778049	0.23814994990158933	1.387794540723165	15268	10636
TACCCTCGGTAACCCT-1	P24_T1	0.17591708421707153	-0.0046753785354178845	1.573477911154429	15592	13886
TACCGAATAATTGTAA-1	P24_T1	0.08241928248935276	0.026199148938693184	0.10737782637278237	11856	14263
TACCGGCTCACTGCCC-1	P24_T1	0.13015271674262152	0.3727678387223741	1.3878520250320434	8785	10434
TACCGGTCGTTTCCAT-1	P24_T1	-0.044112176868650654	0.23631640472001408	1.10090159813563	5380	9856
TACCGTAGGTTAACTA-1	P24_T1	-0.07234379768371582	-0.1650167215590509	-0.5693046092987061	7903	12727
TACCGTGCCTCGGACC-1	P24_T1	-0.0789577635129293	0.062346204148576334	1.6071238764127096	9224	11200
TACCTACTCCCAGTAT-1	P24_T1	-0.21170508193969725	-0.21130773525110028	2.0475812737147012	8452	12537
TACCTATCCCTAGAGG-1	P24_T1	-0.08474335527420043	0.25494298398894755	-0.5546838068962097	1865	9085
TACCTCACGCTTGTAC-1	P24_T1	0.029354615953233465	0.05584569545400225	-1.0320971775054932	7806	4506
TACCTCAGTTGTCTGT-1	P24_T1	-0.29391920614242556	0.17470932740226425	0.9543194421132405	7133	12917
TACCTCCACACCAATG-1	P24_T1	0.1605533348719279	0.06181024464984869	1.286641666094462	4825	13869
TACCTCTTTACCATCC-1	P24_T1	-0.0763677921295166	0.4769427733666678	-0.5406320524215699	15043	14077
TACCTGCTGCACTGTG-1	P24_T1	0.09927851348453098	0.21154882703851532	1.0938379247983296	4066	6795
TACCTTAAGATTTCCC-1	P24_T1	0.09664049800237018	0.066155716710176	0.9719698059558868	4829	10811
TACGAACACGACTTCA-1	P24_T1	0.08563518449995255	-0.06015029782950211	0.6019721508026123	7472	7373
TACGACGCTTGCTGCG-1	P24_T1	-0.07825164153840805	-0.0466769556671181	1.0624168042341866	7577	10241
TACGACTGCCTCTTAG-1	P24_T1	-0.2787789659500122	-0.08537023232820581	0.4078227599461872	8896	9861
TACGAGAACTTCACGT-1	P24_T1	0.034780960188971644	-0.1181994003204158	0.9580927324295044	5932	8136
TACGATGTTGATCATC-1	P24_T1	-0.16312312957975597	0.17973438285341198	1.0687488897641502	5493	8135
TACGCAGTTCTTTCCT-1	P24_T1	0.0030221832063463128	0.17076198466672193	-0.6586772537231446	7249	9285
TACGCCATATTCTAAT-1	P24_T1	0.0029781009886000187	-0.038354806251973905	0.5271691672007244	8018	9095
TACGCCGAGGGTACCC-1	P24_T1	0.03755533938937716	0.24271117320796787	0.9204112919171652	5377	12150
TACGCCGCCTCAGAAG-1	P24_T1	-0.16420472166273328	0.20734262026396375	1.481913571357727	15598	10063
TACGCCTCCATTCCGA-1	P24_T1	-0.15784003448486328	0.044636780383602886	-0.6404127311706543	8124	11963
TACGCTCCTAGAACTG-1	P24_T1	-0.11792449188232422	0.02015795937053841	1.0783140977223713	6800	15402
TACGCTCGGTATTGGA-1	P24_T1	-0.2687405729293823	0.04411955561147177	1.0693525520960487	14055	13119
TACGCTGATAGTTGTA-1	P24_T1	-0.11544776344299316	0.127843917482918	0.30080976327260334	3064	15396
TACGCTGCACGGTCGT-1	P24_T1	-0.1130710563659668	0.2359303732046345	-0.5780526638031006	14491	15796
TACGCTGCTGTGTTAA-1	P24_T1	0.19794547724723816	0.18467776340659564	0.9700871674219766	4274	14442
TACGGAAGCCAAACCA-1	P24_T1	-0.11519532775878906	-0.07694669217871339	0.16494319279988612	9658	14642
TACGGCATGGACGCTA-1	P24_T1	-0.2448074312210083	0.37748827636908633	0.16422061522801723	14274	13502
TACGGGTAATAACATA-1	P24_T1	0.3216302076710595	0.7443479865922757	1.3960587545235954	11305	15218
TACGTAAAGCGGAGTG-1	P24_T1	-0.1388104419708252	-0.02466044943338007	-0.19945819060007736	12956	13500
TACGTACTAGTGCTGA-1	P24_T1	-0.06497061729431153	0.22484626092633409	-0.4032945156097412	6254	13298
TACGTGCAAGGTTCCT-1	P24_T1	0.34414418537086916	0.27713973391842794	0.8590689440568289	15492	7959
TACGTGCACTATGCTG-1	P24_T1	-0.07210982131958008	-0.05185269989423304	-0.29696815490722656	5277	5458
TACGTGGGCCCAGGGC-1	P24_T1	0.15823674217859904	-0.13847525727828877	0.31904632806777955	10537	14643
TACGTTTACCGGCAAT-1	P24_T1	-0.22862912880049813	0.18364167843489038	0.9232208573818206	5162	9090
TACTACGTGCAATGCG-1	P24_T1	-0.09272450145085652	0.1515988336846866	0.3723361190160115	10976	15026
TACTATGGTTCCTCAG-1	P24_T1	-0.13917459106445312	0.3409626809275924	0.5738831837972005	6805	12343
TACTCATTGACGCATC-1	P24_T1	0.4329100934664408	0.12415999807500736	1.4321972942352295	15041	15224
TACTCCTCTAGTTGAC-1	P24_T1	0.14721007985538914	0.19405949825808505	1.0972095485528313	5594	13679
TACTCGGCACGCCGGG-1	P24_T1	-0.03807741483052568	0.22649048325466098	0.9719131660461426	3405	8323
TACTCGTTTGAATCAA-1	P24_T1	0.25520908779568147	0.14789303710530005	1.1619137382507325	11085	15217
TACTCTTTCGTCTTCA-1	P24_T1	-0.07032141568925646	-0.16173949897689305	0.8159606631596883	6694	12534
TACTGAGGGAAGAAAG-1	P24_T1	0.16485393709606594	0.2729680067807503	0.799969883362452	2299	12910
TACTGCATGATTAAAT-1	P24_T1	0.14230001640319823	0.06437057136689256	0.23967599868774414	7238	16167
TACTGGACAGCTCGGC-1	P24_T1	-0.13955037212371826	0.1510770870935197	-0.31830708583196005	4394	8133
TACTGTTTCTCTGGTA-1	P24_T1	0.17848912281460233	0.012575650908536323	0.9968849579493205	14719	10444
TACTTAAACATGTACA-1	P24_T1	-0.1572871150970459	0.05774717282928876	0.599615541299184	13504	14074
TACTTGTTAGTAGTCC-1	P24_T1	0.28608933501773404	0.2920716684269958	0.7280257399876913	11206	8526
TACTTTCCGCACGCCA-1	P24_T1	-0.15942428493499755	0.01747685457502704	1.282880098025004	3731	10427
TAGAAAGGTGGCGCTA-1	P24_T1	-0.0036734330389234793	0.17683732249592773	-0.3437826887766521	10548	7378
TAGAAATTCACGTATA-1	P24_T1	-0.14398516750335694	-0.12534191144392795	-0.3345785188674927	2746	8322
TAGAAGAAGGGTTACA-1	P24_T1	0.2773442092471652	0.0035617982914517565	1.1731197023391724	15372	13886
TAGAATAGCCGATGAA-1	P24_T1	0.06473256709840558	0.14433128728429206	0.07455227295557676	12626	13308
TAGACGAAACGCCAAT-1	P24_T1	0.13616975688934327	0.2668841197186669	-0.7199875688552857	9660	13495
TAGACTCAGTTGGCCT-1	P24_T1	0.15567618497212726	0.11338704757775772	1.318729192415873	3175	14823
TAGAGATCATGCAACT-1	P24_T1	-0.00462350802951389	0.16538597636708208	1.4677606467405953	4501	9854
TAGAGCTACGAAGAAC-1	P24_T1	-0.08528205341762965	0.3067036471110862	0.37252205371856695	7477	3932
TAGAGGGAGTTTATCT-1	P24_T1	-0.16734581661224365	0.007316182990468878	-0.5707828442255655	8778	15405
TAGAGGTTCTACTTGT-1	P24_T1	0.20647567147678803	0.38255537662996814	1.1096056016286215	12189	11778
TAGAGTCTAAGCGAAC-1	P24_T1	0.1421677652994792	0.0209975949336485	0.39194069465001413	7692	6991
TAGAGTGTTCCGGGTA-1	P24_T1	0.11846367984347875	0.06356422066421849	0.7393301423390706	12733	15794
TAGATATGGACTGGAA-1	P24_T1	-0.2549349975585937	0.3047567779319132	1.0758403476079303	7466	10815
TAGATGGTTCCTTACT-1	P24_T1	0.4644825585418277	0.1259139331861897	1.1091890287399293	12298	12734
TAGATTCAAAGTGCGG-1	P24_T1	0.2816738926039802	0.3779441986308002	0.723378117879232	5922	14636
TAGATTCCTGGTTATT-1	P24_T1	0.17091909262869098	0.055387234861152046	0.2659801105658215	3845	7559
TAGATTCTCTAGCAAA-1	P24_T1	-0.11748090076446534	0.20152022667912564	-0.4276031255722046	14711	15414
TAGCAACCTGTCACAA-1	P24_T1	-0.2573376617431641	0.12080434744790097	0.8456320428848267	4508	5648
TAGCAGATACTTAGGG-1	P24_T1	-0.16269892024993896	0.06495764258190556	-0.6462294673919677	11854	15410
TAGCAGTATGACTAAA-1	P24_T1	-0.1782682886123657	0.3350944970411475	0.2603106617927551	12406	14072
TAGCCATGATTGCCTA-1	P24_T1	0.1791750732527839	0.27942886835243347	1.4128494024276734	2405	15395
TAGCCATTTCAAAGTC-1	P24_T1	0.3556461264292399	0.3004558454423943	1.193531634012858	11424	9674
TAGCCGGCGGTCAGCG-1	P24_T1	-0.1414368953704834	0.02056897513285047	-0.6492431211471558	10987	7761
TAGCGTCCGGTGTGGT-1	P24_T1	-0.20455998415417143	0.09583775629133184	0.9948402555783591	10102	11583
TAGCGTCGAATATTGA-1	P24_T1	0.17042653772566055	-0.1531723689712934	0.4270916223526001	2087	7939
TAGCGTTGGGTCTTAC-1	P24_T1	-0.0247211119333903	0.031519586874601296	1.4380790535608925	9118	8714
TAGCTAAGTCCGGGAG-1	P24_T1	0.2516241683959961	0.4237480554938049	0.8350439604123432	7912	6992
TAGCTAGAAGGCATGA-1	P24_T1	0.10153060102462769	0.17801421947393908	0.20211861610412596	7246	11197
TAGCTAGTGATGATGG-1	P24_T1	-0.0033735593159993638	0.060274677788651254	0.6869881232579549	6914	12917
TAGCTCACTGTGTTTG-1	P24_T1	-0.07566041183471679	0.3472159356878908	0.5001135730743409	14931	15032
TAGCTCGCCTGATAAC-1	P24_T1	0.08289044218593175	0.07413892457949234	0.562768030166626	8015	11007
TAGCTGATGTGAAGCG-1	P24_T1	-0.11910143232345581	-0.10109358905945848	-0.6011936569213867	2744	9469
TAGGATCTTAACCGCA-1	P24_T1	0.22135370021396214	-0.05385260080597812	-0.47826509952545165	9326	15979
TAGGCCTATATAGTCT-1	P24_T1	0.24259573777516685	0.16291599132337292	1.0421352847417196	13724	14074
TAGGCGATGAGGTCTC-1	P24_T1	-0.03341621239980064	0.10807436037917001	-0.6926111125946045	2850	11955
TAGGCGGCTGCAAAGA-1	P24_T1	-0.14980352438820732	0.23599548887886457	1.1714538582166036	3067	13867
TAGGCTAAAGTGGCAC-1	P24_T1	0.01680008008744982	0.21348998863958407	-0.3538367589314778	12516	13881
TAGGGAGCTTGGGATG-1	P24_T1	-0.14478154680464003	0.12728200169484352	0.7560243876775105	12195	8337
TAGGGTGTTTCAAGAG-1	P24_T1	0.2520929205682542	-0.07396445525039227	1.2545921206474304	7584	5653
TAGGTCCAAGTAAGGA-1	P24_T1	-0.12991236196623906	0.04343601267876507	0.3048835106690724	4176	6986
TAGGTGACGATAACCT-1	P24_T1	0.09488703939649792	-0.05140356996182094	1.4894600947697958	10319	13113
TAGGTGAGCCCTACTC-1	P24_T1	0.17983268769582111	0.3239804771655891	0.30506296475728356	5275	6988
TAGGTGCTCGCCTAGC-1	P24_T1	-0.14963859748840333	0.14459754796636184	-0.21000029325485225	11095	9100
TAGGTGTTCCACAGAT-1	P24_T1	0.019859090275234637	-0.029896712276492876	-0.18642187277475986	8232	12919
TAGGTTCGAGTTCGTC-1	P24_T1	-0.023663549635145442	0.05597616142074535	0.968683966000875	9009	8141
TAGGTTCTGCTGAGAA-1	P24_T1	0.2676229922241635	0.37041286054073563	0.6134151307741802	8448	15213
TAGTACCACAACTTTC-1	P24_T1	0.00909820906321207	0.41416769379737395	1.453001858393351	3067	13484
TAGTACCTTAGTGGTC-1	P24_T1	-0.1567817325592041	-0.0116582100156703	0.7346028598149617	3959	5456
TAGTAGTTGCCGGACA-1	P24_T1	-0.1210365458064609	0.10856529130231612	0.6772247258822124	9655	16171
TAGTCCCGGAGACCAC-1	P24_T1	-0.1553590030670166	0.03697980623650604	-0.7791622543334961	6912	14064
TAGTCCGCAGAGAATG-1	P24_T1	-0.07220292764239841	0.06789385959072666	0.1972189339001973	7469	8903
TAGTCCGTATGCATAA-1	P24_T1	-0.11186543655395507	-0.14806599985033073	-0.7409915208816529	3081	4308
TAGTCCTGCACTAAGC-1	P24_T1	-0.10296665864520604	0.34660741526808514	-0.013095626036326191	4384	14634
TAGTCGATCACGGGTT-1	P24_T1	-0.13192300128936768	-0.13008763166081985	0.9403290335337322	12191	10631
TAGTCTAACAACGAGA-1	P24_T1	-0.11018058763609995	0.1085201767200325	0.5203313497702282	5381	9091
TAGTCTGCGGCACATT-1	P24_T1	0.11249740240308975	0.15509254647047993	1.0504845237731935	5592	15209
TAGTCTTTCCGAATTG-1	P24_T1	0.22570902676052523	0.07503810858299803	1.0303068812688194	14388	11017
TAGTGCCCTCCAGAGT-1	P24_T1	-0.002300415939754913	0.008719905310829223	-0.5635439085960389	7361	7564
TAGTGTCAGAAACGGC-1	P24_T1	-0.07158803611331516	0.10329270429525864	0.7291551105181378	3739	5456
TAGTTTATTCTTGCTT-1	P24_T1	-0.11924075412750244	0.09282182633743458	-0.3811270952224731	7916	3933
TATAAATCCACAAGCT-1	P24_T1	-0.17990633964538574	0.07141951959938544	-0.8110267210006714	6486	5269
TATAAGTGAGGATAGC-1	P24_T1	0.24754272996054755	0.23379740944044702	1.4289694039026895	5936	5459
TATACACAGACGCCTT-1	P24_T1	-0.116076322555542	0.07495227436091276	0.037166080474853536	8235	11007
TATACACGCAAAGTAT-1	P24_T1	-0.085213623046875	0.048536537610977815	-0.5846527671813965	5608	4885
TATACCGAGTGCCACA-1	P24_T1	0.09499530643886989	0.028236501568915884	0.48161169290542594	14828	11017
TATACGCGTCATCACT-1	P24_T1	-0.10591320991516114	-0.11455848072999275	0.318896803855896	9111	12920
TATACTCATGCGGCAA-1	P24_T1	0.008885526339213051	0.07864728870007814	-0.5374795198440552	3629	5264
TATAGAGTCGCTTGAA-1	P24_T1	-0.1274197359085083	0.03142544060478808	0.1315232451756796	6693	13681
TATAGCGCACGTTATC-1	P24_T1	-0.16589972554312815	0.21538013099824022	0.3946706954638164	2413	10424
TATAGGGTACTCATGA-1	P24_T1	-0.16655567169189453	0.21434364316180785	-0.8685018396377564	3844	8324
TATAGTTAGGTGTACT-1	P24_T1	0.0007889777289496747	0.10364260022805574	0.5720044310887654	2955	15205
TATATAGGGCTTTACG-1	P24_T1	0.07481170977486501	0.1258463966233085	0.9235902778307596	5265	13488
TATATATCGAGAAATG-1	P24_T1	0.15933513747321237	0.13012117814164298	0.918609138329824	4716	12913
TATATCAAAGTGATCT-1	P24_T1	0.09750283601548937	0.4131594485617857	1.2875615533192954	5702	15018
TATATCATTGATCAGT-1	P24_T1	0.2731662646399604	-0.11059007508642721	0.9552051003774007	2308	7174
TATATGCTGGGTTGCC-1	P24_T1	0.0698757947815789	0.16463706347366308	0.8345557343959809	2420	5836
TATCAAAGGTCTGTAA-1	P24_T1	-0.1495938892364502	0.06508174265257732	-0.6463464212417602	2309	6410
TATCAGTGGCGTAGTC-1	P24_T1	-0.1345908422470093	-0.08407672659662746	-0.5872474956512451	2520	11763
TATCCAATTGGTTATC-1	P24_T1	-0.01897157838609484	0.1522059676631185	1.0320407787958783	10321	11966
TATCCATATCATGCGA-1	P24_T1	0.06314513603846234	0.06680980891456006	-0.9040289529164631	7366	4888
TATCCATCTCGGTTAG-1	P24_T1	-0.11415032958984375	-0.07398947293326359	-0.5129321575164795	3507	13103
TATCCCTCGATCTGCA-1	P24_T1	-0.001097446547614206	-0.12120668880091418	-0.35177181561787924	10864	15982
TATCCTATCAACTGGT-1	P24_T1	-0.050561878204345705	-0.09543978687900825	-0.10637810707092285	8120	14639
TATCCTGCATGGGAAT-1	P24_T1	-0.3000419011116028	0.40723365298586933	-1.1749038219451904	7587	4124
TATCGATGATTAAACG-1	P24_T1	-0.12237073283725314	0.00377713767207441	-0.03937289714813241	7034	5843
TATCTACAGAGGTAAT-1	P24_T1	-0.02088351011276246	0.2933926222975089	0.8527750714619955	4286	7177
TATCTACCACAGCGGG-1	P24_T1	-0.018247909016079367	-0.1663826520010929	-0.40342620690663655	8237	9478
TATCTAGCCTAAAGGA-1	P24_T1	-0.12679137802124024	0.08063931379808943	0.9946422322591145	2966	7940
TATCTGAGCCGATATT-1	P24_T1	-0.11549367427825928	-0.14014557784035703	-0.4474553775787353	2517	13675
TATCTTGCAATACAAC-1	P24_T1	0.03254631704754299	0.12240914503733316	-0.3448293288548788	3399	12147
TATGAAGAATTAAGGT-1	P24_T1	-0.19965214729309083	-0.22440081514768154	-0.3615635649363199	12515	14264
TATGAAGACAGGTGCG-1	P24_T1	-0.019680504560470574	0.15900585845412823	0.36796645681063345	3956	6986
TATGACCTTGCGCTGG-1	P24_T1	0.1513256474600898	0.1846691177995413	0.7998800706863404	1643	10614
TATGATCTTCTCTTTA-1	P24_T1	0.4314316968917847	0.1689509609401626	0.040447769165039116	11529	12542
TATGCTCCCTACTTAC-1	P24_T1	-0.11779633712768554	-0.0821710936975159	-0.6724852323532104	8352	6228
TATGGATGTGCTACGC-1	P24_T1	0.03796269136004976	0.045004116675464334	1.2081118408838907	7583	6418
TATGGCCCGGCCTCGC-1	P24_T1	0.12495467980702718	-0.08966132098396351	0.3412600723902386	4945	7178
TATGGGACCGAGCAGG-1	P24_T1	-0.1354595856666565	0.5271734503291597	-0.6476086544990539	7800	8330
TATGGGTACGTATCGT-1	P24_T1	-0.04982696914672852	-0.08213773989837442	-0.4618876171112061	8021	7565
TATGGTCTGAGTAACA-1	P24_T1	0.07689309310913087	0.11600177133376699	-0.35103146394093826	8019	8330
TATGTAAAGTGCTTAA-1	P24_T1	0.015513941764831563	0.4389462613352726	1.3999838932355246	6472	14063
TATGTAGAAACCCGGC-1	P24_T1	-0.048221328735351565	0.047704311025222684	1.527851668993632	2409	13101
TATGTCTCATTGTGCC-1	P24_T1	0.366366755273607	0.44735113152988276	-0.6638464546203613	10658	7187
TATTAACACCAAAGCA-1	P24_T1	-0.1900103850364685	-0.05745968942674215	-0.24237879991531375	2740	11763
TATTAACCTGACCGCG-1	P24_T1	-0.19680756711959838	0.06276073431808676	0.5672636119524639	6585	12343
TATTACCATCCTGCTT-1	P24_T1	0.37684531985388864	0.24204841366150237	0.6621696348985036	12194	8719
TATTATGTTTGCCTGC-1	P24_T1	-0.08512130790286596	0.048178822068826704	0.1586851652463277	3508	12338
TATTCCACTCAGCTCG-1	P24_T1	0.1318053578270806	0.07573255189846562	-0.26567239681879673	7906	10815
TATTCCGAGCTGTTAT-1	P24_T1	-0.08577612696753609	0.11786412712711616	-0.39465283711751303	11091	11776
TATTCCTCCGCCCACT-1	P24_T1	-0.18248634386062623	0.04123354011467373	0.5318519242604574	5159	10620
TATTCGTGCCAGAATA-1	P24_T1	0.04112923283047143	-0.17934646155743528	0.8026735575993855	8679	7949
TATTGCCGGGCTTGTA-1	P24_T1	0.02478356626298689	0.12795630957456244	0.5321001664797467	14053	14266
TATTTAGTCTAGATCG-1	P24_T1	0.04667717568079632	0.08030168355444667	0.8778042817115783	8025	4889
TATTTGATTTGCACAG-1	P24_T1	0.38314424358473886	0.6092132807978048	1.2244131008783974	14607	11782
TATTTGTTACCCTTTA-1	P24_T1	0.1595685149298774	-0.1623270827651824	0.30466748317082715	6705	6034
TCAAACAACCGCGTCG-1	P24_T1	-0.12203043937683106	-0.1421127431344666	0.06129499038060515	8243	6036
TCAAACTTAGATTGTT-1	P24_T1	-0.15018497657775878	-0.10418888066439021	0.1497343635559082	8790	7375
TCAAAGAGCTATCTGT-1	P24_T1	0.20880554114447702	-0.10208695846916045	0.4582642587025961	2192	10807
TCAAAGTCACGGCGTC-1	P24_T1	-0.03353264957004126	0.29885906354426267	1.1481436439355215	4274	14825
TCAAATTGTTGTGCCG-1	P24_T1	-0.16714449310302734	-0.08846425183400744	-0.12777583122253422	10207	14451
TCAAATTTGAGACTCA-1	P24_T1	-0.20801165294647217	0.584926129454201	1.8221166817347207	9331	12921
TCAACAAAGATAATTC-1	P24_T1	-0.11733652019500733	0.11466042600755456	1.0247433217366537	4828	11575
TCAACACATTGGGTAA-1	P24_T1	0.11563892883724636	0.2529177172338669	0.3769836258888245	5500	3547
TCAACATAGCGCCCTA-1	P24_T1	0.11316497696770561	0.04697916345041603	-0.7428484869003296	6475	12534
TCAACATCGACCGAGA-1	P24_T1	0.02010097450680201	0.3740083844603041	1.1321440990765892	3402	9852
TCAACCATGTTCGGGC-1	P24_T1	-0.14748668405744766	0.2592802580437671	1.155703674952189	7254	6226
TCAACGAGGAGACAAA-1	P24_T1	-0.10945262389712865	-0.06019860466054622	-0.6871465436617534	7798	9477
TCAACGCAGGAAATAA-1	P24_T1	0.08691233825683593	0.026471316814422607	-0.7514831447601318	5049	10811
TCAACGCGACCGGCAG-1	P24_T1	0.05086081245210433	0.06902253881130177	1.2143761928876242	4173	8898
TCAACTAACGTATAAC-1	P24_T1	0.037572180695003954	0.23451656676512173	1.1649915059407554	3736	7368
TCAACTGCAGAGTCAG-1	P24_T1	-0.060988091256883425	-0.11090004050758329	-0.5670045598347982	13507	12162
TCAAGGTTACTACACC-1	P24_T1	-0.0505187980863783	0.362993477508259	0.8450075284639993	12961	10441
TCAATACAATTGCTGC-1	P24_T1	-0.06881240256627397	0.28135517286240924	1.0523884916305541	1868	7174
TCAATACGCCGTCATG-1	P24_T1	0.07543271170722116	0.40793385041640107	-0.12458605448404947	8341	13493
TCAATCCCGCGCCAAA-1	P24_T1	0.38229923587375214	0.2664634550044467	-0.8845658230781556	14932	14650
TCACAAACCGAGGTAC-1	P24_T1	0.3123459113968743	0.8414102186025924	0.26561457554499324	12077	13116
TCACAGATCCTCAAAC-1	P24_T1	-0.12064976406097412	0.008780292349907098	-0.005092876752217701	3302	3543
TCACAGCAAACTCGAA-1	P24_T1	-0.040035232332017695	-0.1746151679314223	0.21432644526163747	7026	11196
TCACAGGAGAATAAGA-1	P24_T1	0.3945428231557211	0.00744736661313633	0.17899068196614587	7025	11961
TCACAGGGAATCGCAA-1	P24_T1	-0.16052439212799072	0.15761288847165886	-0.6798943662643433	10324	10437
TCACAGGTTATTGGGC-1	P24_T1	-0.023047282324896945	-0.28418250531958256	0.6939170630772908	6922	7564
TCACATCTTATCTGAT-1	P24_T1	0.2528208156956567	0.2789442328865363	0.7207704452673593	3847	6794
TCACCCTCTTAAGATT-1	P24_T1	-0.12887316513061522	0.1155175265316462	-0.32959493160247805	8127	10051
TCACGATGTCCGTGGA-1	P24_T1	0.028689285755157473	0.0032666951617938422	0.8418202122052509	4719	11384
TCACGCATTGTAGATC-1	P24_T1	0.32491829125086463	0.030047935927474234	0.9917275150616964	7032	7755
TCACGGCCCAAGAGAG-1	P24_T1	0.5210809967782761	0.509344325102949	1.6537071180343628	3615	14441
TCACGGTCATCGCACA-1	P24_T1	-0.15113298869132996	-0.04176211757147871	0.09539292017618817	6595	5843
TCACGTGCCCGATTCA-1	P24_T1	0.09673485623465644	0.28162228401075273	1.1160429457823433	8458	8713
TCACTCTTCGTCTGTC-1	P24_T1	-0.141266752243042	0.07078871390963562	1.3758806991577148	2531	4880
TCAGAACGGCGGTAAT-1	P24_T1	0.0560722156100803	0.02317181022908596	1.9069935989379883	10316	15407
TCAGACGCTATAGAAG-1	P24_T1	-0.24862829208374024	-0.03454961699394038	0.8247450383504231	9554	10627
TCAGAGGACGCGTTAG-1	P24_T1	0.044973569711049405	0.0986044422892116	0.6076165954271953	11194	15791
TCAGAGTGTGAGCATG-1	P24_T1	0.12514168288972638	0.34746367085966756	0.740712737242381	15593	13121
TCAGCAAATGCATCTC-1	P24_T1	0.2291714816623264	-0.07796003514488271	0.7036142412821453	9669	7377
TCAGCAGTAGGCCCTG-1	P24_T1	-0.08233955383300781	-0.04756395448774299	-0.37224138736724854	6144	13107
TCAGCCAATCCGTAAA-1	P24_T1	0.044291181246439604	0.10449721869206269	0.49417226632436106	13176	13500
TCAGCGCACGCCGTTT-1	P24_T1	-0.2600393233299255	0.15871939869801732	1.058003203868866	10425	15599
TCAGCTTGAGCTTTCG-1	P24_T1	-0.21604932975769042	0.2587119094210717	0.19934159437815357	1859	13291
TCAGGGCGACTTCCTT-1	P24_T1	0.4679413264592489	-0.009541402060446846	0.4200980186462402	2090	6027
TCAGGGCGCAAACTCG-1	P24_T1	-0.1305819683074951	-0.11306651486646409	0.0994999249776205	3409	5646
TCAGGGTGTAACGTAA-1	P24_T1	0.23760843255784775	0.033213823967065306	-0.0243598779042562	9560	6803
TCAGGTTCTTTGAGAA-1	P24_T1	0.247804316467709	0.2835259254213414	0.5369885309537251	6263	7180
TCAGTACTGACCCGCG-1	P24_T1	-0.2552398462295532	0.11408634153788522	0.9753144057591758	5385	6414
TCAGTAGGGACTATAA-1	P24_T1	-0.12257981824874878	0.005303086783795263	1.4746916874249778	6918	10240
TCAGTGTATACGTCAT-1	P24_T1	0.23311140629980304	0.32613044050449225	1.2147582654158273	5596	12532
TCATAAGTCCAAGAAG-1	P24_T1	0.47383792188432483	0.2707115980136047	0.4759453388055166	15263	13312
TCATACTTACAGATCC-1	P24_T1	0.21235857306586373	-0.03257387663160663	0.34405971844991046	4288	5648
TCATATGAGCTTTGTT-1	P24_T1	-0.12804182624816896	0.327013345772788	0.4316503286361695	8451	13684
TCATCACTCGAGCTCG-1	P24_T1	-0.053623838795555975	-0.12770635249630716	-0.40944681803385413	4839	4693
TCATCCATCTGATCAC-1	P24_T1	0.06754559146033395	0.2536217342287102	-0.29523698488871253	2954	15587
TCATCCTCAGCTGCTT-1	P24_T1	0.15520981727706062	0.19426928250581627	0.952606611251831	11526	14453
TCATCGACGACCGTCG-1	P24_T1	-0.1559314956665039	-0.1091811128910756	-0.5189920043945313	10866	14835
TCATCGATGGTCCCAA-1	P24_T1	0.14794319017728175	0.1996637979476511	1.0883792924880982	4827	12340
TCATGAAGCGCTGCAT-1	P24_T1	0.3948183629777696	0.13115333337378446	-0.1663159513473511	3283	16161
TCCAACTCAGCTATCT-1	P24_T1	-0.23346555709838868	0.23758052732853813	-0.2355317195256551	11636	14262
TCCAACTTTAAATTCT-1	P24_T1	-0.008805128534634887	0.1458101481265936	0.8535251108805337	6041	9092
TCCAAGCCTAGACACA-1	P24_T1	-0.07798467418882579	0.26594784962517576	1.145467582543691	10318	14260
TCCAATAAAGGCTACC-1	P24_T1	-0.07821683692932128	-0.0865878874823551	-0.6675260066986084	7462	13491
TCCACAATGGTTTACG-1	P24_T1	0.3793504576153226	0.2821402011035006	0.9872233748435975	5604	7179
TCCACATCGTATATTG-1	P24_T1	-0.05337246704101563	-0.04477555959816747	-0.6356733608245849	8999	14641
TCCACCAAGACATAGG-1	P24_T1	-0.16340574645996095	-0.1950707659625367	-0.44300838947296145	13503	15221
TCCACCTCTAGCCTTT-1	P24_T1	-0.17598956775665284	-0.13990828814922562	-0.5227012538909912	7463	13109
TCCACTTTATCTAGGT-1	P24_T1	-0.058872401025560184	0.03344174059445426	0.6556897131601971	10328	7378
TCCAGAGCACCGGTTC-1	P24_T1	0.016022734800974547	0.0012866490639296124	0.8690519094467164	9337	9097
TCCAGCGCTATAAGCG-1	P24_T1	0.22378427134619822	0.1888342723083709	1.1945466240247091	14387	11399
TCCAGGCAGGACGATC-1	P24_T1	-0.12592153692245484	-0.024482940467412034	-0.605891981124878	7789	15212
TCCAGGCGAGTACGGT-1	P24_T1	-0.044767628086937794	0.24724880134232624	1.391294846534729	7911	7374
TCCAGGGTATATACGA-1	P24_T1	0.19526584286159937	0.11266281807449305	0.8274297825495402	8561	13111
TCCATCAATACTAATC-1	P24_T1	-0.08311854849921335	0.5929140647252401	1.7739550638198853	3177	13676
TCCCAAAGACGAAGGA-1	P24_T1	0.05031797472635907	0.0439417686238385	0.7682535982131958	8242	6419
TCCCAATATCGACGAC-1	P24_T1	0.7751605154673258	0.32283866272143336	-0.4791015386581421	12732	16176
TCCCAGCACACGACAT-1	P24_T1	0.01124554242028128	0.04985130499940055	0.6090699656804401	15265	12165
TCCCAGCTTTAGTCTG-1	P24_T1	0.07247932084401446	-0.034019242597106314	-0.2852872053782144	7800	7947
TCCCAGGCTTAGCTAA-1	P24_T1	-0.14300971698760986	0.05986464490293124	0.8980126492182414	6923	7181
TCCCGCGTACTCCTGG-1	P24_T1	-0.05322696685791015	-0.12944318144113426	-0.7203315830230713	9231	6611
TCCCGGGTGTGCTGCT-1	P24_T1	-0.08963780789905124	0.11159170047282108	0.8908795773983001	5383	7944
TCCCGTCAGTCCCGCA-1	P24_T1	-0.01173282347785104	0.25946280833592084	-0.8322226810455322	9891	5848
TCCCGTGTGCAATTTG-1	P24_T1	-0.2732725571261512	0.1456732244899609	1.2116554061571756	10434	9863
TCCCTGGCGTATTAAC-1	P24_T1	0.026496622297498912	0.13982455309072062	-0.14009768327077232	3618	12529
TCCCTGGCTCGCTGGA-1	P24_T1	-0.04384424826833935	0.19338598274011204	0.5257686698436737	4614	7751
TCCCTTGTCTGAAACT-1	P24_T1	-0.06741250785191857	0.14616254112064436	1.6083477433522544	14273	14267
TCCGAACGTTGCCGCT-1	P24_T1	0.12240197324752805	0.33661117469704394	1.0171888399124147	14937	11209
TCCGAACTTGGCTTAC-1	P24_T1	0.1187925164964464	0.31826211305406	1.211099361975988	3735	7750
TCCGACCGCTAATCAA-1	P24_T1	-0.05184826416439481	0.22736819918523699	1.288706210454305	5592	14827
TCCGATAATTGCCATA-1	P24_T1	-0.2705498609542847	0.23517120464536168	-0.07110937277475993	8684	4890
TCCGATGACTGAGCTC-1	P24_T1	0.13022185617023044	0.19251955135556675	-0.7488529706001281	10001	5657
TCCGATGGTGCGACAT-1	P24_T1	0.030970129277971048	-0.09869613416776295	0.5395959814389546	7473	6226
TCCGATTACATTGCCG-1	P24_T1	0.2078041310840183	-0.08265432095367636	0.5084174791971843	5164	7561
TCCGCCTGTCTACAAG-1	P24_T1	-0.1602764792442322	0.0008056944515347775	-0.16197460730870566	9772	12157
TCCGCGGCAGCATCTG-1	P24_T1	-0.10966917037963868	-0.11837655825902951	0.51956511815389	10877	7952
TCCGCGGCCCAATGAA-1	P24_T1	0.12991281345155503	0.23296424216472061	0.8670825191338858	12519	11587
TCCGCTGTCATCCCGG-1	P24_T1	-0.04444696256849501	0.21150877611749125	1.113919555346171	10543	10437
TCCGCTTATCCCATTA-1	P24_T1	0.05700721989737617	0.3033432523809556	1.1304541015625	8675	11008
TCCGGCTGTCGGGTCG-1	P24_T1	0.12889178196589154	-0.022007084732887705	0.8647140415509541	15594	12739
TCCGGGCCACTAACGG-1	P24_T1	-0.15310912036895752	0.6514395819414383	-0.15013719081878663	12622	15985
TCCGGGCTTGACGGGA-1	P24_T1	-0.0896625625822279	-0.006049008577462017	0.731333859761556	12186	14072
TCCGGTTCGTCCGGTC-1	P24_T1	0.4425705954233805	-0.03893879682692372	0.7527126979827881	7466	11197
TCCGTAACCACAATCC-1	P24_T1	-0.10888068448172677	0.38226692191839745	0.9711141415437063	3410	5264
TCCGTTAAGCTAATAT-1	P24_T1	-0.09149569087558324	0.18275996769301311	0.9810208702087402	12629	11396
TCCTAAAGATTCAGAC-1	P24_T1	0.2323809510336982	0.34311366027900303	-0.0020191494623819084	10867	14452
TCCTAAATTGGGAAGC-1	P24_T1	0.21555678905381098	0.1325956370006472	1.6906148262818657	9332	12156
TCCTAACCGTCGGGCA-1	P24_T1	-0.06018545532226562	0.5303385743092104	-0.15046363830566406	6693	13299
TCCTACATCCACGGCC-1	P24_T1	-0.05681549549102783	0.16777503690463585	-0.510673131942749	10873	10246
TCCTAGCAAAGAAGCT-1	P24_T1	-0.16060017448001437	0.012133052885132362	0.552756570180257	6150	9283
TCCTATCATAGGTAAC-1	P24_T1	0.5035804276996187	0.2520455396682091	0.49777848879496256	14829	10253
TCCTCCTAAGACATTC-1	P24_T1	-0.08579318141937256	0.12188047530667094	0.4483770179748535	3951	10427
TCCTCGGGCTGGGCTT-1	P24_T1	-0.06473039054870605	-0.07620271020287635	-0.48909496784210205	9996	9098
TCCTCTACGAGATGGC-1	P24_T1	0.08511491192711723	0.04300461192792426	0.0532257048288981	5166	6414
TCCTCTCCAGTTGTCC-1	P24_T1	0.19297351328531898	0.18622955503213057	0.8770176359017692	3846	7177
TCCTGCAGCCGCCAAT-1	P24_T1	-0.0960499391555786	0.4615357298178961	0.36276156425476075	10095	16172
TCCTTACGACGGTCCG-1	P24_T1	-0.1568378686904907	-0.11866459430464162	-0.6128378534317016	12081	10822
TCCTTCAATCCCTACG-1	P24_T1	-0.20876877737045288	-0.07479666296801045	-0.33424992005030313	1755	9276
TCCTTGTCCTTTAATT-1	P24_T1	-0.1688298807144165	-0.06199145477090106	0.4137766885757446	9218	14641
TCCTTTAAATCCGCTT-1	P24_T1	0.33130261474185513	0.27918649633192105	0.856033994356791	11749	12160
TCCTTTCTTACGCTTA-1	P24_T1	-0.08874238300323486	-0.07662856338808201	-0.5694641304016114	8461	7184
TCGAAATTTAGGACCA-1	P24_T1	-0.10409973621368407	0.11877153160454706	1.0240611521402994	6593	6990
TCGAAGAACCGAGCAC-1	P24_T1	0.18984040859010481	0.15072548456106677	0.6301061328252155	12522	10058
TCGAATATCCCGCAGG-1	P24_T1	0.17104181989034015	-0.21837451233959837	-0.9243542528152466	5156	12532
TCGAATCGCAGGGTAG-1	P24_T1	0.515319418589274	0.1354996248646337	1.203056042989095	7459	15785
TCGACAACTGAACCCG-1	P24_T1	-0.11040592980384827	0.10301081816222044	-0.7636949646472931	3289	12338
TCGACATAGCGTAGCG-1	P24_T1	0.0963707857131958	0.6605796893971079	0.08673423767089838	4932	15208
TCGACTGACGATGGCT-1	P24_T1	-0.13220259952545166	-0.10588263425250981	-0.3868185806274414	14710	15797
TCGAGACCAACACCGT-1	P24_T1	0.06092306089401245	-0.07091356910581824	-0.26886813203493753	7690	8521
TCGAGCCAGGCAGGCC-1	P24_T1	0.22410535242822432	0.16965516168265798	0.8378835999965668	5706	12341
TCGAGGGCAACAGACG-1	P24_T1	0.2504035483201345	0.09070134082896597	0.5943755324681599	14716	12355
TCGAGTCTACGATTCG-1	P24_T1	0.10379375648498534	0.2136598825454712	0.8221673202514648	1861	12144
TCGATAGGCTAGTCGC-1	P24_T1	-0.10127854487631058	0.1679740559801426	-0.6663609949747722	6929	2975
TCGATTTACGAAACGA-1	P24_T1	0.10849717394510905	0.12916821588072464	1.2382976277669273	9106	15979
TCGCACCAGGAGGCAG-1	P24_T1	-0.11146062660217285	0.20127196139937278	-0.5935097694396972	10433	11010
TCGCATAAAGGGCGCA-1	P24_T1	0.22548308854632904	0.20720335807842966	1.3338477659225463	13835	13501
TCGCATCCCTAAGTGT-1	P24_T1	-0.08026532363891602	0.050144854007951364	-0.013921594619750954	5059	4311
TCGCCACCCGGATTAC-1	P24_T1	-0.1580734281539917	0.0582014631638324	0.18097834269205737	3723	15780
TCGCCCACTGCGAGAG-1	P24_T1	0.18583036035961575	0.32315274679687467	1.5185110982259116	1867	8321
TCGCCGAAGTTGCGTC-1	P24_T1	0.09001948589748804	0.24408204903538594	1.0463524476687112	5709	10047
TCGCCGACATATTCGC-1	P24_T1	-0.2133188967704773	-0.012478161178179237	0.07212125301361083	11087	14070
TCGCCGCACCGCGTGA-1	P24_T1	0.09720799181196424	0.2232355618103505	-0.5050911855697632	2303	10233
TCGCCGGATGGGCAAG-1	P24_T1	-0.12468019294738769	-0.14759544558173057	1.0299377346038818	2089	6409
TCGCCGGTCGATCCGT-1	P24_T1	0.007445298512776699	0.14637875550278617	0.05814882278442379	8354	5081
TCGCCTCCTTCGGCTC-1	P24_T1	-0.15506884384155273	0.04455531056828679	0.1608578554789225	11744	15601
TCGCGCGTTTACATGA-1	P24_T1	-0.2873857564926147	0.19990671387721493	0.2526660974820454	2296	14821
TCGCGTCCAGAAGGTC-1	P24_T1	0.1293623100916545	0.403001085023752	0.9147991069157919	4835	7369
TCGCTACTGGCTTTGA-1	P24_T1	-0.1274571704864502	-0.12213175968835818	-0.3186429262161255	9659	13877
TCGCTCGATATATTCC-1	P24_T1	-0.025143884658813478	-0.0421877259376065	-0.11482293128967286	8571	6993
TCGCTGCCAATGCTGT-1	P24_T1	0.024714474572075734	0.10578734242676088	1.598855684598287	10427	14452
TCGCTGGGCGGATTGT-1	P24_T1	-0.15089685726165772	0.34894496002453285	-0.5791694641113281	9780	6803
TCGCTGTGCGTAAATC-1	P24_T1	0.1841599343617757	0.03145466314866241	0.7886767673492432	6157	4695
TCGGAATGCGCTCTGA-1	P24_T1	-0.11152751159667969	-0.12674741416969557	1.0625496204694111	4725	7178
TCGGACGCCCAGCCCA-1	P24_T1	-0.2149163112640381	-0.15043085533500516	-0.6236566829681397	10328	7760
TCGGAGAGTATCGGGA-1	P24_T1	0.03638828108045794	-0.18235446136003108	0.6467776409784953	4171	10045
TCGGAGTACATGAGTA-1	P24_T1	0.11425214852227103	-0.16154577988106134	-0.8694735908508301	9779	7568
TCGGATCTGGATGACC-1	P24_T1	-0.2181426682472229	0.006290583535862204	-0.2605066863695781	2187	14248
TCGGCAGGGTTAAGGG-1	P24_T1	0.45967235083050206	-0.029262180096351065	0.6673084624608357	15041	14841
TCGGCGAACCCAAACC-1	P24_T1	0.20686151949564618	0.24680289596119184	-0.097851034005483	13180	10824
TCGGCGTACTGCACAA-1	P24_T1	0.07231681081983778	0.21091427365672133	-0.4343136787414551	3071	10808
TCGGCTTGTATCGACG-1	P24_T1	0.0699663176006741	0.11713915623274426	0.7666865364710491	12188	12543
TCGGGAGACAGCGTAC-1	P24_T1	0.10616786087883842	0.18557446635009459	1.3789472341537476	9441	12730
TCGGGATTCAAACATA-1	P24_T1	-0.07165272331237793	-0.09826108033225041	-0.610457353591919	3294	8896
TCGGGCCGTCGTGGTA-1	P24_T1	-0.2219405937194824	0.2325458454605717	1.3594597562154136	11315	9100
TCGGGTGAAACTGCTA-1	P24_T1	-0.16265482234954834	-0.20401963091536657	-0.6431861996650696	7807	3359
TCGGTCCCGACAATAG-1	P24_T1	-0.09215231739150154	-0.0030548041832260397	0.9435971299807231	4168	12339
TCGTAACTCCCAAGAC-1	P24_T1	-0.0023733463287353707	0.18290930299684233	0.8125515317916869	14713	14267
TCGTAAGACGACATTG-1	P24_T1	-0.1768014235496521	-1.5351062919749525e-05	-0.9411963248252868	10110	6613
TCGTATAGTGCAATTA-1	P24_T1	-0.04936684799194336	0.2818932091896432	0.7795130062103272	7807	3742
TCGTATTACCCATTGC-1	P24_T1	-0.06431668570306565	-0.089458686093356	0.9174932420253754	4393	8516
TCGTCAAGTACGCGCA-1	P24_T1	0.014494124412536613	-0.13242567145584414	-0.7838722610473633	5816	12150
TCGTCACACTGTTAGC-1	P24_T1	0.11615840882725187	0.17534123207765406	0.9926364036401114	3737	6603
TCGTCCGCTGGCGTCT-1	P24_T1	0.08940937031639945	-0.15147019632710707	1.2682824834187825	6046	5651
TCGTCTTAGGCGTTAA-1	P24_T1	0.4069197978973389	-0.0820753558370091	-0.35565067768096925	10761	11585
TCGTGTACTATGGATG-1	P24_T1	-0.07994695663452149	0.15468528460069525	-0.4035620975494385	10104	10436
TCGTGTATTGGTCACG-1	P24_T1	-0.11453292846679687	0.21190989097492807	1.1910864766438802	14497	11590
TCGTGTCACGCTGACA-1	P24_T1	-0.18350382804870605	0.5082536501105732	0.5741915464401245	4172	9662
TCGTGTTCGACCACAA-1	P24_T1	-0.11662603378295898	0.19226530867668343	0.4940627749760946	13177	12353
TCGTTAGGAGTCCCTA-1	P24_T1	0.10527095434400771	-0.009660773895997593	1.157823298772176	7575	11388
TCGTTGACAGGGTCCC-1	P24_T1	-0.2157035312652588	0.19747483290281873	-0.4052611875534058	1869	6791
TCGTTGGCTCGTCAAT-1	P24_T1	0.055079294840494814	0.273903873676155	-1.024864354133606	5061	3164
TCGTTTACGCGACCCT-1	P24_T1	-0.24074177932739257	-0.13030056478726518	0.8611778783798218	11965	14836
TCTAAAGAACAGTCTC-1	P24_T1	-0.20176085662841797	0.09002991744069178	0.4923107449213664	2741	11381
TCTAACTGTATGTAAA-1	P24_T1	0.06954724963506062	0.11997547012314164	0.9010478313763937	2858	6602
TCTAATACTGCCTCAG-1	P24_T1	0.1807933767636617	0.013038571448934166	-0.02240882237752273	4387	12339
TCTACCCAATAGAGAG-1	P24_T1	-0.16443964195251465	0.03996848873377379	0.28790938536326083	13288	12162
TCTACCCGCATCATTT-1	P24_T1	-0.11621294975280762	0.35301253939635	0.3661476469039917	14051	15796
TCTACCGTCCACAAGC-1	P24_T1	-0.09820449818505181	-0.014684049875144184	-0.9196662139892579	9011	6611
TCTACGCACGATCTCC-1	P24_T1	0.26812499586741134	-0.16081160226924307	0.6168255710601807	4822	15781
TCTAGCAATCTCCGCC-1	P24_T1	-0.19476199054718019	0.10715044944878394	1.615227212111155	4940	10237
TCTAGCATCTTCGATG-1	P24_T1	-0.0860692884127299	-0.2107514935051835	0.3090927505493164	6375	5842
TCTAGCATGCCCAGAA-1	P24_T1	-0.03705198695924547	0.1083794826895865	-0.16384885946909578	8895	10626
TCTAGTGATATCGTGG-1	P24_T1	-0.12990913322236805	0.10795833347094402	0.8793446946144103	12412	9866
TCTAGTTATCAGAAGA-1	P24_T1	0.004486036194695342	0.15518801044297698	-0.1668764241536459	7581	7947
TCTATAGGTGGGTAAT-1	P24_T1	0.16771281337738037	0.08855230789589935	1.1177078715960183	13614	13883
TCTATCATGCAGTTAC-1	P24_T1	-0.29215309143066404	0.04093803115339087	0.45369862953821816	6047	4886
TCTATCCGATTGCACA-1	P24_T1	0.11987368647257488	-0.04221449482360942	0.17156722545623782	10975	15408
TCTATCGGTCGCAACA-1	P24_T1	0.08601568979687163	-0.07778705783205012	0.7867933177947999	8683	5655
TCTATGCTATAACGAC-1	P24_T1	-0.006210384421878379	-0.023350736705515462	1.349944133758545	11967	13689
TCTATTACGCTGGCGA-1	P24_T1	-0.13719903797573513	0.019709676237447682	0.23996532758076983	5389	4120
TCTATTACTAGAGGAT-1	P24_T1	-0.11466339874267578	-0.10745002039326917	-0.8077644777297973	3293	9279
TCTCAAATCAATCGGG-1	P24_T1	0.038982044908735525	0.33005532609002974	1.4078514273961387	11415	15027
TCTCAGGCTACTCGCT-1	P24_T1	0.03601283502578734	0.09958688678090738	-0.8494117283821105	14601	15223
TCTCATGAGATAGGGT-1	P24_T1	-0.17042518329620363	0.05608241310055623	1.9467917680740356	11202	10820
TCTCCACAAGTTGAAT-1	P24_T1	0.24589199405246304	0.2863436543301448	1.0221267143885293	11858	13116
TCTCCCTGGGCAGCGT-1	P24_T1	0.13162941699557834	0.1697966516417945	-0.11661307891209927	10431	11775
TCTCGGCTCCAGGACT-1	P24_T1	-0.10130792480044898	0.12812960307870136	0.6463110208511352	4181	3927
TCTCGTGTTACGAGGA-1	P24_T1	0.22094797881444295	-0.056873319399703554	0.026523701349894124	2194	10042
TCTCTAATAGCTGGTA-1	P24_T1	-0.17079902839660643	-0.0011862701084256327	-0.6012661981582642	7365	5270
TCTCTCGCCGCACATA-1	P24_T1	0.1322759527100457	0.2628461735227231	0.09741865555445361	14277	11972
TCTCTTACCGCGAACC-1	P24_T1	-0.11828992652893067	-0.10670551677678256	0.47984550635019935	6363	13872
TCTGAACCGGTCGGCT-1	P24_T1	0.2442378550635444	0.004196811442407189	1.4204882113138833	5717	5459
TCTGAACTCGTACCCG-1	P24_T1	-0.0292401843600803	0.32080002812464503	0.9875355386734008	12082	10439
TCTGAAGCACGTGGTC-1	P24_T1	-0.0902480936050415	0.2935194146446467	-0.41311815261840823	10870	12158
TCTGATGTATTCTGTC-1	P24_T1	0.27824457687801785	-0.043289133366322355	-0.43232786178588867	10762	11202
TCTGATTGGAAATGGA-1	P24_T1	0.39754875249332855	0.16509862997521224	1.0891274964809419	15162	8150
TCTGCAGATTCGAGTC-1	P24_T1	-0.1403208360671997	0.059912829324436395	-0.8585649299621582	2199	6218
TCTGCATACCTTGCTT-1	P24_T1	0.09149484462208218	0.20001403594043698	1.1519409310817719	12517	13117
TCTGCCAGAAACTGCA-1	P24_T1	-0.13767543411254882	0.3009923252483342	1.0999909369150798	10325	9290
TCTGCGTCCGGTTTCT-1	P24_T1	-0.17634065532684326	0.11468272441185562	0.5384364700317383	4180	4309
TCTGCTTAGAACAAGC-1	P24_T1	0.07802215380138822	0.17898582952134562	0.7774929952621461	15487	11018
TCTGGAGCGTAAGAGT-1	P24_T1	-0.18509963496526083	0.33463453693144546	1.5932407633463541	15490	8724
TCTGGCCGTTCAAGTT-1	P24_T1	0.33389571926328876	0.247450929226758	1.1833530656496682	15051	8341
TCTGGCGCAAGCCGGG-1	P24_T1	0.04276453298992583	0.33625497907333457	0.9833417550722756	2307	7939
TCTGGGAACCTTTGAA-1	P24_T1	0.3502076112429301	0.1446924839643824	1.5314818994204202	12413	9102
TCTGGGTAGCGCTCAT-1	P24_T1	-0.1665823307302263	0.04346821982188512	-0.04227721293767295	5601	9091
TCTGTCATACAAGAGC-1	P24_T1	-0.0005093590948316851	0.014434764115869081	-0.2985218183199564	6489	3357
TCTGTGCCATCATAGT-1	P24_T1	-0.11503983402252198	-0.11107789750067179	-0.5148916006088257	10438	7569
TCTTACAGAGGTACCG-1	P24_T1	-0.020636008792453364	0.4134294255334526	0.5330695152282714	6597	4313
TCTTACGGCATCCGAC-1	P24_T1	0.1677863895363278	0.1804417154066248	0.8997585046291352	4836	6222
TCTTACTTATGCCTCT-1	P24_T1	-0.09113284386528864	0.03827938950835194	-0.7174399304389953	11862	10057
TCTTAGAGTGAACTCT-1	P24_T1	0.2123488867017958	0.028092076914422448	0.36367967486381536	12522	9675
TCTTCGAATAGACGTT-1	P24_T1	-0.20941266345977783	0.15389975205363843	-0.36569194793701176	9447	8906
TCTTCGATACCAATAA-1	P24_T1	-0.009069878631167955	-0.05507590860061731	-0.2595167048772177	8900	7567
TCTTCGCGGTGAGAGG-1	P24_T1	0.4712554623285929	0.555996672685781	1.2006475019454956	14385	12928
TCTTGATGCGTAGCGA-1	P24_T1	-0.21342681407928465	-0.20784852808753915	0.5303125977516174	9119	7567
TCTTGCTCCCGATACT-1	P24_T1	0.01033054404788547	0.39291433906661855	0.4220106180508931	9000	13876
TCTTGGTAACACCAAA-1	P24_T1	0.16584384751319886	0.14332938119269056	1.05678741812706	8793	5464
TCTTGGTCAATGATAC-1	P24_T1	-0.1837843885421753	0.2833284843688043	-0.8187026309967042	3833	15589
TCTTTAGAGTCTAACA-1	P24_T1	0.026984807809193934	0.28281410221818837	0.9205049252510071	14168	11016
TCTTTCATCCGTCCTT-1	P24_T1	0.334751477877299	0.5227604599073696	0.5149611218770345	2077	14056
TCTTTCCTTCGAGATA-1	P24_T1	0.3088274366590712	0.11443782272754899	1.1074370328585306	14825	12547
TGAAAGGACCTGACTC-1	P24_T1	0.14097606314553152	0.36426512220295215	0.713362197081248	10767	8143
TGAACAAGCAGGGACT-1	P24_T1	-0.019794243839051984	0.1266792011541008	0.15098612109820064	5593	14062
TGAACTGCTATGACTT-1	P24_T1	-0.06569847106933593	-0.0794252109207563	-0.43483198642730714	1756	8894
TGAAGAGCGGTCCTAG-1	P24_T1	-0.08015697246127657	0.09291135158048117	0.03579718351364125	2860	5072
TGAATACCGACGCGTA-1	P24_T1	0.08626310539245607	0.4135358044231765	1.0537589915593466	10648	14070
TGAATGAGTGTTTCCC-1	P24_T1	0.15426226043701174	0.1773866256344772	-0.5183823394775391	7132	14064
TGAATTTCACTTGCCT-1	P24_T1	-0.13232558155059815	-0.05823736462817097	-0.3349077177047729	2085	9468
TGACAACGCATGTCGC-1	P24_T1	0.17704950110117595	0.47556340747764975	1.376305602391561	15270	9106
TGACAGAAATCTTGCT-1	P24_T1	0.5609864721298218	0.41416225564026465	1.4808043924967447	2295	15204
TGACAGGACAAGTCCA-1	P24_T1	0.0036580892139010945	0.6327973869556281	-0.6085284074147542	2630	11954
TGACATATATGACGAT-1	P24_T1	-0.17494909000396727	0.5053846845424148	-0.7693986797332764	1866	8703
TGACATGTAACGTGAC-1	P24_T1	-0.10883100414276123	0.10487267555006398	-0.6117408466339112	8559	14640
TGACCAAATCTTAAAC-1	P24_T1	-0.1844236135482788	-0.10224638682617168	-0.3996368424097697	8450	14066
TGACCCACGTTAGACA-1	P24_T1	0.052268676863776314	0.07415601084429682	1.1496486632029215	6812	7755
TGACGAATATTTCCCT-1	P24_T1	-0.27797266817092897	0.09442794482979999	1.2326456713676452	4062	9853
TGACGATGCACTAGAA-1	P24_T1	-0.15631826043128969	0.012030043491314452	-0.28822746992111203	12085	8528
TGACTATAATCCTTTC-1	P24_T1	0.01901489416758223	0.10832822962895333	1.2988436698913575	9115	10244
TGACTCCGAATCATAC-1	P24_T1	0.051958967685699464	-0.14859073314090704	-0.535293881893158	3397	13294
TGACTCTAACTGGTAA-1	P24_T1	0.05631494119432237	0.16573446362343947	0.8253708577156067	15152	14268
TGAGAATGCTTTACCG-1	P24_T1	-0.13566554535759817	0.14745871492680285	0.6735245299339294	7585	4888
TGAGACGTACCTCTCA-1	P24_T1	-0.06738826084136963	-0.08590619756071359	0.5622142966588339	2195	8895
TGAGAGATTTACCACG-1	P24_T1	-0.04297365755505031	-0.14821106442135717	0.4103898342450458	11644	9292
TGAGCCATACAGTCTC-1	P24_T1	-0.25983188223838805	0.09956445746640497	0.5475695951779682	5820	9474
TGAGCGGAAAGTGTTC-1	P24_T1	-0.02555436929066976	-0.10534380386339737	0.8248488362630209	8783	11964
TGAGCTCAACTGTATA-1	P24_T1	0.2940642672644721	-0.0666642705066092	-0.396450276374817	15265	12547
TGAGGAGTGCCAGCTT-1	P24_T1	0.11751660092671713	0.2188183989300824	1.0626277446746826	8013	12536
TGAGGCATGTACTGTG-1	P24_T1	0.04844144588046606	0.44295123446174384	1.4451574512322745	2520	12145
TGAGGTGTGTGGCGGA-1	P24_T1	-0.14777877998352051	-0.18180446736764588	1.7249016571044922	7350	14829
TGAGTAAATTAGCGTA-1	P24_T1	-0.17271353054046631	0.031605112405964725	0.516949458916982	7906	10433
TGAGTGCCTCTTAAAT-1	P24_T1	0.3841712166468302	0.19195242802835416	0.9386907895406087	6149	10048
TGAGTGGTCCGTGACG-1	P24_T1	0.2473427077929179	-0.0872754003244225	0.29635367234547927	10878	7188
TGATACATTTAGCCGT-1	P24_T1	-0.05030191161897449	0.27750156376452517	-0.7949130964279175	6366	11960
TGATAGCGGGATTCTA-1	P24_T1	0.09041659047868517	0.21605609220679708	-0.715850157737732	2968	6793
TGATCACCACACTGAC-1	P24_T1	-0.07641236972808838	0.25471017064664186	-0.5184663677215576	7241	14638
TGATCAGGGAACTGCT-1	P24_T1	0.10671715762880113	0.24167870031773914	0.7098568054040273	4282	9471
TGATCGGTTTGACCCT-1	P24_T1	-0.10506869485643175	0.15273683643181052	0.6453741494814556	7582	6800
TGATCTATCACACTCT-1	P24_T1	0.10624751642015245	0.1585115047642582	1.0116139602661134	11745	15218
TGATCTCCGGCGCCAG-1	P24_T1	-0.09734239525265165	0.24007952833335672	1.1004555630683899	7143	6799
TGATGTCAATTAAGTG-1	P24_T1	-0.19247150897979737	-0.17760549135656165	0.6415316883722941	12957	12735
TGATTCAGGTCCCGCG-1	P24_T1	-0.014253898037804497	0.18948034812139986	-0.36825259049733483	2522	10616
TGATTCCCGGTTACCT-1	P24_T1	-0.06981246603859795	0.2111669957504443	0.4426130477587382	7132	13682
TGATTCGTCTATCACT-1	P24_T1	0.2098914263513353	0.06459421866158777	0.89418799161911	6153	7371
TGATTCTGTCGCCGGT-1	P24_T1	0.12828076998392743	0.1992833020969792	-0.39706642150878907	6478	10622
TGATTTATTAGCTGTG-1	P24_T1	-0.11789585071139869	0.09831972526890587	1.1891266588370004	5382	8708
TGATTTCCTCCTGACG-1	P24_T1	-0.18949430751800536	0.08610270994088262	0.17283451557159424	5388	4502
TGCAAAGTTCGTCTGT-1	P24_T1	-0.1420155611038208	-0.08076853480115033	-0.25925013065338137	8119	15022
TGCAACCCATCTGCGG-1	P24_T1	-0.12950889195336235	0.22760501503944397	1.1959648108482361	11528	12924
TGCAACTACTGGTTGA-1	P24_T1	0.2591541443400912	0.3374522552394227	1.3202477025985717	11636	14645
TGCAAGAATGACGTAA-1	P24_T1	-0.05304381328158908	0.18856996697867479	0.6796965646743773	8241	7183
TGCAATCTAACACGGT-1	P24_T1	0.21303787040710448	0.27338040121716406	0.499734119574229	11528	13306
TGCACTATGTGAGTGC-1	P24_T1	-0.1868499183654785	0.3615426670518231	-0.6021830558776855	3081	4690
TGCAGAACTATATCGT-1	P24_T1	0.1147528045707279	-0.005077891901835496	0.8690060520172118	4062	9471
TGCAGAGTACCGAGCA-1	P24_T1	0.021092210557725644	0.25311381918205245	1.0635324319203694	6700	8710
TGCAGATCGTCCTAGG-1	P24_T1	-0.007786635398864733	0.07053025270201752	0.38980618794759114	3623	9470
TGCAGCTACGTACTTC-1	P24_T1	0.08284729078080919	0.06987177392247007	-0.5309977865219117	3403	9470
TGCAGGATCGGCAAAG-1	P24_T1	0.0842548713684082	0.19424606489655155	-0.6210793352127075	9781	6039
TGCAGTGGTAGGGAAC-1	P24_T1	0.06842746649848092	0.38414171544764136	1.1624706649780274	3835	14441
TGCAGTTTCCTCCCAT-1	P24_T1	-0.08299619616402518	-0.32179392904243215	1.1902378137906393	11534	9100
TGCATATGTCTGTCAC-1	P24_T1	-0.14347620852788293	0.20823515421592148	0.7740816712379455	10986	8144
TGCATGGATCGGATCT-1	P24_T1	-0.10986386585235595	-0.15652886333081545	-0.0071290842692056655	9013	5082
TGCATGTGACCCATAG-1	P24_T1	0.2007353581322564	0.19371834560662038	0.7621908092498779	5813	14445
TGCCAAAGTCAGACTT-1	P24_T1	0.19879478173785736	0.29077144050491466	1.440747102101644	3732	9662
TGCCAATGGGTACTCT-1	P24_T1	0.1290023028055827	0.028657643186966036	-0.9772372579574585	7355	11770
TGCCACACTAGAGGAA-1	P24_T1	-0.10819009113311767	0.12991859408833037	0.12189850091934207	1974	9659
TGCCAGTACGTGGAGA-1	P24_T1	-0.12227895323435464	0.14740691679036055	0.8112057526906333	9443	11200
TGCCCGATAGTTAGAA-1	P24_T1	-0.14196542305416532	0.2560905969516276	0.9482097355524699	10206	15216
TGCCCGTACCGTTAAA-1	P24_T1	0.12384476921293475	0.11791504729514152	0.6144266819953919	9885	10054
TGCCGGATGTACGAGC-1	P24_T1	0.1695909644232856	0.27323340516229067	1.4166104157765709	5375	13297
TGCCGTGGATCGTCCT-1	P24_T1	0.1076248643663194	0.21669705095440484	1.2910304260253906	8563	12346
TGCCGTGGGACCCAAT-1	P24_T1	-0.07335373396343656	0.19185210694402655	0.36857489267985044	8998	15023
TGCCGTTCTTAATCGG-1	P24_T1	0.25421112267176316	0.4431888005744158	1.8290072393417358	1750	12335
TGCCTAAATTTAATAG-1	P24_T1	0.023641802867253592	0.5467753275662193	1.174570715824763	15600	8915
TGCCTAATTGAAGATT-1	P24_T1	0.02064628177218969	0.2074207911555399	0.7531865088144938	13178	11971
TGCCTGACATCGGTCA-1	P24_T1	0.25322395992279056	0.24499221136105942	1.9362585655848183	3850	4500
TGCCTGATCAAACGAT-1	P24_T1	-0.08541834068298337	0.3320516850590973	-0.49775592327117923	9343	5273
TGCCTTGGCCAGGCAA-1	P24_T1	-0.04395483779907226	-0.0944038309506922	0.35894090016682945	10652	11393
TGCGAATATGGGATTT-1	P24_T1	0.07951648881700302	0.4482947293944007	1.279913241068522	3072	10043
TGCGACACCCTAGTGC-1	P24_T1	-0.19399243450164794	-0.1562077335063243	-0.7175527095794678	6698	10240
TGCGACGGCCGAACGT-1	P24_T1	0.0034839584032694826	0.19500898268132139	1.3222901391983033	5156	12914
TGCGAGAATATTACCC-1	P24_T1	-0.11051753515667384	-0.01006365582446922	0.9700071748097738	6038	11004
TGCGATGCTAATGGCT-1	P24_T1	-0.129751033782959	0.05903450834671123	0.25152169227600096	2860	5454
TGCGCAAAGCATTTGG-1	P24_T1	0.2854450354576111	0.14512251927548606	-0.5751996970176697	9010	7376
TGCGCCGTTAATAACG-1	P24_T1	0.2963038892216153	0.06706635143932882	0.92568372408549	15160	9297
TGCGCGATTAACGGAG-1	P24_T1	0.009205746226840561	0.017726656107827837	-0.44140920639038084	6154	6607
TGCGGACTTGACTCCG-1	P24_T1	-0.07929693984985352	0.29659530820462526	-0.45969907760620116	9988	14451
TGCGGAGTAAAGGTGC-1	P24_T1	0.026108084201812765	0.020196981878088605	0.2888215088844299	9342	5656
TGCGGCATAGTTCAAC-1	P24_T1	0.08198367648654514	-0.16947745396786887	-0.7448110866546631	7587	3741
TGCGTAAGAACCTGAT-1	P24_T1	0.21516341188218857	0.2953774715029953	0.27579114119211834	6369	9666
TGCGTACGGCTAATTG-1	P24_T1	-0.0918519466188219	0.12121365174351123	0.4154158449172973	12735	14264
TGCGTCATGACTGAGC-1	P24_T1	0.10018164979086983	0.30699746134030476	-0.2948018868764241	3949	11574
TGCGTGATTGGGTGTC-1	P24_T1	-0.14917078971862793	-0.16803120526691412	0.24917819499969485	3522	3544
TGCGTTTGTTGACACT-1	P24_T1	-0.20756960678100586	0.2155574000121763	0.9565321365992229	9995	9480
TGCTAAGTGTCTATTT-1	P24_T1	0.055741837077670636	-0.2589403326879412	0.7286286115646363	11531	11395
TGCTATGGCAAAGGGA-1	P24_T1	-0.048805111090342246	0.21726137709697618	1.2440451490879059	4493	14825
TGCTCAAAGGATGCAC-1	P24_T1	-0.17474724769592284	0.17878449349862083	0.39069355328877764	3722	16162
TGCTCCACAGTTCTTA-1	P24_T1	-0.1225650978088379	0.10601646014774674	-0.5515995836257934	12082	10057
TGCTCGGCGAAACCCA-1	P24_T1	-0.07264474201202392	0.3621347769261474	0.9654942933718365	8343	12345
TGCTCGGTGGGTCACC-1	P24_T1	0.1383443525102403	0.28076131071820354	-0.8350082492828369	9549	14068
TGCTGGTTGGACAATT-1	P24_T1	-0.1779910545349121	0.028926695753263953	0.3648406187693277	6156	5460
TGCTGTTGAAGAACTC-1	P24_T1	-0.06673078333006965	0.16763790475175422	1.3278503759702047	8898	8714
TGCTTAGAGAGAATGC-1	P24_T1	-0.08876132710774737	0.1898822396726949	1.715787479877472	4496	13295
TGCTTCCCAAGCAGTA-1	P24_T1	0.2247672170003255	-0.11309226247288237	1.6614718437194824	8891	13302
TGGAAGAAGGGAACGT-1	P24_T1	-0.18835690259933474	0.03438350011571678	0.8704867537816365	5492	8900
TGGAAGACGAACACCA-1	P24_T1	-0.15926902961730957	0.05910224295835899	0.8138942829767863	6708	4122
TGGAAGGATAAAGATG-1	P24_T1	-0.15867957067489624	0.026718556347576028	-0.21468106746673588	9123	5273
TGGAATTAGACGCTTT-1	P24_T1	-0.17573269367218017	0.3062240689392858	1.1829810905456544	3627	6412
TGGACACCGTTGCTTG-1	P24_T1	0.06540815281867979	0.1696430273704081	0.7144364567597707	2750	5263
TGGACCAATCTAAGAT-1	P24_T1	0.010707864973280162	0.5544658952644741	0.2007471958796183	10429	13305
TGGACCACGGCGTTGA-1	P24_T1	-0.10084836578369141	0.15461710782125757	-0.4412116003036499	3743	2779
TGGACGCAATCCAGCC-1	P24_T1	-0.10407326602935792	0.07707530953473427	0.7495492601394653	3838	12530
TGGACTGTTCGCTCAA-1	P24_T1	-0.21159058094024658	-0.05355791850911425	1.128772055308024	9667	8524
TGGAGAATAATCGTCC-1	P24_T1	-0.08985942867067126	-0.12017892117734989	0.8552039035161335	6471	15210
TGGAGTGATGCGATGA-1	P24_T1	0.024098224639892585	0.24296996310786648	0.45972315788269047	6154	6989
TGGCAAACTAAATTAC-1	P24_T1	-0.054970893859863285	0.15304213402255268	-0.22635870933532715	10213	11010
TGGCAAGCACAAGTCG-1	P24_T1	-0.09242732191085817	0.28533865101385436	-0.2537804166475931	7791	14065
TGGCAATGGGACGGCG-1	P24_T1	0.030341509130265953	0.1551123344791549	0.8942116419474284	13288	11780
TGGCAGATTACGATCA-1	P24_T1	-0.09618691825866699	0.21858284084055513	-0.08568562348683684	8017	9860
TGGCAGCAGTAATAGT-1	P24_T1	0.09285425874922013	0.11664889256159466	0.7548058430353801	8348	8904
TGGCATGAAGTTTGGG-1	P24_T1	-0.15703992557525634	-0.12960352993651525	-0.5798048639297485	2959	12146
TGGCCAAACTGAAGTA-1	P24_T1	-0.062399657832251654	-0.015405651306946017	-0.5129280145963034	10000	6804
TGGCCAATTTGGTACT-1	P24_T1	-0.08520882468753391	-0.012933460991387924	-0.6146985975901287	2852	10808
TGGCCGTATATTGACC-1	P24_T1	-0.1683807382583618	-0.10143685260875113	-0.08557213624318444	5825	6415
TGGCGATCAAGTTATG-1	P24_T1	-0.04320997889836628	-0.030456408091572823	0.5771591877937317	7685	11197
TGGCTACACTCTACCT-1	P24_T1	0.19063358582390677	0.4757887581050796	1.1471679258346557	12626	13690
TGGCTATGTGACATAC-1	P24_T1	0.18039715830485026	0.21742792417539047	-0.1132538302739462	10649	12923
TGGCTCTTGTCGCGTA-1	P24_T1	0.03573541323343912	0.16412052972204733	-0.4926581931114197	2964	9469
TGGCTTATGTATAATG-1	P24_T1	0.08700008572472465	0.04687779568452427	0.15449013312657667	1751	11953
TGGCTTTGGGTAGACA-1	P24_T1	-0.15197766304016114	-0.11296626145407658	-0.7356252288818359	7255	5079
TGGGAAATGCCTTTCC-1	P24_T1	0.2153604242006938	0.12058373165610653	-0.24909378687540695	4617	5840
TGGGCACAAACAGAAC-1	P24_T1	-0.11869632339477539	-0.1255781026494583	1.607658724784851	6709	2975
TGGGCAGGCCACCGCA-1	P24_T1	0.11428363201353287	-0.08531494461983374	-0.18090484062830603	14387	11781
TGGGCCACAAGAGCGC-1	P24_T1	0.031666155020395936	-0.027759313583374023	-0.6706626653671264	9563	4891
TGGGCCCATACTAATT-1	P24_T1	-0.11771061897277832	-0.03561153867900771	-0.4571359539031982	11422	10438
TGGGTGCACAAGCCAT-1	P24_T1	0.3189518772231208	0.3028424954587714	0.8182681437333426	10976	14644
TGGGTGTAATAGATTT-1	P24_T1	0.04515336730745104	-0.05239547612416397	-0.1488471070925395	12844	14455
TGGGTGTTAAGTAGAA-1	P24_T1	0.1357527353498671	0.07606528936083151	0.3241879836718242	9108	15214
TGGGTTTCGGGCGTAC-1	P24_T1	-0.10982488536834717	0.286250950772757	-0.8986727905273437	4383	15016
TGGTAGAATATATGGG-1	P24_T1	-0.058769939316643593	0.34423046090725556	1.0603805502255759	12631	10632
TGGTCCCACGCTACGG-1	P24_T1	0.2279700598716736	-0.0799901903475691	-0.2458293350537618	9773	11392
TGGTCGATATACCTCT-1	P24_T1	0.2298614691363441	0.35995545496609915	1.1326519791285194	5701	15400
TGGTCGGGTACAGGGC-1	P24_T1	-0.1928267526626587	0.07156934314126137	0.6482311916351319	3283	15779
TGGTCGTGCAAGGCAA-1	P24_T1	0.09305811055501301	-0.11209154689071962	0.9823851203918457	2414	9277
TGGTCTAGCTTACATG-1	P24_T1	-0.1497001722653707	-0.019205039779611882	0.6399158716201783	2201	5453
TGGTGATCGTATTTGT-1	P24_T1	0.3728899172676934	-0.12891775089622343	-0.4867481851577759	3408	6411
TGGTGCCCTGCCTTAC-1	P24_T1	-0.1693928108215332	0.2889721638937658	1.746700448989868	7349	15594
TGGTTAACTTACATTT-1	P24_T1	-0.021945809099409325	0.10369811035376003	1.0777352444330852	2519	12910
TGGTTCAACGGGTAAT-1	P24_T1	0.15673997465769451	0.2116440987960338	1.3392348623275756	9773	11009
TGGTTCGTAGCAAAGG-1	P24_T1	-0.17063203032811483	0.08367456572434512	1.009805442492167	7694	5844
TGTAATGACCACAATA-1	P24_T1	-0.14538195037841797	0.1595072042221991	0.29745437781016026	3185	8323
TGTACCCGACCCTAAT-1	P24_T1	-0.16277184772491454	-0.1768611969563785	-0.8149514126777649	2407	14248
TGTACCTACACGAGGG-1	P24_T1	-0.07632662402258983	0.3117559875551219	0.8702698055903115	11639	12733
TGTACGAACAAATCCG-1	P24_T1	-0.10257416303952535	-0.06842016080348554	0.7615449817975364	8019	8713
TGTACTATCGCTCGTT-1	P24_T1	0.18393383174472386	0.1882083396650267	1.320996503829956	11963	15984
TGTAGCCAATTCCGTT-1	P24_T1	-0.09943947982788086	-0.06316517743488285	-0.33975360870361326	10536	15025
TGTAGCCATCCCATTC-1	P24_T1	0.35623948245578335	0.2778626244340167	1.2934563112258912	13945	13310
TGTAGGAGAAATTTCC-1	P24_T1	-0.14855836582183837	-0.1644225704589946	0.024042991002400704	11097	7953
TGTAGTGATCTATAAT-1	P24_T1	-0.17427719116210938	0.21004724955932141	-0.07273904482523597	5273	8135
TGTATAACAGATCCTG-1	P24_T1	-0.086475980758667	-0.07482694699460228	-0.3603165864944458	10329	6995
TGTATCCTTATTCCAT-1	P24_T1	0.18677724414401584	0.134725311391839	-0.7398100423812867	7148	3358
TGTATGGCGCAGACAG-1	P24_T1	0.02809614679548475	-0.1429738390365703	-0.08877115567525223	11863	9674
TGTCCACGGCTCAACT-1	P24_T1	0.010667394902971056	-0.0719600532545606	-0.2737550981839498	12735	13882
TGTCCCGACATAGCAC-1	P24_T1	0.28621096812354196	-0.04622436049800591	-0.24764471054077147	7917	3550
TGTCCGCAAACAATTC-1	P24_T1	-0.11686595736609567	0.05161858405042813	1.0419484615325927	7239	15403
TGTCCGTGGCGCCTTT-1	P24_T1	0.08044362338383992	-0.060700894935552446	1.004994136492411	3626	7176
TGTCCTAAGTCACCGC-1	P24_T1	-0.07242060089111328	0.13198877647685792	-0.4061199951171875	4944	7943
TGTCGGCATGGTGGAA-1	P24_T1	0.026024919509887695	0.06795717165774148	-0.756864218711853	4182	3162
TGTCGTGGGTATAGGC-1	P24_T1	-0.008110067155626066	0.36834823538526323	0.8992443164189656	8997	15788
TGTCGTTATCACATAT-1	P24_T1	0.14429979186587863	0.17295179244389206	-0.6749672031402588	3287	13102
TGTCTACAGTTTCTGT-1	P24_T1	0.11642171425289577	0.07412346004106322	-0.6093227243423462	7478	3550
TGTGACTACGCCAGTC-1	P24_T1	0.0235535298453437	0.029797619687897514	-0.7843908405303955	9672	5465
TGTGACTAGAGTTTGC-1	P24_T1	-0.05236728456285261	0.3800955310763929	1.1743154970804848	13723	14457
TGTGAGACTAGCCCAA-1	P24_T1	0.06527212270100913	0.5243862107296118	-0.6234997034072876	8562	12728
TGTGCCGGTGCCGGAA-1	P24_T1	-0.10387297105789184	0.03163168127638116	1.0762208072344461	12300	11587
TGTGCTTTACGTAAGA-1	P24_T1	-0.2500106768608093	-0.1192352493737368	-0.2080255270004272	3625	8323
TGTGGACTATCTACGT-1	P24_T1	0.03282926601833769	0.22757094378439374	1.0112749099731446	15486	11401
TGTGGCGGGCTTCTGG-1	P24_T1	-0.14664286613464356	-0.19073815953811543	-0.6736608791351318	8121	13875
TGTGGCTCCCACCAAC-1	P24_T1	0.2263868588341607	0.21144945942848853	1.29761594692866	14610	9870
TGTGGTAGGGTGCCTT-1	P24_T1	-0.023410894076029448	0.1024862507179013	-0.3163160761197409	15376	11592
TGTGGTTGCTAAAGCT-1	P24_T1	-0.06675313350889417	0.26327570272772105	0.3499157357215882	7022	13873
TGTGTAGTAGCACGTG-1	P24_T1	0.03104846715927123	-0.08358290851516209	-0.3802395621935526	14386	12546
TGTGTCGAAGTCGAGG-1	P24_T1	-0.23363848781585694	-0.09116293226579159	1.2836851787567138	1645	9467
TGTGTCGCGAGTTGCA-1	P24_T1	-0.09503471183776856	-0.06981448039112476	0.46337578773498533	5606	6032
TGTGTGACCATGAATC-1	P24_T1	-0.15854553842544555	0.22012884548179784	1.0383224976062775	1863	10615
TGTGTTCGTATCCAAG-1	P24_T1	-0.17489938163757324	0.16386090109012272	-0.2893782528241475	3956	7368
TGTTAACAAAGTGACT-1	P24_T1	-0.1626533203125	0.23331341060749372	-0.19894840876261388	15151	15033
TGTTATTGTATGTGGC-1	P24_T1	0.06779765725135806	0.21299153683036232	1.0052718885739647	11094	9864
TGTTCATAAATGTGCT-1	P24_T1	-0.08617730946011012	0.17510362159485784	0.821798448562622	2529	6410
TGTTCCGCTTCCATGA-1	P24_T1	0.08957845958073934	0.17940002693159202	1.1536647963523865	6481	8328
TGTTCGTATTGCGGTG-1	P24_T1	-0.10707706430223254	0.0491064636899321	1.1490689341227212	8345	10816
TGTTCTTCCATTGACT-1	P24_T1	-0.23300246906280517	0.0651853479261633	0.20416108290354418	6372	7754
TGTTGCCGTCGTCCCA-1	P24_T1	0.31216346165868974	0.312340889801115	0.8180319356918335	15048	10253
TGTTTCGGTACTTCTC-1	P24_T1	-0.20011618767844308	0.038804447857592184	0.36287408749262506	7805	4889
TGTTTCTGAAGCGTGC-1	P24_T1	0.2773178630405002	-0.15447641819115454	0.7018547034263611	2408	13483
TGTTTGAGATCGTCAG-1	P24_T1	-0.03171306885613334	0.07061628020583119	0.497075749238332	14278	10825
TTAAACAGAGTCCCGC-1	P24_T1	-0.0789949254989624	-0.1689435531629012	-0.39187921047210694	4621	3163
TTAAACCGGTAGCGAC-1	P24_T1	-0.2166339044570923	0.34011557344888954	-0.14837771415710455	7369	2976
TTAAACCTGGTTCCTT-1	P24_T1	0.017055209954579653	0.1008061119907388	0.719089836279551	2968	6411
TTAAAGGCGATGCTCG-1	P24_T1	0.03330499182807076	0.3302208122524372	1.4172059408823647	7020	15402
TTAAAGTAAGTCGCCA-1	P24_T1	-0.09241873550415039	-0.13508169162993464	-0.16127017895380658	13174	14647
TTAACACCTCGAACAT-1	P24_T1	-0.1223324761390686	-0.11831111195903496	-0.007866424719492504	4068	6030
TTAACCAACCCTCCCT-1	P24_T1	-0.1055905758274926	-0.04763711248868263	0.9255937310059867	7695	5080
TTAACGTCGCAAGACC-1	P24_T1	-0.14492316436767577	-0.13877602471601244	-0.8598133563995362	7588	3359
TTAACGTTAAAGCCTG-1	P24_T1	0.17061583158704974	0.3922202887151065	0.3346454413731892	2086	8321
TTAACTCACGCGTGGA-1	P24_T1	0.13915071190728082	0.2950066552066163	1.0375642379124959	3189	6029
TTAACTTCAGGTAGGA-1	P24_T1	-0.10678607972462972	0.02575974336406528	1.2102501344680787	4501	10237
TTAAGATACCCAGAGA-1	P24_T1	-0.22385106086730958	0.37483176428999676	1.0637344439824423	4492	15590
TTAAGATAGGATTGAC-1	P24_T1	0.08677298291524249	0.5009831716816964	1.3718988752365113	12742	9676
TTAAGCGCCTGACCCA-1	P24_T1	-0.2095828488137987	0.1536047520986873	1.2766567015647887	6483	7181
TTAAGGCCCGTACTTT-1	P24_T1	0.1873882377412584	0.16825202087427946	0.8718231781323751	4387	12722
TTAAGTATTGTTATCC-1	P24_T1	-0.03951093890931873	-0.18538761578950305	-0.35264248689015704	11527	13689
TTAATGTAGACCAGGT-1	P24_T1	-0.2210413055419922	-0.02950397040486602	-0.7289288091659546	9120	7185
TTAATTGCTTTGGGTG-1	P24_T1	-0.13096655082702638	0.5496163338889479	0.8670494238535564	9990	13304
TTAATTTCAGACGCGG-1	P24_T1	-0.20049036312103272	-0.10259109835496685	-0.39025222460428866	9234	4700
TTACAACTACGCATCC-1	P24_T1	-0.04967812087800769	0.12513029388666688	1.233360877831777	7364	6035
TTACACGATCTGCGAC-1	P24_T1	0.1074478352864583	0.2463907196417751	1.2964163227876029	13725	13310
TTACATCGTGGCCTGG-1	P24_T1	0.2589033468034532	-0.10697480736162839	-0.6819694709777832	5607	5268
TTACCATTGATTACCC-1	P24_T1	0.04972539154688521	0.09658113675362845	1.0529535059134163	4724	7943
TTACCCTAACAGTCCT-1	P24_T1	-0.06627806854248047	0.10563404274733543	-0.4504697227478027	4287	6030
TTACCCTAGGGATTGG-1	P24_T1	-0.06934962272644044	-0.08961348245607927	-0.41609773635864256	8012	12919
TTACCGCCTTAGGGAA-1	P24_T1	-0.05127036666870117	-0.109787335331808	-0.5767916250228882	3962	3544
TTACGTATCTATGACA-1	P24_T1	-0.13179497718811034	-0.07739637922120575	-0.6724636220932007	14384	13693
TTACTAAAGGACTTTA-1	P24_T1	-0.14575015592575075	0.2107810428745261	-0.1673326532046	10213	10628
TTACTATCGGCTTCTC-1	P24_T1	0.1373599854575263	0.13777110447286223	1.213153086900711	3405	7941
TTACTCCGGCCGGGAA-1	P24_T1	-0.2275385627746582	0.2519905533833258	0.13835710843404125	10218	7951
TTACTCTGGTACGTAC-1	P24_T1	-0.17469835072093542	-0.0021087097908292773	1.2282838026682534	5051	9664
TTACTGGGATATTTCA-1	P24_T1	-0.1995939073562622	0.15922198652954445	0.1978247189521789	7578	9859
TTAGAAGAACATGACT-1	P24_T1	0.004253348986307803	0.2117552027206293	1.2363017789522806	8674	11390
TTAGAATAAGGGTCGG-1	P24_T1	-0.14102606773376464	-0.14913687409970583	0.46115100781122853	6584	13107
TTAGACGAGTCACCTC-1	P24_T1	0.0685714062584771	-0.013309614437005152	-0.16890500863393154	10433	10628
TTAGAGGGATATACAG-1	P24_T1	0.1328187174267239	0.22588625770287227	1.5731592790285744	1643	10997
TTAGAGTATTGTCGAG-1	P24_T1	0.34158012612660726	0.2891498732086796	-0.27826068878173826	4052	15971
TTAGAGTTTAGAAGGA-1	P24_T1	0.08220247639550102	0.15455807882134012	0.9435743840535481	11093	10247
TTAGATAGGTCGATAC-1	P24_T1	-0.22936192655563353	0.03832254727148102	0.6094565129280091	3961	3927
TTAGCAACATGGATGT-1	P24_T1	0.06779574611451888	0.18133122415617273	0.8471465492248536	4728	5266
TTAGCCATAGGGCTCG-1	P24_T1	-0.06732126617431641	-0.09767774607511175	-0.4699572563171387	4711	15972
TTAGCGAATAGATAGG-1	P24_T1	-0.17481496477127076	0.06552810450261604	-0.5584782028198242	12073	16175
TTAGCTCTGTAATCCG-1	P24_T1	0.10653704272376169	0.06444556547758029	1.0343663613001506	3296	7367
TTAGCTGATTTGCCGT-1	P24_T1	0.21942650251918366	-0.02344642492882093	0.40902277946472165	11974	8719
TTAGGATGGGAGGGTA-1	P24_T1	-0.08620615122053357	0.4917045768342029	1.2387238812446593	15598	10445
TTAGGTCATAACCGAC-1	P24_T1	0.08078467718760174	0.08631770576139958	-0.358491792678833	5815	12533
TTAGTAAACCTGCTCT-1	P24_T1	-0.19770489745669895	0.1301336028431886	0.9312565779685975	11967	13307
TTAGTAGGGCGGCGGG-1	P24_T1	-0.038492765347162894	0.18976613079141452	1.1673720308144888	4504	7942
TTAGTTATTCGTGGCA-1	P24_T1	-0.19098004627227783	-0.10404723322631529	-0.4466086435317993	11642	10439
TTATAGGTAATTGTCT-1	P24_T1	0.4393872378667196	0.5488626380894808	0.15993359565734866	9660	13112
TTATATACGCTGTCAC-1	P24_T1	0.2261930032306247	0.11204653338297901	1.4928504729270935	9777	8715
TTATATTTGGCAATCC-1	P24_T1	0.05168434906005859	0.007971713206912048	-0.5485865306854248	8682	6419
TTATCCAATCGAACTC-1	P24_T1	-0.23065627002716063	0.2211739022859791	-0.033923030694325784	5279	3929
TTATCCGGGATCTATA-1	P24_T1	-0.024282161606682673	0.11348078641582121	1.1232119925816855	11201	11203
TTATCCTCAAGGAATA-1	P24_T1	-0.06468771574232313	0.1239616731535935	0.29335699637730905	3620	11382
TTATCGCCTGCGAAGC-1	P24_T1	0.01392866463131373	-0.24858262194883105	0.8979270108540853	3517	6603
TTATCTGACATTAGGA-1	P24_T1	0.003612940364413786	0.04428090171792631	-0.7203733038902282	2523	10233
TTATCTGTATCATAAC-1	P24_T1	0.046994625806808465	-0.18112363841309642	0.43487179915110286	8243	5654
TTATGAATGAAAGGGA-1	P24_T1	-0.010990892622205956	-0.0457680442722585	0.6779307889938354	8567	9287
TTATGACAAACTGGAT-1	P24_T1	-0.25123039150238036	0.09885483406800816	0.15408409913380927	5495	6606
TTATGATCTTAACGAA-1	P24_T1	-0.15395724868774413	0.15248423241395542	0.33087575912475586	10656	8717
TTATGTTTGCGATAGA-1	P24_T1	-0.17970305824279786	0.06993958267322856	-0.35609164714813235	3847	6412
TTATTAGAGCGTGTTC-1	P24_T1	-0.09027284267213609	-0.07105796809164472	1.3439642349878946	9335	10244
TTATTAGGGAAGCATC-1	P24_T1	-0.12778703141212464	-0.019231615317214526	-0.3219340693950653	8136	4316
TTATTATCTGGAAGGC-1	P24_T1	0.3034683180914985	0.2592773586844971	0.6858419569333394	14936	11973
TTATTTAGGTTCCTTA-1	P24_T1	-0.11825377750396726	0.21608014741466613	1.0181569711367289	15482	14077
TTCAAAGTCTCTAGCC-1	P24_T1	-0.15915172290802002	-0.12646202593041747	-0.5040542984008789	9888	8142
TTCAACGACCCGACCG-1	P24_T1	-0.18164599418640137	0.03115183848395975	0.36777987957000735	6925	5270
TTCAATACTCTGAATC-1	P24_T1	-0.16796253967285157	0.22115484553428838	0.882646296819051	11095	8717
TTCACGAAAGGATCAC-1	P24_T1	-0.13738175275590683	-0.05741589021362714	0.08634976784388226	7579	8712
TTCACGGTCGTCACGT-1	P24_T1	0.009941055774688734	-0.07222333150422014	0.091541588306427	4603	15016
TTCACTCGAGCACCTA-1	P24_T1	0.0985968974961175	0.18106316613404277	1.7767772261301675	9222	11964
TTCACTTCCTAGAACG-1	P24_T1	0.015961501227484826	0.2851370445033848	-0.0663629738489786	7241	14256
TTCAGCCCTGGTCCAC-1	P24_T1	-0.218263126373291	0.4095811543848691	-0.3253785228729248	10983	10438
TTCAGCTGGCGTGCCC-1	P24_T1	-0.11490799395243326	0.12566406114789463	1.4271783272425331	12079	11969
TTCAGGCGTCAAAGCC-1	P24_T1	-0.10406486309899221	0.03336467892264891	0.635978406270345	3404	9088
TTCAGTTCAAGAGGAG-1	P24_T1	-0.04838624382019041	0.08050531015566798	0.4033089017868041	5811	15209
TTCAGTTTGTGGCAGC-1	P24_T1	-0.05206922109921769	0.15826356294304467	1.4497937615712486	2419	6601
TTCCAATCTGGCTATC-1	P24_T1	-0.1588792459699843	-0.02061765972666557	1.2734869813919067	6697	10622
TTCCACACAGATTTGA-1	P24_T1	-0.22100428009033204	0.016652872631747168	0.4692915280659993	6697	11005
TTCCATCGACAGCGTG-1	P24_T1	0.3644753203921848	0.4130889341335169	1.3472426064809166	13396	13118
TTCCCAAAGTACTGAT-1	P24_T1	-0.1547866063117981	-0.0003888999722414521	-0.5362430620193481	14490	16179
TTCCCGGCGCCAATAG-1	P24_T1	-0.05577820952733353	0.1545234368884857	1.2137385980288187	2962	10234
TTCCGCGTGAGGCGAT-1	P24_T1	-0.17192848491668702	0.23715286446897776	-0.0774127864837646	8676	10243
TTCCGGCCTTGAGGCT-1	P24_T1	0.31675242953830296	-0.05833139355550676	-0.30981200218200683	6476	11769
TTCCGGTTACCCACTT-1	P24_T1	-0.14817607943216957	0.15507401762659384	0.6365814510981243	11203	10056
TTCCTCGAGGGTGTCT-1	P24_T1	-0.05828708171844482	0.13847832018363665	-0.7844617700576783	7035	5461
TTCCTCGGACTAACCA-1	P24_T1	-0.12907352828979493	0.09554562032622779	1.1423376464843749	11092	11011
TTCCTCTGCCCGAATA-1	P24_T1	0.14478575399186872	0.17673753585324725	0.9927799391746521	3295	8132
TTCCTTTCTGTGTTGC-1	P24_T1	-0.03888561593161691	-0.1872000698275214	-0.8790812420845032	4401	3545
TTCGAACGAAACATGC-1	P24_T1	-0.24416254562801787	-0.07323973070855111	0.4949296299616497	6250	15592
TTCGACAGAGCCCGTG-1	P24_T1	-0.02889508395724827	0.5738747926633097	1.191823527018229	9113	11391
TTCGACGGGAAGGGCG-1	P24_T1	-0.16864538958337574	0.1882442614309473	0.8951838795344034	6485	6034
TTCGCACTCGCGTGCT-1	P24_T1	-0.03941509215037031	0.16389405060667855	0.8639572842915852	6594	6225
TTCGCACTGTACGACA-1	P24_T1	-0.12287927627563476	0.032459085686361494	-0.6913809585571289	8122	13110
TTCGCATCCGGAAGCA-1	P24_T1	-0.10861987018585205	0.47549976478487055	0.13443843523661292	3742	3544
TTCGCCGCTCGCGCTA-1	P24_T1	-0.1391507520675659	0.1939348102415968	0.4483825254440308	2629	12337
TTCGCGCGCCATACGA-1	P24_T1	-0.057480802006191684	0.5342011086359387	0.6700053930282592	6804	12725
TTCGGACTGGGCATGG-1	P24_T1	0.010376327726576096	-0.15205873892344618	1.1715579660733542	2297	14439
TTCGGCTAGAGATGGT-1	P24_T1	-0.007370394706726069	0.18866266513564178	0.1761434809366862	4289	4883
TTCGGGACTAATCGCG-1	P24_T1	-0.11690127658843995	-0.09892346154923407	1.0136644268035888	9558	8333
TTCGGGCGCTAGTCTT-1	P24_T1	0.033890522678693136	0.12059024576372745	1.0027819208304085	5707	11959
TTCGGGTTGCCACGGG-1	P24_T1	0.28474644507302177	-0.10361303085715444	0.7367147262891133	14495	13120
TTCGGTACTGTAGAGG-1	P24_T1	0.2224535624186198	-0.17833871569409465	-0.7642009115219116	8560	14258
TTCGGTGGAGACGCCC-1	P24_T1	0.03863475365108915	0.255664384871788	1.3482582251230875	14938	10444
TTCGTACTCCAGAACG-1	P24_T1	-0.08220242871178518	0.0411405450345686	1.053812918663025	4835	6987
TTCGTGCATGTTATAG-1	P24_T1	0.03391252242194284	-0.038488319989552155	-0.12917475382486976	8337	16169
TTCTAACCGAAGCTTA-1	P24_T1	0.09917618152830338	0.18583193848063745	0.5251892463366192	11536	7953
TTCTACCTCAATCGGT-1	P24_T1	0.7455797203911676	0.23854846989015077	1.2555826663970948	4164	14633
TTCTACTTGCGAGGGC-1	P24_T1	-0.16202339193556045	0.10413255734198312	0.8286602544784545	5167	5649
TTCTAGAAAGTCTTAT-1	P24_T1	0.3183615636825562	0.16634356655530483	-0.5628986406326294	6694	12916
TTCTAGGCCAATTGTG-1	P24_T1	-0.011307393391927045	-0.12009424451213555	-0.3792780574162802	6485	5651
TTCTATTAAACGCAGC-1	P24_T1	0.1328094054328071	-0.19718235611115525	-0.6752257061004638	7681	14256
TTCTCAATTGCTACAA-1	P24_T1	-0.05962255117628312	0.3045193022262863	1.3017313528060912	3174	15205
TTCTCTTACAGGTGAT-1	P24_T1	0.2882663335800171	0.38009211014314515	0.5942388987541198	2518	13292
TTCTGACCGGGCTCAA-1	P24_T1	0.09182675107320151	0.06504026555374964	-0.8362971687316895	10871	11394
TTCTGCCGCGCCTAGA-1	P24_T1	-0.09267938296000164	0.17995680925296723	0.8336743187904359	9224	10817
TTCTGCGAGCGCCCTT-1	P24_T1	0.36483312384287514	0.12153349353429721	0.740255271991094	3516	7750
TTCTGCGGGTTAGCGG-1	P24_T1	0.264732168091668	0.013257579382100648	1.934739956855774	10436	9099
TTCTGTTTCCTGTCGC-1	P24_T1	0.09120245128207738	0.016125586342224857	1.3011788717905681	2970	5263
TTCTTAGTGAACGGTG-1	P24_T1	0.25248022407955595	-0.11236717636953264	-0.7008099174499511	5388	4885
TTCTTAGTGGCTCAGA-1	P24_T1	-0.09338061671786838	0.1391062309144594	-0.787108685175578	8355	4698
TTCTTATCCGCTGGGT-1	P24_T1	-0.03444694601164924	0.10378849929744499	0.9365336120128631	12740	10823
TTCTTGAGCCGCGCTA-1	P24_T1	-0.18630264568328858	0.3804052996155399	0.7278147125244141	6148	10430
TTCTTGGACGATCTGC-1	P24_T1	0.18507233047485352	0.17741063457207393	-0.24316213607788087	5158	11385
TTCTTGTAACCTAATG-1	P24_T1	-0.17513432168960572	0.20666190095129164	0.01162989219029753	5496	5841
TTCTTGTGTCCATCAG-1	P24_T1	0.1702009636561076	0.3404247263400614	0.12112107753753665	2528	7175
TTGAAACCCTCATTCC-1	P24_T1	0.10777073309156632	0.10989288889055018	0.9740586598714194	14822	14459
TTGAACGAATCCTTTG-1	P24_T1	-0.00319340960184733	-0.28693976338277727	0.9434251610438027	3959	5074
TTGAACGACGTGCTGA-1	P24_T1	-0.0023143475850423145	-0.05326108831153889	-0.9762906455993652	11309	12924
TTGAAGAATTCCCAGG-1	P24_T1	0.25890120548672146	-0.14354231133557005	0.5184319289525349	7142	7564
TTGAAGGATGGGCGCC-1	P24_T1	0.07286719422870214	-0.01592650329506637	-0.6701186943054199	2958	13293
TTGAATCGTTGTATAA-1	P24_T1	-0.08678538412517972	-0.0519727300477508	-0.6679877154032389	2742	10616
TTGAATTCACGTGAGG-1	P24_T1	0.018850079615910842	0.22074673593177624	-0.028363050222396824	12304	8910
TTGACAGGAGCTCCCG-1	P24_T1	-0.0605791352589925	0.24904123248669924	1.0733287509282432	12521	10440
TTGACATGAACGTGGA-1	P24_T1	0.016244734022352436	0.14576214565260032	1.229583217302958	5160	9855
TTGACCAGGAACAACT-1	P24_T1	0.024725074979994044	0.07185389051501384	1.6789294290542602	10428	13687
TTGACCATGTTCTCCG-1	P24_T1	-0.12268831539154053	0.0474820367708569	-0.8970775318145752	10221	6039
TTGACCGTGTTAATGA-1	P24_T1	-0.13546350860595704	-0.07004622084982443	0.5552291011810302	5378	11003
TTGACGATTCAGCACG-1	P24_T1	-0.14235498428344726	0.11796759458996306	-0.43781463702519735	7258	3167
TTGACGCTCCATGAGC-1	P24_T1	-0.05323550584581163	-0.21687990387014094	-0.18568148454030353	12743	9293
TTGACTACCATATGGT-1	P24_T1	-0.08687306237220765	-0.06927092413374242	-0.5483266079425811	6150	9666
TTGAGAAGTTTAGCAT-1	P24_T1	-0.15419880104064942	0.06767760573884252	-0.5878759813308716	11200	11968
TTGAGAGTACTGCTAA-1	P24_T1	0.016776494052675006	0.02502140102770506	0.15931366205215447	5820	9856
TTGAGCAGCCCACGGT-1	P24_T1	0.013939570267995222	0.33540312715824816	0.3719020716349284	14390	9870
TTGAGTCCCGCTGCTG-1	P24_T1	-0.15469060230255127	-0.0505422459086049	-0.2868089167277018	14721	8914
TTGATCTAACTTTGTC-1	P24_T1	-0.015735972934299042	-0.03289529234504271	-0.25663671652475994	6813	6990
TTGATGCCGCTCGTCG-1	P24_T1	0.04207054180569117	0.17447869676338212	0.9291641807556152	5372	14826
TTGATTAGCTGTTTCT-1	P24_T1	-0.11775559616088867	-0.07617087652219222	0.12112324396769203	5379	10620
TTGATTATGCAGATGA-1	P24_T1	0.31255085674921673	0.07342707217406375	0.11454184134801237	5275	6605
TTGCAAGAAGACTCCT-1	P24_T1	-0.1362892723083496	-0.13464646051394058	-0.5660354471206666	9108	14832
TTGCACAATTCAGAAA-1	P24_T1	-0.11273786926269531	-0.0780911813646355	-0.7135165309906006	7908	9668
TTGCACGGAGCAGCAC-1	P24_T1	-0.007101213932037359	0.18013486786176697	0.8148965954780578	8134	5463
TTGCATGCTGATCACG-1	P24_T1	-0.0553451436360677	0.09877804661757195	-0.24161636352539062	5491	9282
TTGCCATAGCCCGCTC-1	P24_T1	-0.17021119356155395	0.23926231678433602	-0.023625504175821987	4278	11766
TTGCCCTGATCACGGG-1	P24_T1	0.16361711110009086	-0.030331781646549316	0.6067550659179688	5383	8326
TTGCCGCAGACCTACA-1	P24_T1	-0.24545164680480958	0.13558406531144043	0.34099794546763107	3617	13294
TTGCCGCTTTCTAGTA-1	P24_T1	0.13417936219109428	0.2607718724799103	0.2886677185694376	10209	13304
TTGCCTAATCCAAAGT-1	P24_T1	-0.14500876235961915	0.5948611519214024	0.44541282971700025	3944	14633
TTGCCTTCTCGCCGGG-1	P24_T1	-0.11132231855392456	-0.00850165643681347	-0.12822788874308266	13064	14456
TTGCGCACAACCACGT-1	P24_T1	0.1564273008770413	0.07612924474464436	-0.40685009002685546	13282	15986
TTGCGCTCTCTCGCTT-1	P24_T1	-0.04713623457484778	0.08018761943250696	0.9091631484031677	2090	5644
TTGCGCTTGATCAATA-1	P24_T1	-0.1231503143310547	0.0964047602092393	-0.6236534357070923	12734	14646
TTGCGGCATCAGAAAG-1	P24_T1	-0.13798205661773683	0.08522028891032174	0.49268505573272703	6586	11578
TTGCGTAGTTTGAGGA-1	P24_T1	-0.17438456439971925	0.13303914366152464	0.6465326555569966	3738	6221
TTGCGTCGGCCAACCG-1	P24_T1	0.10243126296997071	-0.19360632144364734	0.2182853794097901	6147	11195
TTGCGTGTGTAGGCAT-1	P24_T1	0.21276160981920028	0.1134609102669445	0.595074356396993	10757	14643
TTGCTCATAGTACGTG-1	P24_T1	-0.15856128406524658	0.08825613308272906	0.9033275032043457	13394	14265
TTGCTCCCATACCGGA-1	P24_T1	-0.14580687522888183	0.4333668473849628	-0.7168828058242798	9562	5656
TTGCTGAAGGAACCAC-1	P24_T1	0.09683874792522854	-0.06735414533273752	-0.6001244099934895	7915	5080
TTGCTGATCATGTTCG-1	P24_T1	-0.15251254293653702	0.18712264519409844	1.1045961324373879	7911	7756
TTGCTGCACCTATCCA-1	P24_T1	0.14093993367089164	0.060490710756656046	0.7266153383255005	3848	5647
TTGGAAGAATACAGTC-1	P24_T1	0.13463399656613667	0.1441537802184722	1.5032307167847954	4280	11001
TTGGACATGTGGCTTA-1	P24_T1	-0.04594394705030655	0.32773033464514967	1.079156634012858	4832	9281
TTGGACCATCTGGCAA-1	P24_T1	0.19250901174545287	0.3663035060468669	1.14018740495046	13179	11206
TTGGACCTATAACAGT-1	P24_T1	0.06849552822113036	0.06405279540375575	0.22828328609466553	11090	12159
TTGGATATCGTCTACG-1	P24_T1	-0.055303205490112306	0.11977596864337625	1.017772355079651	7357	10623
TTGGATTGGGTACCAC-1	P24_T1	0.27167581955591835	0.2077038341453945	1.0670996157328285	7696	4697
TTGGCCAAATTGTATC-1	P24_T1	0.37123996480305993	0.5608409995200649	-0.08602222442626961	11085	15600
TTGGCCATCTTGCGCT-1	P24_T1	0.5100572369893392	0.6595716929809092	-0.7994874000549317	3960	4691
TTGGCGATCCGAATAT-1	P24_T1	-0.059377414306004836	0.2781827871164753	-0.4191854071617126	14942	8150
TTGGCTCAATATGTGT-1	P24_T1	-0.29314942741394046	0.43303031736038944	0.6404541889826458	14054	13884
TTGGCTCGCATGAGAC-1	P24_T1	-0.14808374185032314	0.09574339940510607	1.030027256011963	5716	5841
TTGGGAAGACGAGCCG-1	P24_T1	-0.09436183929443359	0.13869594820927186	0.6611310927073161	8669	14449
TTGGGACACTGCCCGC-1	P24_T1	-0.04712434959411621	-0.0709285624075256	-0.37767205238342283	9340	6803
TTGGGCGGCGGTTGCC-1	P24_T1	-0.08383600298563637	0.1181106027340729	-0.3597830963134765	9999	7186
TTGGTCACACTCGTAA-1	P24_T1	-0.10690684127807618	0.23442927456275464	-0.6013430738449097	6917	10623
TTGGTTCGCTCAAAGG-1	P24_T1	0.5263709848721823	0.4201224310286093	1.4672130835056305	15380	8915
TTGGTTGCGGTGCGCG-1	P24_T1	-0.10820332193374634	0.06566418830713702	-0.7310184979438782	4169	11574
TTGTAAGGACCTAAGT-1	P24_T1	0.022632332854800763	0.49266657893289656	1.3874897138277689	5160	10238
TTGTAAGGCCAGTTGG-1	P24_T1	-0.17436942052841187	0.28192728277820867	-0.15403189261754358	10549	6613
TTGTAATCCGTACTCG-1	P24_T1	0.012207496643066418	-0.16789741804135727	-0.05213063716888433	7690	8138
TTGTACACCTCGAACA-1	P24_T1	-0.11293752190801834	0.19549942696654554	1.1095041791598002	1752	11188
TTGTCACCGCGGTATC-1	P24_T1	-0.13348917961120604	0.04446935066974135	-0.4819503402709961	2191	11571
TTGTCGTTCAGTTACC-1	P24_T1	0.4020954632759094	0.04143180589814577	1.7879379653930663	8024	5654
TTGTGAACCTAATCCG-1	P24_T1	-0.06006678893831041	0.07609416201077318	-0.00911427577336632	11530	12159
TTGTGAGGCATGACGC-1	P24_T1	0.1186313065422906	-0.006455548724338733	0.6840310311317443	3073	9661
TTGTGATCTGTTCAGT-1	P24_T1	-0.06508857112460664	0.23453280709733898	0.5756201624870301	13833	14648
TTGTGCAGCCACGTCA-1	P24_T1	0.08306851927439374	-0.15937152031550741	0.7353440920511882	9770	12921
TTGTGCGGAAGCGGAT-1	P24_T1	0.1300090668466356	0.15754625107884673	1.6074353110790254	1859	12909
TTGTGGAGACAGCCGG-1	P24_T1	0.16217905680338543	0.07698259257630213	0.9303481149673462	2953	15970
TTGTGGCCCTGACAGT-1	P24_T1	0.055532608191172284	0.08165153032647948	1.205063209335009	8245	4889
TTGTGGTAGGAGGGAT-1	P24_T1	-0.07584281730651855	-0.08842571549767615	0.6011482842763265	4719	11002
TTGTGGTGGTACTAAG-1	P24_T1	0.012864642249213354	0.1671779977128543	1.052357816696167	12077	13498
TTGTGTATGCCACCAA-1	P24_T1	-0.02981509039137098	-0.22596291887680156	0.27145985047022514	8233	12154
TTGTGTTTCCCGAAAG-1	P24_T1	0.0036584991878933215	-0.1408605665235178	0.42913572152455637	8125	11198
TTGTTAGCAAATTCGA-1	P24_T1	-0.23380085849761964	-0.05588253172452018	-1.0113360619544982	6266	5651
TTGTTCAGTGTGCTAC-1	P24_T1	-0.03326930766635472	0.0888937068998947	-1.004361810684204	8682	6037
TTGTTGGCAATGACTG-1	P24_T1	-0.06746213912963867	-0.04527660344271052	-0.29688283920288083	4931	15973
TTGTTGTGTGTCAAGA-1	P24_T1	-0.1162045618163215	0.15197088334384382	0.9955708249409992	10109	7378
TTGTTTCACATCCAGG-1	P24_T1	-0.05632116317749023	-0.04724929796769315	-0.617618088722229	6255	12533
TTGTTTCATTAGTCTA-1	P24_T1	-0.196211350440979	0.4623862848985915	0.3190791861216228	4936	12914
TTGTTTCCATACAACT-1	P24_T1	0.1078240171273549	0.13822624564037495	0.5388063899676006	4611	10046
TTGTTTGTATTACACG-1	P24_T1	-0.035063539240095365	0.08575783879964943	0.8041589331626893	6141	15401
TTGTTTGTGTAAATTC-1	P24_T1	0.11328331364525687	-0.10930008829573391	0.5938501453399658	7259	2785
AAACACCAATAACTGC-1	P17_T1	0.7841481925050418	0.17776184837023412	0.5196671577294667	3941	13089
AAACAGAGCGACTCCT-1	P17_T1	0.5380757456024488	0.13746100246906284	0.34084710915883365	12458	4254
AAACAGCTTTCAGAAG-1	P17_T1	0.6094347001943323	0.23584397723277406	0.5020461632808049	2819	9934
AAACAGGGTCTATATT-1	P17_T1	0.6155462138520346	0.2087435115377108	0.6722594831387201	3270	10723
AAACCGGGTAGGTACC-1	P17_T1	-0.05487905740737914	0.09632251163323718	-0.740228352546692	4970	9744
AAACCGTTCGTCCAGG-1	P17_T1	0.699947426683373	0.19112659613291416	1.2416709307829537	6549	11718
AAACCTAAGCAGCCGG-1	P17_T1	0.24691641317473517	0.11279392759005225	-0.10846785386403412	11181	14293
AAACCTCATGAAGTTG-1	P17_T1	0.6162111358178988	0.11145609279473623	0.0500934290885926	3955	8756
AAACGAAGAACATACC-1	P17_T1	0.037664113442103075	0.13251469711462657	0.11773281455039974	9068	2668
AAACGAGACGGTTGAT-1	P17_T1	0.69115669687589	0.17415465474128722	0.4425012230873109	10747	8384
AAACGGTTGCGAACTG-1	P17_T1	0.7318308291170332	0.13421513557434078	1.0089801557858786	8463	14679
AAACTCGGTTCGCAAT-1	P17_T1	0.0886997964647081	0.03944805105527241	-0.3967335534095764	9709	14486
AAACTGCTGGCTCCAA-1	P17_T1	0.7245734316607315	0.21605136036872863	0.8374968292315803	9383	10349
AAACTTGCAAACGTAT-1	P17_T1	0.37137961443927553	-0.0025436824560165494	-0.0021172142028809127	3950	10332
AAAGACCCAAGTCGCG-1	P17_T1	-0.08817692697048185	0.03999062895774838	-0.32008316198984776	7254	3449
AAAGACTGGGCGCTTT-1	P17_T1	0.3145868548088603	0.3779935872554779	0.8661784954865774	3507	7179
AAAGGCTACGGACCAT-1	P17_T1	0.7543971574968762	0.3209815661112468	0.9984883662064872	7901	13692
AAAGGCTCTCGCGCCG-1	P17_T1	0.4104521122243669	0.14759935617446895	0.4774853587150574	8018	12314
AAAGGGATGTAGCAAG-1	P17_T1	0.302246270775795	0.24090640505154925	0.5940081810951232	8830	6212
AAAGGGCAGCTTGAAT-1	P17_T1	0.36791099425819185	0.20386076629161837	0.5623454117774964	4755	6199
AAAGTAGCATTGCTCA-1	P17_T1	0.3282291106383005	-0.07076325178146362	0.6212258251508076	4852	11516
AAAGTCACTGATGTAA-1	P17_T1	0.07887825094991263	0.03225427746772766	-0.19868170658747353	7707	3451
AAAGTCGACCCTCAGT-1	P17_T1	0.6076773773961597	-0.05764571309089661	0.5268935219446819	3502	8755
AAAGTGTGATTTATCT-1	P17_T1	0.5078646421432496	-0.053648107846577975	0.375448501110077	12439	10162
AAATAACCATACGGGA-1	P17_T1	0.4794952254825168	0.14096239884694423	0.23293618122736626	11779	4252
AAATACCTATAAGCAT-1	P17_T1	0.4467403568492995	0.1687472941478093	-0.12788146773974107	9608	10744
AAATAGGGTGCTATTG-1	P17_T1	0.6643062482939825	0.241675317287445	1.2977615507443747	10736	11929
AAATCGTGTACCACAA-1	P17_T1	0.6628797418210242	0.28958027561505634	0.674362150033315	8138	10148
AAATGCTCGTTACGTT-1	P17_T1	0.40118157032463286	0.1506069914499919	0.7603760345776878	4534	4622
AAATGGCATGTCTTGT-1	P17_T1	0.21617083284589983	-0.09061359763145446	-0.3609850207964579	9629	4048
AAATGGCCCGTGCCCT-1	P17_T1	0.61511207451423	0.02679138322671254	1.0188556122779846	3721	11119
AAATGGTCAATGTGCC-1	P17_T1	0.703986824982696	0.22396264394124343	0.7250818161169685	7579	7980
AAATTAACGGGTAGCT-1	P17_T1	0.22529047509034478	0.0734725342194239	0.08860374450683595	8371	8179
AAATTAATAAGCGCGA-1	P17_T1	0.5580184763007693	0.08582567354043324	0.8216639514764152	2260	7766
AAATTACACGACTCTG-1	P17_T1	0.3175195263491737	0.06216724872589113	0.3610868557294209	11553	4251
AAATTACCTATCGATG-1	P17_T1	0.740745720366637	0.3308300944169363	0.7129170878728233	12450	6617
AAATTGATAGTCCTTT-1	P17_T1	0.5379336200157802	0.06551669041315711	0.9006829766432443	5302	12305
AAATTTGCGGGTGTGG-1	P17_T1	0.7520628608928785	0.10346000264088312	0.3313299481074017	5533	10731
AACAACTGGTAGTTGC-1	P17_T1	0.4735541799995635	-0.14650182843208315	0.6464902846018474	6564	6992
AACAATACATTGTCGA-1	P17_T1	0.43404002520773144	0.12745377749204634	1.3719388365745544	5977	13489
AACAATTACTCTACGC-1	P17_T1	0.10641021437115145	-0.008775540987650543	0.04200479030609139	4639	7183
AACACACGCTCGCCGC-1	P17_T1	0.19430607583787707	0.11574823180834448	-0.05487842639287299	12322	11540
AACACGACTGTACTGA-1	P17_T1	-0.24865669932630327	-0.06562742749849956	-0.25380071481068933	9179	3259
AACACGAGACGCGGCC-1	P17_T1	0.2893850621581078	-0.1118593951066335	-0.33280591964721684	4176	10332
AACAGCTGTGTGGCAA-1	P17_T1	0.3530980301565595	-0.0027203619480132835	0.4888606441020966	5299	13093
AACAGGAAATCGAATA-1	P17_T1	0.29458656973308994	0.31734276851018267	0.7461908626556396	9402	4441
AACAGGATGGGCCGCG-1	P17_T1	0.46811804903878107	0.12219711144765216	0.7468595127264657	5318	7185
AACATATCAACTGGTG-1	P17_T1	0.5323506284587912	-0.0372146061062813	0.5028893820444744	13016	6816
AACATTGTGACTCGAG-1	P17_T1	0.5621407594614558	0.20305561443169917	0.9380650194485984	7673	14085
AACCAAGACTTCTCTG-1	P17_T1	0.1319827547007137	-0.0033569991588592585	-0.30778835773468016	4522	8561
AACCATGGGATCGCTA-1	P17_T1	0.3256338650981585	0.04556584089994431	0.7314688235521316	5214	4231
AACCCAGAGACGGAGA-1	P17_T1	0.16207027392254936	0.05025735576947532	-0.04369911154111228	6232	4431
AACCCATCCCATGATC-1	P17_T1	0.4511683797836304	-0.09859599053859713	1.041881693204244	3377	12496
AACCCGACAACCCGTG-1	P17_T1	0.5312288486626413	0.05912887752056123	0.8609474734465279	6652	14673
AACCCTACTGTCAATA-1	P17_T1	0.33566202229923675	0.06653322935104372	0.48863976955413824	12668	9375
AACCCTGGTGGAACCA-1	P17_T1	-0.12728407104810077	0.11562246084213257	0.4777282524108887	9745	3064
AACCGAGCTTGGTCAT-1	P17_T1	0.5793892576959397	0.16773248990376788	1.0055565929412842	9735	6214
AACCGCTAAGGGATGC-1	P17_T1	0.4503855006562339	0.1982654037078222	0.2724887824058533	12211	10555
AACCGTTGTGTTTGCT-1	P17_T1	0.07621904750665026	0.04766366600990293	-0.5371456853548686	9064	3849
AACCTTTAAATACGGT-1	P17_T1	0.09544425361686276	0.03134413123130797	0.07080293178558339	9490	12122
AACCTTTACGACGTCT-1	P17_T1	0.4652046459913254	0.13257960160573323	-0.3830538209279377	12230	4647
AACGATAATGCCGTAG-1	P17_T1	0.406405915816625	0.22003512918949125	0.5269609995683033	10057	11927
AACGATAGAAGGGCCG-1	P17_T1	0.5400260692338149	0.08079875946044918	0.8523059662183128	7817	4436
AACGATATGTCAACTG-1	P17_T1	0.24035009264945983	0.17299862861633303	0.25680557568868	10414	6217
AACGCGACCTTGGGCG-1	P17_T1	0.7587813942962223	0.042901209990183486	1.189597775141398	7784	14676
AACGCGGTCTCCAGCC-1	P17_T1	0.46691944632265303	0.054000392357508364	1.1298181045055389	9170	6016
AACGGACGTACGTATA-1	P17_T1	0.43728079391850366	0.2446696962912877	0.6278883532683055	12209	11343
AACGGCCATCTCCGGT-1	P17_T1	0.3855417472455237	0.24225865403811137	0.5329229764143626	6212	10733
AACGTACTGTGGGTAC-1	P17_T1	0.3374588083558612	0.2237401513258616	0.4846797311305999	6551	10931
AACGTCAGACTAGTGG-1	P17_T1	0.10242135081026293	0.08944159070650737	0.08302203814188647	6340	6204
AACGTGATGAAGGACA-1	P17_T1	0.18949936197863687	0.03615207354227701	0.7650158301989238	11216	3265
AACGTGCGAAAGTCTC-1	P17_T1	0.7690190378328163	0.2842005479335785	0.9231098655859629	10181	8579
AACTAGCGTATCGCAC-1	P17_T1	-0.11524655342102051	0.11303084691365559	-0.6429821348190308	7258	2268
AACTAGGCTTGGGTGT-1	P17_T1	0.09412918064329362	0.46046182513237	-0.7997077059745789	8697	12316
AACTCAAGTTAATTGC-1	P17_T1	0.7336179052790005	0.0919663039843241	0.4838548401991527	6784	8962
AACTCCAGAGCGTGTT-1	P17_T1	0.18870503664016725	0.12109123428662619	1.3716959547996521	12203	13312
AACTCCTAATCCCATG-1	P17_T1	0.6829809023936588	0.1783434398969015	1.0145432794094085	12233	3859
AACTCGATGGCGCAGT-1	P17_T1	0.1901783688863119	0.0025561122099558298	0.17226880629857377	4877	3639
AACTCTCAATAGAGCG-1	P17_T1	0.4282244197527567	0.19487985610961917	0.6097341553370159	12332	8389
AACTCTCAGTGTGCTC-1	P17_T1	0.5954208907650576	0.2644306672612826	0.7282932360967003	6435	11915
AACTGATATTAGGCCT-1	P17_T1	0.134038970735338	0.17325955549875896	0.9313755702972412	9288	4638
AACTGGGTCCCGACGT-1	P17_T1	0.48957507510979975	0.06499643166859942	-0.008948594729105697	9285	5425
AACTGGGTTCGAGCCG-1	P17_T1	-0.3449035632610321	0.1887578018506368	-0.6019588994979859	11899	2086
AACTGGTGTGGGCCTT-1	P17_T1	0.07656291014618344	0.08389924248059588	-0.8285893249511719	7369	2859
AACTTCTGCGTCTATC-1	P17_T1	0.5162042030526534	0.2409279508392016	0.6669309556484222	3854	5014
AACTTGCCCGTATGCA-1	P17_T1	0.5115297647317251	0.029470901489257795	0.20937160650889086	4865	7184
AACTTGCGTTCTCGCG-1	P17_T1	0.43292680044968923	0.2814850117762884	0.8585655053456627	4083	4227
AACTTTACGGGAGCTT-1	P17_T1	0.42869690991110276	0.2810084942976634	0.9758652551968894	2601	7570
AACTTTAGCTGCTGAG-1	P17_T1	0.5464722232023875	-0.16656972885131835	0.37092062473297116	7371	2465
AAGAAGGATCAGTTAG-1	P17_T1	0.272412793967459	0.02280539850393931	0.8480580125252404	4649	4032
AAGACCCAACTGAACA-1	P17_T1	0.4988746847212314	0.2319569017489751	0.8479208362102508	7902	13298
AAGACTGCAAGCTACT-1	P17_T1	0.8006128363476859	0.09353916466236112	0.0788454763094586	9501	8577
AAGAGATGAATCGGTA-1	P17_T1	0.6441956516106923	0.14050135652224222	1.0994485457738241	4867	6790
AAGAGCTCTTTATCGG-1	P17_T1	0.6034124339289136	0.11617571512858071	1.0413253529866537	10521	8383
AAGAGGATGTACGCGA-1	P17_T1	0.08161236981550857	0.031002931992212934	-0.29272274335225423	5086	9154
AAGAGGCATGGATCGC-1	P17_T1	0.9282554139031305	0.18614204009373986	0.45719265182812996	10860	8581
AAGATGGCACCGGACC-1	P17_T1	0.634833971394433	0.04017917136351268	1.1683668575684227	6205	13096
AAGATTGGCGGAACGT-1	P17_T1	0.7192152917716238	0.1839497003952662	0.6082297702630359	11998	6616
AAGCACCCTGCGTATC-1	P17_T1	0.07032756994167966	0.03880924344062803	-0.14792742133140568	10053	13108
AAGCATACTCTCCTGA-1	P17_T1	-0.19086359275711906	-0.029016943772633863	-0.08136056741078701	9604	11925
AAGCGCAGGGCTTTGA-1	P17_T1	0.8478628898329206	0.21387825787067416	1.0435235915581385	10048	14684
AAGCGTCCCTCATCGA-1	P17_T1	0.2617836891280281	0.07408333500226338	0.4073923460642497	5753	12701
AAGCTAGATCGAGTAA-1	P17_T1	0.6014092404146989	0.230839517613252	0.9185901316006979	9493	11334
AAGCTCGTGCCAAGTC-1	P17_T1	0.5764561210076016	0.18414324998855597	0.5885950644810993	10068	8382
AAGGAGAACTTATAAG-1	P17_T1	-0.04072466658221352	0.1743239704767863	-0.2060841798782349	8277	2074
AAGGAGCGGTTGGTGC-1	P17_T1	0.6416961107651393	0.06420665661493935	0.796689944267273	7243	6994
AAGGATGAGGGACCTC-1	P17_T1	0.2232846358087327	0.040250369707743316	0.404098558028539	11658	6811
AAGGCGCGTAAAGCTT-1	P17_T1	-0.1194625421696239	0.05748651345570882	-0.07445985515912379	6114	6203
AAGGCTGTGCTCATCG-1	P17_T1	0.457243236783478	0.17554791420698168	1.3098168035348259	7015	7387
AAGGGACAGATTCTGT-1	P17_T1	0.6764325360457103	0.23718679825464883	0.6536395041147869	12224	6616
AAGGGACTATGCATTC-1	P17_T1	0.1423892508612739	0.1788568723201751	0.2699313390254974	4733	13288
AAGGTATCCTAATATA-1	P17_T1	0.16456894437472025	-0.08668806076049805	-0.3037008651097615	10980	6415
AAGGTGATAAACCAGC-1	P17_T1	0.4454729322592417	-0.14362594644228618	0.3897621981302899	12213	10161
AAGTAGAAGACCGGGT-1	P17_T1	-0.1738069212436676	0.08785861412684123	-0.5231441831588746	7135	5221
AAGTAGTGACGCGAGG-1	P17_T1	0.3514309873514705	0.1678158750136693	0.8547798216342926	5316	7973
AAGTCTTCTGTGGCCT-1	P17_T1	0.26349589367707577	0.05277193903923033	0.13817360639572152	2143	9144
AAGTGACGACCGAATT-1	P17_T1	0.7475411890281572	0.19473869383335118	0.4190509978930157	4632	9546
AAGTGAGTCGGGTTTA-1	P17_T1	0.4865710757507219	0.13647321224212644	0.8714889172712961	7221	13690
AAGTGCAAAGGTAGAC-1	P17_T1	0.5553357116712465	0.2334113351504008	0.8627687060832978	2942	6980
AAGTGCGTTAGAATCT-1	P17_T1	-0.01051648908191255	0.019779533545176142	0.6200314776102702	4853	11122
AAGTGCTTCTCTATTG-1	P17_T1	-0.045928144521183434	0.11979101181030274	-0.03259157975514737	5972	15065
AAGTGTTTGGAGACGG-1	P17_T1	0.5346363463335566	0.18536221166451766	1.1257512191931405	10850	11732
AAGTTCGGCCAACAGG-1	P17_T1	0.7705036404066615	0.14168708463509871	0.5285523915290833	5647	10534
AAGTTTACTAATGGCA-1	P17_T1	0.2830713931719462	-0.17166495561599732	0.35831268469492605	8729	2469
AAGTTTATGGGCCCAA-1	P17_T1	0.013676486545138922	-0.22022856831550597	-0.0076373982429503995	9708	14880
AATAACAACGCTCGGC-1	P17_T1	0.32951602982150185	0.21005622565746312	0.6881368045012157	5201	8563
AATAACACTAGAACAA-1	P17_T1	0.5586473357346322	0.1573408349355062	1.152351223627726	6096	11717
AATAAGTCCTCGAGAC-1	P17_T1	0.26479575845930314	0.3912117898464203	-0.6837418818473816	9861	2473
AATACAATGTTTCAGG-1	P17_T1	0.48518324825498793	0.27740683317184445	1.0542257944742837	3964	5999
AATACCGGAGGGCTGT-1	P17_T1	0.1691225069430139	0.11450380225976309	-0.23409438252449033	5973	14671
AATAGAACAGAGTGGC-1	P17_T1	0.7076957707272634	0.12456839005152381	0.8946835565567017	7001	11720
AATAGAATCTGTTTCA-1	P17_T1	0.4726332153214349	0.2846840620040894	0.3667050925890605	11531	10947
AATAGTCCGTCCCGAC-1	P17_T1	-0.01002083460489911	0.10022809584935508	-0.27042441447575893	8243	12709
AATATCAAGGTCGGAT-1	P17_T1	0.20959354761574	0.20563757121562953	0.31065893173217773	6576	3053
AATATTGGAGTATTGA-1	P17_T1	0.13308665215969084	0.04903947293758393	0.20519421537717186	4295	8560
AATCAGGTTTCATTTA-1	P17_T1	0.31099194354481174	0.40976503252983093	0.27601122856140137	5519	15063
AATCCAAGGGCCTGAG-1	P17_T1	0.13952255722549223	0.13792968412240347	0.46797226627667743	7139	4040
AATCCATGCAAGGGTG-1	P17_T1	0.22802980211046003	0.21639126539230347	1.496445576349894	4766	3048
AATCGCCTCAGCGCCA-1	P17_T1	0.456183275381724	0.2828933219114939	0.22327058553695678	10745	9172
AATCGGGACACTACGA-1	P17_T1	-0.2002983006503847	-0.1425881234804789	-0.21902264277140293	8614	3060
AATCTAGGTTTACTTG-1	P17_T1	0.42848496137393843	0.07213957955439881	0.9414765842755637	3606	11709
AATCTCTACTGTGGTT-1	P17_T1	0.3554779873622788	0.12365726550420125	0.6713811484972636	2936	8950
AATCTGGCTTTCTAGT-1	P17_T1	0.21303602261675725	0.134066295226415	0.2598537143071491	3493	11512
AATGACAGCAATGTCT-1	P17_T1	0.08917899936437607	0.02567447086175284	0.043386177221934163	5193	10926
AATGACGTAGGATGTC-1	P17_T1	0.8127709381779035	0.3523133194446563	0.866314649184545	10628	10156
AATGACTGTCAGCCGG-1	P17_T1	0.6240838262107637	0.377219266295433	0.609948649406433	7133	6009
AATGAGTTCGCATATG-1	P17_T1	0.5171595905058913	0.27601900339126584	1.0309107410907745	4195	4424
AATGATGATACGCTAT-1	P17_T1	0.22296012570460644	-0.024376365542411793	0.7075586585203806	12339	6026
AATGCAACCGGGTACC-1	P17_T1	0.38595600845085254	0.14800808787345882	0.2860815626382829	8490	6407
AATGCACCAAGCAATG-1	P17_T1	0.4919360251393583	0.13899619390567142	0.2611586632331211	12794	5240
AATGGTCCACCGTTCA-1	P17_T1	0.5215852752327919	0.07580126086870831	0.5877209464708966	3620	7377
AATGGTTCTCACAAGC-1	P17_T1	-0.07167291647858087	0.09155384778976441	-0.15912690718968714	5777	5217
AATGTGCCCGAGGTGT-1	P17_T1	0.04879153382447027	0.156575610935688	0.29672722379366556	4849	12304
AATGTGCTAATCTGAG-1	P17_T1	0.6773223675290745	-0.10782128711541497	1.0549065407117209	5408	14472
AATTAAAGGTCGGCGT-1	P17_T1	0.5299466288089751	0.07870033681392674	0.2586191113789875	7462	9358
AATTAACGGATTTCCA-1	P17_T1	0.4597542137238715	0.21671888868014016	0.6352044749259949	9261	12909
AATTAGCGCTGCAGCG-1	P17_T1	0.6182339484492938	0.28280894736448925	0.7501026451587678	8926	11529
AATTCATAAGGGATCT-1	P17_T1	0.7594047527511913	0.21976341952880218	0.8098747857411703	12113	6025
AATTCGATTCGAGGAT-1	P17_T1	0.6656736185815599	0.28629689534505204	0.27657599687576284	10388	14488
AATTCTAGAGTTAGGC-1	P17_T1	0.40609438406096565	0.17056016763051352	0.741198112567266	8927	11135
AATTGAACGCTCTGGT-1	P17_T1	0.6626494612958695	0.18525121301412584	0.3641817965110141	11193	10355
AATTTGGGACATAGTA-1	P17_T1	0.6850854519340728	0.20063795010248825	0.6446804300944011	12119	4056
AATTTGGTTCCAAAGA-1	P17_T1	0.22416172411706708	0.055475790898005195	0.006073407332102376	9404	3653
ACAAATCGCACCGAAT-1	P17_T1	0.8501243485344782	0.3631085407733918	0.6142411661148071	11077	11339
ACAAATGGTAGTGTTT-1	P17_T1	0.758423603342639	0.4560903624693553	0.6141485071182251	11307	10158
ACAACAGCATGAGCTA-1	P17_T1	0.6567360928323533	0.3915642195940018	0.5497612341245015	9957	7791
ACAACGGTCCCTGCGA-1	P17_T1	0.46675254219108153	0.027223755915959713	0.44488039016723624	5209	5806
ACAAGCAGTGCCTAGC-1	P17_T1	0.3131794183121787	-0.010856504241625431	0.13639290452003472	4752	7380
ACAAGGAAATCCGCCC-1	P17_T1	0.011405892040994403	0.14039429863293965	0.12319882671038318	10286	11140
ACAAGGACAAGAGGTT-1	P17_T1	0.7447688538995054	0.21848984201749166	0.7242648762464523	5997	7187
ACAAGGGCAGGCTCTG-1	P17_T1	0.46072338306241556	0.11099434971809385	0.5588784146308898	10402	10155
ACAATAGTCGTACGTT-1	P17_T1	0.526719229122003	0.21144996166229252	0.9979329550266265	4065	9741
ACAATCCATTTAAACC-1	P17_T1	0.3384196309248606	0.32566046714782715	0.5132314515113832	5427	8564
ACAATGAATACGGAGA-1	P17_T1	0.9344438012440999	0.2794545718034108	1.1111024705568948	5301	12699
ACAATTGTGTCTCTTT-1	P17_T1	0.07439771907197107	0.08859642903010051	-0.04662986874580388	12774	11541
ACAATTTAGGAGGCTC-1	P17_T1	0.37287798386481075	0.20129666477441788	0.4063670790195466	2827	7571
ACAATTTGAGCAGTGG-1	P17_T1	0.5975972707735167	0.15121154805024462	0.8046630060672759	11091	7007
ACACAAAGACGGGTGG-1	P17_T1	0.40524193992217383	0.22168271253506344	0.3089503393570583	8151	6209
ACACACCAGGACCAGT-1	P17_T1	0.33720908396773863	0.07870045185089114	-0.0034095640977223063	11986	10160
ACACACTTTCTACACG-1	P17_T1	0.08319082670741612	0.30363994439442954	-0.27041620651880893	9063	4243
ACACATGATCAAATCT-1	P17_T1	0.6177416013843484	0.28519634147485096	0.9730014125506081	3601	13285
ACACCCAGCATGCAGC-1	P17_T1	0.27033824576271903	0.1932711231708527	0.5752970822652179	7472	6207
ACACCCGAGAAATCCG-1	P17_T1	0.1914814135101106	0.040661015510559076	-0.06230442841847733	6230	5219
ACACCTTAAGTAGGGC-1	P17_T1	0.35613530059655507	0.13613956888516748	0.38032948891321827	6679	6402
ACACGAGACTCCTTCT-1	P17_T1	0.2599957036972046	0.16225173354148859	0.533755983511607	9844	7593
ACACGGCACTATGCAT-1	P17_T1	-0.24880959636635253	0.14278440078099566	-0.22661541938781737	9859	2867
ACACGGGAACTTAGGG-1	P17_T1	0.30498146961132677	0.008939060568809498	0.14521332820256538	9847	6806
ACACTCCAATGTCACT-1	P17_T1	0.49261386745505853	0.1053236921628316	0.9041323022047678	3741	4817
ACACTGATCAAGGTGT-1	P17_T1	0.76913308630387	0.16790114303429926	0.721145959099134	7228	11721
ACAGAACTGAGAACAA-1	P17_T1	0.11246370547347595	0.0051832516988118416	0.6263280248641967	4511	11712
ACAGATTAGGTTAGTG-1	P17_T1	-0.02161303407616086	0.19707836747169494	-0.6114695358276367	8275	2862
ACAGCATAGAGCCAGT-1	P17_T1	-0.06789898951848344	0.04644997715950014	-0.4031375773747763	8386	3453
ACAGCGCACCCGCAGC-1	P17_T1	0.4732449216312833	0.3422343023618062	-0.08753013610839844	10876	3461
ACAGGTGGAGGTGAGG-1	P17_T1	0.48746447919143576	-0.011236142416795103	0.9621281840403877	6210	11520
ACAGTAATACAACTTG-1	P17_T1	0.4848511533935864	0.15916934112707776	0.4541708870728809	3383	10527
ACATAATAAGGCGGTG-1	P17_T1	0.3248924336996343	0.10924163699150086	0.5659053407112757	8945	5621
ACATCAGCTGGGACGC-1	P17_T1	0.36529978021979337	0.1897024179498355	1.4646113608280815	3166	7769
ACATCCCGGCCATACG-1	P17_T1	0.3176082203123305	0.05584672649701439	0.4016831882794698	8245	12315
ACATCGATCGTTTACC-1	P17_T1	0.33866900381114745	0.20133537391821538	0.43667506655057253	8819	9756
ACATCGGTCAGCCGCG-1	P17_T1	0.6760098092423543	0.050702540477116864	0.9308838550249734	5990	9550
ACATCGTATGCAATGG-1	P17_T1	0.7430751096705597	0.28608031441768006	0.8599208954970041	10967	10354
ACATCGTTAACCTAGT-1	P17_T1	-0.11463866366280451	0.04784529765446982	-0.972264232635498	10311	3262
ACATCTCAACGCGTAA-1	P17_T1	-0.31058134545882543	0.12913151701291403	-0.005412699778874708	10201	2277
ACATTAGTTTATATCC-1	P17_T1	0.10684973729981317	0.11850749413172401	0.6284895205497742	8700	11528
ACCAAACTAGAAATCC-1	P17_T1	-0.07266987681388855	-0.08526983261108398	0.7192108011245728	9409	2078
ACCAACGCTTATTTAT-1	P17_T1	0.3536846804287698	0.2603673356771469	0.2991717533270519	7340	11918
ACCAAGAACGCGTGTC-1	P17_T1	0.2858798055185212	0.04676606218020124	0.8867134614785515	7363	4828
ACCAATATGCAAGTTA-1	P17_T1	0.5279351543717914	0.16726361513137816	1.1863670988877615	10621	12519
ACCACAACTCAGAACA-1	P17_T1	0.0012067866325378152	0.00232205152511597	0.08986286481221517	10991	2871
ACCACAAGTTTCTATC-1	P17_T1	0.6398958149221208	0.1360830903053284	0.4630171585083007	7921	7390
ACCACGTGCAGCTATA-1	P17_T1	0.008313737180497882	0.22407944639523822	-0.19251193443934123	10399	10943
ACCAGACCATAACAAC-1	P17_T1	0.26647622717751396	-0.06625694672266644	1.1959954222043356	2257	8948
ACCAGCCCGGTCTTTG-1	P17_T1	-0.0942974300516976	0.03164265235265096	-0.40477370421091713	9974	2277
ACCAGTGCGGGAGACG-1	P17_T1	0.6049382018711831	0.005870131452878291	0.8458306300640106	12437	10950
ACCATATCCGCAATAA-1	P17_T1	0.2803869530889723	0.16345130860805512	-0.10319857041041058	8142	8966
ACCATCCGCCAACTAG-1	P17_T1	0.4954916453361511	0.1725147090355555	0.9878023703893026	3158	10132
ACCATCGTATATGGTA-1	P17_T1	0.7492952535549801	0.20455400109291078	0.7984105535348258	6555	9749
ACCCAACGCCCGTGGC-1	P17_T1	0.18163970117767658	0.0711146055658658	0.8452134619156517	11542	7402
ACCCACCTACATGCTC-1	P17_T1	0.6324614267547924	0.028977498610814445	0.036825900872548445	4642	6395
ACCCATCTTGAGGGTA-1	P17_T1	0.33836999300453396	0.19187112053235367	0.5659838688373566	5992	8763
ACCCGAGCGAAATTAC-1	P17_T1	0.1287219457825025	0.08523620307445529	-0.28353692531585684	5072	13486
ACCCGATTGGTTCCGA-1	P17_T1	-0.29197034815947215	0.012573444843292259	-0.7167590856552124	5746	15064
ACCCGGAAACTCCCAG-1	P17_T1	0.6671171361042395	0.1445718257625898	0.6689668937524158	9149	12711
ACCCGGTTACACTTCC-1	P17_T1	0.2566963021953901	0.0068300370375315445	-0.018461204767227124	7234	9751
ACCCGTGTCATCAGTA-1	P17_T1	0.3409890620244874	0.20737980842590337	0.3559345153967539	7903	12904
ACCCTATAGGACTGAG-1	P17_T1	-0.017581197818120287	0.10782377560933432	0.6227326003710429	4084	3833
ACCCTATGCCATATCG-1	P17_T1	0.40475752790768943	0.12641473094622296	0.4552125994364422	6320	12505
ACCCTCCCTTGCTATT-1	P17_T1	0.4588925605018934	0.036386430064837105	0.07058645288149523	11305	10946
ACCCTTCATCTGCGAA-1	P17_T1	0.11189460376898447	-0.1025548752148946	0.30195650021235154	9176	4046
ACCCTTTAGTTCTCCA-1	P17_T1	-0.13679707301987543	0.07010606805483499	-0.5430869682629902	10879	2673
ACCGAAAGGGCCCTGC-1	P17_T1	0.028894123799271032	0.10949870089689895	-0.39211428125699366	7821	3254
ACCGAAGAGTCTGGTT-1	P17_T1	0.7196385314729479	0.1629491877555847	0.42588597536087036	3037	12692
ACCGACACATCTCCCA-1	P17_T1	0.05733492907550597	0.3120614671707153	0.009209152062733983	9373	13500
ACCGACTGAGTCCCAC-1	P17_T1	0.5767010269562405	0.03504530568917591	0.32777484814325986	9280	7001
ACCGATGGTAGCATCG-1	P17_T1	0.5193006345960829	0.2154962869485219	0.4016571497917176	12218	8586
ACCGCAATAACTGCCT-1	P17_T1	0.0243356246418423	0.03321194847424827	-0.17447735071182247	10737	11535
ACCGGGCCTTTGTTGA-1	P17_T1	0.19129767980840467	0.020431094566981	0.6639349238077801	12891	10557
ACCGGTCAGGTACACC-1	P17_T1	0.35109604219595586	0.08750585873921712	1.0599436004956564	3488	13087
ACCGTGACCACGTGGG-1	P17_T1	0.8449443599912856	0.3198105947176615	1.1490675838788351	6203	13490
ACCGTTCCCGCTCTGA-1	P17_T1	-0.30592565059661864	-0.038775756359100355	0.3184495592117309	9181	2471
ACCTAAGTACCTTTCA-1	P17_T1	0.614745445350806	0.1518334223826726	-0.33407201488812766	5192	11320
ACCTAATCGACTTCCT-1	P17_T1	0.784792426460319	0.044463212092717475	1.1627748791376749	5203	7775
ACCTGCGTGTCATGTT-1	P17_T1	0.27023724940088056	0.14255828499794007	-0.009504901568094803	3836	10528
ACGAAATGGGCGGCAC-1	P17_T1	0.5578657524453268	0.12038276751836141	0.6379520078500112	4524	7773
ACGACTGGTCATACTC-1	P17_T1	-0.1978898215956158	0.1360103762149811	-0.29512160539627075	5636	14079
ACGAGAACCCATCACG-1	P17_T1	0.5988183975054159	0.13991119285424547	0.9654068879286446	5671	3051
ACGAGATATTTGCTTA-1	P17_T1	-0.045156995521651366	-0.10772409121195475	-0.2792582488059998	10990	3264
ACGAGGATACCACTCT-1	P17_T1	0.6670476649536028	0.09467297434806826	0.8203031508127847	3834	11316
ACGAGGTTTACAACGT-1	P17_T1	0.49847903708616886	0.15643971840540566	0.17295595566431687	3263	12693
ACGATACCTATCCTGA-1	P17_T1	0.4786523309681151	0.09758206804593406	0.7552862405776977	1920	7962
ACGATCATACATAGAG-1	P17_T1	0.24631861209869388	0.17554885586102809	0.4252974239985148	8942	6409
ACGATGCATATGTTAT-1	P17_T1	0.5497761695086956	0.16463275998830795	0.7929037535190582	6671	8765
ACGATGGATCCGATGC-1	P17_T1	-0.14282186097568933	0.40006770531336466	1.1463498258590699	9744	3457
ACGCAAACTAATAGAT-1	P17_T1	0.5686763527989388	0.18496757884820303	0.7825801948706308	7108	13887
ACGCATTCGTGAGTAC-1	P17_T1	0.6814775560630693	0.10288880904515585	0.27077948927879336	8711	7984
ACGCCAGATGATTTCT-1	P17_T1	-0.050833548042509336	0.2250160030523936	-0.4998886005083719	10079	4837
ACGCCCAGCTGTCGAT-1	P17_T1	-0.15747729619344078	0.17804280440012613	-1.024396755695343	9862	2079
ACGCCGCTAGACGACC-1	P17_T1	0.13044297354088885	0.2472304578622182	0.3797511148452759	9837	9957
ACGCGAAGTCAGACGA-1	P17_T1	0.29606646769576594	0.16485632220904034	0.6753452738126118	8475	11134
ACGCGCTACACAGGGT-1	P17_T1	0.0845254821578662	-0.04319281498591104	0.09494477391242984	5311	9548
ACGCGGGCCAAGGACA-1	P17_T1	0.4684068151977327	0.11782492597897848	0.36347722768783575	8824	8181
ACGCGTTTCTTAAGAG-1	P17_T1	0.5287555962138706	0.02662144502003988	0.4460429690281551	2376	7176
ACGCTGTGAGGCGTAG-1	P17_T1	0.1333714524904887	-0.025404054323832193	-0.1201085130373637	3275	9148
ACGCTTAGTGTCTCTC-1	P17_T1	0.573026799360911	0.13083301544189452	0.14144483248392736	10994	2083
ACGGAATTTAGCAAAT-1	P17_T1	0.39354316867060135	0.137495999733607	0.09399917999903362	4874	4427
ACGGACTCTCAAAGCG-1	P17_T1	0.13172571586238013	0.05041356603304542	-0.118858522574107	10278	13503
ACGGATGGTGCGGATA-1	P17_T1	0.5857697942521837	0.23686222831408188	0.1596952382723491	10733	12717
ACGGCACTTGCTTGGG-1	P17_T1	0.5679076482521163	0.16107923984527583	1.19050795118014	8586	11725
ACGGCCAACATGGACT-1	P17_T1	0.25173853784799577	0.23126011610031133	0.7370290072758992	8019	11920
ACGGCGACGATGGGAA-1	P17_T1	0.08415619956122505	-0.11365040342013041	-0.34655875047047935	10512	11140
ACGGGAGTGTCGGCCC-1	P17_T1	0.12883577850129868	0.18413066744804385	0.09726179361343379	4628	10728
ACGTACAGATTTCTCT-1	P17_T1	-0.1761027754015393	0.06468633214632671	-0.3760130715370178	9291	3456
ACGTAGATTGCTGATG-1	P17_T1	0.5294910597801208	0.14076441009839374	0.08428645968437198	9390	7986
ACGTGCGCCTCGTGCA-1	P17_T1	0.27618237031830684	0.02290907303492229	0.1348160568873087	8948	4833
ACGTGGTCGAATGTGC-1	P17_T1	0.0074873905711703714	-0.19860628128051758	-0.583563904762268	10655	1885
ACGTTAATGTCGAAGA-1	P17_T1	0.5215570306777955	0.14857963164647425	0.8990303126970924	9611	9562
ACGTTAGATTTGCCCG-1	P17_T1	0.22677711023224723	-0.004704525073369326	0.11755672772725423	6217	9157
ACGTTATTGGTCACTC-1	P17_T1	0.5322731849220064	0.0021289926767348866	0.699513293504715	3287	5209
ACGTTCCGCGCTCCGT-1	P17_T1	-0.32219539403915404	0.1299947643280029	-0.3836327640215556	7935	3058
ACGTTCGTTCAGGAAA-1	P17_T1	0.5049023189809587	0.12700321455796565	1.072531144618988	6770	13295
ACGTTTAGTTGTGATC-1	P17_T1	-0.14204035851690502	-0.035297415653864544	-0.2667980599403381	9515	4244
ACTACAAAGAGAGGTG-1	P17_T1	0.8927391300929918	0.30667155047257744	0.9135359164079031	7329	15463
ACTACCAGCTCTCTGG-1	P17_T1	0.5897097297840648	0.20361351450284326	0.7929026782512665	6453	6401
ACTACGCGTTAGAATT-1	P17_T1	0.7234045839144125	0.22476850420236594	0.8896871244907378	8128	13299
ACTATTCGTCCGTGGT-1	P17_T1	0.036763918002446494	-0.055339883963267	-0.4548388306299846	10194	4247
ACTATTTCCGGGCCCA-1	P17_T1	0.7043012513385878	0.18984377841154737	1.0841468902428946	6431	13097
ACTCAACGAATGTATT-1	P17_T1	0.6732945943540998	-0.11573119004567467	0.8405587776501975	5558	2853
ACTCAAGTGCAAGGCT-1	P17_T1	0.0987433155377706	0.08205627361933393	0.5413094758987427	11524	13310
ACTCAATAAAGGCACG-1	P17_T1	0.669109903789229	0.22623657594124474	0.9460714819033942	9622	6411
ACTCAGACCTGCTTCT-1	P17_T1	0.6684661866890058	0.17326389263073605	0.41269341389338177	6689	3251
ACTCCAATATCATCAT-1	P17_T1	0.4562127548125055	0.010307150483131411	0.7387166825930278	5070	13880
ACTCCCATTCCTAAAG-1	P17_T1	0.3406680142548349	0.24042712797721227	0.7444237116972605	3722	10725
ACTCCCTAATGCTAAA-1	P17_T1	0.2479204178518719	0.21554712414741523	0.6627940448125205	9601	12713
ACTCCCTAGAATAGTA-1	P17_T1	0.7122437276773982	0.18871150195598596	0.8415681546926499	9720	10941
ACTCGATGTATTTCAT-1	P17_T1	0.38293073773384095	0.09503581364949543	0.4412782430648803	2948	5011
ACTCGTAACCCGTCCT-1	P17_T1	0.5905399528808064	0.13287357429663343	0.7212102023760478	4400	11121
ACTCGTCAGTAATCCC-1	P17_T1	0.6247638582852151	0.48655428071816764	0.37434791008631385	10633	8581
ACTCTCTGACTTAGGT-1	P17_T1	0.6429033066497908	0.332574002345403	0.341053952773412	10629	9762
ACTCTCTTATACACGA-1	P17_T1	0.04788122408919865	0.11329559564590452	0.20916957457860308	11330	3069
ACTCTTGTATAGTAAC-1	P17_T1	0.5412606543964811	0.19890144328276316	0.4502306461334229	9728	8578
ACTGAAACGCCGTTAG-1	P17_T1	0.08804936263296342	0.12578572491804757	-0.5436257894833882	12318	12722
ACTGAATGGCGAAAGT-1	P17_T1	0.17283847563796573	0.04426295399665833	0.20239806691805529	11192	10749
ACTGATTTAGTGATTC-1	P17_T1	-0.22261761307716368	0.2832295227050781	-0.5741956901550292	10880	2279
ACTGCCCGCCATTCTC-1	P17_T1	0.2598242790169187	-0.0007246716817220222	0.2103337335586548	5180	14865
ACTGCCGTCGTAACTC-1	P17_T1	0.51625026623408	0.08535332520802819	0.35196847756703686	9740	4639
ACTGTACGATACACAT-1	P17_T1	0.600554791059759	0.17768417159716288	0.2447724199295045	10637	7399
ACTGTAGCACTTTGGA-1	P17_T1	0.7111532715294097	-0.0043686701854069865	0.8569512784481048	6225	6794
ACTGTCCAGGATTATA-1	P17_T1	0.6251252711150381	0.30584721485773725	0.9017418273289999	8032	7981
ACTGTCTTCTTTAGAA-1	P17_T1	0.9455485563808017	0.2886006424824397	0.5769868954022725	9053	7394
ACTGTGCTAGTAGATC-1	P17_T1	0.4086538486182689	0.1709819234410922	0.4831715955336888	5328	4034
ACTGTTTAGTGTAGGC-1	P17_T1	0.45425590991973874	0.020692005952199305	-0.16380636215209965	8504	2075
ACTTACCGGGCGCGCA-1	P17_T1	0.4467512960731983	0.14224233140548076	0.6793461022774376	12573	3663
ACTTAGTACGACAAGA-1	P17_T1	0.42022834463251957	-0.0761827399333318	0.7261245656013489	5441	4231
ACTTATACTTACCCGG-1	P17_T1	0.43707264814111924	0.11138210733731585	0.4240676426887513	11991	8585
ACTTATTAGGATCGGT-1	P17_T1	0.5858305926786528	0.09676023066043854	0.6174775791168212	7689	8965
ACTTATTTATGTGCCA-1	P17_T1	0.5351355812284682	0.2226851793130239	0.4166328835487365	11985	10554
ACTTCAGGCTGATCCC-1	P17_T1	0.4793755076328913	0.11838135957717899	0.712215842405955	10963	11536
ACTTCCATGCGGGACA-1	P17_T1	0.06849286317825315	0.3717413624127706	0.3755974769592285	11410	13506
ACTTCGCCATACGCAC-1	P17_T1	0.5992289364337922	0.19550530175367986	1.0628006613254548	10299	6807
ACTTGACTCCCTCTTT-1	P17_T1	0.5269422556956609	0.15692425380150482	0.21508107880751304	9950	9760
ACTTGCCATATTGTAC-1	P17_T1	0.1298306379715602	0.16771199504534406	-0.33061251322428387	8163	2271
ACTTGGGACCCGGTGG-1	P17_T1	0.663164164159033	0.3416848162810007	0.6955635142326355	7355	7192
ACTTGTAGTCCCTTCA-1	P17_T1	0.6177703381743695	0.20787722955147425	0.9510389685630798	2932	10131
ACTTTCCTATAGCTTC-1	P17_T1	0.30727611561616264	-0.027621540625890117	0.741546603043874	8827	6999
ACTTTGACTGCATCCT-1	P17_T1	0.4545340390006701	0.30254860043525694	0.3864527253309886	3048	9147
AGAACGTGGTACATTC-1	P17_T1	0.399382571776708	0.019452546437581375	0.39274617989857985	10073	6806
AGAAGAGCGCCGTTCC-1	P17_T1	0.5103478615813785	0.17072501182556155	0.9753163782755535	11764	8978
AGAAGGTACACTTCAC-1	P17_T1	0.1168350208467907	-0.013809868892033894	-0.6171258401870727	3380	11708
AGAAGGTTGCCGAATT-1	P17_T1	0.38656128073732055	0.08065835972627006	0.4736861983935039	6781	9750
AGAAGTGATTCGTGAT-1	P17_T1	-0.011976586845185988	0.04307891964912414	0.03866357008616128	4967	10926
AGAATAAATCTTCAGG-1	P17_T1	0.3447155704100927	0.061609780391057356	0.8550636704762776	3050	8753
AGAATTATGGATTCGA-1	P17_T1	0.47844566500849195	0.17436428358157474	1.0309521361192069	12899	7800
AGAATTGTTTGACATA-1	P17_T1	0.37809769186708664	0.1432167462507884	0.7530366138617197	4420	4819
AGACAGCTCAGAATCC-1	P17_T1	0.4926796925730176	0.1549227766195933	0.442491573492686	3172	5800
AGACATAGATCCTTCC-1	P17_T1	-0.09057705733511182	0.00695176521937052	0.10481433073679602	7143	2858
AGACCAAACCACACCT-1	P17_T1	0.3524335118134817	0.023908481597900377	-0.6255049896240235	2814	11510
AGACCATGGGATACAA-1	P17_T1	-0.10005177279313407	0.07902577737967173	-0.12790735205014547	4983	5805
AGACCCACCGCTGATC-1	P17_T1	0.49089190691709517	0.1992577745517095	0.8313974710305534	9154	11136
AGACCCGCCCTCCTCG-1	P17_T1	0.1430318711863624	0.12303900361061093	-0.15850259462992367	8150	6603
AGACCGGGAAACCCTG-1	P17_T1	0.09064733392662472	0.06937394281228387	0.10713019847869876	3726	9543
AGACGAAGTGCCGGTC-1	P17_T1	0.41157137705220115	0.1144328061739604	1.2199689749876657	12775	11148
AGACGACGATGCCGCT-1	P17_T1	0.7018533723553021	0.2012758207321167	0.838296147187551	5529	11912
AGACGGGATTGGTATA-1	P17_T1	0.06517069604661727	0.04299396673838299	-0.7460895156860352	10768	1688
AGACTAGCCTTCCAGA-1	P17_T1	0.5193776358498468	-0.13458853642145793	0.4185310141245524	7017	6994
AGACTGTTACCGGGTC-1	P17_T1	0.09548122419251337	0.016216282049814873	-0.32813410441080726	6881	13886
AGAGAAACACCAGAAA-1	P17_T1	0.32594718204604256	-0.0334545612335205	-0.0824502364794415	5633	14867
AGAGAACCGTCTAGGA-1	P17_T1	0.5876177031298477	0.14217287987470628	0.6499891692399979	11771	6615
AGAGAAGGAGTACAAT-1	P17_T1	0.12636526087919864	0.051878417332967164	0.2738935363292694	5639	12897
AGAGATCTCTAAAGCG-1	P17_T1	0.13494484855069055	0.09065361698468524	0.3206480598449708	3840	9347
AGAGCAGTTATGAGAC-1	P17_T1	0.7390811349782679	0.27461327940225605	1.074619913895925	3960	7181
AGAGCGGGCTAATCAT-1	P17_T1	0.33223168459203506	0.04025557200113933	-0.18023867448170983	9061	4637
AGAGCGTACAAGCTCG-1	P17_T1	0.6134468013710446	0.1972100804249446	0.8593872022628783	4982	6199
AGATAACTTCAGGGCC-1	P17_T1	0.6200908124446869	0.12050665358702345	0.34458928465843197	6788	7781
AGATACCGGTGTTCAC-1	P17_T1	0.5453317173984316	0.15337873895963033	0.5809933646519978	6104	9354
AGATACGACTTCATAT-1	P17_T1	0.9409434884786606	0.4562642657756805	0.7045799064636231	5780	4429
AGATACTCAAGATCGA-1	P17_T1	0.7671054938435554	0.1691925472021103	0.18836498538653057	11080	10551
AGATATAATACGACTA-1	P17_T1	0.15741897917456105	-0.09936310470104218	0.7256125295162201	9937	14093
AGATCGTGCATAAGAT-1	P17_T1	0.5155959673722584	0.151902671456337	0.4351100639502208	12793	5633
AGATCTCAGGTGTGAT-1	P17_T1	0.5497560585869684	0.020552184979120924	0.4116106836001079	10298	7201
AGATGACTCGCCCACG-1	P17_T1	0.417204164630837	0.13354038645823801	0.7945318804184593	8040	5618
AGATGCAAGACGTGCA-1	P17_T1	0.14116965684625837	0.25953479806582136	-0.00256275018056229	4508	12894
AGATTATAGGACGTTT-1	P17_T1	0.41476531654596327	0.024408610264460284	0.5849902987480164	7917	8572
AGATTCACAACCGATA-1	P17_T1	-0.03728960616721047	-0.0027874600887298484	-0.7104289102554321	3266	11905
AGCAAAGGCCGCTAGT-1	P17_T1	0.3486131443911128	0.11024219274520874	0.08746562838554373	9939	13305
AGCAACATATCTTATT-1	P17_T1	0.11604520890447834	0.13951032082239784	-0.09028630415598549	12328	9571
AGCAACCGAAAGTAAT-1	P17_T1	0.21057411844531693	0.05492914100488028	-0.5352903918425241	4056	12498
AGCACCAGTACTCACG-1	P17_T1	0.6016964939567778	0.16539365688959756	0.7447325944900514	9168	6803
AGCACTACCGGCCTGT-1	P17_T1	0.35915505362881556	0.05318126161893211	0.1074663217862446	4070	8166
AGCACTACCTCACCAG-1	P17_T1	0.8438172610931925	0.2605858784914017	1.0248504030704497	10962	11930
AGCACTTAAGGACGCC-1	P17_T1	0.32422639250755314	-0.008910874128341684	0.11717925786972039	5770	7580
AGCAGCCAGATGAATA-1	P17_T1	0.15916311121649213	-0.009854940374692284	-0.39924112041791276	8357	12512
AGCATATCAATATGCT-1	P17_T1	0.30523391187191007	0.061455255746841464	0.24522619009017954	12548	11541
AGCATCATTTCGAAAG-1	P17_T1	0.14705435474713646	0.2978423456350962	-0.4831439495086669	3945	11907
AGCATCGTCGATAATT-1	P17_T1	0.5756947416067123	0.1672972881793976	1.0493122959136962	7699	5814
AGCCAAGCTTTGTGTC-1	P17_T1	0.05388064556651645	-0.15961436291535697	-0.37709694703420016	8352	14087
AGCCACTCCCGTGCTT-1	P17_T1	0.20957168896993006	0.0966975514094035	0.5411500024795532	10981	6022
AGCCATATAGTATGTG-1	P17_T1	0.28678141269418933	0.11924323320388791	-0.016138335863749242	9140	15469
AGCCCATACATGTAAG-1	P17_T1	0.08290399478541477	0.05292214910189308	0.34684975385665884	4744	9743
AGCCCGCAACAAGCAG-1	P17_T1	0.3097612930668725	0.07249673088391623	0.3912620576222736	7897	14874
AGCCCGGCATTAGAGG-1	P17_T1	0.5025474719868765	0.17105540196100866	0.539091232617696	4730	14076
AGCCCGGTAGCCTGTA-1	P17_T1	0.28599615527523886	-0.08627237379550937	0.32086965004603085	7335	13493
AGCCCTAAGCGAAGTT-1	P17_T1	-0.060531071556939015	0.025748400688171386	-0.5452961277961731	9175	4440
AGCCGTGGCTAAATGT-1	P17_T1	0.7543682981199689	0.32420264124870296	0.7706966606775918	4286	11317
AGCCTAATACCCACGT-1	P17_T1	0.4513715206914477	0.10128601431846618	0.621352842648824	3381	11314
AGCCTTAAAGCGGAAG-1	P17_T1	0.3499356320500374	0.1733232202132543	0.6962262431780495	3512	5604
AGCGACAGGAACGGTC-1	P17_T1	0.5865111464262008	0.2735492140054703	0.7210428009430565	5983	11520
AGCGACATCCCATTCA-1	P17_T1	0.5014240313238568	0.14837561060984927	1.0208739779392877	8495	4832
AGCGACCAACGATATT-1	P17_T1	0.4132398677534528	0.16334327876567845	0.4031599334875744	8037	6406
AGCGCATAATGAATCG-1	P17_T1	0.246211873822742	0.15261903186639153	0.35180585543314624	8017	12708
AGCGCGGGTGCCAATG-1	P17_T1	0.5775708720088005	0.2324636777242025	0.14377765973409007	12225	6222
AGCGGACACTTCGTAG-1	P17_T1	0.7012244568102889	0.15511270930369697	1.1740825740496317	8806	13695
AGCGGCGGTTAGCGGT-1	P17_T1	-0.09111322859923046	-0.12315464774767558	-0.16911138137181603	3155	11314
AGCGGGAAGGGTCCAT-1	P17_T1	0.0489021208882332	0.06458815336227416	-0.11841748555501308	6007	4036
AGCGGTTGAGATGTAC-1	P17_T1	-0.22483906626701355	-0.11830053329467774	-0.5703002190589905	12014	1495
AGCGTGGTATTCTACT-1	P17_T1	0.4143690962261624	0.11547108689943947	0.2834941601753236	9835	10350
AGCTAACAAGCAATGT-1	P17_T1	0.3785767214165794	0.3034228189786275	0.05842164198557542	5524	13488
AGCTAGAAGCAGAAGT-1	P17_T1	0.5376897013684113	0.1576865096886953	0.788751606941223	13019	5634
AGCTATTTAATCCAAC-1	P17_T1	0.129024325410525	0.07139071067174274	0.4780335521697998	10193	4640
AGCTCTAGACGTTCCA-1	P17_T1	0.5445212065842416	0.2565108595291773	0.8379199020067849	10406	8974
AGCTCTTCCCAGTGCA-1	P17_T1	0.46930957713060906	0.3440130936106046	0.3402166817585628	11776	5039
AGCTCTTTACTCAGTT-1	P17_T1	0.20354102558559845	0.05102726538976038	-0.09075629154841092	6895	9553
AGCTGAAGTAAACCAA-1	P17_T1	0.33192327969604063	0.14855087836583453	0.46739527841409045	11322	5432
AGCTGTAACCTCAATC-1	P17_T1	0.43218950983550813	0.05563276767730713	-0.1462024199962615	4963	12107
AGCTTATAGAGACCTG-1	P17_T1	-0.16837342977523803	0.27503089427947996	1.2581657393773396	7144	2464
AGCTTGATCTTAACTT-1	P17_T1	0.6710154275927279	0.11043501019477842	1.0322811537981034	4405	9545
AGGAAGCTGTCCGCCG-1	P17_T1	0.4186564462052451	0.19873769879341124	0.17883522828420007	9146	13499
AGGACAGTCGAATCCC-1	P17_T1	0.8251005661487579	0.1546745224793752	0.2343870655695599	11421	9962
AGGACATCGCACGTCG-1	P17_T1	0.15721797780858146	0.19636591672897338	-0.15875075181325282	6119	4627
AGGACGACCCATTAGA-1	P17_T1	0.23641693976190348	0.0823244136571884	0.08799601991971318	6894	9947
AGGACGCTCGATGTTG-1	P17_T1	0.5403018357687526	0.12245815853277842	0.36264784693717966	12908	5043
AGGATAAAGTCGGGAT-1	P17_T1	0.4760145099129941	0.12613622973362604	0.7400237860282264	9151	11924
AGGATATAGGGATTTA-1	P17_T1	0.3950186951624023	0.33412407398223876	0.4834265780448914	12664	10556
AGGATCACGCGATCTG-1	P17_T1	0.43735974237322806	0.061676706175009366	0.9718391633033752	3609	10921
AGGCAGATGCGTAAAC-1	P17_T1	0.3361228426628642	0.0903002305825551	0.6746964446703594	11545	6614
AGGCAGGGAGCGTACT-1	P17_T1	0.2284835386276245	0.09405652125676472	-0.01573171575864163	7337	13100
AGGCATTGTCGTAGGG-1	P17_T1	0.38789057539569005	0.1697346536318461	0.7869084199269614	13002	11148
AGGCCACCCGTTATGA-1	P17_T1	0.7135469161139594	0.3708169408639272	0.4885673093795777	6111	6991
AGGCCCATTGTACAGG-1	P17_T1	0.31173684096998644	0.009541945457458512	0.7869145031770073	8043	4437
AGGCCCTAGAACGCCA-1	P17_T1	0.30049882160292735	0.0005280530452728138	-0.21877293745676674	4629	10334
AGGCCTATCATACCAA-1	P17_T1	0.514348084727923	0.15578160365422566	0.6933516335487366	7668	15661
AGGCGGTTTGTCCCGC-1	P17_T1	0.36699910567866434	0.020163855552673304	0.675793805917104	3715	13088
AGGCTATGGTTAGCTT-1	P17_T1	0.43436905291345385	-0.043340982397397365	0.603384127219518	5207	6594
AGGCTTCCCGAAGAAG-1	P17_T1	0.6632105110916827	0.13603699485460913	0.8211649763584137	6550	11325
AGGCTTGCTAGACACC-1	P17_T1	0.40683619032303486	0.263419952193896	0.8792951011657715	3850	6196
AGGGAAACGAGGTACT-1	P17_T1	0.3863100610176722	0.20447504758834834	0.531394139925639	11893	4055
AGGGACAGCACGGCGG-1	P17_T1	0.062789662943946	-0.1694133726755778	0.37380441824595145	7032	2267
AGGGACTCTACGCGAC-1	P17_T1	0.2734805999199549	-0.20217721939086913	0.18844230492909753	7792	12313
AGGGCAGCGGCGTGGT-1	P17_T1	0.3177930611371994	-0.031741067171096815	0.6153594517707824	10198	3065
AGGGCGAGCAGCTGAT-1	P17_T1	0.27714717691143353	0.02776443739732104	0.3182081454992294	4064	10135
AGGGCGTGATCGGCTA-1	P17_T1	0.49446923944685195	0.16619065602620442	-0.05656996329625441	6910	4827
AGGGCTGCAGTTACAG-1	P17_T1	0.639135348531935	0.2037090464433034	0.36850722312927253	9163	8379
AGGGTCAGAGCACTCG-1	P17_T1	0.2395696667830149	-0.1520314582188924	-0.7422340162595111	6312	14869
AGGGTGCCGTTCTTTA-1	P17_T1	-0.07318513611952465	0.18593624512354529	-0.48029800534248346	5522	14275
AGGGTGCTCTCGAGGG-1	P17_T1	0.2518335496717029	0.28592655638853703	0.37808757066726684	12219	8192
AGGGTGGATAGTGCAT-1	P17_T1	0.3821182692050934	0.029058421055475847	0.9468028056621551	3055	7178
AGGGTTCAGACGGTCC-1	P17_T1	0.23695700473255588	0.034920386672019965	0.14842668573061624	6878	15067
AGGGTTCCCTTTGGTT-1	P17_T1	0.6330850338273578	0.2679801646868388	0.8840130770206451	11769	7403
AGGGTTTAGTTCGGGA-1	P17_T1	0.43700903389188983	0.10274344801902774	0.7423543294270833	8937	7984
AGGTAACCTCCTATTC-1	P17_T1	0.10647522078620064	0.05202659726142883	-0.46050419489542643	6460	4038
AGGTACGATATTGCCA-1	P17_T1	0.056650630434354116	0.36226216912269593	0.7033160122235615	10422	3853
AGGTAGATCGAGATAT-1	P17_T1	0.27018149554729465	0.04311651706695557	0.6472932747999829	5749	13882
AGGTAGGTACAAAGCT-1	P17_T1	0.6115785152713459	0.12230078657468157	0.785817888180415	5314	8367
AGGTCAGGTGAGAGTG-1	P17_T1	0.11914748552772736	0.14835852682590484	-0.1372398746013641	4063	10529
AGGTGGTGACCTTCGC-1	P17_T1	0.4963675125771098	0.27517086088657383	0.8292089128494262	8126	14087
AGGTGTATCGCCATGA-1	P17_T1	0.27867538472016656	0.0978107408682505	0.5872083067893982	3729	8755
AGGTTGAGGCACGCTT-1	P17_T1	0.2808637401461601	0.32905186613400783	0.14148261070251467	10189	5822
AGGTTTCACACACCTT-1	P17_T1	0.3909443337387509	0.1471052867174149	0.6890162527561188	9385	9561
AGTAATGTCTTGCCGC-1	P17_T1	0.505585759613249	0.20141826987266537	0.7516469025611878	8609	4635
AGTACGGCCCGTATCG-1	P17_T1	0.6099739105502765	0.11791077415148421	0.10751815517743424	3051	8359
AGTACGGGCACCTGGC-1	P17_T1	0.15771481898095868	0.024294460217158004	-0.10472464481989541	10753	6415
AGTACGTGGCCTGTCT-1	P17_T1	0.4989379876189761	-0.09108719348907471	0.43027273972829183	11784	2676
AGTAGAAGGCGCCTCA-1	P17_T1	0.5241659455166922	0.22873419602711992	0.4977989315986633	8801	15271
AGTAGCGTGAACGAAC-1	P17_T1	-0.10932297991381751	-0.14796406785647073	-0.6714281177520752	9976	1883
AGTAGGAAGGAAGTTG-1	P17_T1	0.4593148967789278	0.25910245835781104	0.7686447685956954	12909	4649
AGTAGGTAACATACAT-1	P17_T1	0.0028622306717766555	0.09702907005945843	0.21759438673655196	7592	4041
AGTATAATACTAGGCA-1	P17_T1	0.2620329638322195	-0.04763539930184682	0.1366187953948974	5547	6398
AGTATACACAGCGACA-1	P17_T1	0.6916243512762918	0.20195992887020114	0.32857527176539114	7220	14084
AGTATGCTGGAGACCA-1	P17_T1	0.7901382423440616	0.15454873621463777	0.5840768535931904	4734	12894
AGTATTTGGCACGACC-1	P17_T1	0.0799981720911132	0.16493839780489605	-0.12284216642379753	7677	12904
AGTCAAATGATGTGAT-1	P17_T1	0.22982659518718718	-0.01619791309038801	-0.033996125857035375	5747	14670
AGTCAACACCACCATC-1	P17_T1	0.29976686242553924	0.11547615706920625	0.09186131755510973	7122	9554
AGTCAAGATGACACTT-1	P17_T1	0.41526824610100854	0.011698199609915416	0.14744992375373833	11984	10948
AGTCAGCCACCGCCTG-1	P17_T1	0.5471406218078401	0.24657486160596215	0.6151902667681377	4987	4624
AGTCCCGCCTTTAATT-1	P17_T1	0.5793495643138885	0.15991835614045458	-0.019479563236236563	12343	4844
AGTCGACGGTCTCAAG-1	P17_T1	0.4890594613552094	0.22312280058860778	0.6023280706008274	11990	8979
AGTCGGCCCAAACGAC-1	P17_T1	-0.15138344320986005	0.2698291790485382	0.2036911765734355	6226	6400
AGTCGGCTCAACTTTA-1	P17_T1	0.41790202160676326	0.30709536512692764	0.33444347500801086	4401	10727
AGTCGTGGGCATTACG-1	P17_T1	0.6074909250603782	0.053906740347544335	0.2846423912048339	5078	11517
AGTCTCACAAGACTAC-1	P17_T1	0.48919430143303344	0.11268090565999345	0.42029433012008677	5189	12108
AGTCTGGACATCCTTG-1	P17_T1	0.48890298258927134	0.21693545917669932	0.68254311978817	4080	5015
AGTCTTCTCCTCAAAT-1	P17_T1	0.564680188761817	-0.011640266974767055	0.5239235079288482	9283	6213
AGTGACCTACTTTACG-1	P17_T1	0.5274121828873951	0.22244463721911106	0.6162471000353495	7686	10147
AGTGACTGTGACACAA-1	P17_T1	0.5001656179295646	-0.014400512774785351	0.3836046997706095	4955	14470
AGTGAGACTTCCAGTA-1	P17_T1	0.6239946306082937	0.17238023102283473	0.47740694880485535	11653	8387
AGTGAGGGTTTCTGAC-1	P17_T1	-0.20119312259886	-0.03041515906651815	1.2292320569356283	11783	3070
AGTGATATGAGTAGTT-1	P17_T1	0.49362170545591255	0.3766580005486806	0.6805704784393312	7345	10342
AGTGCGTAGCTCGTAA-1	P17_T1	0.6926973986625672	0.10766887178023654	0.8354183572530747	6552	10537
AGTGCTAAACACAGCA-1	P17_T1	0.2314570336871677	0.14211836973826092	0.4368193689982097	12089	13509
AGTGCTTGCACGAATA-1	P17_T1	0.6278375404742029	0.19517098923524218	0.13752697825431826	11875	9569
AGTGGCGGCAATTTGA-1	P17_T1	0.430441909349627	0.0818764716386795	0.5743989978233974	12452	6223
AGTGGCTCCGTCGGCC-1	P17_T1	0.49821415503819777	0.05744465072949728	0.7954668815930683	3161	9344
AGTGGTGTTACCCGTG-1	P17_T1	-0.0117697063419554	0.18566081960995995	0.04149319966634113	2817	10722
AGTGGTTGCGTATAGG-1	P17_T1	0.7056897156768375	0.20324182589848838	-0.009437492688496807	2598	8358
AGTGTATTGCGCATTG-1	P17_T1	0.29689457959598975	0.15541449189186096	0.16915454387664797	12569	4845
AGTGTGGTCTATTGTG-1	P17_T1	-0.12811202512847053	-0.03875942150751749	-0.32345160166422526	4418	5607
AGTTAAACACTTGCGA-1	P17_T1	0.4553260388639238	0.3349722443024317	0.036245971123377574	6783	9356
AGTTAAGCGGTCCCGG-1	P17_T1	-0.056352686484654746	0.3788162624835968	0.8051176234086357	10872	4643
AGTTAAGTCAACCGCT-1	P17_T1	0.328745887014601	0.1324275489648183	0.8677269383271534	4625	11515
AGTTACCGCACATGGT-1	P17_T1	0.5824035683936544	0.1443332221110662	0.907979391415914	3396	6588
AGTTACTCTATCGTGG-1	P17_T1	0.43879703789949415	0.21203820327917738	0.42234135111172977	11891	4449
AGTTATTGAAAGGTAA-1	P17_T1	-0.14500982715023886	-0.06689982175827025	-0.7981249022483826	10202	1883
AGTTCCTACAGAATTA-1	P17_T1	0.5603761333227157	0.09609131256739295	0.4746201825141907	7468	7389
AGTTCCTATTTATGTT-1	P17_T1	0.5991958601607218	0.32268843293189997	0.5089149777094524	9158	9954
AGTTCTGCGTTGTATC-1	P17_T1	0.3867217360602485	0.06511330525080361	0.8910188281536102	3970	4030
AGTTGACATCGGCTGG-1	P17_T1	0.2694812920358446	0.1168856080373128	1.0821235545476275	4764	3441
AGTTGACGGTCCTTGC-1	P17_T1	0.6520066069563228	0.3389537843068441	0.40525610367457077	8917	14286
AGTTTCGCAGGTCGGA-1	P17_T1	0.006856214834584123	0.2921566597620646	-0.17273932695388794	8837	3848
AGTTTGCACCTGCCTC-1	P17_T1	-0.11621830870707828	0.0749988297621409	-0.486783360640208	10167	12912
AGTTTGGCCAGACCTA-1	P17_T1	0.5224653623004754	0.17514262318611146	0.3675095570087432	5307	10730
ATAAACCATTGGACGG-1	P17_T1	0.29854469994703925	0.1425486123561859	0.05849266052246094	6919	2070
ATAAACGGACCCGTAA-1	P17_T1	0.5491154106458027	0.08990004698435461	0.318383203347524	8702	10741
ATAAAGGCTCGGTCGT-1	P17_T1	0.46501132918728727	0.1417874332269033	0.943883996208509	7465	8177
ATAAAGGTCAAGTACG-1	P17_T1	-0.1946830105781555	0.4991412369410197	1.3770779180526733	11445	2478
ATAAATATTAGCAGCT-1	P17_T1	0.5188176231251822	0.103620654741923	0.6662545657157899	4973	8956
ATAACGCCGGAGGGTC-1	P17_T1	0.6411535700493388	-0.0041467191775639844	0.5458211962382	10973	8385
ATAACGGAGTCCAACG-1	P17_T1	0.37345354000727327	0.12083336532115935	0.3845314945777256	10301	6413
ATAAGGTGGAGAACAT-1	P17_T1	0.4477503068910704	0.11500306288401285	0.9103865746657052	9945	11335
ATAAGTTACCGCGACG-1	P17_T1	0.013566762804985033	0.02664114236831666	0.18370143334070854	7684	10541
ATAATACCGTTAGCCG-1	P17_T1	0.6124508260356054	0.07792059143384295	0.9084253418445587	3629	4619
ATAATAGCTGTTGAAT-1	P17_T1	0.3492918949988153	0.19941980202992754	0.4525537089506786	8929	10741
ATAATAGTGTAGGGAC-1	P17_T1	0.4309388173951043	0.17277761141459147	0.3814242895444233	5212	5018
ATAATCTTGGAGAACC-1	P17_T1	-0.36235934138298037	0.011733303864796929	0.4263392957051594	10504	13504
ATAATTAGCTAAGTAG-1	P17_T1	0.353172097073661	0.025585768620173144	0.2036078457037609	9031	14090
ATACAGGCCCTCCAAT-1	P17_T1	0.2535930854744382	0.3291029238700867	-0.3586344703038534	9942	12517
ATACCACGGGCAACTT-1	P17_T1	0.3438285895850923	0.01699323574701944	0.8876275944709777	5088	8366
ATACCAGCAAATTGCT-1	P17_T1	-0.07684026976426442	0.3613607025146484	0.04260030349095667	8616	2272
ATACCAGGCTAATAGA-1	P17_T1	0.15059845639599695	0.19447215437889098	-0.1763130466143289	8047	3255
ATACCTAACCAAGAAA-1	P17_T1	0.1795304574569066	0.16899117430051167	-0.6355954257647196	9035	12908
ATACGCCGGCGAAACC-1	P17_T1	0.6568751735819711	0.22647533953189852	0.2940125683943431	10631	9368
ATACGGAACGTCGTTT-1	P17_T1	0.033246761096848376	0.10400013605753583	-0.1039121540387472	4283	12499
ATACGGGTTTCGATTG-1	P17_T1	-0.06102884120411345	-0.017946441968282073	-0.7123480272293091	11095	5825
ATACGGTGAAGATGCA-1	P17_T1	0.5613769768675168	0.2069489363829295	1.2354427134990693	3052	7966
ATACGTACTTAGCCAC-1	P17_T1	0.49319789648056034	0.2544992750883103	1.0287320359547933	10508	12322
ATACGTCCACTCCTGT-1	P17_T1	0.0969673005408711	0.06284407973289485	-0.29298571070035295	12324	10752
ATACGTTATGCACGGA-1	P17_T1	0.49727853914101916	0.21427043517430622	0.6248071543375653	8919	13892
ATACTAGCATGACCCT-1	P17_T1	0.5026750072009034	0.15598020215829211	0.6474069054921467	8719	5620
ATACTCTCGCCACTCT-1	P17_T1	0.13022702323065866	0.3190856782595316	0.682154343922933	4652	3244
ATACTTGTTCTCGAGC-1	P17_T1	0.7234831569261022	0.2510177214940389	0.7830140773455301	2941	7374
ATAGACAACGGGACCT-1	P17_T1	0.6055887231230735	0.03720493654410045	1.0564034485816955	12223	7010
ATAGACGAAGAGAAAG-1	P17_T1	0.35606112543079593	0.09380061248938243	0.5426932118336361	6900	7978
ATAGAGTACTGGGACA-1	P17_T1	0.17380428572495782	0.15371622065703072	0.2833744700749714	7244	6600
ATAGAGTTATCAACTT-1	P17_T1	0.3799144490559896	0.19867699404557548	0.07325599511464431	12337	6814
ATAGCCTCAGTACCCA-1	P17_T1	0.34280058489905463	-0.04773122847080233	0.34637488683064777	3401	5013
ATAGGCGGCTATAGAA-1	P17_T1	0.40829150852229856	0.402944234808286	0.6929825166861217	5536	9943
ATAGGCTAGCTTCGCA-1	P17_T1	0.47985467215379074	0.16086412429809577	0.24442000985145573	12791	6421
ATAGGGATATCCTTGA-1	P17_T1	0.3325529199507501	0.27579761505126954	0.49312035719553626	9850	5624
ATAGGTTGGGCAGATG-1	P17_T1	0.5079088187879987	0.26899275700251263	0.7836132538318634	9054	7000
ATAGTCTTTGACGTGC-1	P17_T1	0.22153309173054164	0.009637745221455885	0.05998471736907962	9407	2866
ATAGTGAAGCGTTCTC-1	P17_T1	0.4255308799942335	0.22543245812257134	0.5574874822298685	8253	9558
ATATAAAGCGCTCGTG-1	P17_T1	0.5585320704016421	0.19204450200001405	0.6733722927172978	9488	12910
ATATAAATGTAGCTGC-1	P17_T1	0.5356872461901769	0.1802820139129957	0.8577105748653411	10169	12124
ATATACATGTATGGTA-1	P17_T1	0.1518695814741982	0.324669652779897	-0.0451354702313741	1910	11113
ATATCGTGCCAGACCC-1	P17_T1	-0.2585682559013367	0.2496706008911133	-0.6886737442016602	10767	2082
ATATCTCCCTCGTTAA-1	P17_T1	0.5064028778672218	0.21870213250319165	0.7113555490970611	11663	5236
ATATCTTAGGGCCTTC-1	P17_T1	0.6251285418536927	0.19498411595821386	0.6082414444287618	8710	8377
ATATGTCTCCCTAGCC-1	P17_T1	-0.04186626109811997	0.11400321741898856	-0.2690666838486989	12784	8391
ATATTCAGTTAAACCT-1	P17_T1	0.6379541652070151	0.10222428242365522	0.6451155638694763	6327	10142
ATATTCCACATAGTGA-1	P17_T1	0.19237562113338047	0.09223874648412067	0.12953125476837157	10511	11534
ATATTCCCACAGGTCA-1	P17_T1	-0.0638441196746296	0.08862109522024791	-0.007491212685902915	8499	3650
ATATTGCTGTCAAAGT-1	P17_T1	0.16959588514433965	0.15385804494222008	0.3363754065831501	5438	5019
ATATTTAACCCTCAAG-1	P17_T1	0.6602486471003957	0.03979732950528464	0.5225244184335072	8033	7588
ATCAAACGAAGGTTTG-1	P17_T1	0.5964229908419981	0.1305160531401634	0.775461011926333	5532	11124
ATCAAGATCCCAGGAC-1	P17_T1	0.5520515722036361	-0.0234767444928487	0.8406934348742165	8347	15663
ATCAATCTGGGCTGCA-1	P17_T1	0.5979927419953875	0.16368913114070888	0.6101283260186512	9164	7985
ATCAATGCCGTGGCTG-1	P17_T1	0.5727643448445532	0.03094247063000999	0.5287868090470631	3940	13483
ATCACATTAGAATATC-1	P17_T1	0.1511942578686608	-0.0529856010278066	-0.23911290089289344	11096	5431
ATCACGTGCTAATTAA-1	P17_T1	0.6119672972791724	0.1410569414496422	0.6285272838672002	5873	10535
ATCACTTCATCCTCGC-1	P17_T1	0.6558707255125046	0.15662689050038658	1.4181602644920348	9398	5623
ATCAGACGGCACGCCG-1	P17_T1	0.4894111533628569	0.18207296431064607	0.5559963512420654	6554	10143
ATCAGCTCGTCCACTA-1	P17_T1	0.10970475110742783	-0.06610993723074596	0.06401094595591239	3495	11118
ATCAGTAGGCAGGGAT-1	P17_T1	0.5541657238205273	0.10458361883958178	0.7514884068568548	11660	6024
ATCATCCAATATTTGT-1	P17_T1	0.5268817318810358	0.2195301061868668	0.48955868840217587	8481	9165
ATCATCTGCCCAGTGT-1	P17_T1	-0.2957213366031647	0.16686673879623412	-0.955149974822998	11334	1887
ATCCAACGCAGTCATA-1	P17_T1	0.13275463375780322	0.03386301755905152	0.6118417549133301	6000	6399
ATCCAATGGAGGGTCC-1	P17_T1	-0.029955773750940995	0.11386160373687745	-0.36461261351903274	4857	9941
ATCCACATCGACAGAA-1	P17_T1	0.529140218893687	0.056868283748626736	0.47984989523887633	9938	13699
ATCCACGCTAAATGTT-1	P17_T1	-0.1116967071427239	0.10720505078633624	-0.3426057688395182	11219	2477
ATCCAGAGCAACAACC-1	P17_T1	0.6818803284234471	0.03608129481474559	0.8728359476725258	7682	11328
ATCCAGGATTCGTGAA-1	P17_T1	-0.013225206070476114	0.03498241424560547	-0.619772982597351	7009	9357
ATCCTACCTAAGCTCT-1	P17_T1	0.6889136336909399	0.2120191539327304	0.7380767524242402	7233	10145
ATCCTGAATCGCTGCG-1	P17_T1	-0.09313810355133478	0.2970371061563492	0.4822700150807697	4747	8956
ATCCTGCGTGGAATGG-1	P17_T1	0.5692821356985305	0.23350550214449567	0.8413242920239767	7119	10342
ATCGACCCAATACAGA-1	P17_T1	0.36717415226830374	0.17010229070981342	1.0206068380673727	8931	9954
ATCGACTCTTTCCGTT-1	P17_T1	0.4229779999785953	0.3278146932522456	0.8472741270065307	8717	6014
ATCGCACGCCGGGAGA-1	P17_T1	0.5948989184366331	0.08382973968982693	0.5395897813638051	8263	6407
ATCGGAGACAGACGGC-1	P17_T1	0.6413748416470155	0.19047020186980568	1.208331435918808	10397	11731
ATCGGCAAGCAGTCCA-1	P17_T1	0.5541906613442633	0.14866386095682782	0.4732565569877625	12681	5436
ATCGGTTACCTAGTAA-1	P17_T1	0.3359885717762841	-0.008725903828938786	0.734864729245504	2712	8161
ATCGTGGAAAGTCTGG-1	P17_T1	0.6858203630977207	0.10590907176335651	0.3348611279328664	4391	13878
ATCGTTCACTTTCGCC-1	P17_T1	0.328026816646258	0.2524065450827281	1.0410744078954062	12461	3466
ATCTAATATCCTACGG-1	P17_T1	0.6684446507030063	0.16692877848943077	0.5205028307437898	9376	12318
ATCTCCCTGCAATCTA-1	P17_T1	0.3866834512684081	0.2892886869112651	0.4773284721374511	9967	4640
ATCTGACATGGAAGGA-1	P17_T1	0.48358719786008203	0.29352996110916135	0.5103025182088214	6429	13884
ATCTGCTGTTATCGCC-1	P17_T1	0.8879581882556279	0.24363505770762756	0.9654388485352197	8237	14678
ATCTGGGCTGTTCTTG-1	P17_T1	0.1696445862452189	0.09044907609621683	-0.3036884681383768	9599	13501
ATCTGGTTAAGACTGT-1	P17_T1	0.26275914238558873	0.08749617596467335	0.567334890762965	10413	6611
ATCTGTAATTGTACCC-1	P17_T1	0.27469346483548485	0.15656617641448972	-0.7203350083033243	8270	4437
ATCTTGACCTGCAACG-1	P17_T1	0.43794514285193553	0.13874715924262998	0.8604641556739807	6791	6599
ATGAAGCCAAGGAGCC-1	P17_T1	0.5794985736078687	0.10935170034567515	0.9383043789863585	7020	5812
ATGACGCCGGCTCTAA-1	P17_T1	0.453630398793353	0.2241192029913266	0.7583428440491358	8382	4635
ATGACGCGTTCTATCC-1	P17_T1	0.6693375427193112	0.08895594676335655	0.208485513528188	5191	11714
ATGACTATCAGCTGTG-1	P17_T1	0.0427860048744414	-0.08578233162562053	-0.2632772390047709	6655	13885
ATGACTATGCGACATT-1	P17_T1	0.7604781378971205	0.25231088121732076	1.0186005055904388	11758	10947
ATGAGGAGTGTTAATC-1	P17_T1	0.5117494673199124	0.012885794639587445	0.8658900499343871	5773	6399
ATGATCGGGAATAGAC-1	P17_T1	0.4509079829189513	0.21968263347943623	0.9951774022976556	7930	4633
ATGATGCAATGGTACA-1	P17_T1	0.6278976261284616	0.3162362140417099	0.9008630526065826	7459	10146
ATGCACGCGCTGTTCA-1	P17_T1	0.39226164804564584	0.09691634376843766	0.5838825941085816	3036	13086
ATGCACTACCGCATTG-1	P17_T1	0.5269864612817765	0.15802950620651246	0.38651425282160456	6904	6796
ATGCATGATCCAGGAT-1	P17_T1	0.6228266224265099	0.12201296746730811	0.7785704171657561	9169	6410
ATGCCATTTGCGACCA-1	P17_T1	0.35895542379882595	0.21097862680753077	0.21781997680664067	12100	9964
ATGCCGGTCTTGCATA-1	P17_T1	0.4816098827785916	0.19385575433572133	0.3448764387766521	10297	7595
ATGCCGGTTGATGGGA-1	P17_T1	0.4558916788962152	0.27468607942263285	0.6643748990694682	11210	5235
ATGCGACAGTCCCATT-1	P17_T1	0.281481517818239	0.16305045564969378	0.13991127967834482	9842	8381
ATGCTCAGTGTTGCAT-1	P17_T1	0.27315006077289583	0.17035904129346213	0.40907406489054376	5097	5609
ATGGAGCAGGCCGTGA-1	P17_T1	0.25827953795591985	0.19612621804078417	0.18726787606875106	9275	8576
ATGGATCCGGCGTCCG-1	P17_T1	0.1524940890073776	0.07568592945734659	-0.8490316987037658	10757	5233
ATGGATTGACCAAACG-1	P17_T1	0.58521051896943	0.17594640731811523	0.26142054319381725	8715	6802
ATGGCAGCCGAGAAAC-1	P17_T1	0.7359704194797411	0.13057167609532677	1.1379708460966744	2826	7965
ATGGGAACGGAAGCGG-1	P17_T1	0.07379880693223739	0.3422033023834229	-0.394328096707662	11785	2282
ATGGGACCTGCTGAAC-1	P17_T1	0.19410936484734215	0.08384626448154453	-0.21582809487978605	5298	13487
ATGGGCCTCGGCCTCT-1	P17_T1	0.5758056869109471	-0.021278014779090915	0.5288278861840565	12099	10358
ATGGGTGTATACCTCC-1	P17_T1	-0.04408972806400724	0.5490546015898388	0.08881929794947307	4504	14075
ATGGTCGCGTGGTTTC-1	P17_T1	0.4763695025940736	0.19189385503530504	0.43682973245779677	11420	10356
ATGTAGCGCGCGTAGG-1	P17_T1	0.6854021190272437	0.2509376323223114	0.8385852249463399	9934	14880
ATGTGAAAGCCTAATG-1	P17_T1	-0.10938445895910265	0.13101008415222168	-0.30935695886611936	4289	10530
ATGTGCATCCGACGCA-1	P17_T1	0.8001319062709809	0.27933357357978816	0.661095641454061	8265	6013
ATGTGGACATCTTGAT-1	P17_T1	0.574463028245502	0.19052219202121096	0.47048163334528614	9834	10744
ATGTGTAGTTTAGTCA-1	P17_T1	-0.0015568643808364646	-0.22839388807614644	-0.3415719628334045	8502	2469
ATGTTACGAGCAATAC-1	P17_T1	0.3544341732064883	0.2543238304058711	0.672640842994054	5101	4427
ATGTTCGTCGACCCAC-1	P17_T1	0.5083970474534565	0.10602332750956217	0.6449415071805318	3391	8164
ATGTTGTAGTCTGTTT-1	P17_T1	0.5400063593188922	0.259652886390686	0.7467914978663126	7106	14280
ATTAAACATGCGGACC-1	P17_T1	0.8082560756471422	0.010333890914916988	0.8631106289227806	8478	9952
ATTAATACTACGCGGG-1	P17_T1	0.5443618089622921	0.10996471683184306	0.6950294740994774	9284	5819
ATTAATGAACCAGTCG-1	P17_T1	-0.2454846215248108	0.0005130322774251073	-0.12971561749776206	10755	6021
ATTAATTCGGTCACTC-1	P17_T1	0.15877712349096937	-0.0396344788869222	-0.357929204305013	9289	4244
ATTACAACTACCGGCC-1	P17_T1	0.337800338168939	0.1825037405888239	0.24068452159563702	11668	3660
ATTACGCGCTGGCAGG-1	P17_T1	-0.10021456049548255	0.2307950222492218	0.10040116866429649	5198	9351
ATTACTAGCCTCTTGC-1	P17_T1	0.569494319094552	0.07668652872244516	0.22627260486284895	6796	5023
ATTACTTACTGGGCAT-1	P17_T1	0.42656513982348965	0.07222222963968916	-0.02176463762919112	13132	5831
ATTAGATTGATAGCGG-1	P17_T1	-0.22702478647232055	0.3092314386367798	-0.4883979082107544	7362	5222
ATTAGGCGATGCTTTC-1	P17_T1	0.7228695368766784	0.05842847426732384	0.558348201115926	9840	8775
ATTATACTTTGCTCGT-1	P17_T1	0.0872414998875724	-0.045852289199829116	-0.18772841294606535	10645	5036
ATTATCTCGACAGATC-1	P17_T1	-0.03197112275494468	0.07909570932388305	-0.351240447362264	8727	2863
ATTATGCCATAGGGAG-1	P17_T1	0.48194677505228256	0.13171730915705365	0.8498892784118652	7813	5618
ATTATTATGTCCGTCA-1	P17_T1	0.5741624672545328	0.2437152057886124	0.7901831805706023	5978	13095
ATTCACTGATGTTGGA-1	P17_T1	0.3609521597623825	0.18545370380083726	0.7800168832143148	9489	12516
ATTCAGGACCTATTTC-1	P17_T1	0.2433748689790567	0.10430976867675779	0.5119484315315883	12907	5437
ATTCAGTAGCAGGGTC-1	P17_T1	0.685518866247601	0.10270393371582032	0.5058068533738453	4640	6789
ATTCATATACTGTCCA-1	P17_T1	0.29965663194656367	0.08789998372395835	-0.18971702774365728	8590	10543
ATTCATCGTTGAGGCA-1	P17_T1	-0.1831844127178192	0.07282702922821044	0.07717245101928716	11862	13508
ATTCCCACATAAACAA-1	P17_T1	0.5227312848965326	0.1203992176055908	0.511151030063629	4528	6592
ATTCCTCCGCCAGTGC-1	P17_T1	-0.03374513387680053	0.019202464818954462	-0.06588692903518678	6227	6006
ATTCGACGCCGGGCCT-1	P17_T1	-0.09140231659015022	0.030157435536384586	-0.31776692390441896	4748	8562
ATTCTCGTCTCTTTAG-1	P17_T1	0.12851056635379793	-0.014183688561121621	0.08351819038391117	7593	3647
ATTCTGAGTATGAACT-1	P17_T1	0.12165222658051383	0.3298048996925354	0.2408429304758707	11558	2675
ATTCTTCGTACTTATG-1	P17_T1	0.37378350423441997	0.23954468925793965	0.8089596041043601	11669	3267
ATTGAAGATCTTAGTG-1	P17_T1	0.4973684278130531	-0.07990560591220855	0.11779109954833977	7354	7585
ATTGACGTAACTCGGT-1	P17_T1	-0.4043850076198578	0.09306069771448769	0.20954732418060296	9972	3064
ATTGATAGCAACGAGA-1	P17_T1	0.45698064360353685	0.14354996959368388	0.42008847157160445	4310	3834
ATTGATGAGTCCTAAC-1	P17_T1	0.6006862340205245	0.20338070670763653	1.090592736005783	13012	7997
ATTGCCTTTATGTTTG-1	P17_T1	-0.1417434310913086	0.5039486145973205	0.5885255304972332	11295	14097
ATTGCTGCTCCTCCAT-1	P17_T1	0.5812487157517009	-0.053761302034060154	0.33654533584912616	6673	8371
ATTGGGAATATCTTGG-1	P17_T1	0.2065468823247485	0.2232383175690969	0.655157117843628	7706	3845
ATTGTCGCAATACCTT-1	P17_T1	0.49034422169129066	0.13485019783178964	0.8180548556645713	11439	4448
ATTGTCTGTTTCATGT-1	P17_T1	0.20641821152634093	0.30503991564114885	-0.47028765122095745	7782	15464
ATTTAACTCGTATTAC-1	P17_T1	0.22358249111307993	7.06843535105417e-05	0.6897696828842164	7704	4239
ATTTACAGTTTACTGG-1	P17_T1	0.44283648785617613	0.12569138745466873	0.7148374082644782	6110	7384
ATTTCATTATTTCGCG-1	P17_T1	0.29318981250127163	0.14961684544881182	1.1054894598325096	10647	4248
ATTTCCGGGTTCTGCG-1	P17_T1	0.7163591194483969	0.22609683334827424	1.0966589379310607	5755	12307
ATTTGCGCGAGTAGCT-1	P17_T1	0.5028178707427449	0.272096546292305	0.7817010462284089	5303	11911
ATTTGTCTTGGGAGCT-1	P17_T1	0.4213618713617325	-0.028564683993657414	0.38085956176122027	11310	9370
ATTTGTTCCAGGGCTC-1	P17_T1	0.02889219065507259	0.3201159572601318	-0.07236928542455034	9852	5230
CAAACGAGTATCGCAG-1	P17_T1	0.4689946715037029	0.08110730250676473	0.5438682655493419	7118	10736
CAAACGGTCGCACTTT-1	P17_T1	0.5987959757447243	0.16678879539171854	0.5131596477826437	6336	7385
CAAACGTGGTCTTGCG-1	P17_T1	-0.3638619416952133	0.04784690856933593	-0.29059408028920497	10653	2279
CAAACTACGATAGAGA-1	P17_T1	0.3493199269639121	0.13404602845509844	0.1131260132789611	11327	3856
CAAACTATTGAGCTTC-1	P17_T1	0.07454468925793964	-0.0015719056129455677	0.6250695737202961	10309	3656
CAAAGATTATTGGGCC-1	P17_T1	0.6444293066859246	0.08100109815597534	0.9033675126234688	5188	12502
CAAATCTCTCACAAGG-1	P17_T1	0.4755740182267295	-0.07888554533322653	-0.27100512782732633	4516	10136
CAAATGTCCTTCCGTG-1	P17_T1	0.6415557359490129	-0.021824849247932432	0.5405841292937597	7798	10344
CAAATTGTCAGCAAGC-1	P17_T1	-0.057896892825762436	0.15473635276158648	0.9993541995684306	9403	4047
CAACGACCCGTTTACA-1	P17_T1	0.27430149429374273	0.04911443312962849	-0.5995524573326111	7474	5420
CAACGGTTCTTGATAC-1	P17_T1	0.12310159557395511	0.10229270339012145	1.0533762049674986	6117	5021
CAACTATATCGAATGC-1	P17_T1	0.0828949707084232	0.20117707451184594	-0.3076041062672933	10760	4445
CAACTCCAACGTTTAG-1	P17_T1	-0.22183969259262085	0.24189732869466143	0.8321441062291463	11559	2282
CAACTCCTTGATCCCG-1	P17_T1	-0.10231782919830745	0.030638765494028733	0.13556732734044397	7023	5024
CAACTGCTCATCCGAT-1	P17_T1	0.45161816434727764	0.19323327044645944	0.523611876765887	8016	13102
CAACTTGTAGTGGGCA-1	P17_T1	0.677882828546895	0.07063424477974573	0.16425388038158406	6463	3250
CAAGAGGGCGGAGTAC-1	P17_T1	0.267791280315982	-0.009244116942087766	-0.015408799250920646	10174	10548
CAAGATATTATAACGT-1	P17_T1	0.8485747098591592	0.20893611490726477	0.686314416329066	11873	10357
CAAGCAACGTCGGAGT-1	P17_T1	0.3360564325253168	0.08688125928243001	0.5824787521362305	6109	7778
CAAGCACCAAATGCCT-1	P17_T1	0.29937518954277037	-0.2440532906850179	0.7557014942169189	9286	5031
CAAGCGGCACATAATT-1	P17_T1	0.38167678849564657	0.07185950875282288	0.34393574277559913	9943	12123
CAAGGATCGCATGTTC-1	P17_T1	0.42881682813167576	-0.13362840096155804	0.5932764514287312	9499	9365
CAAGTAAGTGATAGAC-1	P17_T1	0.4171313269933065	0.5185537242889404	0.34969304243723554	7783	15070
CAAGTGAACTTTGGTT-1	P17_T1	-0.1270532031853994	0.021423283418019606	-0.2934506797790527	7936	2664
CAAGTGTGGTTGCAAA-1	P17_T1	0.45686738126807735	0.17720779418945315	0.14351721048355093	12442	9374
CAATAAACCTTGGCCC-1	P17_T1	0.3294961652821965	0.19375820974508923	0.5611205192406972	10187	6610
CAATACGCTCTGAGGC-1	P17_T1	0.44899421440230475	-0.188487464984258	-0.43951099395751947	2934	9344
CAATATTCTTGACCTA-1	P17_T1	0.1925645868645774	-0.005678735176722183	-0.44353620568911223	6321	12112
CAATCCCTATACCAGC-1	P17_T1	0.28205438166856767	0.04797630389531454	-0.15222248991330467	11780	3858
CAATCCTGCCGTGGAG-1	P17_T1	0.4422901954253515	0.029630604982376074	0.509164191087087	4535	4228
CAATGACCCTTAATTT-1	P17_T1	0.15307081136438583	0.14745915691057837	0.5769375109672545	8233	15860
CAATGCGAGAAGTATC-1	P17_T1	0.5348524238665898	0.14306736578543983	0.8668744277954101	11075	12127
CAATGGATCTCTACCA-1	P17_T1	0.4548990138702922	-0.008365996281305965	0.9362892480691276	11544	7008
CAATGGTCGGCCTGGG-1	P17_T1	-0.3134600865840912	0.1447999811172485	-0.578516575495402	8162	2665
CAATTAAGGGTGATGA-1	P17_T1	0.43728905985752736	-0.0828779629866282	0.6683885951836903	9166	7197
CAATTTCGTATAAGGG-1	P17_T1	0.6967853971984651	0.22090315699577334	0.6180711046854657	8935	8772
CACAATGAGCTGCTAT-1	P17_T1	0.3741339933872223	0.13855861385663348	0.8654241077105203	7460	9752
CACACAGGGATAGATT-1	P17_T1	0.5912774231036504	0.33113720059394836	0.7137578105926514	4868	6396
CACAGCACCCACGGCA-1	P17_T1	0.8579337480333116	0.42220062832037614	0.44344823877016704	8486	7589
CACAGCTAGGGAGTGA-1	P17_T1	0.526331397096316	0.15750956416130069	0.5576834162076314	8606	5423
CACAGGGCCGTTGTCA-1	P17_T1	0.6712610598736338	0.20036988814671836	1.3238285408417383	8580	13694
CACATATTAGCAGGAT-1	P17_T1	0.11281979825761579	0.005527914762496922	-0.09555633942286179	10060	10745
CACATCGTGCACGCGC-1	P17_T1	0.714219085143672	0.11871172368526461	1.1156949158509575	6091	13293
CACATCTCACCGACGA-1	P17_T1	0.28167395469215184	0.22190979381402332	-0.18672269860903423	10280	12715
CACATGATTCAGCAAC-1	P17_T1	0.6094026609924105	0.18093356490135193	0.4235615142186482	9047	8969
CACATTCTTTCGATGG-1	P17_T1	0.4044190163082547	0.15706310669581097	0.4517640805244445	12003	5040
CACCACGCCACACAGA-1	P17_T1	0.3545563302437464	0.19321531017621357	0.3035290185610453	2708	9343
CACCAGTCAGCATGCA-1	P17_T1	0.10853297120994998	0.2182695845762888	0.6728736782073974	4280	13287
CACCATCGGAGGAGAC-1	P17_T1	-0.12660326219267315	-0.15927193760871886	-0.2764689477284749	8725	3651
CACCCACACGTCACCC-1	P17_T1	0.5833762294385169	0.3742016824086507	0.684038856824239	6684	4826
CACCCACGAGGCAATT-1	P17_T1	0.590639846722285	0.24641728003819785	0.7161135411262511	11549	5433
CACCCGGTTTGTGACT-1	P17_T1	0.610909710890717	0.2976734892527262	0.6777932771046957	6209	11914
CACCCTAACAAGATCT-1	P17_T1	0.5359393442670505	0.23015105724334722	0.7835089906056723	10847	12520
CACCCTTGGTGAGACC-1	P17_T1	0.6843055638339783	-0.06041303277015686	0.6392760793368022	3607	11315
CACCCTTTCCTCGCTC-1	P17_T1	0.36690799908505545	0.23799542923768363	0.1543415705362956	6350	3053
CACCGATACACCGAGC-1	P17_T1	0.7565716198749013	0.18851370791594185	0.8485611116886138	11329	3462
CACCGCCAGAAGGTTT-1	P17_T1	0.3490853799713982	0.08735355138778683	0.7033629115422566	8489	6801
CACCGCCGACCAGCGA-1	P17_T1	0.033708807494905235	0.025723159313201904	0.13178493579228712	9405	3259
CACCGTTAGGGATCAC-1	P17_T1	0.5431634787884023	0.06705071081717812	1.2163867616653443	5982	11914
CACCGTTGCGCGATAT-1	P17_T1	0.3356903037097719	-0.00924792369206745	-0.022098603248596138	5080	10729
CACCTAATAGAGTCGT-1	P17_T1	0.5906835097736783	-0.006620237827301034	1.06454442580541	4647	4820
CACCTAATCAGTTTAC-1	P17_T1	0.2996887936194738	0.2758603529135386	0.3665664569536846	9964	5427
CACCTCGATGGTGGAC-1	P17_T1	0.3934087233410941	0.10120825131734212	-0.15751957178115839	9739	5033
CACCTTGCGAAACTCG-1	P17_T1	0.25032518790827857	0.23527133146921791	0.47593307614326474	11320	6220
CACGAAAGTTAGTCCC-1	P17_T1	0.22224255488978495	0.21191460688908897	0.6386496917406719	5089	7972
CACGACTAAAGTTCTG-1	P17_T1	0.12136088013648988	0.10541002432505292	-0.9444484186172485	7372	2071
CACGCACAGCGCAGCT-1	P17_T1	0.42914120061530003	0.16066474636395767	1.062833555738131	9962	6215
CACGCAGCGAGGCTTT-1	P17_T1	0.6263587590389781	0.23959921141465507	0.3314260260264079	6675	7583
CACGGGATTGAGGGTT-1	P17_T1	0.5399290012319882	0.046964501142501835	1.1529838581879934	3053	7572
CACGTCGGCAACCTCT-1	P17_T1	0.5998556652665138	0.18260570685068772	0.9291136721769968	5985	11126
CACGTTCGTGCTCTAG-1	P17_T1	0.48653980116049456	0.275388475060463	0.31086686015129095	10972	8779
CACTAAAGTTGCCTAT-1	P17_T1	0.7244647339317534	0.188040008743604	0.5953584980964661	7578	8374
CACTACTCAGTTCTGT-1	P17_T1	0.099371264245775	0.1971094830830892	0.11808300813039141	10313	2475
CACTCAAGAGCTATGG-1	P17_T1	0.6193059623572561	0.22229450722535454	0.058959489663442	8255	9164
CACTCAGCTCTTGAGG-1	P17_T1	-0.08959907452265423	-0.030565449396769223	0.40565040985743217	9857	3655
CACTCCTATGTAAGAT-1	P17_T1	0.7943456628753081	0.1818298138181369	0.8444587775071464	5867	12504
CACTCCTCTCGGTCGG-1	P17_T1	0.7760933574040729	0.13418069640795394	0.1710075322786968	11665	4448
CACTCGAGCTGAACAA-1	P17_T1	0.3773787508077092	0.16787545005480453	0.066368189851443	10173	10942
CACTCGGTTAGGAGGA-1	P17_T1	0.5771658801370196	0.37313559810320535	0.3652910645802816	3277	8360
CACTCTCAAGCATCGA-1	P17_T1	0.9045695546600554	0.23576647440592446	1.107707790931066	7104	15068
CACTGACGATTGTGGA-1	P17_T1	0.6818419456978638	0.179860399166743	0.647507944703102	7559	14282
CACTGTCCAAGTGAGA-1	P17_T1	0.23325761304961312	0.12050243258476256	0.05116378148396805	6683	5220
CACTTAATCAGACGGA-1	P17_T1	0.5185180751482646	0.21665552218755085	0.8553108278910317	7239	8176
CACTTCGCCACAGGCT-1	P17_T1	0.2459093485275904	0.10842020392417909	0.17233910640080763	5323	5610
CAGACACCGATCGCTG-1	P17_T1	0.4772157335281372	0.3140814874569575	0.5645696632067363	7567	11919
CAGACCTGTAAGTGTT-1	P17_T1	0.3968059398730597	0.01967615803082784	0.45811325073242193	13013	7604
CAGACGAACCTGATAC-1	P17_T1	0.624140561123689	0.290695597132047	0.7774549984931947	7455	11328
CAGAGACGGTCACCCA-1	P17_T1	0.5651080385181639	0.15989106774330136	1.016757220427195	8247	11527
CAGAGCATGAGCTTGC-1	P17_T1	0.5888017930255995	0.23874832729498546	0.42525917569796245	9734	6608
CAGAGGCGATGCATGA-1	P17_T1	0.31577740377850005	-0.0778368010123571	0.23633257389068607	7227	12115
CAGAGTGATTTAACGT-1	P17_T1	0.29436444004376733	0.018778179089228325	0.2578915548324585	9632	3260
CAGATACTAACATAGT-1	P17_T1	0.37845746248960493	0.007821237842241924	0.6066818487644197	7018	6600
CAGATCCTGGTTTGAA-1	P17_T1	0.8397150491012468	0.10913943628470102	1.0058684980869292	3717	12300
CAGATGTTTGTCCCAA-1	P17_T1	0.8017113894886441	0.04383663256963094	-0.4829901409149171	2021	11704
CAGCAGCCCGTTCCTT-1	P17_T1	0.6044427375661001	0.14459004243214924	0.9562614361445108	10638	7005
CAGCAGTCTGTGCTGC-1	P17_T1	-0.003647877375284825	0.20213348587354024	0.11414980888366699	10164	13699
CAGCCCTCACAGGCAG-1	P17_T1	0.2995844370788998	-0.12343600829442342	0.25136279106140136	8956	2076
CAGCCGGGCCCTCTAT-1	P17_T1	0.6111102429032326	0.27774741550286614	0.680204437573751	11441	3660
CAGCCTCCTGCAGAGG-1	P17_T1	0.4262450461917453	0.14661110599835708	0.3230292956034344	10528	6020
CAGCCTCTCCTCAAGA-1	P17_T1	0.5215728172825441	0.1795403715968132	0.8891766645510992	12571	4451
CAGCGATTCCCTTCAA-1	P17_T1	0.11237419260872739	0.352009990811348	0.38587255795796715	6661	11916
CAGCTCACTGAGACAT-1	P17_T1	0.3346527606248856	0.06879508554935454	0.5901859708627064	8485	7983
CAGCTCGACAAGTTAA-1	P17_T1	0.5994614181088076	0.33454351186752324	0.6706809643904366	11996	7009
CAGCTCGTGCTTGTGT-1	P17_T1	0.04936430593331653	0.09095748623212177	-0.0471444590886434	6573	4235
CAGCTGGCGTAACCGT-1	P17_T1	0.606412542892827	0.14817263325055446	0.8750251575311025	4288	10924
CAGCTTAGTAGGTAGC-1	P17_T1	0.5104604683982001	0.054525430599848435	-0.053348344961802185	4977	7775
CAGGAAGACTTTATAT-1	P17_T1	0.4565167860190073	0.10064122120539343	0.8668985605239867	11440	4054
CAGGATATATCGTTGT-1	P17_T1	0.5646933334403568	0.2625991082191468	0.9459672228495279	8591	10150
CAGGCAGTCTTACCAG-1	P17_T1	0.1737186418970426	0.021209390362103786	-0.5459015206495921	11407	14294
CAGGCCGTTTGGGTGT-1	P17_T1	0.47681348668204415	0.24621589183807374	0.23655091166496267	6670	9159
CAGGCGCACGGTGGTC-1	P17_T1	0.5575126673777897	0.08028689066569006	0.5569437273343403	4962	12501
CAGGCGCCATGCTAGG-1	P17_T1	0.47234514875544453	0.33783680319786075	0.7411061910788219	10059	11139
CAGTAATCCCTCCCAG-1	P17_T1	0.45619107113944163	-0.035221898754437764	-0.10487276752789798	4644	5607
CAGTACCAGTTTACGT-1	P17_T1	0.6065516613754961	0.17580459286769234	1.4665420826276145	3835	10922
CAGTAGCCCACGCGGT-1	P17_T1	0.6795544419023726	0.16067570636669792	0.9888374336560568	12112	6419
CAGTCGAGGATGCAAT-1	P17_T1	0.1834925530188613	0.012959648768107068	0.11144991079966227	13017	6422
CAGTCTGTATACTGGG-1	P17_T1	0.5261218696832657	0.3036350536346436	-0.3722191270192464	9271	9758
CAGTGAATAAATGACT-1	P17_T1	-0.01950500296221841	0.23036890784899391	-0.22080367406209322	11206	6416
CAGTGGTTGCACATGA-1	P17_T1	0.5248272013001971	0.03571142852306364	0.6038920978705089	4308	4622
CAGTGTCCGCAGAATG-1	P17_T1	0.6209600610865487	0.17286908944447835	0.6578526298205059	6006	4430
CAGTGTCGGCTGGCCC-1	P17_T1	0.6857529428104561	0.28581292937199276	0.9922908109426498	12208	11737
CAGTTCAAATTGACAC-1	P17_T1	0.4186160855491955	0.1486384210983912	0.6221834188699722	7582	7192
CAGTTCCGCGGGTCGA-1	P17_T1	0.4024428009324603	0.1918386924266815	0.22520745674769094	4754	6592
CAGTTCGAGGACCCGA-1	P17_T1	0.6233649079004924	0.00906950314839683	0.8293936638037362	7330	15069
CATAACGGACAGTCGT-1	P17_T1	0.17330030063788093	0.25541813015937803	0.33874254862467446	12444	8586
CATAAGAAGCTTGGCT-1	P17_T1	0.4002734683785174	0.16903300722440084	0.6897203880548477	9940	12911
CATAAGCTCTCCGTCT-1	P17_T1	0.15072026484542417	0.1605561272303263	0.014633457263310778	3386	9739
CATAATGAGCGGGCGA-1	P17_T1	-0.1535864269733429	0.043465002377827966	-0.32663239638010666	7030	2661
CATACAAAGCCGAACC-1	P17_T1	0.47619246366951207	0.1240491414070129	0.7203120474020639	5781	4036
CATACACGGTTCCCAC-1	P17_T1	0.5170284078021844	0.29634741425514216	0.9384389644861222	8014	13496
CATACCCGTACCCAGT-1	P17_T1	0.1766458643145032	0.04661751985549928	0.2908127117156982	5313	8760
CATACGAACTAGCTGG-1	P17_T1	0.14362718588776063	0.16370624740918477	0.11061460018157954	5296	14275
CATACGGCGTCTGGGC-1	P17_T1	0.3946223719914755	0.476853555838267	0.47115161418914786	8934	9166
CATACTATGTAATTGT-1	P17_T1	0.4357338805993398	0.20428206245104474	0.5436640079816182	7238	8570
CATACTTCTTTCTCCG-1	P17_T1	0.12348269919554389	0.0743795025348663	0.39914298772811896	7670	14873
CATAGCCGCCCGGGAT-1	P17_T1	0.1567315376467175	0.04470988591512043	-0.08521766821543375	4301	6591
CATAGCGTTGCCCACC-1	P17_T1	0.18888039906819665	-0.04380906184514366	0.44705727219581615	6547	12112
CATAGTACATTGAGAG-1	P17_T1	0.09899735278553434	0.10599554538726808	-0.038347462018330836	10533	4445
CATAGTAGCATAGTAG-1	P17_T1	-0.040452629857593125	0.0585935628414154	-0.6273720812797546	6909	5221
CATAGTCCACAAGAAC-1	P17_T1	0.2969933408167627	0.1811332736412684	0.3817190031210582	5308	10336
CATATAGGTACAGTCA-1	P17_T1	0.7102035153243277	0.0791448696454366	0.5031282611687977	8026	9951
CATATGTCAGGCTACG-1	P17_T1	0.5625460563103359	0.26676735659440365	0.14348305106163028	4514	10924
CATATTATTTGCCCTA-1	P17_T1	-0.054792025221718665	-0.02866764386494952	1.9028333250681557	10763	3264
CATCATCTACCCGGAC-1	P17_T1	0.02101440290609996	0.40369809587796535	-0.41505651553471884	9630	3654
CATCATTACCCTGAGG-1	P17_T1	0.4230705846349398	0.24091013511021936	0.47282194375991815	12434	11737
CATCCTCTCAAAGATC-1	P17_T1	0.19344055341349708	0.19682999134063722	-0.28124265988667807	12206	12130
CATCGCCCGCGGCCAA-1	P17_T1	0.344106505645646	0.03597208340962729	0.3355193515618642	6799	4236
CATCGGACGGGTTAAT-1	P17_T1	0.6393681737780571	0.44328847090403245	0.9134378703435264	8366	9755
CATCGTCCGGTTACTA-1	P17_T1	0.5276510691642762	0.13568291465441384	0.8735891556739808	3058	5996
CATCTGCAGGATCATT-1	P17_T1	0.3848338141871823	0.1539501470327378	0.36548995157082875	2716	6980
CATGAACCGACATTTG-1	P17_T1	0.03808148307932746	0.11183066328366598	-0.19357025027275077	6688	3645
CATGAACCTCTTATCA-1	P17_T1	0.2535076390372383	0.18339284817377727	0.4851390806833904	9634	2472
CATGATGCACAATTCT-1	P17_T1	0.6445688248839643	0.17786578963200256	0.6084242707490921	9624	5623
CATGCATGGAGACCCT-1	P17_T1	0.09734076089329191	0.0650511308511098	0.629786483446757	9747	2670
CATGCCAACTCGCAAA-1	P17_T1	0.4244411783417066	0.15376576979955037	0.3798510440190632	4178	9938
CATGCGACCAGTTTAA-1	P17_T1	0.24245274302032255	0.08718141237894694	0.28504443367322274	12903	6618
CATGCGTTAGACAGAA-1	P17_T1	-0.028669238222969892	0.12503965775171916	-0.5335467958450317	8949	4440
CATGCTGGCTCCAATT-1	P17_T1	-0.33939126193523406	0.16692906339963276	-0.44776013533274334	8611	3848
CATGGCAGGAAGATCG-1	P17_T1	0.26139794839753044	0.13743033687273665	0.14536884625752755	8268	4831
CATGGGTCGGGTGTGG-1	P17_T1	0.5505711970064375	0.2146780027945836	0.9080609647432962	11435	5629
CATGGTAAGTAGCGTT-1	P17_T1	0.2293829894728131	0.22356970270474752	-0.08373525937398274	10062	10351
CATGGTCTAGATACCG-1	P17_T1	0.7439089547925525	0.16446210771799086	1.0748654186725617	9281	6607
CATGTAAGAGACATTT-1	P17_T1	0.06491440296173095	0.016454780101776145	-0.33398279190063485	11980	12130
CATGTCTCATTTATGG-1	P17_T1	0.5232866737908788	0.0372106659412384	0.7507294980684918	11417	11143
CATTACGTCGGCCCGT-1	P17_T1	0.8134669601917267	0.19490102767944334	0.6594032621383668	9173	5228
CATTATCCCATTAACG-1	P17_T1	0.3579874043332206	0.1947022616863251	0.8283369255065918	5294	14669
CATTATGCTTGTTGTG-1	P17_T1	0.2519291276401944	0.27839807470639544	0.5087696035703022	7697	6602
CATTCACTGACAGCTA-1	P17_T1	-0.04417970405684579	0.055008751551310214	-0.32475670655568434	9408	2472
CATTGCAAAGCATAAT-1	P17_T1	-0.34949258685112	-0.031210781733194998	-0.9110741138458252	11221	1690
CATTGCGAAATGGGCG-1	P17_T1	-0.06169296410348679	-0.09502312262852985	0.24309991677602127	3163	8557
CATTTAGCGGACCATG-1	P17_T1	0.2690465249617895	0.28646052956581114	0.5022964278856914	11432	6417
CATTTATCGTTCAAGA-1	P17_T1	-0.3434732592105865	0.1053389231363932	0.3744494072596233	10540	2475
CATTTCTAGCAGACTA-1	P17_T1	0.4930584416124556	0.09261050383249919	1.0745358427365623	4760	4623
CATTTGAGTGGTACGT-1	P17_T1	0.7614076614379883	0.3153054644664129	0.7330169395605721	7229	11327
CCAAACAGAACCCTCG-1	P17_T1	0.5416923585865233	0.08328839262326554	0.8086655370394387	7247	5813
CCAACCTTATGTAACT-1	P17_T1	0.46636429068115015	0.26553660353024805	0.2562262638409931	6426	14672
CCAACGATGCACTGAT-1	P17_T1	0.8721392442286015	0.18994426925977065	0.8195653235912324	5996	7581
CCAAGAAAGTGGGCGA-1	P17_T1	0.8344408674041431	0.29761127461989717	1.263569102883339	7680	11722
CCAAGACTTCTGCGAA-1	P17_T1	0.5760106970535384	0.16003702988227209	0.6869353948036827	8832	5424
CCAAGCGTAACTCGTA-1	P17_T1	0.6005817428727944	0.18336110939582184	0.4123381954431533	9843	7987
CCAAGGAACAGAGAGG-1	P17_T1	0.0006679101619455619	0.027425529162089013	0.13947924117247268	7252	4237
CCAATAGTGCCGTCGA-1	P17_T1	0.4780709405740101	0.12138778269290929	0.6920408328374226	6560	8174
CCAATCGGTAGATCGA-1	P17_T1	0.5368738758232858	0.24976927320162456	0.7902236338456474	11326	4250
CCAATGTCACAGCAAG-1	P17_T1	0.543250294758214	0.3738807342449824	0.44733269174893686	7350	8767
CCAATTACGGGTCGAG-1	P17_T1	0.20635841647783915	-0.057353773911794026	0.17007585287094118	12342	5238
CCAATTGAATGTTAAT-1	P17_T1	-0.1909372353553772	0.047107682228088366	0.5492402013142903	7022	5418
CCACAATGTACGTCTT-1	P17_T1	0.8475474267535739	0.2929837427536647	1.1967080450057983	11430	7205
CCACACTGAGATATTA-1	P17_T1	0.6182966754833858	0.2483667423327764	0.9988386102517448	7349	9161
CCACAGCTGAAATCAT-1	P17_T1	0.17867712497711183	-0.11800276597340902	1.7852939748764038	4992	3048
CCACAGTACCCATCCT-1	P17_T1	0.36659748769468736	0.120313604871432	0.7899983982245129	12210	10949
CCACCAACTTTACTGT-1	P17_T1	0.6277188662191231	0.19873827278614048	0.8807598209381104	6322	11718
CCACCCAAGGAAAGTG-1	P17_T1	0.4372802990343836	0.09817901651064553	0.021965570847193527	10293	8776
CCACGAGAAGAGAATC-1	P17_T1	0.2761065708266364	0.026036732594172163	0.10859572966893505	10306	4838
CCACGGAGCCATAAGA-1	P17_T1	0.15884605487187703	0.29019486904144287	0.22791584014892574	4854	10728
CCACTGGTGGCTGGTT-1	P17_T1	0.5077458158797689	0.058925071159998565	0.9672752022743225	4180	9151
CCAGAAAGCAACTCAT-1	P17_T1	0.6212081574069128	0.255487747391065	1.0366703726847968	5870	11716
CCAGAGACAAAGCCGG-1	P17_T1	0.23241201082865393	-0.054181702136993415	0.037120443582534746	4190	6000
CCAGATAGTTGAGTGA-1	P17_T1	0.37835727956559917	0.05737107177575429	0.9114127067724862	11317	7007
CCAGCCTGGACCAATA-1	P17_T1	0.6093145447307162	0.24049540519714352	0.3403790926933288	9161	8773
CCAGCTACGCCTCATA-1	P17_T1	0.538397017121315	0.1494496063391368	0.7387563467025757	5784	3248
CCAGCTCGAACGCATT-1	P17_T1	0.4546003506084284	0.16611146181821823	0.7699196877082191	9145	13893
CCAGCTGATGGTACTT-1	P17_T1	0.4106547096702788	0.01041160583496098	0.31276584307352717	4181	8757
CCAGCTTCCGCCCGCA-1	P17_T1	0.5616506950060527	0.21218930085500087	0.7878400317827858	3734	7180
CCAGGGACGTGGCCTC-1	P17_T1	0.5373386019799444	0.05506097296873724	0.7014952870210012	7809	6799
CCAGTAGTCTGATCCA-1	P17_T1	0.6631196176012356	0.19057639241218566	0.6239531012376149	12110	6813
CCAGTCAAATCTCTTA-1	P17_T1	0.4844554324944813	0.05812495589256289	0.39245662967364003	2707	9737
CCAGTCTAGACGGCGC-1	P17_T1	0.4207767418689199	0.2735726277033488	0.7001897811889648	11546	6220
CCAGTCTTGTCATAGA-1	P17_T1	0.3805903369850583	0.07793605367342626	0.6330417815844218	8468	13103
CCATAAACAACCCGAC-1	P17_T1	0.047650314172108965	0.1616776490211487	0.30695206165313715	10421	4247
CCATAGGTTGGCGTGG-1	P17_T1	0.22419785565800143	-0.021592227617899584	0.13017074823379526	8834	5030
CCATAGTCAGTAACCC-1	P17_T1	0.6108398767974641	0.06401599566141764	0.6128335626920063	3742	4423
CCATCCATACCAAGTC-1	P17_T1	0.24486386378606162	-0.03268254081408184	0.13493932565053302	6120	4234
CCATCGCAGTTAAACT-1	P17_T1	-0.12710594521628488	0.07797210494677226	-0.8453850841522217	8814	11332
CCATCTTGTTCACAAT-1	P17_T1	-0.12198804140090941	0.270362389087677	-0.11012591838836672	6464	2856
CCATGCCTGTTTAGTA-1	P17_T1	0.5737741263210774	0.10544983973105748	0.5280898165702821	7804	8375
CCATGCTCTGCAGGAA-1	P17_T1	-0.019808957576751718	0.24860642631848656	0.5477566043535869	6681	5614
CCATGGCCCTTGTACC-1	P17_T1	0.554562673634953	0.02543959617614744	0.4226716947555542	4298	7773
CCATTAGCGATAATCC-1	P17_T1	0.730382028553221	0.17432488103707633	0.6025726111729939	6561	7780
CCATTCCCTGCCCACA-1	P17_T1	0.6663816917936007	0.15435853799184163	0.511914962530136	6221	7976
CCATTTCTACCTATTA-1	P17_T1	0.4852334944407145	0.017517953515052753	0.11862223664919536	9829	12320
CCCAAACATGCTGCTC-1	P17_T1	0.6615817110902733	0.20475368847449615	0.414428944985072	11766	8190
CCCAACATACGTCGCG-1	P17_T1	0.668500953598155	0.15332447975873947	0.42467022120952613	5762	9944
CCCAACCACACTAACA-1	P17_T1	0.02374386529127759	-0.0024607920646667614	-0.5011943256855012	9293	3062
CCCAAGAATGCACGGT-1	P17_T1	-0.31197814345359803	0.17844224095344546	-0.6780894494056702	11786	1888
CCCAAGACAGAGTATG-1	P17_T1	-0.1580798804759979	0.09305853605270387	-0.6016325235366822	7484	2269
CCCAATGAGATTTGCA-1	P17_T1	0.9247439106967714	0.26898641347885127	1.2781683170795441	6317	13293
CCCAATTTCACAACTT-1	P17_T1	0.21882884085178378	-0.013500431378682454	0.6948698997497558	5538	9155
CCCAGTAAACTTGGGA-1	P17_T1	-0.24848005175590515	0.2548814876874288	0.08419384002685548	3153	11708
CCCAGTTAAGGCGCCG-1	P17_T1	0.44777816828754213	0.23724980592727662	0.2768067363897959	11082	9764
CCCGAAGTTTCGCGAA-1	P17_T1	0.5742468012372653	0.27635936955610907	1.0033841355641684	3045	10329
CCCGACCATAGTCCGC-1	P17_T1	0.07259034819073151	-0.05210946440696715	-0.07659308274586984	10191	5428
CCCGCAGCGCGAACTA-1	P17_T1	0.33694059835539925	0.17407991309960685	0.45968601902325945	9380	11137
CCCGCAGGGCCCAAAG-1	P17_T1	0.356012544102139	0.19707124233245848	-0.6032898640632629	10762	3658
CCCGCCATGCTCCCGT-1	P17_T1	0.3870546715789371	-0.04029565334320068	-0.5522582681973776	6456	5219
CCCGCGCAATGCACCC-1	P17_T1	0.5617053948508368	0.28125949660936994	1.1899928307533265	4419	5213
CCCGCTAGAGGGTTAA-1	P17_T1	-0.21719978570938112	0.08175270636876422	-0.054343876838684135	11109	1492
CCCGGGTCGTTCAGGG-1	P17_T1	0.4642940269576179	-0.017412860393524188	0.6819884260495503	8238	14284
CCCGGTGGAAGAACCT-1	P17_T1	0.19809341364436672	-0.07279635151227315	0.0759998607635497	4189	6394
CCCGGTGTATCGGAAT-1	P17_T1	0.4272186476985613	0.04080653091271719	0.27257208307584113	3719	11906
CCCGTAAGTCTAGGCC-1	P17_T1	0.11854047377904253	0.05165966173013051	-0.26329348762830107	4972	9350
CCCGTAGCTGGGAAGA-1	P17_T1	0.5336071303817962	0.23468376835187282	0.37570231278737376	6206	12702
CCCGTCAGCGTCTGAC-1	P17_T1	0.37015948080354266	0.21377718249956762	0.7538980793952943	7586	6011
CCCTATGTAGAGCAGA-1	P17_T1	0.3510659129752053	-0.10112021565437318	0.9561889839172363	4506	13287
CCCTCATTCTGGAATT-1	P17_T1	0.7432677332063515	0.3813205458720525	1.0746347939968108	6798	4630
CCCTGAAATGAGTTGA-1	P17_T1	0.6125174183481269	0.18284930517276132	0.6992809305588406	6222	7582
CCCTGACTAACAAATT-1	P17_T1	0.45475360718038343	0.02725562294324238	0.3940178155899048	3162	8951
CCCTGCCCAATCCGCT-1	P17_T1	0.331845605870088	0.04040954589843754	0.5312179629007976	3952	9544
CCCTGCGCTACGCATA-1	P17_T1	0.615746424595515	-0.116877410809199	0.38984941403071094	4523	8167
CCCTGGTATGGGCGGC-1	P17_T1	0.05957732703950669	0.19303801377614338	-0.34028864701588957	9973	2670
CCCTTTGACAGGTCTT-1	P17_T1	0.6887299478054046	0.08301451345284783	0.6594752951463063	8134	11330
CCGAAAGTGGTGAGCA-1	P17_T1	0.37556911561224193	0.15942252814769742	1.0449127320448557	4873	4820
CCGAACACTGGGCCTC-1	P17_T1	0.02544612704051863	-0.05630875915288927	-0.2780076626936594	3837	10134
CCGAACCTTCCCGGCC-1	P17_T1	0.7053332808613777	0.2097579761346181	0.3431179734071095	9833	11138
CCGAAGTATATTGTTC-1	P17_T1	0.1824155537618531	-0.06666842818260194	0.26443929870923355	4304	5803
CCGACAAAGGGAGTGC-1	P17_T1	0.23905918684270644	0.26049954295158384	0.3549499058723449	4184	7969
CCGACGGGCATGAGGT-1	P17_T1	0.42599378794431686	0.24991527577241263	0.6489816613992054	4737	12107
CCGACGTAAACACAAC-1	P17_T1	-0.05510222752888996	0.28845527410507205	0.3724587233861286	12798	4058
CCGACTCGCATAGTCT-1	P17_T1	-0.18411901374657946	0.0459507862726847	-0.30198258399963374	10427	2278
CCGAGGGATGTTAGGC-1	P17_T1	-0.09192637787924873	0.3203267661730448	0.11238756020863849	8841	2667
CCGATTCGAGGGACCC-1	P17_T1	0.32786260763804115	0.10342292984326684	0.08670580148696905	4068	8953
CCGCACAAAGACCAAC-1	P17_T1	0.7259354384740193	0.2799819199244181	0.8185377148787178	10407	8580
CCGCACGTGACCTCGG-1	P17_T1	0.5796024320191808	-0.014855511188507087	0.6325431478023529	4753	6986
CCGCATGTGGTACGAT-1	P17_T1	0.724609632425838	0.16598135729630786	0.36706000288327534	9262	12515
CCGCCACCACAATCCA-1	P17_T1	-0.15262154936790467	-0.15139399528503417	-0.503508267402649	9295	2274
CCGCCGGAACTTCTCG-1	P17_T1	0.023099411527315816	0.04926104545593263	0.723963463306427	3152	12101
CCGCCGGTCAACACAC-1	P17_T1	0.06918437871668076	0.11246784408887228	-0.3607030812899271	8045	4043
CCGCCTGCGAATTGGT-1	P17_T1	0.35313670176598766	0.13299039334058765	0.4798380398750306	12797	4452
CCGCCTTGCGATGTCG-1	P17_T1	0.4667326792743471	0.004235239028930693	0.2166239062945048	2593	9933
CCGCGATTTGGTAGGT-1	P17_T1	0.6406967938277457	0.1333233729998271	0.614529945453008	2822	9146
CCGCGGAATGCGTCAC-1	P17_T1	0.5950740857422352	0.10042724291483562	0.7818121989568076	6889	11523
CCGCGGGTACGAAGAA-1	P17_T1	0.17602883117066492	-0.014254706501960757	-0.06014261921246844	4750	7774
CCGCGTAGGTAAGGGC-1	P17_T1	0.49922851410177016	-0.013519062995910602	1.0850551064809164	4299	7379
CCGCTATCAGCACCAG-1	P17_T1	0.5508761066032781	0.28168463418881096	0.8572685329119363	8930	10348
CCGCTGGTGCCATTCA-1	P17_T1	-0.0034435380829704876	-0.02825579007466633	0.1750469048817952	10199	2671
CCGCTTACCTCACTCT-1	P17_T1	0.5383378426565065	0.21549875686566033	0.6707676404714584	5760	10731
CCGGAATGGTTTCAGT-1	P17_T1	0.510953874223762	0.32348336935043337	0.7415990714232128	5435	6201
CCGGAGCGTACTTTCT-1	P17_T1	0.16756322575940025	0.06263729532559711	0.14709456205368043	8129	12905
CCGGCGCATATTGGAT-1	P17_T1	0.33213504281308914	0.17224740604559585	0.540732865333557	8157	4240
CCGGCGTGAGACTCTG-1	P17_T1	0.186299723121855	0.006028274893760677	0.08099305907885235	3043	10723
CCGGGACCCGCAGAGA-1	P17_T1	0.3966016538275613	0.1279384078582128	0.9206492837270102	7703	4632
CCGGGCGGTCTCGTCA-1	P17_T1	0.5881926107737754	0.37164113422234857	0.5492244096597034	10409	7792
CCGGGCTGCTCCATAC-1	P17_T1	0.5738299629423353	0.20996273060639703	0.6781806953748069	11539	8583
CCGGGTTCGAGGTTAC-1	P17_T1	0.28755087461736467	0.09848982612291973	0.5164656734466553	5426	8958
CCGGTTTGTAATTGTG-1	P17_T1	0.26120769821935225	0.04468250135580698	0.3541774698098499	6546	12506
CCGTACCCAAGCGCCA-1	P17_T1	0.7937334183189604	0.23935228586196894	0.8803882749875389	5668	3838
CCGTATCTCGTCGTAG-1	P17_T1	0.5462893934051196	0.2715880560874939	0.5681402818361918	4850	11910
CCGTGCCCATGACGGC-1	P17_T1	0.284436416692204	0.1804326077302297	-0.29710508267084756	7253	3843
CCGTGTTAAATTCCAT-1	P17_T1	0.5529504743549559	0.1314373465379079	0.5668057139714557	5872	10929
CCGTTACGTTAGAACA-1	P17_T1	0.41645433149404	0.242997781932354	0.18426093478997552	11775	5433
CCGTTCCGAATCTCGG-1	P17_T1	0.7679045734140608	0.1980918341875076	1.1037532448768617	4293	9348
CCTAAAGGCTGACGCT-1	P17_T1	0.30773373958137296	0.28747519036134084	0.5782118610541027	11100	4249
CCTAAATTAACGGTTC-1	P17_T1	0.3999059763219621	0.2821815987428029	0.5507719433307647	9498	9759
CCTAACCCAAACAAGT-1	P17_T1	0.688319701353709	0.09260200818379721	0.8452035542329155	11870	11145
CCTAACTAAGGCTCTA-1	P17_T1	0.376243577334616	0.3615812997023265	0.24634101470311465	12340	5632
CCTACATTCACAGACG-1	P17_T1	0.660450704395771	0.21494226555029555	0.7764474912484487	5531	11518
CCTACGGCTCAGTCGA-1	P17_T1	0.6051903854641649	0.3762239121397336	1.0687263224522272	5440	4625
CCTACTGCTTACACTT-1	P17_T1	0.5565437594718403	0.15919280827045434	0.19128915905952448	7357	6798
CCTAGGCGTAGCGATC-1	P17_T1	0.40378949109050966	0.06827090362707772	0.6518259159723918	11765	8584
CCTAGGTAAAGGTAGC-1	P17_T1	0.029612154861291207	-0.021553217768669114	-0.4261065717538198	3041	11510
CCTAGTTAGTCGCATG-1	P17_T1	0.02075035432974498	0.1748167304197947	-0.5503931323687237	9969	3852
CCTATAATGAGTGCCC-1	P17_T1	0.7014418086409568	0.17144807080427804	0.7144504868984223	10961	12323
CCTATACCGTCCTGTC-1	P17_T1	0.15087304138474988	0.12918571035067244	-0.5600193560123443	6886	12310
CCTATATTTGTCCTGG-1	P17_T1	0.6421822018590239	0.08954919040203096	1.0452562119563422	7674	13691
CCTATCTATATCGGAA-1	P17_T1	0.09990067005157471	0.290785942475001	-0.3170317673683166	10531	5232
CCTATGGCTCCTAGTG-1	P17_T1	0.36344036029444804	-0.14598184665044145	0.26213719685872394	4505	13681
CCTATGGGTTACCGTC-1	P17_T1	0.7029501494765282	0.1823342329263687	0.6595152831077575	9619	7199
CCTATGGTCAAAGCTG-1	P17_T1	0.08240433878368808	-0.04523400704065955	-0.445474239985148	9481	14879
CCTCACCAATCTTGAC-1	P17_T1	0.08441387348704871	0.028768110275268544	-0.2797306672732035	5778	4823
CCTCACCTTAGCATCG-1	P17_T1	0.660021749784549	0.14222136954466502	0.5235377516349156	12789	6815
CCTCATGCAGCTACGA-1	P17_T1	0.37815008368757036	0.10056318680445356	0.40367141087849934	5217	3443
CCTCCCGACAATCCCT-1	P17_T1	0.09278839853074813	0.12251227696736652	-0.5761658104260763	8953	3258
CCTCCGACAATTCAAG-1	P17_T1	0.3855012118154102	0.13591071724891662	0.6768643347422283	5542	7973
CCTCCTGAGCCCACAT-1	P17_T1	0.45834624542130376	0.10816554208596546	0.677298749287923	2709	8949
CCTCGAAGTGGACGGG-1	P17_T1	-0.18340042339430918	0.06606172879536942	0.21235268274943042	9854	4442
CCTCGACCCACTGCCT-1	P17_T1	-0.06239750583966572	0.15637963771820065	-0.5541026465098062	10088	2080
CCTCGCCAGCAAATTA-1	P17_T1	0.0817789423465729	0.041359173456827825	0.4460204188028971	10192	5034
CCTCGCGCGATATAGG-1	P17_T1	0.4291745652423965	0.1810010017951329	0.6225685807069143	12567	5633
CCTCGCGCTGTGCGAT-1	P17_T1	0.2909834649165472	-0.08807104468345643	0.25257598956425975	8470	12709
CCTCGGACCGGGATAG-1	P17_T1	0.4979475939936109	0.22211039582888287	0.5581084624926249	11422	9568
CCTCGGATGCTACCTG-1	P17_T1	0.5411902524034183	0.09123001972834266	0.7799602238337198	2940	7768
CCTCGGTTTCCTTGCC-1	P17_T1	-0.2618120402097702	0.3289107382297516	-0.4013582452138265	6085	15262
CCTCTAATCTGCCAAG-1	P17_T1	0.3234133149517907	0.1652960572640101	0.9627374593416849	10076	6019
CCTCTATCGATTAGCA-1	P17_T1	0.64135221550862	0.026033156116803513	0.6094039670626323	4738	11713
CCTCTCTCCCATCTAG-1	P17_T1	0.6560379038751125	0.2848025044798851	0.8594172829389572	5881	8172
CCTCTGGCCTAGACGG-1	P17_T1	0.08538357135322355	0.22281349738438927	-0.0188252385457357	10307	4444
CCTCTGTACTATTCTA-1	P17_T1	0.3531511039535204	0.21374545753002172	0.5399325879414876	8698	11922
CCTGAACGATATATTC-1	P17_T1	0.4569054020775689	0.22540284077326456	0.4510322626431782	11425	8780
CCTGAATATTTACATA-1	P17_T1	0.4668076876136992	0.22750455379486084	0.8641859396298728	9849	6018
CCTGACCACCGATGGT-1	P17_T1	0.4511713246504465	0.14348911096652345	0.41208791832129177	8704	10347
CCTGACGCAACCTTTA-1	P17_T1	-0.05656215508778892	0.02192246198654174	0.02564797083536785	11673	2085
CCTGCCCGTTGTCTAG-1	P17_T1	0.06981137639946405	-0.015615789492925025	0.3419602942466735	2824	8359
CCTGCGTTCTACGCTT-1	P17_T1	0.5605649700760842	0.1981268187363942	1.2124618740876518	3392	7770
CCTGCTATTTGAGAAG-1	P17_T1	0.43121890856160056	0.21128602345784503	0.4875263885656993	7471	6601
CCTGGCTAGACCCGCC-1	P17_T1	0.7512530434131622	0.29586973130702976	0.9812727820873262	6676	7189
CCTGGTCGAATGTGGG-1	P17_T1	0.45875159131156074	0.22331116636594134	-0.059198370774586895	9600	13107
CCTGTAAGACATGATA-1	P17_T1	0.4883967787027359	-0.09655406117439269	0.34964068253835046	6445	8764
CCTGTACTCACGCCCA-1	P17_T1	0.6848635357618332	0.12756800750891367	1.226182371775309	4519	9349
CCTGTCACCCGGGCTC-1	P17_T1	0.5891753107309341	0.31020899256070456	0.5790832583109538	9393	7198
CCTGTCGCCCGTAAAT-1	P17_T1	0.4768881288667519	0.2853759111960729	1.1041870286067328	8822	8575
CCTGTGAAACCGTAAC-1	P17_T1	0.3872168411148919	0.3977085208892822	0.4819083070755006	2033	8159
CCTGTTCAACCTCGGG-1	P17_T1	0.7476836477385627	0.33935102025667824	0.21161378304163625	7555	15463
CCTGTTTGAAGACACG-1	P17_T1	-0.22605168090926275	0.06480758905410766	0.026772726376851463	12430	12919
CCTTCAGTTAAAGTGA-1	P17_T1	0.5652368427647486	0.10092329819997148	0.7838794485727945	7109	13493
CCTTCTCAGCGTTCCT-1	P17_T1	0.21649283564753008	0.16559868971506753	-0.18773122787475582	3498	9936
CCTTCTTGATCCAGTG-1	P17_T1	0.436382461587588	0.010955163041750593	0.2313333372275035	10078	5231
CCTTTAAGGGAGCACT-1	P17_T1	0.03712942481040954	0.17290260394414267	0.12444053570429481	7450	12903
CCTTTCAATGAAGAAA-1	P17_T1	0.29061139669683245	0.21670645157496132	0.2649054551124572	12564	6420
CGAAACATAGATGGCA-1	P17_T1	-0.19580430693096584	0.07484589894612628	0.3924283472696941	10536	3657
CGAAACGCAATTCATG-1	P17_T1	0.29379251870844103	0.0078057126204172655	0.8316489521662396	5537	9549
CGAACAGTATGGGCGT-1	P17_T1	0.24262524422672055	0.08066344996293387	0.3022963186105092	12662	11344
CGAACCCGCATGCGTC-1	P17_T1	0.7829428802265063	0.08352203071117403	0.7222810427347817	7343	11130
CGAACGCCCAGTGCCG-1	P17_T1	0.21827703270647264	0.17543080925941468	0.008314651250839189	9742	4245
CGAACGGCCGGACAAC-1	P17_T1	0.28249177858233454	0.04831642399231595	0.42075788120428737	3496	10724
CGAAGACGGTGAGTGC-1	P17_T1	0.5785572147369384	0.09914153794447578	0.7236615677674612	2147	7963
CGAAGTTGCTCTGTGT-1	P17_T1	0.5977175934116047	0.056734392344951645	0.9937423564990362	5768	7974
CGAATCTGCTCGACGC-1	P17_T1	0.5994393893082937	-0.03485243201255794	0.6841069332758587	4279	13681
CGAATGAAGTCATTGC-1	P17_T1	0.7587900844878621	0.017716927528381388	0.8493533313274384	4052	13680
CGAATGACGCATAATG-1	P17_T1	0.3002696178356806	0.12808707634607952	0.09545423507690431	8239	13890
CGACAATTTGATCTAA-1	P17_T1	0.056695201595624245	0.14783706108729044	-0.69652902841568	12553	9965
CGACACGCTCCGACAG-1	P17_T1	0.04921216554111901	0.15986958821614583	0.0917100954055785	12438	10556
CGACAGTTCGCGTTAT-1	P17_T1	0.4817353098260032	0.06823182344436646	0.6660155367851257	6559	8568
CGACATGCGATCTTCT-1	P17_T1	0.0612779457039303	0.2659101394812266	-0.5628416069348654	9066	3061
CGACCCTTAACGCCGG-1	P17_T1	0.07559193617767757	0.04691015323003134	0.4960387154420216	3156	10920
CGACGCATCCGTACCT-1	P17_T1	0.25465732369158006	0.05371748129526774	0.05272752046585083	2928	11313
CGACTCAGGATGTTAT-1	P17_T1	0.6056309148669243	0.13665891269842784	0.42807168761889147	11886	6024
CGAGACCCTAGAGTGT-1	P17_T1	0.3053285512659285	0.29302848577499385	0.23454025824864688	8705	9953
CGAGAGATGTGAACCT-1	P17_T1	0.6752928512626224	0.21803594191869102	0.5686945386727651	10072	7200
CGAGAGCGCGTAGATA-1	P17_T1	0.4067827996942732	0.1609316655000051	0.9809123460451761	2592	10327
CGAGAGCTTTCACTAC-1	P17_T1	0.6667685416009691	0.05939253250757853	-0.7443862009048462	11747	14098
CGAGCACTTCAAGTTT-1	P17_T1	0.43118296172883774	0.1270910696188609	0.36486457109451287	4643	6001
CGAGCGTTGATCAGCC-1	P17_T1	-0.29226131916046144	0.030038309097289995	0.22612022717793778	7027	3843
CGAGCTGGGCTTTAGG-1	P17_T1	0.8746982804934185	0.046365780035654725	1.2902703070640564	9400	4835
CGAGGCCAGGCATTGG-1	P17_T1	0.22130471597115198	0.2923644729455312	1.1982220244407653	4309	4228
CGAGGCTAAATATGGC-1	P17_T1	0.5824574285414483	0.34874331871668496	0.4926111012697221	9845	7200
CGAGGGACTGCGGTCG-1	P17_T1	0.8474143838220172	0.18561869780222573	0.8433679254849753	10632	8974
CGAGGGTATCCAGGTG-1	P17_T1	0.40173849582672116	0.028495521545410185	0.8333194128672281	8578	14088
CGAGTACTAAAGAGGA-1	P17_T1	0.7982650675624609	0.17334195211529735	0.9513448257247605	5761	10337
CGAGTGAAGGTACCAG-1	P17_T1	0.588878022796578	0.05150926788647969	0.9425287866592407	5075	12305
CGAGTTCTGTCCCACC-1	P17_T1	0.08340526209937205	0.062461449305216465	0.4947030433019002	11431	6811
CGAGTTTATCGGACTG-1	P17_T1	0.41789531674649977	0.03713496446609499	-0.23596838633219408	12330	8783
CGATACCTCGCGGACA-1	P17_T1	0.6503726469477017	0.06551304380098977	0.06037684917449959	7235	9357
CGATATTAGCCGCAGG-1	P17_T1	0.7593222325543564	0.00907007257143655	0.5907062659660975	5785	2854
CGATCCGACCCAGTGC-1	P17_T1	0.6799438121914864	0.3691608291864395	1.0540018924077352	7463	8964
CGATCCTCGCAACATA-1	P17_T1	0.7652949600087271	0.05219189882278441	0.6629969787597656	6314	14475
CGATCTGTTGGAGGAC-1	P17_T1	-0.06368038157622019	0.13360186139742533	-0.3220499738057455	4515	10530
CGATGGACCCTACGCC-1	P17_T1	0.48876953807142043	0.2775701189041138	0.33661368091901145	12679	5830
CGATGTTGTTATCTAC-1	P17_T1	0.0023712101909849626	-0.05717939813931783	0.016075721581776836	3149	12889
CGATTAAATATCTCCT-1	P17_T1	0.27697009318404725	0.22907034794489545	0.2554528029759724	8810	12513
CGATTCGCCTGGCTGC-1	P17_T1	0.3012491031487783	0.2615829547246298	-0.18500147342681883	10054	12714
CGCAAACACGAGTTAC-1	P17_T1	0.024637366400824673	0.26384046316146853	0.470796701113383	5999	6793
CGCAATTACTTTCGGT-1	P17_T1	0.1369352849986818	0.09599495689074194	0.3923663687705994	5548	6004
CGCAATTAGGGTAATA-1	P17_T1	0.5225707347525491	0.12582067906856537	1.1843324955304466	6790	6993
CGCAATTCTACAATAA-1	P17_T1	0.38060853494538205	0.11004782855510709	1.0781082687775292	4981	6593
CGCACATGTCCACTAC-1	P17_T1	0.7434748396939702	-0.02911231974760692	0.7944370468457542	11650	9175
CGCACGTCTGTTTATG-1	P17_T1	0.4253062834342321	0.11281895836194356	0.32666461070378605	5407	14866
CGCAGAAACATTTGCG-1	P17_T1	-0.08375622524155507	-0.005179664293924968	-0.8016457033157348	8387	3059
CGCATCATGGCTTCAG-1	P17_T1	0.2622409174839655	0.030142290592193588	0.8413552610079447	11443	3266
CGCATGGTGCGATGCT-1	P17_T1	0.4307890442344878	-0.013568475246429457	0.8092406678199768	9273	9364
CGCATTAGCTAATAGG-1	P17_T1	0.5839662153191038	0.1211550402641296	0.5647325015068054	8262	6801
CGCCAAGAAGCCGAGT-1	P17_T1	0.0910813168022368	0.12045465826988219	0.8801782043774922	3727	9149
CGCCACAGGTCGCGAT-1	P17_T1	-0.06020167330900825	0.15560748875141142	0.6405084518591564	2816	11116
CGCCATCCGATTATGA-1	P17_T1	0.22394087473551433	0.09725003918011982	-0.46199181636174524	10867	6218
CGCCCAGCACGCCTAG-1	P17_T1	0.19858927766482037	-0.048937367598215736	0.05235813140869139	7563	13100
CGCCCGCTTCCGTACA-1	P17_T1	-0.08669543378882938	0.019411226511001578	-0.026281841595967692	10871	5037
CGCCCTTGAAGGCTGA-1	P17_T1	0.2518586244185766	0.21346403956413268	0.038153694470723476	4076	6196
CGCCGACTATTCGCTA-1	P17_T1	0.611316840118832	0.10262388904889425	0.8701151974995933	2372	8357
CGCCGCCCATGCCTGT-1	P17_T1	0.6247089339627161	0.23946151912212377	0.5303274321556091	11197	9173
CGCCTCCCTCCTCTAT-1	P17_T1	0.7778759049375851	0.30266671667496364	0.5713434688250225	10063	9957
CGCCTGGCCTACGTAA-1	P17_T1	0.3642687197195159	-0.043667714595794674	-0.007581244309743274	4858	9547
CGCGACACTGCGCAGC-1	P17_T1	0.42704325904448825	0.22899760862191515	0.2910387742519378	3171	6193
CGCGAGTCTGCCGGGT-1	P17_T1	-0.005935233235359216	0.07403192023436228	-0.12512831489245102	4059	11711
CGCGCAAATGTCCAGA-1	P17_T1	0.4443799424833722	-0.011459976434707642	0.8239431703090667	4509	12500
CGCGCATGTTTGATTG-1	P17_T1	0.49983558843533205	0.04697107772032416	0.6091496880849201	7908	11329
CGCGCCCGACTTAATA-1	P17_T1	0.1897987189557817	0.04949978828430174	0.635065155029297	10303	5625
CGCGGCTCAACTTGAA-1	P17_T1	0.20415841745005714	0.20974783182144163	-0.2453745802243551	12779	9966
CGCGGGAATTAGGCAG-1	P17_T1	0.19727636582321595	-0.11200534105300905	-0.13193318923314412	10865	7006
CGCGTTCATGAAATAC-1	P17_T1	0.540621988872687	0.2156235611438751	-0.04232932329177852	7583	6798
CGCTACGGGACATTTA-1	P17_T1	0.5979202111562092	0.23401928504308067	-0.07462557633717837	7237	8964
CGCTATACCGCCCACT-1	P17_T1	0.24921528047985508	-0.039414978424708064	0.8867132123311363	5894	4233
CGCTATTCAATGTATG-1	P17_T1	0.39604805270830784	-0.04954594810803731	0.22375607649485274	5324	5216
CGCTATTCTTAGGCTC-1	P17_T1	0.5644847013552983	0.20691670497258507	0.9516393717130027	8595	8968
CGCTCGACATAATGAT-1	P17_T1	-0.006180914905336121	0.14157579898834227	0.014962261517842634	6908	5615
CGCTCTCCGTAGATTA-1	P17_T1	0.6461064125431909	0.08500676790873213	0.7737141644954681	5995	7975
CGCTGGTGACTACCCT-1	P17_T1	0.298090027736293	0.18412666340668993	0.3825213686625164	12889	10951
CGCTGTGACGCCGCAC-1	P17_T1	0.5801155834065542	0.2731331491470336	0.49150783459345515	7132	6403
CGCTGTGTGGATGTTG-1	P17_T1	0.38590947154495453	0.009516897598902396	0.5767564221223194	6657	13097
CGCTTAGTATTGATAC-1	P17_T1	0.4238469492064582	0.03249174733956656	0.9973398729165397	7672	14479
CGCTTATTCCCGGTCG-1	P17_T1	0.003423529797130176	0.055265362660090106	0.14864401062329602	5197	9745
CGCTTCCACTGAAATC-1	P17_T1	0.3031370228528977	0.11568938185771305	1.0126849687099457	6570	5023
CGCTTTCATACCGGTG-1	P17_T1	0.2107392487923304	0.13778931021690366	-0.05948690652847288	7478	4238
CGCTTTCTTGCATTCG-1	P17_T1	0.3555442841847738	0.279470595518748	0.4264104628562928	11429	7598
CGGAAAGAATCAAACG-1	P17_T1	0.1530435946583748	0.03559257696072263	0.1322533438603084	7224	12902
CGGAAATTTCACATCC-1	P17_T1	0.20914889329009578	-0.16558597127596536	-0.7582963585853577	11106	2280
CGGAACGTAAACATAG-1	P17_T1	0.6137278813123703	0.08200656811396279	0.8292687118053437	6891	10735
CGGACCTTTACGTCCC-1	P17_T1	-0.1715571877691481	0.04598370869954427	-0.2807057507832845	9819	15471
CGGACGTTACTTGAAG-1	P17_T1	0.5128856273492177	0.10648773074150086	0.49723592837651553	2480	9736
CGGAGCAATTTAATCG-1	P17_T1	-0.09435255597035089	-0.015668001572291063	0.3454336094856262	8585	12119
CGGAGCATGGCGATCC-1	P17_T1	0.7306050625774596	0.18862001021703084	0.4198159670829773	9386	9167
CGGAGCTTATAACACC-1	P17_T1	0.42672100159857007	0.24611223737398785	0.7304689395427704	11555	3463
CGGAGTTTGAGAGACA-1	P17_T1	0.5195453881223997	0.2642190416653951	0.8782756038506827	5657	7383
CGGATAAGCGGACATG-1	P17_T1	0.4764958839946323	0.3642912761370341	0.530778928597768	3740	5211
CGGCAAACATCGTGCG-1	P17_T1	0.6896269342634413	0.2952318588892619	1.0034942018985749	9265	11727
CGGCACCGTTAGCGCC-1	P17_T1	0.2735356897777982	0.07472312708695728	-0.03018107970555628	11894	3661
CGGCACTCAAGAAAGT-1	P17_T1	0.30491697821352215	0.06738332788149515	0.6557059117158253	4989	3836
CGGCAGGGTCGGGTTG-1	P17_T1	0.3843204990360472	0.18861407021681464	0.633887803554535	12447	7799
CGGCCACGCACAAAGT-1	P17_T1	0.17248703800969656	0.10071749190489448	0.24249986370404553	8483	8377
CGGCCAGAGCGACCAT-1	P17_T1	0.5970061692926619	0.2692852022250493	0.8513014829158783	7331	14675
CGGCTCTTCGTCGAAC-1	P17_T1	0.3650831725200018	0.30055332303047183	0.7406225490570069	11556	3069
CGGCTGCAAGATTAAG-1	P17_T1	0.09272739039527048	-0.13327786207199097	0.24400316556294765	9522	2275
CGGCTTTGTATGATAA-1	P17_T1	-0.2340547811985016	0.20252611637115478	-0.3417945909500122	8161	3058
CGGGAATTTATGTAAA-1	P17_T1	0.5449665633506245	0.17010874728361763	0.3652310367425282	9156	10348
CGGGAGCTTCAGTGTA-1	P17_T1	0.3838268751899401	0.02847617924213408	0.1425492688020069	12096	11145
CGGGAGTATACCGCCG-1	P17_T1	0.6560903782976999	0.2331446170806885	1.029239624341329	3514	5210
CGGGATCAATGTAAGA-1	P17_T1	0.6438180439008607	0.20657264252503715	0.8177959446112313	8491	6014
CGGGCAGCTAAACCGC-1	P17_T1	0.46950497216648535	0.1037423094113668	0.5854298869768779	8146	7785
CGGGCCATAGCCGCAC-1	P17_T1	0.41966779344611693	0.20256890376408898	0.28818075656890874	3856	4226
CGGGCCTTCTTTGTAA-1	P17_T1	0.5605663831035297	0.26754281679789227	0.5360328249136608	8027	9557
CGGTACTAGAATCAAA-1	P17_T1	0.3476970648103289	0.10136524756749465	0.7817795602480568	11195	9961
CGGTAGAGGTGCAGGT-1	P17_T1	0.5647202445401087	0.33640251576900476	0.5418216053644818	12227	5829
CGGTCAAGTGGGAACC-1	P17_T1	0.10304672323995168	0.17631183902422584	-0.29782551725705464	10866	6612
CGGTCCGTCGCAAGCC-1	P17_T1	0.5603702843023672	0.3920536622405052	0.8043861349423729	7560	13888
CGGTCTATCAACCCGT-1	P17_T1	-0.0445601296756003	0.33534703552722933	0.28688218951225286	11097	5037
CGGTGAAGACTAAAGT-1	P17_T1	-0.16889699684249032	-0.050531940857569374	0.25531995534896845	4409	8364
CGGTGCAGATAGAACG-1	P17_T1	0.3951775348352061	0.102141874730587	0.8434658418099084	5876	9747
CGGTGCGCGTTGGTCC-1	P17_T1	0.37070125902692475	-0.07799270033836364	0.47326638599236803	6211	11127
CGGTGTACTTGATCCC-1	P17_T1	0.5169420608546998	0.2339364163080851	0.7920032306512199	5326	4822
CGGTTCAAGTAGGTGT-1	P17_T1	0.3551119095418188	0.0719348649183909	0.40476017673810305	12904	6225
CGGTTGACCTGGCATA-1	P17_T1	0.3415297647317251	0.04149510900179548	1.0263382498423257	4633	9152
CGGTTGAGTATCCTTC-1	P17_T1	0.6784680304924648	0.3023139500617981	0.5352040243148803	5182	14471
CGTAAACGCTTGAGTG-1	P17_T1	0.16633056958516435	0.021060508092244468	2.009756382306417	4424	3637
CGTAACTTCGACACTT-1	P17_T1	0.6417507115999859	0.11292454838752747	0.881523550748825	7444	14872
CGTACCTGATAGGCCT-1	P17_T1	0.8487952748272154	0.07424073239167528	0.5439898554484051	9510	5820
CGTAGCGAATTGTCAG-1	P17_T1	-0.007575493554274282	-0.05608268658320109	0.7726814544200897	9855	4049
CGTAGCGCCGACGTTG-1	P17_T1	-0.2912027084827423	0.35320987582206725	-0.9417292475700378	7822	2860
CGTATTAAGAGATCTA-1	P17_T1	0.38076808932754735	0.2756321430206298	0.12414236068725581	7919	7784
CGTCAAGGCTATAAAT-1	P17_T1	0.5133953161040942	-0.09413780093193058	0.45788143992424013	3394	7376
CGTCACGTCCATTGGT-1	P17_T1	0.1884088358283043	-0.058544631997744234	0.045850529670715234	7570	10737
CGTCAGCTATTTACTC-1	P17_T1	0.6167178491420217	0.03221582929293315	0.7155877502759298	3062	4815
CGTCAGTGCGCACAAG-1	P17_T1	-0.18794369492265914	0.047733998696009305	-0.7849782633781434	7367	3647
CGTCATACCATATCCA-1	P17_T1	0.6180493956142001	0.14051134169101714	0.5830866305033366	4079	5409
CGTCGCTTGGTTATAC-1	P17_T1	0.20390795194440414	0.08941897928714754	0.38763191382090256	4618	13879
CGTCGGATAGTGTTGA-1	P17_T1	0.24735840996106473	-0.07835952440897626	0.29738992293675737	12672	8193
CGTCGGGTCTAAGCGC-1	P17_T1	0.4267140334182315	-0.007382771571477265	0.009597899119059283	4284	12105
CGTCGTCCTTCGCGAA-1	P17_T1	0.3567224164141549	-0.054499570131301855	1.0068613048394524	10394	12519
CGTCTGGAAGGGCCCG-1	P17_T1	0.057096530927552125	0.16357701579729717	-0.6980746340751648	8835	4636
CGTGAAGTTAATTCAC-1	P17_T1	0.43377457827329635	0.1671808511018753	0.6003352598349254	8141	9360
CGTGACATTGGGTCGT-1	P17_T1	0.6910826876759529	0.4194766467809677	1.1413306482632957	11212	4447
CGTGACCAGTCCTCTG-1	P17_T1	0.9242957916524674	0.051033530433972685	0.9129266063372292	8013	13889
CGTGCAGACTGGGACA-1	P17_T1	0.37749409046438004	0.040282320976257335	0.3665708414713542	10178	9367
CGTGCATTGTCGACGC-1	P17_T1	0.2004174619913101	0.11760046243667605	0.5736782177289326	5312	9154
CGTGCCCTCCCGAAGA-1	P17_T1	0.810846710536215	0.3560250429312388	0.5240220081806184	10516	9959
CGTGCTTCTACCTAAA-1	P17_T1	0.10590811577108167	0.08910792112350463	-0.0872677127520245	4958	13683
CGTGGTACCCAAAGGC-1	P17_T1	0.6599748325347901	0.05245595733324687	1.1335257196426392	6540	14476
CGTGTCCCATTCGCGA-1	P17_T1	0.868762687312232	0.4066173426310221	0.5882533740997316	6337	6991
CGTGTCTCGTTACGAC-1	P17_T1	0.3726648142602708	-0.008320340315500913	-0.18523576736450198	5638	13291
CGTTAGCTCACAACTG-1	P17_T1	0.869981478717592	0.34354987104733786	0.2283496356010437	12005	4252
CGTTCAAGGAAACGGA-1	P17_T1	0.27499828262461556	0.046376245816548645	0.05323947230974846	6990	15265
CGTTCAGACCCGCGAA-1	P17_T1	0.35094449453883697	0.18691327095031737	-0.44663568814595545	8691	14286
CGTTCATGGTGCGCGT-1	P17_T1	0.5703931338753965	0.13496053914229073	0.9479661601781846	4061	10923
CGTTGAATACCGCGCT-1	P17_T1	0.21149436331457566	0.0006988177696863884	0.34969618837038685	10507	12716
CGTTGAGCGACCGTCG-1	P17_T1	0.5546939492225647	0.0918887492020925	-0.22008139212926225	10175	10155
CGTTGCCCGCGTGGGA-1	P17_T1	0.5494791682230102	0.13843362649281815	0.8338654367129008	6880	14280
CGTTGTAAACGTCAGG-1	P17_T1	0.6917467014657126	0.34934778014818824	0.11073873440424609	3286	5603
CGTTGTTTCAATTCCC-1	P17_T1	0.5861997455027368	0.12025989234447482	0.6062148988246918	6334	8173
CGTTTAAGCGGAGCAC-1	P17_T1	0.053064120908578205	0.1375203720728556	-0.345907645225525	8497	4044
CGTTTCACTTCGGGCG-1	P17_T1	0.43266638987594175	0.13615821679433188	0.7467141087849936	12229	5041
CGTTTCGCTCATTACA-1	P17_T1	0.6034166566199727	0.24742426613966623	0.5238608948389689	7352	8373
CGTTTGTGTAGAGGGT-1	P17_T1	0.30720138496822785	0.053725766738255826	0.7311532545089722	6434	12309
CTAAAGAATGCCTACT-1	P17_T1	0.895129949119356	0.14638884902000432	0.9131897342205049	5880	8565
CTAAAGGGAAATAGGA-1	P17_T1	0.4995112705230713	0.2749870270490646	0.5446987354755402	8817	10150
CTAAATCCGGTGTACA-1	P17_T1	0.5021048226621415	0.17512458205223086	0.854543364842733	5751	13488
CTAAATCCTATTCCGG-1	P17_T1	0.29478079398473106	0.09919843673706055	-0.0798646632830301	11319	6613
CTAACCGCGCGCCCGT-1	P17_T1	0.6475071213642757	0.20227829655011492	1.0825849590698877	5766	8762
CTAACTGGTCCGGTTC-1	P17_T1	0.8438065966963768	0.18640705128510787	0.8974461090564727	5871	11322
CTAAGGGAATGATTGG-1	P17_T1	0.2776331837309731	0.30780046542485556	-0.1569769446055096	9949	10154
CTAATTCGCACGCGCT-1	P17_T1	0.4936701291137271	-0.018274826010068246	0.6168162679672242	5658	6989
CTAATTTCAACAACAC-1	P17_T1	-0.1289121216535568	0.13713265021642052	-0.2932960526148478	4871	5608
CTACAAGAAATAACCC-1	P17_T1	0.11553925818867161	0.1758636438846588	0.21431234955787648	6319	12899
CTACGAACTAGGTCGA-1	P17_T1	-0.22204335927963256	0.10279570023218793	-0.30300394694010413	10087	2474
CTACGACTAGCTATAA-1	P17_T1	0.16896473298470177	0.1973620772361755	0.27380528012911487	4520	8955
CTACGCACGGAGTACC-1	P17_T1	0.7481022751993603	0.31419227401415506	0.6899267061551411	8257	8376
CTACGCCATTTCCGAT-1	P17_T1	0.5247161054611207	0.39515615542729693	1.3228885316848755	10875	3855
CTACTATCATAGGTTT-1	P17_T1	0.4746832937002182	0.2030494145552318	0.5000403292973836	4624	11909
CTACTATCTTTCAGAG-1	P17_T1	0.3646061692966355	0.1835362255573273	0.2705501413345337	12335	7207
CTACTCAAGGTATAGT-1	P17_T1	0.7025922905405362	0.20274622847636542	1.2712300527095795	6544	13294
CTACTCTAGGCCCGGC-1	P17_T1	0.19545332246356534	-0.009038515289624544	-0.5479661544164021	4638	7577
CTACTGCCACCTGACC-1	P17_T1	0.4943855914804671	0.2827744638919831	0.2928921008110046	8941	6803
CTAGACTGCATTTCGT-1	P17_T1	0.5082629347509808	0.34429250439008074	0.9258032703399659	12687	3467
CTAGATTTACGACGGC-1	P17_T1	0.3220029248462783	0.22716511309146875	0.18424483418464654	10177	9761
CTAGCATAGTATAATG-1	P17_T1	0.4168559953239229	0.18938707272211713	0.34028206745783485	9276	8182
CTAGGTTCGGACGTGA-1	P17_T1	0.4179219691620933	0.17492985347906742	0.7432380175590516	9714	12910
CTAGTATTCGGAATTA-1	P17_T1	0.4999682309892442	0.3080954573551814	0.9881503438949586	10873	4249
CTAGTCACGTCTTAAG-1	P17_T1	0.7599073051412899	0.09239547828833267	0.6206940027077992	9614	8774
CTAGTGAAGGACAGGA-1	P17_T1	0.2353329608506627	0.10841557443141941	0.20019147853056607	6107	8172
CTAGTTACAACCCGGT-1	P17_T1	0.39952657053867974	0.12016951044400531	0.07503267566363014	9378	11924
CTAGTTGGGCCCGGTA-1	P17_T1	0.8384498895870314	0.28760527412096654	0.5361770451068879	9508	6608
CTATAAGAGCCAATCG-1	P17_T1	0.24629349721802607	-0.13797053416570026	0.8617275325457254	13130	6619
CTATAGGCGTTGATGT-1	P17_T1	0.6341258961955707	0.10101329237222673	0.7495500121514	6090	13686
CTATCGACGAAATACA-1	P17_T1	0.6201364750001166	0.21969651182492572	0.9431472722689309	12320	11934
CTATCGGGTCTCAACA-1	P17_T1	0.32152605500486164	0.4493833005428314	-0.17504613796869917	9615	8380
CTATGCCCGAATGCAA-1	P17_T1	0.39988567259576585	0.30993069052696226	0.83916978597641	8466	13891
CTATGTCACTAGCCCA-1	P17_T1	0.5852524911363919	0.1615271733204524	0.45537188450495414	9279	7395
CTATGTCTATTGAAAC-1	P17_T1	0.13096550563971204	0.06951379497845966	-0.262079419294993	8046	3649
CTATGTGAGTCACGGC-1	P17_T1	0.07300925185283025	0.12054573416709899	-0.2758760197957357	3724	10331
CTATTCATGTGTCCCA-1	P17_T1	0.5519150566558044	0.30522603571414947	1.09945421397686	8812	11726
CTATTTGCTTGGAGGA-1	P17_T1	0.3411829625897937	-0.08026341994603473	0.6780231944719952	9027	15271
CTATTTGGTTACGGAT-1	P17_T1	0.6432955839898851	0.04381548921267192	1.0591606148084005	11086	8582
CTCAAACCACTGCCCG-1	P17_T1	0.9024668698178396	0.0761358692248662	0.9526055117448173	6315	14081
CTCACATTTACTAAAT-1	P17_T1	0.06469896005259623	0.16160932024319966	-0.6093431274096173	9485	13697
CTCACCAGTACAAGTG-1	P17_T1	-0.14110827876461873	0.07975823163986206	0.39736225525538127	2034	7765
CTCACTGTGATACTTA-1	P17_T1	-0.011998968720436098	0.04861337979634606	-0.33255414803822847	10277	13897
CTCACTTGGCTGGTAA-1	P17_T1	-0.04786771310700311	0.11167820552984872	-0.19774769067764286	4745	9349
CTCAGAGCTAATGTCG-1	P17_T1	0.6478739812307888	0.2043503016233444	0.8401561133066813	8460	15860
CTCAGATTGTGATAAG-1	P17_T1	0.1408991500404146	-0.0021675129731496268	-0.21637892246246349	2367	9933
CTCAGGACTCACCTGT-1	P17_T1	0.4151282893949084	0.014704973896344509	0.9624195210138955	5213	4625
CTCAGTCACGACAAAT-1	P17_T1	0.5372667309641838	0.08571954876184468	0.656233313481013	12678	6224
CTCATGGCTCACAATC-1	P17_T1	-0.04697669992844264	0.12326314051946005	-0.29576745589574177	8950	4046
CTCATGGTAATTTGCG-1	P17_T1	0.3430387944645352	0.11515670299530029	0.5328952693939208	4739	11319
CTCATTCGTGAACATC-1	P17_T1	-0.15488347894615595	0.26726904114087424	1.090546957651774	2150	6781
CTCATTTGATGGGCGG-1	P17_T1	0.4824137523770332	0.03943778097629547	0.9484400641918183	8831	5818
CTCCCTCCTTTCGATC-1	P17_T1	0.6680094122224383	0.43783708135286964	0.20686044613520305	4399	11515
CTCCGCCCACATGAGG-1	P17_T1	0.5074497252702713	0.21985956887404118	0.8435900179545084	6215	9945
CTCCGGCCTAATATGC-1	P17_T1	0.6984710589713521	0.3254515345891316	1.0628043764829636	8494	5226
CTCCGGCTTGTAGACA-1	P17_T1	0.6578050774335862	0.23725225170453396	0.6942748427391052	3969	4424
CTCCTAAGTTATGTCT-1	P17_T1	0.5965331890185673	0.17934048116207124	0.9671615997950234	5216	3837
CTCCTCCAGCTCACAC-1	P17_T1	0.6652779105967946	0.20640684902668	1.1927445409695305	7448	13691
CTCGAGGTCGAACAGT-1	P17_T1	0.5301333010196686	0.19750889142354328	0.32308802008628845	8487	7195
CTCGATATTTGCGAGC-1	P17_T1	0.2176667121715017	0.23353661517302193	0.21168087561925253	13018	6028
CTCGCACCTATATAGT-1	P17_T1	0.4732243610421817	0.030291663010915126	0.8900793206691742	9509	6214
CTCGCCGAATGTAGGG-1	P17_T1	0.3627295566267438	0.13067361891269685	-0.08484984993934641	9034	13302
CTCGGGTTCTCTGGCC-1	P17_T1	0.4455947891871134	0.16880879481633504	0.8870009557406109	4845	13485
CTCGGTACCACTGCTC-1	P17_T1	0.258340450723966	-0.03474974036216738	0.521046016216278	10970	9566
CTCGGTCCGTAGCCTG-1	P17_T1	0.20332030203607343	0.09495181957880655	0.7358115851879119	7476	5026
CTCGGTTGTCGGCCCT-1	P17_T1	0.37037637624475694	0.12737830956776935	-0.1362119126319885	4735	12500
CTCGTCGAGGGCTCAT-1	P17_T1	0.6633981181515589	0.15886459231376643	0.9329235549767814	3827	13285
CTCGTTACGGCTACCA-1	P17_T1	-0.11575239565637377	0.1111349387963613	-0.17634377082188923	6311	15263
CTCTACACTGGCGATT-1	P17_T1	0.07899882660971747	0.10743914365768431	-0.4985974399248759	3725	9937
CTCTACATCCTGCGTG-1	P17_T1	0.4446067221297158	0.09098142385482788	0.5318060739835102	9252	15666
CTCTATTTGGCTGCAG-1	P17_T1	0.5361557685997751	0.33076348741849265	0.7099872012933095	9494	10940
CTCTCACAATCGATGA-1	P17_T1	0.41481777177916634	0.2169124889373779	0.5473021229108175	9730	7790
CTCTCGATGTGCGCCT-1	P17_T1	-0.1781984305381775	0.01630102872848513	0.1284780009587606	8843	2273
CTCTCTAACTGCCTAG-1	P17_T1	0.07073021650314332	0.41288614948590596	-0.16899152835210163	4169	12696
CTCTGCGAAGCAAGCA-1	P17_T1	-0.05681183566649756	0.2403308840592702	-0.028275072177251226	7479	3844
CTCTGGACGCCTGGTG-1	P17_T1	0.6723629350132413	0.02224215706189475	0.6140439597765606	8825	7787
CTCTGTGCCTGCTATG-1	P17_T1	-0.15234453161557518	0.0593447176615397	-1.014640827178955	7259	1874
CTCTGTTTGAGGATTC-1	P17_T1	0.0514003535111745	-0.17802459836006168	0.1975806554158528	9968	4246
CTCTTCTGGAAGTTAG-1	P17_T1	0.796219914721118	0.2780359041690827	1.1428711565335594	6316	13687
CTCTTGTCCCGCTTGG-1	P17_T1	0.3641140599383248	0.08473542372385656	0.5966687615712483	8358	12118
CTGAAAGAGATCCGAC-1	P17_T1	0.5109629790650473	0.2992413417498271	0.6880585638682046	9625	5229
CTGAATCCGAGACCTC-1	P17_T1	0.6755080658197403	0.10632206956545515	0.5533155639966327	7797	10738
CTGAGCAAGTAACAAG-1	P17_T1	0.4788679232199986	0.3114366496602694	0.9077111496527992	4648	4426
CTGATAGTGTATCTCA-1	P17_T1	0.7264080127576987	0.29689529826243716	0.982403572599093	3619	7770
CTGCACAACTACATAT-1	P17_T1	0.2413268572092056	0.0033597886562347357	-0.01161343971888218	10398	11337
CTGCACCTGGAACCGC-1	P17_T1	0.15725988626480103	0.019543881416320796	-0.07348786830902099	7364	4434
CTGCACTCCAGTACAG-1	P17_T1	0.04212583243846896	0.0839918800195058	-0.051512924035390206	9716	12122
CTGCCATGCATCACAT-1	P17_T1	0.5867634010977216	0.3205344778299332	0.7299693946043648	8820	9363
CTGCCCACGAAGCGTT-1	P17_T1	0.7276357997788324	0.3526650200287501	1.0691372736295066	2487	7767
CTGCCTAGCCACCAAG-1	P17_T1	-0.030124990079138048	-0.027976122299830125	-0.044927666982015	10877	3067
CTGCCTTTAATACCTT-1	P17_T1	0.40579030407799616	0.28892174442609153	-0.6737837672233582	4957	14077
CTGCGGGTGAAATGTT-1	P17_T1	0.33807317843039836	0.09285080432891846	0.13293179432551083	4411	7576
CTGCGGTAGTCACGTG-1	P17_T1	0.10158488035202029	0.11220665494600929	0.5951449171702068	12234	3465
CTGCGTTACGATATAA-1	P17_T1	0.11139058050182127	0.30772356788317357	-0.033786282539367773	12004	4646
CTGCTGAGGCCACGAA-1	P17_T1	0.5716347911788359	0.1481668825944265	0.7641677329937615	5758	11125
CTGCTTGGCGATAGCT-1	P17_T1	0.4564619863364432	0.13893664677937823	0.6929821423689524	10283	11927
CTGGAAATGGATGCTT-1	P17_T1	0.5429804012510512	0.16210373441378273	-0.19716960668563832	7808	7193
CTGGAAGACACGGTGG-1	P17_T1	0.4612403937511973	0.19162665287653602	0.7304989214738209	11756	11341
CTGGACGCAGTCCGGC-1	P17_T1	-0.06537378191947935	0.22876119097073874	-0.5003445442517599	3267	11511
CTGGATTTACACTTGA-1	P17_T1	0.5552203855249617	0.27823477665583296	1.1414232488473257	8022	11132
CTGGCATCCGAATGAG-1	P17_T1	0.48486560490396285	0.015127944946289051	0.02709020137786866	4740	10925
CTGGCGACATAAGTCC-1	P17_T1	0.11345320118798147	-0.06367104212443032	-0.6310100865364074	10985	4840
CTGGCGCACAGGTCTG-1	P17_T1	0.48444154461224875	-0.05014466524124145	0.7505290794372559	11878	8782
CTGGCGGGAATAAGTA-1	P17_T1	0.3888894140720367	0.10996477603912358	0.9612194426854452	4305	5409
CTGGCTCCTGCGGGAT-1	P17_T1	-0.23743282675743102	0.24265072186787923	1.4600089089075725	4879	2851
CTGGCTGATTCATCCT-1	P17_T1	0.5009522324138217	0.15954269091288248	0.038686884244282904	12665	10163
CTGGCTGGTTGTCAGT-1	P17_T1	0.4970664530992508	0.22890696257352827	1.1345480358600617	8132	12117
CTGGGATAAATAATGG-1	P17_T1	0.6132452868421872	0.126901161869367	0.5061910156408946	11311	8977
CTGGGCCTGCTATATC-1	P17_T1	0.20699139730797878	-0.07162304143110909	0.16245176513989756	5196	10139
CTGGGTAGGCAGTTAA-1	P17_T1	0.7428543163008161	0.3019489129384359	0.37726229349772145	10742	9959
CTGGGTTGAGTTAAAG-1	P17_T1	0.121941328379843	-0.14412853558858235	0.055840986569722584	3039	11904
CTGGTAACACATAGAA-1	P17_T1	0.5329502464003033	0.018378432790438326	0.41338067849477134	11761	9766
CTGGTAACGAGCTCTT-1	P17_T1	0.3244046188725366	0.097495589752992	0.4457101033131283	12788	7209
CTGGTCATTCCAATCC-1	P17_T1	0.5189221974876191	-0.0552832814057668	0.5974170875549316	3511	5998
CTGGTCCTAACTTGGC-1	P17_T1	-0.1373729589250353	0.14676612615585324	-0.4213629325230916	9180	2865
CTGGTTTCGAGCAAGA-1	P17_T1	0.5488578908310995	0.07323522369066876	0.6398186858495076	11759	10554
CTGTACTTCTTAGCAT-1	P17_T1	0.5316322673360507	0.10910168210665389	0.8564858551820118	7576	9162
CTGTAGCCATCTCACT-1	P17_T1	0.3267731330460973	0.21258259832859044	0.3474887625376384	6999	12508
CTGTAGTGAGGATCGA-1	P17_T1	0.237357426683108	0.22726815084616347	-0.09876251777013145	6651	15067
CTGTATGGTGTAGAAA-1	P17_T1	0.3380922257900238	0.24405552705128986	0.7917397578557333	5437	5413
CTGTCAAATGGCTCGG-1	P17_T1	0.2283550597230593	0.022649086912473027	0.4887470320860545	11207	6022
CTGTGCAGGGTAGGTC-1	P17_T1	0.6972158140937488	0.08933760613203051	0.829431693752607	9724	9759
CTGTTACCCAATCTAG-1	P17_T1	0.7145557752251626	0.1921707683801651	0.22287765443325047	8362	10937
CTGTTCACTGCCTGTG-1	P17_T1	0.5460029864145651	0.1989388983448347	0.773050458828608	8152	5816
CTGTTCATCTCACGGG-1	P17_T1	0.2397611916065216	-0.10432120084762572	-1.005039701461792	5662	5808
CTTAAATAAGACCCAT-1	P17_T1	0.5284218429525692	0.09730640133221946	0.6823317098617554	2831	6389
CTTAACTTCGAAGTAC-1	P17_T1	0.09512961877716913	0.2004911748568217	-0.319827090104421	8951	3652
CTTACACGGTATTCCA-1	P17_T1	0.39275367985169085	0.2405915455023448	0.66574143409729	6901	7584
CTTACACTGGGAAATA-1	P17_T1	0.19701532754633166	0.0965338210264842	0.021160295804341533	7250	4631
CTTAGCCCGGATAGTG-1	P17_T1	0.35775792890124847	0.11129455129305521	1.0248610933621727	2829	6783
CTTAGTTGAGGAATCG-1	P17_T1	0.5339987901846568	0.18113043785095212	1.068387815952301	5521	14669
CTTATGCGCTCAGGGC-1	P17_T1	0.2913542342185974	0.265965648094813	0.6465487829844159	3046	9935
CTTATGTTGACTACCA-1	P17_T1	0.5732938059833315	0.2960067629814148	0.7028955471515657	4876	4033
CTTCAGTGGTCGCCTA-1	P17_T1	0.654697134759691	0.15921964526176458	0.7534594559669494	3831	12104
CTTCATAGCTCAAGAA-1	P17_T1	0.45193374170197376	-0.11282089034716289	0.31996227105458586	6004	5218
CTTCATTGTCAGTGGA-1	P17_T1	0.6783125487632222	0.1864474501212438	0.5446990176041919	8596	8574
CTTCCGCTCCGTGAAG-1	P17_T1	0.44515072862307226	0.13729764898618063	0.7352021137873332	7452	12509
CTTCGTAGATAGGTGA-1	P17_T1	0.33903210593594446	0.16371719221274056	-0.5846891446908314	6896	9159
CTTCTATGTTGAAGTA-1	P17_T1	0.3695068908400006	-0.08755981206893917	0.43789984226226797	4968	10532
CTTCTATTAATGCTAG-1	P17_T1	0.48205528597036995	0.08861339648564659	0.3331122398376465	7115	11523
CTTCTGGGCGTACCTA-1	P17_T1	0.05656420018937852	0.06312854647636418	-0.1598185722033183	5634	14473
CTTCTTACGTCGTATA-1	P17_T1	0.30775137646330725	-0.012927896380424492	-0.1496492326259613	8610	4242
CTTGACCCGAAAGATA-1	P17_T1	-0.32534330593215094	-0.1256465137004852	0.14930060863494865	8273	3256
CTTGAGGTTATCCCGA-1	P17_T1	0.4214352451430427	0.15836450457572943	0.7007127245267231	4537	3835
CTTGAGTTAGGGTAAT-1	P17_T1	0.8083363250891369	0.11879064460595445	-0.06415620565414426	12329	9177
CTTGCAACCGCCTCCT-1	P17_T1	0.43952537775039674	0.12799901564915978	0.6826081053415936	4630	9940
CTTGCCCAGGCTCTAC-1	P17_T1	0.6631197255187564	0.07888485491275787	0.5557398470242818	8024	10345
CTTGGCCAAGCTGGGA-1	P17_T1	0.49440397976173295	0.1344210766752561	-0.00896437883377077	8241	13496
CTTGTACTTGTTGACT-1	P17_T1	0.7847965106368064	0.33230382581551876	0.8081657918294272	7587	5617
CTTGTCAACATTCGAG-1	P17_T1	0.41537616829077395	0.1813523185253143	1.0291589160760246	9266	11333
CTTGTGAGTCTTTGAC-1	P17_T1	0.35017767780356934	0.19122009714444482	0.4236820101737976	5670	3444
CTTGTGCTCACCGATT-1	P17_T1	0.6435294965240691	0.042526142199834194	0.11689144452412914	12453	5829
CTTGTTGCTGAGTCAA-1	P17_T1	0.5219589823815558	0.11729737480481467	-0.030114333629608137	10858	8975
CTTGTTTATGTAGCCA-1	P17_T1	0.9392485076851316	0.12352690815925599	0.631364164352417	4986	5018
CTTTAACTTTCAAAGG-1	P17_T1	0.6523697373270988	0.21914580454428995	0.7934367956717812	9396	6016
CTTTAATATTGGTCGA-1	P17_T1	0.6415002980166011	0.2753764832019806	0.9867705754439036	10058	11533
CTTTACCGAATAGTAG-1	P17_T1	0.32087719579537716	0.32324649651845294	-0.008708585898081544	11304	11340
CTTTAGGAACACTGTT-1	P17_T1	0.3956431589855088	0.11529064039389292	0.2720180336634319	11649	9569
CTTTAGTGCTATTATT-1	P17_T1	0.509483706355095	-0.039180958271026634	0.6057023008664448	9044	10151
CTTTCTGTGCGGGCTT-1	P17_T1	0.5389852449629042	0.14148956159750625	0.8650815300146737	9264	12121
CTTTGGCGCTTTATAC-1	P17_T1	0.5706044974591997	0.13754595895608268	0.8003525761763253	3845	7771
CTTTGGCTTTAGTAAA-1	P17_T1	0.7190386057893436	0.09643476198116935	0.3944750217596691	6335	7779
CTTTGGGATTGTTGCA-1	P17_T1	0.09276580148273045	-0.10279272158940633	-0.17228214899698896	6769	13689
GAAACAGATGACCACC-1	P17_T1	0.6836174432436626	0.22979102998971945	0.8189618078867593	12215	9373
GAAACAGCCATGCAGT-1	P17_T1	-0.011412508222791884	0.0589468361934026	-0.42112248897552496	8724	4045
GAAACATAGGAAACAG-1	P17_T1	0.5145101493265893	0.25661323428154	0.35481174588203435	4054	13286
GAAACCGAATTACCTT-1	P17_T1	0.6138035464783509	0.17729963292678202	0.5021225519975026	7572	10343
GAAACCTATACAAATG-1	P17_T1	0.5009746340579457	0.16943380713462824	0.616782122850418	7675	13298
GAAACTCGTGCGATGC-1	P17_T1	0.24432637867000367	0.08138498187065124	0.3282915190855662	4527	6986
GAAACTCTAATGAAGG-1	P17_T1	0.19493058966265786	0.018501123587290447	0.45264387845993037	10082	4049
GAAAGCAGTGCACTTT-1	P17_T1	0.4546991240812672	0.30017738630374274	0.7586748609940213	7904	12511
GAAAGCCCTTTGGACC-1	P17_T1	0.03999744153685039	0.028353242675463353	-0.2173988080024719	4183	8363
GAAAGTGACTAACTGC-1	P17_T1	0.4126876786682341	0.06085374434789026	0.17685130198796584	5321	6397
GAAATACCTGCTGGCT-1	P17_T1	-0.34205244898796083	0.19816734631856284	-0.171614785194397	11444	2872
GAAATACTAAACGTTT-1	P17_T1	0.4099658247828484	0.15878152310848231	1.0834441904226937	4307	5015
GAAATATCACCATCAG-1	P17_T1	0.45621492614348724	0.23852903982003532	0.8166901550690331	4410	7970
GAAATCGCGCGCAACT-1	P17_T1	0.08703372140725457	0.09283502221107487	0.3617929879824322	9513	5032
GAAATGGCGGTGTTAG-1	P17_T1	0.5604448717832565	-0.017209570805231722	0.3710769176483155	7694	7390
GAAATGGGATGTAAAC-1	P17_T1	0.2674242916372087	-0.11714496850967407	1.0999523703257241	3744	4029
GAAATTAGCACGGATA-1	P17_T1	0.3704544630977843	0.23603501687447231	0.43697179158528643	12682	5042
GAAATTCACATCGCTG-1	P17_T1	0.199392725692855	0.04252391695976257	0.11664876302083338	7366	4041
GAAATTGTCTCTATAA-1	P17_T1	0.4844423786136839	0.058631825447082564	0.7436072460810341	7799	9950
GAACACACATCAACCA-1	P17_T1	0.6375534425510302	0.26065684914588927	0.9409904154141746	7473	5813
GAACAGATTACTAAAT-1	P17_T1	0.6118138226535585	0.14760191679000856	0.9589724699656168	9828	12714
GAACCCTCTGTGTTCT-1	P17_T1	-0.0015724816918373241	0.109166832168897	-0.17471416970094056	9374	13106
GAACCTCGACCTACAC-1	P17_T1	0.3809734637538592	0.27464068909486133	0.782948860724767	2821	9540
GAACGACCGAATGATA-1	P17_T1	0.41762434317006003	0.2451854836940765	0.4112798523902894	8946	5227
GAACGTCTCATGGTCG-1	P17_T1	0.5007410361866157	0.34751216987768807	0.5474906665086747	11655	7599
GAACGTTAGGAAGACG-1	P17_T1	0.5201102324989106	0.059708670377731365	1.0130647897720337	3505	7967
GAACTGTGGAGAGACA-1	P17_T1	0.4042071646120813	0.22667740861574803	0.9856186759471894	9255	14878
GAAGAAACGATATTGT-1	P17_T1	0.7109868288702436	0.2214207209149997	0.5655314766367276	5073	13092
GAAGAACGGTGCAGGT-1	P17_T1	-0.006761322882440357	0.0011554169654846291	-0.14941490888595577	6346	4234
GAAGACTTCAATGCCG-1	P17_T1	0.06504679931534663	0.10607285499572755	-0.7554049777984619	9183	2077
GAAGCCTGCACATTCC-1	P17_T1	0.5112235492799018	0.21215304454167688	0.91720194598039	8693	13498
GAAGCGTGAGGAATTT-1	P17_T1	0.22556181167562805	0.052610684335231805	-0.1349821696678798	8597	8180
GAAGCTCGGACCCGTC-1	P17_T1	-0.03437386122014785	-0.027809677124023435	-0.5364275018374124	4170	12302
GAAGCTTGCTGACCGC-1	P17_T1	0.5652297263012992	0.23891934712727864	0.46286321004231756	5771	7186
GAAGTCAGTTGCACTA-1	P17_T1	0.6599084413382742	0.3020638291041056	0.666774530808131	8360	11724
GAAGTCTCCCTAGCGA-1	P17_T1	0.8152966053949461	0.09542400081952412	0.10342301130294795	12104	8782
GAAGTGATTTATCGTG-1	P17_T1	0.348100787964132	0.13666388889153797	0.7492276438077292	7123	9160
GAAGTGCTGGATAGCT-1	P17_T1	0.12902176777521768	0.11323196927706403	0.2712060419718425	8722	4439
GAAGTTTCCACTCAAT-1	P17_T1	0.5898000554574861	0.18106576681137088	0.7945377377669014	7011	8569
GAATAGACGCGACCCA-1	P17_T1	0.1348498438795408	0.0024043844143549764	-0.4225489075978598	12214	9767
GAATAGTGCTCGATTA-1	P17_T1	0.566442302332984	-0.03229987641175591	0.9441420920689902	5865	13292
GAATATTCGGAGTCCC-1	P17_T1	0.7756594628095627	0.23382819573084512	0.831113919019699	11214	4053
GAATCGACATGGTCAC-1	P17_T1	0.3909729478756586	0.12842243989308672	0.459545528093974	6565	6598
GAATCGCCGGACACGG-1	P17_T1	0.19366612798637817	0.16318608800570172	-0.34921784718831395	6461	3644
GAATCTATACTCGGAC-1	P17_T1	0.025291425585746763	0.3373383669058482	-0.72450190782547	10428	1884
GAATCTGAACATTCTC-1	P17_T1	0.6104229519764584	0.35144579966863	0.7470752648512522	9045	9757
GAATGCCGAAATGACC-1	P17_T1	0.2427362084057596	-0.03188979685306548	0.5370105624198913	3739	5604
GAATGCGAATCGGTTC-1	P17_T1	0.27998198592000534	0.10468252857526145	0.5071695597966512	9598	13895
GAATGTATGGCAGGTC-1	P17_T1	0.4861545213725832	0.11782404422760012	0.23385204076766963	12118	4450
GAATGTGGTCCGGATT-1	P17_T1	0.674187091787656	0.032587473789850885	0.41998889843622855	10968	9960
GAATGTTGGGTAATCT-1	P17_T1	0.386973543299569	0.27975290815035503	0.8460484492778777	9623	6017
GAATTATAGTGAAAGG-1	P17_T1	0.6905722306503191	0.1460083498557409	0.06517279227574657	9503	8183
GAATTCACCCGGGTGT-1	P17_T1	0.4783458586699433	0.32349699437618257	-0.011469761927922484	8023	10739
GAATTTCTCGCTGCAG-1	P17_T1	0.6624401073985628	-0.1593108818928401	0.7321573281288147	5206	6988
GACAACGACCATTGAA-1	P17_T1	0.0418974092933867	0.12451809167861938	-0.5156684994697571	10527	6414
GACAACGCAGCTTACG-1	P17_T1	0.4647720865077443	0.26312786261240645	-0.0035318545500437892	7927	5421
GACACAAGGGAAGAAA-1	P17_T1	0.3399413982696004	0.2618019489447276	-0.2997248355547588	9958	7397
GACACGAGTTAGAGGA-1	P17_T1	0.45786322909924726	0.12298897256453833	0.9802417463064195	4645	5214
GACACTGAGTTCAGTG-1	P17_T1	0.5421045270727739	0.08953278839588164	0.7768069851398467	7006	10144
GACAGATTTCTGGCTC-1	P17_T1	0.5678738687766924	0.033694933454195664	0.6625877571105958	2706	10131
GACAGCCAGACCTGAC-1	P17_T1	0.29357138815853334	0.04904438813527423	0.5014131844043732	11535	9765
GACAGGCACACACTAT-1	P17_T1	0.36187771697839105	0.1693233879407247	0.6518079725901287	4294	8954
GACATCCGTCGAACTG-1	P17_T1	-0.07217380421029196	0.07046935439109803	0.45572762648264575	9823	14289
GACATCGATTTATAAC-1	P17_T1	0.7093177728520499	0.39375875910123187	1.0724767887592315	7454	11721
GACCAGAGCCCTGTAG-1	P17_T1	0.5715405963857968	0.1785555756092071	0.8715523016452789	7128	7585
GACCCAATTATGATAC-1	P17_T1	0.326185871594482	0.0068405956029891635	0.3643945562839508	4057	12104
GACCCGTCGCCGGCTA-1	P17_T1	-0.008235313594341265	0.03435979863007865	-0.4041138939062755	8500	3256
GACCGACTGAAGCGTC-1	P17_T1	-0.17270076890786487	0.06155761003494262	0.429450519879659	4296	8166
GACCGTCAGGTCGTGA-1	P17_T1	0.6022586509916518	0.01247440814971923	1.0202082896232605	10987	4052
GACCGTGCTGACGGTG-1	P17_T1	0.46132716205384994	0.06423428078492482	0.39679489036401105	7688	9359
GACCTTCCACGTCTAC-1	P17_T1	0.10953547666470204	0.3483416775862376	0.07078122258186337	10162	14487
GACGACGATCCGCGTT-1	P17_T1	0.16602685405148399	0.07629486640294392	-0.02703442891438801	9718	11729
GACGCCGTAAAGGCTA-1	P17_T1	0.32149843699402286	-0.05309877951939901	0.7289738849798839	7906	12117
GACGCCTGTTGCAGGG-1	P17_T1	0.7012050524022844	0.16359412044286725	0.7712019900480904	5330	3640
GACGCTTGCTTCTAAA-1	P17_T1	0.7614224050773515	0.027490041653315256	0.747791188955307	5878	8959
GACGGACCGCGTTCCT-1	P17_T1	-0.20534929898050094	0.22172393321990966	-0.22933673063913973	8390	2271
GACGGGTTGGCCCGTA-1	P17_T1	0.7593350985646248	0.19303763250509898	1.0333096549908318	7562	13494
GACGGTCAATAGAAGC-1	P17_T1	0.3503172720803155	0.233566387295723	0.11685347358385734	13127	7407
GACGTGAGACTCCATG-1	P17_T1	0.7756632084316678	0.20153776685396835	0.6374615359306335	5218	3049
GACGTGTAGGGATTAT-1	P17_T1	-0.050129961305194426	0.2810039790471395	0.6230176067352295	5432	6988
GACTAACACAGCACCT-1	P17_T1	0.4577046342690786	0.2672469480832418	1.4234169896443687	12009	3071
GACTAAGATCATGCAC-1	P17_T1	0.5323929232358933	0.12403931518395744	0.6516666853427886	7812	6011
GACTAAGTAGGCTCAC-1	P17_T1	0.58041162331899	0.07441487391789753	0.9310205793380737	6678	6796
GACTACAAAGCGGTGG-1	P17_T1	0.5259973964260684	0.21394129415353141	1.2737097624937692	4174	11120
GACTACAATTGCTCGT-1	P17_T1	0.05688871449894373	0.22016892512639363	0.1524741729100546	11104	3068
GACTCGCGGGAATGAC-1	P17_T1	0.3382027223043971	0.03645351588726048	0.0848687660694123	12676	7012
GACTGCAAATCGAGCT-1	P17_T1	0.04113683885998198	0.16093848466873173	0.49704102913538617	10279	13109
GACTGCACCAGCCCAG-1	P17_T1	0.6242299552758535	0.23310908615589143	0.33639898081620534	10853	10551
GACTGCGGCACGTGTA-1	P17_T1	0.2805441098080741	0.08949827313423159	0.6038749694824219	3509	6785
GACTGCTGGTGAGAAA-1	P17_T1	0.3603490634096993	0.3493905156850815	1.0210807120800018	6200	14671
GAGAATCTCACGATCA-1	P17_T1	0.5832809098230467	0.18454698681831366	0.951739432811737	2374	7569
GAGACTGATGGGTAGA-1	P17_T1	0.4313920816448	0.10612911979357403	0.45285150210062675	8148	6997
GAGACTTCGCGACCGA-1	P17_T1	0.8156333884596825	0.2778153800964355	0.8259035938978194	8246	11921
GAGAGCGCAGTCCCTG-1	P17_T1	0.3131832942035463	0.0729507489999135	0.8058526690800987	2489	6979
GAGAGGGCGCGAGGTT-1	P17_T1	0.38453470004929435	0.16620442072550462	0.7014736004670461	6331	8961
GAGAGGTGCATTCTGG-1	P17_T1	0.01573686252037687	0.0846933643023173	-0.5631797130902607	4969	10138
GAGATCTGCTTGGCAT-1	P17_T1	0.387915107011795	0.16506299396355945	0.6513797597090405	6786	8174
GAGATCTGTCACTCCG-1	P17_T1	0.6960728970501158	0.2766695823272069	0.8119526330629983	10184	7398
GAGATCTTCCATGACA-1	P17_T1	0.3270456950532066	0.23996575852235164	0.6206144781907399	10514	10353
GAGATGGCTTTAATCA-1	P17_T1	0.43030866046746563	0.11167102376619975	1.1801131558418274	10385	15276
GAGATGGGAGTCGACA-1	P17_T1	0.11520856728156403	0.1017033984263738	0.14259802977244052	9944	11729
GAGCATCAACAACTTG-1	P17_T1	0.0954195273253653	0.19615809679031376	-0.6858863830566406	5183	14077
GAGCATCATCCCTGGG-1	P17_T1	-0.12915796124272877	-0.0643923548857371	-0.01958666364351902	6348	3840
GAGCCACGGTAGTAGG-1	P17_T1	0.2277035186688105	0.252709705432256	0.12856118281682316	7142	3252
GAGCCAGCTACCTGTG-1	P17_T1	-0.10037063260873158	-0.008886882464091	0.062216638326644924	11868	11932
GAGCGAGGGAGTACCG-1	P17_T1	-0.05761204212903975	0.1717209315299988	-0.7492101418972015	8384	4241
GAGCGCGCACGAGTAG-1	P17_T1	0.4586620624528991	0.15849141617616014	0.6453340474764506	12323	11146
GAGCGCTGTTAGGTAA-1	P17_T1	-0.13016235755549538	0.5267657371362051	0.4632292795181274	4393	13484
GAGCGGAATGCGGTGT-1	P17_T1	0.8950197350978851	0.19293503443400067	0.811701110204061	7218	14872
GAGCTAAGGGCATATC-1	P17_T1	0.773192259768645	0.21575646897157036	0.9607025424639382	11204	7204
GAGCTCTCGGACCTAA-1	P17_T1	0.46970855971177417	0.22596809744834906	0.6137221495310465	5553	4429
GAGGAATGGAGAGGTT-1	P17_T1	0.46415026805467086	0.1270649844408035	0.8171992530425392	5319	6791
GAGGCCCGACTCCGCA-1	P17_T1	-0.06629821976025896	0.19444836974143986	0.39717296441396077	4396	12302
GAGGCTATCAAAGTCG-1	P17_T1	0.12669255018234252	0.13133087635040283	0.21381575345993042	4862	8365
GAGGGAGTCAGATCGC-1	P17_T1	0.7278654968407419	0.14746594528357188	0.6846560823917389	6427	14278
GAGGGCATCGCGTATC-1	P17_T1	0.5542337259650231	0.2103675959507625	0.7835067045688628	5556	3641
GAGGGCGCAGCTCTGC-1	P17_T1	0.64477743268013	0.2059071276585261	0.6824078325430551	11884	6812
GAGGGTAGTAACAAAG-1	P17_T1	-0.12951278603739208	0.015148099263509102	-0.5510106305281322	5297	13881
GAGGTACATCCATCTT-1	P17_T1	-0.1836493122577667	-0.07421908855438233	-0.2612101920445761	9517	3851
GAGGTACGCGTGTCCC-1	P17_T1	0.29388512882921436	0.07891039450963339	0.1148306012153626	9369	14682
GAGGTCCCAAAGATCT-1	P17_T1	0.5981978873411815	0.12424219648043311	0.8895640846093498	4759	5017
GAGTAAGGCCACGGGA-1	P17_T1	0.7715810185670853	0.1293805549542109	1.0587393967310585	3382	10921
GAGTACGGGTATACAA-1	P17_T1	0.1538877194954289	0.09353233476479847	-0.06117347757021585	6685	4432
GAGTAGATACTAGTTG-1	P17_T1	0.48441372493902835	0.21923250714937842	0.8654646261533103	9032	13696
GAGTATGCCCGCCTTG-1	P17_T1	0.3315707005063693	0.0655856523911158	0.04379762530326836	6664	11128
GAGTATGCGCGTGCAT-1	P17_T1	0.4736628443333838	0.13521265427271528	0.7253544843196869	9824	13895
GAGTCAGACCAGAATC-1	P17_T1	0.2804268794258436	-0.030694778164227776	-0.17582162300745652	7225	12508
GAGTCCGCTTACCGGA-1	P17_T1	0.4587631702091959	0.1555133833487829	0.4626618979374568	8363	10543
GAGTCGACAGACCCTC-1	P17_T1	0.7997424431310758	0.26237695892651874	0.9553893284002939	2828	7177
GAGTGTGCGGTACCCA-1	P17_T1	0.6336884262164433	0.2612571223576864	0.15979704797267913	11760	10160
GAGTTGATGGCAATTT-1	P17_T1	0.6586547613806195	0.20582472324371331	0.4191030820210775	3946	11513
GATAAATCGGTGGATG-1	P17_T1	0.39389234748151564	0.2661492953697841	0.28934227069218954	6459	4432
GATAACTCGCACTGTG-1	P17_T1	0.8437070495552488	0.2559188044071197	0.5503564655780793	11876	9175
GATAAGGCAGATGCAA-1	P17_T1	-0.2216244493259324	-0.04208367963631948	0.19238365610440566	4991	3442
GATACGATGGGAGTCA-1	P17_T1	0.6629055781165759	0.18094431022802987	0.8110745561122894	6893	10341
GATAGGTAACGTTGAC-1	P17_T1	0.40939115107059476	0.1835198724269867	0.5316496272881825	8588	10937
GATAGTGCGAGTAAGT-1	P17_T1	0.14522761464118955	0.5513267699877422	-0.4872705904642741	6765	14870
GATATCTCATGCAATA-1	P17_T1	-0.07513263583183288	0.2376015233993531	-0.06562861442565926	8385	3847
GATATGAGACACTAAC-1	P17_T1	0.3098234892553754	0.1250508371988932	0.3535889379183452	10971	9172
GATATGCGGTAGCCAA-1	P17_T1	0.6262544941902161	0.2986199563741684	-0.02488981008529656	12115	5237
GATATGGATTACGCGG-1	P17_T1	0.729010474383831	0.1548685796062152	0.9369296868642172	3847	6983
GATATTGAGATTGGCG-1	P17_T1	0.5737521589961316	0.1314319808284442	0.8753339441617332	13124	8195
GATATTTCCTACATGG-1	P17_T1	0.44436747868855797	0.17882945418357854	0.20937976837158212	11890	4843
GATCAACATAAAGGGA-1	P17_T1	0.5810659480757184	-0.022838477691014603	1.2948727265993754	5863	13686
GATCATTCCAAACATT-1	P17_T1	0.642188818388515	0.22722986181577048	0.6557033824920655	8147	7391
GATCCCTTTATACTGC-1	P17_T1	-0.005742909246020833	0.1300053675969442	-0.2759528621037802	8601	6999
GATCCGGGAATTAACA-1	P17_T1	0.14403582423925398	0.20445376694202422	0.13216761628786733	10065	9170
GATCCTAAATCGGGAC-1	P17_T1	0.4396648388107617	0.17233181178569795	0.6938704208532969	12563	6814
GATCCTCGACACTGGC-1	P17_T1	0.7836830117636256	0.19794372896353407	0.9315742007891337	5418	11321
GATCCTCTTGCGCTTA-1	P17_T1	0.049359866976738	0.12901012659072875	0.07752423922220864	11217	2871
GATCGACACTATCTGA-1	P17_T1	0.5712628493706386	-0.027785294453303022	0.5790949817498525	7130	6797
GATCGCGGGCTCTCCA-1	P17_T1	0.8165516828828387	0.18391271531581876	0.7750231325626373	7691	8571
GATCGCTACCCGATTT-1	P17_T1	0.4140452913443247	0.1370388185977936	0.47069628636042293	12888	11345
GATCGCTATATCTCAG-1	P17_T1	-0.006455220977465315	-0.07362205723921458	-0.325165551106135	4619	13485
GATCGGATAGAACCAT-1	P17_T1	0.493865615857972	0.28227605779965714	0.6006329747041066	3273	9542
GATCGGCGATAAGTCG-1	P17_T1	0.7551672576533422	-0.02423032025496169	1.0119117410977683	3400	5406
GATCGGTGGCCATAAC-1	P17_T1	0.5332984781596396	0.1959048183759054	0.1374542204538982	9506	7001
GATCGTGACTGATATC-1	P17_T1	0.5587599655323557	0.2678943214813868	0.7287138195832572	9953	8972
GATCTGCTATCTAAGG-1	P17_T1	0.4981544901265038	0.15972057263056433	0.6163101522127787	8127	13693
GATCTTGGAGGGCATA-1	P17_T1	0.6061367330948513	0.29701539436976115	0.7100001112620034	9723	10153
GATCTTTGCAGGGTAT-1	P17_T1	0.46333240681224397	0.20181280652681988	0.6056816039482751	6106	8566
GATGACAAGTAGGGCA-1	P17_T1	0.3208537221617169	0.06556760032971704	-0.04362875461578364	5527	12700
GATGCCAGCAGAAGGC-1	P17_T1	0.5330686626169416	-0.03572211821873983	0.19922310988108327	3737	5998
GATGCCTTCTGCGGCA-1	P17_T1	0.14618698762522803	0.14516406655311584	0.365076355934143	3376	12890
GATGCGAATGGTATTA-1	P17_T1	0.5345652948816617	0.23641002039114628	0.8810815540949501	2943	6587
GATGCGTCCTGCATTC-1	P17_T1	0.6746468966371484	0.09835059781869254	0.9114203840494155	8256	8770
GATGCTACAAGCGCCT-1	P17_T1	0.3392469541562928	0.18646680692831674	0.7067471182346343	7589	4829
GATGCTGTATTTCATC-1	P17_T1	0.4869241508841515	0.09718626956144971	0.39155158559481307	10289	9958
GATGGCGCACACATTA-1	P17_T1	0.7768481014172237	0.04517356197039285	1.1447181224822998	5098	5215
GATGGTGCCCTAGGCA-1	P17_T1	0.8849989834096696	0.285678018728892	0.6413719320297242	10650	3460
GATGTAACGAACCACC-1	P17_T1	0.490854469537735	-0.0017811252673466949	0.38147950569788613	4173	11514
GATGTCGGTCAACTGC-1	P17_T1	-0.012266239192750716	0.1475390108426412	0.08272874514261885	10084	3262
GATGTGTTGTCACAAG-1	P17_T1	-0.05100639926062689	0.12617824554443358	-0.18049175262451167	10652	2673
GATGTTCAATCCACGA-1	P17_T1	0.6382994867198997	0.3048129891355833	1.1473254779974618	6669	9553
GATGTTTGTGCGAGAT-1	P17_T1	0.1205931876765357	0.14203963756561278	-0.014435844421386679	5211	5412
GATTACTGAATTTGGG-1	P17_T1	0.5969294495715036	0.17418626944224042	0.3319839966297149	6216	9551
GATTCCCTTGTCGCAG-1	P17_T1	0.609747994409667	0.15912841558456425	0.7766972621281942	9395	6410
GATTCCGCGTTTCCGT-1	P17_T1	-0.08194636821746826	0.009213819503784193	0.01432536284128827	10419	4641
GATTCCTATACGGCGC-1	P17_T1	0.4711130943894386	0.05221640865008037	0.5335579073429108	4415	6394
GATTCGACGGTTCACG-1	P17_T1	0.5915451488561101	0.22710813522338869	0.9988852568467459	9838	9563
GATTGACACTCTGCTC-1	P17_T1	-0.16852004528045655	0.2256813073158264	-0.8321717977523804	8955	2470
GATTGCTCCAGTTGCA-1	P17_T1	0.7293655094835494	0.029371878902117454	0.9094926830132803	4844	13879
GCAAACCCTACATTAT-1	P17_T1	0.2086232910884751	0.023444492220878604	-0.2936149851481119	11078	10945
GCAAACCTTGGCCATA-1	P17_T1	0.684556101097001	0.2876458287239075	0.7990620986620587	9375	12712
GCAAATATTACGCTTT-1	P17_T1	0.584563367979394	0.28171347777048744	0.7618007866541543	6446	8370
GCAAATGAGGACACTT-1	P17_T1	0.3732817769050598	0.05085877358913421	0.0672067960103353	2368	9539
GCAACACACTAGAACT-1	P17_T1	0.4175974795387851	0.04146717329819993	0.4466336973508198	3610	10527
GCAACCACCAGACCGG-1	P17_T1	0.6281443535950448	0.06701890250047049	0.11013225475947075	12232	4253
GCAACCACGGCCGCGT-1	P17_T1	-0.015580562684271076	0.18644153078397116	-0.004167830149332696	5083	9941
GCAACCCAAGTTGTTT-1	P17_T1	0.7981354220045939	0.012140109936396304	0.33730188210805245	2148	7569
GCAAGAATTCCTTGGC-1	P17_T1	0.6943768080406718	0.277597152988116	0.8559449766079583	5875	10141
GCAAGTGCACAGAGAA-1	P17_T1	0.5860458530651198	0.1968950289487839	1.186967452764511	6566	6204
GCAAGTGTAAAGCATG-1	P17_T1	0.3875448273950153	0.17978083650271104	1.1082528599103294	6879	14674
GCACAACCTCGGGCGT-1	P17_T1	0.4735939357678095	0.2572140041987101	0.24660997629165649	2923	12889
GCACAAGTGTCGGAAG-1	P17_T1	0.1745536100202137	0.2069065030415853	-0.3165783294041951	9065	3455
GCACACACTGGTAGCC-1	P17_T1	-0.09376477122306826	-0.012670431931813553	-0.6152652923266093	12432	12525
GCACACGCCCATGGTC-1	P17_T1	0.49782995098166993	0.12692840774854025	1.0843508040904999	2938	8162
GCACGCCTACTTAGAT-1	P17_T1	0.503983033100764	0.22364010810852047	-0.3197907813390096	6207	12308
GCACTAGTCGCGCTAT-1	P17_T1	-0.1215929549270206	-0.09455399711926778	-0.27736368735631306	6686	4038
GCACTCCCACAGTCCC-1	P17_T1	-0.04451567941241796	-0.03300121863683064	-0.7259849500656128	7147	1677
GCACTGCCTACCTTTA-1	P17_T1	0.49258547272947095	0.11359718302885691	0.753504923582077	9483	14485
GCACTGTGCAAATGTA-1	P17_T1	0.5777091575000022	0.2973091399669647	0.6889437162876129	5557	3247
GCAGATCCATAAGACT-1	P17_T1	0.2382709295882119	-0.06394654154777527	0.22271268765131635	11416	11537
GCAGATCCTCGCAAAT-1	P17_T1	0.5019812562068303	0.14026000420252488	1.113388001124064	3285	5997
GCAGATTAGGGATATC-1	P17_T1	0.6438413400120205	0.25904646635055545	0.6256995133558909	8709	8771
GCAGCACACAGCCCAG-1	P17_T1	0.6146359968185425	0.14139144798119863	0.2316827221711475	6558	8961
GCAGCGGTGGGCATTA-1	P17_T1	0.43258259296417234	0.10781318843364718	0.5640210354328155	5332	2852
GCAGGAACTTAGATCT-1	P17_T1	0.48719157665967944	0.026837002237637797	0.43560710430145266	3492	11906
GCAGGACTATAGAATA-1	P17_T1	0.7151354795859919	0.03731240322192508	0.6710187258323035	5993	8369
GCAGGTAGAGTATGGT-1	P17_T1	0.4624191035164727	0.25251529494921365	0.3475108122825623	12455	5042
GCATACGAGGTCTTTA-1	P17_T1	0.04104580865965951	-0.005764429569244389	0.8775403992335002	3388	8951
GCATAGAGCACTCAGG-1	P17_T1	0.8197610198789171	0.2642183610796928	0.30499431292215995	8482	8771
GCATCCCTAACTTTGA-1	P17_T1	0.10413505259487366	-0.0502239288886388	0.036971977154413915	6571	4629
GCATGAGGGACGCGGC-1	P17_T1	0.6875165658195813	0.3268715476989746	0.8833028721809386	11995	7403
GCATGGGTACTGACGC-1	P17_T1	0.38372896022266817	0.20202977061271665	0.35338148236274725	2142	9538
GCATTCGAAATGAACA-1	P17_T1	0.5423954761690564	0.13961770236492155	0.964652593533198	3395	6982
GCATTGTAATTCATAT-1	P17_T1	0.7131391749779384	0.1504466646909714	0.9867300323645272	4179	9545
GCCAAGAATACTTCTG-1	P17_T1	0.44395478496948876	0.023700948754946383	0.5716297701994579	2931	10525
GCCACAATTTAAGGAC-1	P17_T1	0.6044468466275268	0.2958037516474724	0.4592730043331783	6214	10339
GCCAGGAGTAACCGAT-1	P17_T1	0.35432827370034325	0.1615940445661545	0.555026166041692	11888	5631
GCCAGGCGTTCGCATG-1	P17_T1	0.37733331402142845	0.03947788794835411	-0.30731521685918184	11895	3267
GCCATATTGCACACAG-1	P17_T1	0.5134173677033849	0.09806968092918394	0.6308728134632111	12000	5828
GCCATCGAGCTGCGTG-1	P17_T1	0.6831299182607069	0.1671255078911782	0.5138218049208323	7114	11917
GCCCACCAAGGCTGTC-1	P17_T1	-0.0021705016162660296	0.014607325394948328	-0.2401534497737885	6121	3840
GCCCAGTTGGTATGCC-1	P17_T1	0.0008616024918026433	-0.006422864596048988	0.12721710840861	6115	5809
GCCCGACTTCTTCCCG-1	P17_T1	0.18103722843858933	0.05973645408948258	-0.4486312460899353	4627	11122
GCCCGATCTGTGGTCG-1	P17_T1	0.2987199774384499	0.2510693854093552	0.666015875339508	8925	11923
GCCCGCGCGTAAACGG-1	P17_T1	0.48337305787536833	0.20149339089790985	0.4651106355587642	6437	11127
GCCCGCGCGTTTGACA-1	P17_T1	-0.06916559616724649	0.04010207056999207	-0.6209464168548584	6342	5416
GCCCGTAATACCTTCT-1	P17_T1	0.2867403872145547	0.05627724786599475	0.2003944810231526	10752	6809
GCCCTAGCCGTCGCGA-1	P17_T1	0.8601053145196702	0.03336488336324689	0.9551753350098928	3605	12103
GCCGAAATTCCTACGT-1	P17_T1	0.5677386686040297	0.02237076093753182	0.4540505506594974	6899	8372
GCCGACCCACGACTGC-1	P17_T1	0.03715851813554766	0.110386616786321	-0.18080513556798306	5184	13683
GCCGATTGGCCAAGCT-1	P17_T1	0.5272287413974602	0.11349507222572969	0.9273525657256445	8706	9559
GCCGCATTAGTCCGGC-1	P17_T1	0.24276900377538468	0.1813552486896515	0.6377473592758178	3730	8362
GCCGCTTGTGAGAAAC-1	P17_T1	0.5539636577996943	0.21091836074988052	0.8158819695313773	6332	8567
GCCGGGTTAGGGTCGC-1	P17_T1	0.6319972123371229	0.2963383080561956	0.6699229848384858	8480	9558
GCCGGTCGTATCTCTC-1	P17_T1	0.5317502067486445	-0.08085742473602298	0.5264190467198688	7896	15268
GCCGTCGGTTTCGGGC-1	P17_T1	0.2924072141779793	0.1165906532605489	-0.1858741943041483	6424	15460
GCCTAGCGATCTGACC-1	P17_T1	0.5783697933620877	0.1557948104540507	-0.031076272328694643	6569	5417
GCCTATAGTGTCAGGG-1	P17_T1	0.6596607742044661	0.2064897314707438	1.1088429985443748	12109	7207
GCCTATTCCGATATAG-1	P17_T1	0.09600317855676016	-0.04086619337399802	0.6034154816468555	5208	6200
GCCTATTTGCTACACA-1	P17_T1	-0.1078907414277395	0.1280840210119883	-0.49042180538177493	7482	3056
GCCTCATCTGGAAATA-1	P17_T1	0.07411962370077771	-0.10571996490160623	-0.1938601493835449	12554	9571
GCCTCTATACATAGCA-1	P17_T1	0.5906161784794595	0.18571868757406873	0.9134903585910796	10282	12321
GCCTTCAGCCCTACCG-1	P17_T1	0.508641446961297	0.20882862846056616	1.0342664074897767	7477	4632
GCCTTGTATATGCAGT-1	P17_T1	0.33267973883284463	0.15687586744626364	-0.20430953502655025	3515	4816
GCGAAACTTAACTGGA-1	P17_T1	0.6229718593094085	0.3142854515711466	0.5645229566097258	11081	10158
GCGAAGCCATACCCGT-1	P17_T1	0.5615586377183597	0.11471820294857021	0.8110274199644723	8712	7590
GCGACCCAACCATCTG-1	P17_T1	0.41943688280052616	0.21703936179478966	0.5195961896578472	5526	13094
GCGACGATAGTTGTAC-1	P17_T1	0.5637363442116313	0.07879491448402409	0.5167099193731945	7909	10935
GCGAGGCCCGAGCAGA-1	P17_T1	0.6374243126809597	0.04743002216021219	0.9449099119504294	7124	8766
GCGAGTTCTGCAAAGA-1	P17_T1	0.37761560464898747	0.0966718252499898	0.09195271352926904	8936	8378
GCGATTCTGGAAGCAG-1	P17_T1	-0.26343497276306155	0.0412678591410319	0.45551989555358885	10197	3459
GCGATTGTTAACGTTA-1	P17_T1	0.5072825760642689	0.09791722257932023	0.5922139926751453	10519	8777
GCGCAAATATATTCAA-1	P17_T1	0.5610540183054076	0.014586074749628697	0.18410645365715017	4960	12895
GCGCATCCAGTCAGCA-1	P17_T1	0.3026653541458978	0.11104715645313268	0.7117223167419433	12562	7208
GCGCCGTTCCACGATA-1	P17_T1	0.9336948531866074	0.3017830355962117	0.5421304647127787	9159	9561
GCGCGATGGGTCAAGT-1	P17_T1	0.4166740169127783	-0.19400208950042724	0.9094736870129903	6807	1873
GCGCTAAGTATGCATG-1	P17_T1	-0.24394715666770936	0.25891380866368613	0.05922693252563471	11560	1888
GCGCTAATTGAATAGA-1	P17_T1	0.4066330081721147	0.09448021223147707	0.600638262629509	9729	8184
GCGCTATGCCGAGGCA-1	P17_T1	0.34215924272934595	0.14695417642593384	-0.1303502627213795	7120	9948
GCGCTGATCCAGACTC-1	P17_T1	0.6496381235950522	0.20035236517588295	0.1767263253529865	11664	4842
GCGCTGCTTTGCATTT-1	P17_T1	0.49039875040451697	0.10845261245965959	0.5344118275245029	12449	7011
GCGGACCGCGTTGTGG-1	P17_T1	0.5760465544131067	0.22603006660938268	0.6180415368080139	6662	11522
GCGGAGAAACTTCGCA-1	P17_T1	0.5759793858395681	0.15972222834825517	0.673566920955976	5528	12306
GCGGAGAGGGAGAACG-1	P17_T1	0.5207623865207036	0.24524492939313253	0.5220912623405456	10627	10550
GCGGCAAAGTATTGCC-1	P17_T1	0.5203925491041608	-0.0014481663703918568	0.4812973984082538	4847	13092
GCGGCTCTGACGTACC-1	P17_T1	0.6952311646607187	0.046541541020075516	0.6717764516671498	6105	8960
GCGGGAACCAGGCCCT-1	P17_T1	-0.04847521755430434	-0.11047764579455058	-0.07746644417444865	7249	5025
GCGGGCGAGCCTTACC-1	P17_T1	0.2246497173441781	0.08667423566182453	0.3608155624071758	7565	12313
GCGGTCCCTAGACGCA-1	P17_T1	0.43091955833964873	0.0818250370025635	0.7590239159266154	6913	4039
GCGGTGAACTGCGCTC-1	P17_T1	0.246960058344735	0.2880680100123087	0.2561888392766316	12454	5435
GCGGTTCCCTATCATG-1	P17_T1	0.6779772519071896	0.07481052617232009	0.45929146349430083	7344	10736
GCGTCCCTAAGACATA-1	P17_T1	0.09139656172858346	0.11754495302836099	0.1861415417989094	6541	14082
GCGTCGAAATGTCGGT-1	P17_T1	0.5930776829851998	0.2247621734937032	0.6738077831268311	9174	4834
GCGTCGCCAGGGTGAT-1	P17_T1	0.10075470361444688	0.12113582173983256	0.007529629866282139	8811	12120
GCGTCTCTGCATTGGG-1	P17_T1	0.5422363449467553	0.11394674301147462	0.8025002670288086	6444	9158
GCGTGGTACTGGGTTA-1	P17_T1	0.5476205443673663	0.2869873734315237	0.7015518315633138	12558	8390
GCGTGTATGTCGTATT-1	P17_T1	-0.14110185384750365	0.08528619289398193	-0.7366041135787964	8730	2076
GCGTTATATTTGGAAC-1	P17_T1	0.1382578093475766	0.43982823928197223	1.091438013712565	3280	7572
GCTAAACCTGAGGTGA-1	P17_T1	0.13583985063764786	0.1394223262866338	-0.06599417328834534	4417	6001
GCTAAGTAAAGGCGAT-1	P17_T1	0.5825181482897863	0.15096385558446246	0.7945796386400856	3282	6785
GCTAATACCGAATGCC-1	P17_T1	-0.13580763843324448	-0.011217277844746909	0.14442602475484212	7134	5615
GCTACAGTACGGACCG-1	P17_T1	0.07980861551231805	0.15659371852874757	0.16996230999628703	3387	9345
GCTACGACTTATTGGG-1	P17_T1	0.7669661362800333	0.15627507845560712	0.4576427809397381	9610	9956
GCTACTATAGTAGAGT-1	P17_T1	0.12787650565306347	0.07497921307881672	0.09722493648529051	12435	11343
GCTAGAGTAGAGATGT-1	P17_T1	-0.22677148560682933	-0.025211026668548575	-0.330142662525177	12658	12526
GCTAGCTTGAATAGCT-1	P17_T1	0.6296184685991869	0.2743133626381556	0.8953975661595663	6775	11719
GCTAGTAGAGCTTGTA-1	P17_T1	0.6348241566287145	0.07214466571807865	0.5612185025215148	9160	9167
GCTAGTTTCATTGAGG-1	P17_T1	-0.1618382978439331	0.029428978761037172	0.12004519144694004	6005	4824
GCTATCATACTCATGG-1	P17_T1	0.5107951297031508	0.21094946444034574	0.6095318377017975	10622	12125
GCTATCGCGGCGCAAC-1	P17_T1	0.4572331329849031	0.18485417723655695	1.1310816037654876	4532	5410
GCTCAATCCGTTTATT-1	P17_T1	0.2518051889869902	-0.0795370841026306	0.15766953706741327	5756	11913
GCTCAATGTAATACCG-1	P17_T1	0.5029167565041117	-0.013706456621487895	0.742131085395813	8353	13694
GCTCATTACTGCATGT-1	P17_T1	0.547056022617552	0.22244498173395788	0.1180803473790486	12345	4057
GCTCCATGCAAAGCAA-1	P17_T1	0.8006232032510969	0.33116800606250757	1.1460985922813416	8009	15071
GCTCCTGACATACTGG-1	P17_T1	0.5030395616425409	0.08505237201849619	0.4916853264967602	5414	12503
GCTCGCGGTTCCGCTC-1	P17_T1	0.5568022347821131	-0.02707640250523885	0.6358274936676025	3283	6391
GCTCGGAATTTAAAGC-1	P17_T1	-0.25315501047505273	0.1430160629749298	-0.28821669578552256	11321	5826
GCTCTAAACCCTGACG-1	P17_T1	0.5540194752812385	0.19594676057497656	0.8134154852231346	8377	6210
GCTCTATGTTACGTGC-1	P17_T1	0.37299822161595025	0.0459455939133962	0.5651637558142344	6339	6597
GCTCTCGGGTACCGAA-1	P17_T1	0.4756930187013414	0.2758398667971293	0.04992776155471801	8376	6604
GCTCTTTCCGCTAGTG-1	P17_T1	0.5899853364295431	0.09041007558504738	0.7350283010800678	7899	14086
GCTGAATCTTCCAATC-1	P17_T1	0.04439657747745518	0.046597728729248056	0.0754854567845662	4394	13090
GCTGAGGCGTGAGTAT-1	P17_T1	0.543316170308325	0.17744222790002823	0.4355341082811355	9046	9363
GCTGCACGGTTTCTTA-1	P17_T1	0.6871982018815146	0.12027070919672644	0.9649986592928568	10064	9563
GCTGCTAAGTAGTCGA-1	P17_T1	0.18342697259452606	0.12289376854896544	0.037681039969126306	8131	12511
GCTGCTACTGCGTAGC-1	P17_T1	0.47442669807208915	0.29367883741855616	1.0369036879142126	10284	11534
GCTGCTCTCCGGACAC-1	P17_T1	0.6672462942368454	0.2998645344376564	0.2185118629535039	8939	7590
GCTGGCATATTCACCT-1	P17_T1	0.6509508392214776	0.14755027532577514	1.1416105584303538	5317	7579
GCTGGCGGCGCATGCT-1	P17_T1	0.5315296169122059	0.15464990417162583	0.8385101389884948	9037	12120
GCTGGTTTAGGCCATA-1	P17_T1	0.38633246557580103	0.23849005242188775	0.2842910412947337	3375	13284
GCTGTATTACTGGCCC-1	P17_T1	0.5212324497434828	0.13398249705632526	0.326932020187378	6100	10535
GCTGTCTGTGATCGAC-1	P17_T1	-0.048128157655398046	0.6086984650293986	-0.618994300365448	12127	1693
GCTGTTGCTACCGAAC-1	P17_T1	0.17155929101838002	0.33274685740470883	-0.42331179459889723	12555	9178
GCTTAATGTAACTAAC-1	P17_T1	0.716210672971275	0.16072984705368676	0.8524294056495032	11309	9764
GCTTATGAAGCAGGAA-1	P17_T1	0.7110356269942388	0.14976635595162713	0.5072729726632434	11879	8388
GCTTCCGTCCCTAGAC-1	P17_T1	0.6498108518785901	0.14212590853373208	0.41621307929356877	10524	7202
GCTTGATGATAATCAG-1	P17_T1	0.33979700644811	0.10143212874730428	0.8043395821253458	5889	5808
GCTTGGATCGATTAGG-1	P17_T1	0.2048767115010155	0.25185189366340643	0.34651001632213596	12787	7603
GGAAAGTGCCCATGCC-1	P17_T1	0.43754278057151363	0.2908784433205922	0.4862010459105175	12002	5434
GGAACCCGAACAAGAA-1	P17_T1	0.7940007886621687	0.26942339360713957	0.37080374240875247	2832	5995
GGAACCGTGTAAATTG-1	P17_T1	0.49775230344798826	0.04850893537203471	1.0065690259138742	7116	11129
GGAACCTTGACTCTGC-1	P17_T1	0.8757735245757632	-0.2282020624478658	0.7571253601710002	4167	13089
GGAACGGCCTGCAGCC-1	P17_T1	0.446712430384424	0.004236746629079191	0.812596108118693	3510	6391
GGAAGCTCGCTTACAG-1	P17_T1	0.49257256872124144	0.17272289395332335	1.0927154644330344	11215	3659
GGAATAACCTCAAGAA-1	P17_T1	0.007055830955505382	-0.16986999670664468	-0.6865123748779297	8615	2666
GGACAAGTTGCAGTGA-1	P17_T1	0.5062874718507131	0.15627175976832708	0.745098618865013	2599	7964
GGACCAACAGGATAAC-1	P17_T1	0.5891883648104138	0.05807272911071781	0.953657323718071	9379	11531
GGACCTCTAGGCCGCC-1	P17_T1	0.8018487980299526	0.29944894591967264	1.2340705815951027	5187	12896
GGACTAAGTCAGGAGT-1	P17_T1	0.3243978717592027	0.01678580880165101	0.5220170100529988	2377	6782
GGACTCGACAGCGCAT-1	P17_T1	0.46090819014443296	0.29452412207921347	0.800727171500524	6991	14871
GGACTCGTGAGTGGTC-1	P17_T1	0.6922166550987296	0.22340768049160636	0.6407790780067444	6088	14080
GGAGAAGTCATTGGCA-1	P17_T1	0.38881877468691933	0.09082388023535409	0.7344158367315929	6454	6007
GGAGACCATCTACATA-1	P17_T1	0.465969900323285	0.16402011791865034	-0.10935061335563656	2702	11312
GGAGACGACACCTTTG-1	P17_T1	0.6848389466934733	0.2984093268712361	0.42710676590601615	9384	9955
GGAGCACCAAGAACTA-1	P17_T1	-0.20628577089971967	0.00983886996905009	-0.37264581839243577	11092	6613
GGAGCGAGGCCTACTT-1	P17_T1	0.19762953205241096	-0.1484905117750168	0.09978714942932132	9595	14682
GGAGGATTGAAAGGAG-1	P17_T1	-0.2949470728635788	0.029819879134496075	-0.009479476610819493	10086	2868
GGAGTGCCGCCCTGGA-1	P17_T1	0.509755031797621	0.3086805446942647	0.5916310087839762	7814	5224
GGATACTCATGAATTG-1	P17_T1	0.4693071834411886	0.2205430913964907	0.17705526351928702	6915	3251
GGATCAAAGGACGAGG-1	P17_T1	-0.2376340425014496	0.04278345465660094	-0.813940818309784	7709	2663
GGATCTTACTGCCCTT-1	P17_T1	0.16247317274411516	0.1824886363744736	-0.28999191244443256	5748	14276
GGATCTTGACTCAACC-1	P17_T1	0.5109983294208844	0.2037569185098012	0.656396939754486	3720	11513
GGATGACGCGAGTTTA-1	P17_T1	0.6991505712270737	0.2095989549160004	0.8377805364131927	6898	8766
GGATGCTGGCGTTCCT-1	P17_T1	0.5549217168490092	0.34946685274442035	0.11507781426111852	3954	9150
GGATGTCCTTACCGCA-1	P17_T1	0.5163155428568523	0.13442937850952147	0.24082057476043706	12105	8388
GGATTAAGCTAAGGTC-1	P17_T1	0.23242447932561244	0.25587432146072386	1.534218200047811	11670	2873
GGATTCAGTACGGTGG-1	P17_T1	0.020020917190445797	-0.10503072977066039	1.4349142034848532	5551	5216
GGATTCCGCTATACCC-1	P17_T1	0.09116657853126525	0.15067543148994444	-0.36802208344141646	10984	5234
GGATTTCACTTCTATA-1	P17_T1	0.5515664072831471	0.0008083532253901349	0.26628126780192063	11202	7598
GGCAAAGGCGCCAATA-1	P17_T1	0.7286159495843783	0.1379470204313596	0.6398569059371948	5642	12109
GGCAAATTACTTTACT-1	P17_T1	0.7521970692939229	0.26062857866287226	0.4131481357415516	7801	9556
GGCAAGGCGAAATAGC-1	P17_T1	0.6644996676842372	0.26604435225327816	0.9556227312485375	9609	10350
GGCAATAGTCAATGAG-1	P17_T1	0.3231621171865199	-0.006823405226071666	0.3587357312440873	9732	7396
GGCACTCCACTGGGCA-1	P17_T1	0.7050079280138015	0.13962494333585102	0.5397982978820801	7013	8175
GGCAGAGAGATCGGGA-1	P17_T1	0.4384601146645017	0.22374581257502235	1.0497852941354118	2145	8356
GGCATACAGGTAGCGG-1	P17_T1	0.32348571161429085	0.2705630977948506	1.017950985431671	5428	8170
GGCATATCGGTTCTGC-1	P17_T1	0.4952924006183942	0.279097804625829	1.1851441013813018	11211	4841
GGCATCAACGAGCACG-1	P17_T1	-0.2754025846719742	-0.21843249599138895	-0.08848108132680266	7597	2466
GGCATTGAACATCTCA-1	P17_T1	0.7296408946315448	0.2207750789324443	0.8478036856651305	8346	16057
GGCCACAAGCGATGGC-1	P17_T1	-0.1168007454607222	-0.009571392536163348	1.0157581059137981	6805	2266
GGCCCAGCTGGTTTGC-1	P17_T1	0.5308608810769186	-0.13467867175738016	0.924380362033844	10159	15275
GGCCCTCACCCACTTA-1	P17_T1	0.1260764852497313	0.011121991276741017	-0.2990595674514771	4408	8758
GGCCGAGACTCTGGTG-1	P17_T1	-0.36286558240652084	-0.08929314275582631	-0.0884529141585032	5411	13684
GGCCGTTTGGGTTTCA-1	P17_T1	0.3796649254030652	0.08019855837027229	0.2768459649880727	6884	13098
GGCCTTTGCAACTGGC-1	P17_T1	0.3576667268408669	0.25681795756022135	-0.11909950494766242	2711	8555
GGCGAAATCTAACTTG-1	P17_T1	0.3610910238160027	0.1349488075574239	0.6220493928591411	11647	9962
GGCGCAGGACATCTTC-1	P17_T1	0.4242187081442939	0.11339786489804587	0.8236864940325419	4860	8759
GGCGCATGAATTGATG-1	P17_T1	0.7206760176685121	0.28296588917573295	0.6570850265026094	7913	9753
GGCGCGTTCGAGTTTA-1	P17_T1	0.360586307330264	0.024524575372536994	0.031342736681302386	8476	10740
GGCGCTCCTCATCAAT-1	P17_T1	0.29594072345230316	0.23144454816977184	0.6866158501307171	3968	4817
GGCGCTTCATTCCCTG-1	P17_T1	-0.15076886726750266	0.07996570209662124	-0.03148737152417502	9821	14683
GGCGGAGTAATATTAG-1	P17_T1	0.6246202417049144	0.29654306729634605	0.7415186409155525	7014	7781
GGCGGTAGGATCATTG-1	P17_T1	0.47648545781771345	0.1788357651233673	0.5081290062268575	9618	7593
GGCGTCCTATCCGCTG-1	P17_T1	0.19165109147628157	0.24308473428090416	0.8007784732182821	5543	7580
GGCTAAAGGGCGGGTC-1	P17_T1	0.47255590014987514	0.3122365931669871	0.4499835244814556	13021	5240
GGCTACTATACACTCC-1	P17_T1	0.13165236446592543	0.10768533706665039	-0.5369801139831543	6767	14082
GGCTATTAAGTTGTAT-1	P17_T1	0.36479722903834455	0.26392486313978836	0.530280859073003	6447	7976
GGCTCCTCCACCTGTT-1	P17_T1	0.13517175356547034	0.13954778552055358	-0.2864969158172608	5752	13094
GGCTCGTGCCACCAGC-1	P17_T1	0.059491268263922814	0.3105234650770823	0.3678457895914714	6116	5415
GGCTCTGCTCCAACGC-1	P17_T1	0.45180004580153355	0.08528277337551116	-0.015658173163731748	9960	6609
GGCTGAAATAGCAAAG-1	P17_T1	0.4080366539292865	0.07605934262275693	0.38345201889673874	10738	11141
GGCTGGCTAGCTTAAA-1	P17_T1	0.3005254310369492	0.029348564147949174	0.07461992820103958	5103	3639
GGCTTTCAATAAGGGT-1	P17_T1	0.30667610385351707	0.07297520160675047	0.36216263492902123	8807	13301
GGGAACGGGAGGTTAG-1	P17_T1	0.5759231430954403	0.12858214616775515	0.052053167025248204	5991	9157
GGGAACGGTTTCAGAT-1	P17_T1	0.25256838950845933	0.0491727614402771	0.057421391805013045	5409	14078
GGGAATTCTGTCCAGT-1	P17_T1	0.27236591643757296	0.05873811086018882	0.14724716663360593	2263	6978
GGGACAGAGTTACTCC-1	P17_T1	0.4100902382532755	-0.05833161751429239	0.32219826221466064	3942	12695
GGGACCCGTATATCTT-1	P17_T1	0.18059355606635413	0.025186444123586033	0.003048698107401493	7791	12707
GGGACTGCATAGATAG-1	P17_T1	0.1993956163194444	0.0650710646311442	0.3530806350708007	8599	7786
GGGAGAACTCACAGTA-1	P17_T1	0.6178529760572646	0.06933697263399763	0.6859648191928864	9051	7788
GGGAGGATGCCCGAAA-1	P17_T1	0.5384581035706733	0.09666275729735696	0.9772109186649323	7577	8768
GGGAGTAATGGCTGGC-1	P17_T1	0.6513127340210809	0.24460867166519168	0.51730670829614	6575	3447
GGGAGTTAATGAGGCG-1	P17_T1	0.4116219064593315	0.18158837378025056	0.7543891803423564	10296	7989
GGGATGGTCGTAACCG-1	P17_T1	0.4639606670704153	0.16418218612670904	0.49381095508734396	6665	10734
GGGATTTACCGCACCT-1	P17_T1	0.8252549302577972	0.13322034378846487	0.1973646330833434	11988	9767
GGGCAACCGCACGTGC-1	P17_T1	0.4112733697560098	0.1069900124271711	0.6325395999352137	3944	12301
GGGCACGTAGTACTGT-1	P17_T1	0.6633933080236117	0.0600951208670934	0.7241892937819161	7216	15265
GGGCAGAGCAATCGTT-1	P17_T1	0.6154051405853695	0.29528065075476967	0.062024372220039314	8582	12907
GGGCATGCATGTCGAG-1	P17_T1	0.44691964526971184	0.047857863306999204	0.5739437806606293	8007	15859
GGGCCCGTCTTAAACA-1	P17_T1	0.6124464439352353	0.09573697527249653	0.47079506079355893	7687	9753
GGGCCCTACGAAAGGG-1	P17_T1	0.6216985980669657	0.20236871560414632	0.4457301187515259	3615	8952
GGGCCCTTATCTATAC-1	P17_T1	0.338002517024676	-0.04053130666414895	0.6950085576375324	2373	7963
GGGCCGGCCGAAGTAC-1	P17_T1	0.3584375112586551	-0.001352523962656671	0.27138019402821856	11312	8583
GGGCCTAAATGGGCTA-1	P17_T1	0.6561502684983942	0.07910663714011512	0.8129957560698189	2818	10328
GGGCGATATGTGTGAA-1	P17_T1	0.6897338494327333	0.39737336874008183	0.20248983581860847	8375	6998
GGGCGGCAAATGAATT-1	P17_T1	0.5817930207484298	0.06783349285523094	0.7156706573565803	6890	11129
GGGCGGGTTCCCTACG-1	P17_T1	0.586871286034584	0.13083121041456858	0.7753849021593728	5988	9944
GGGCGGTCCTATTGTC-1	P17_T1	0.5022010863489575	0.23962061186631523	0.6643461791674294	4988	4230
GGGCGTACATTTATAT-1	P17_T1	0.3466406875186496	0.06304610530535376	0.692698173125585	7924	6209
GGGCGTCACCACGTAA-1	P17_T1	0.5526306621233623	0.23634920855363212	0.8754065716266632	7457	10934
GGGCGTCCACTGGCTC-1	P17_T1	0.552481746359004	0.06813865393400192	0.6643504329522452	11325	4644
GGGCTATGATCGATGG-1	P17_T1	0.19831159770488738	0.10281345685323082	-0.3934096419811248	7564	12706
GGGCTCATCGAACCCA-1	P17_T1	0.5849040551318063	0.21397188117106752	0.836019283334414	11885	6418
GGGCTGCCTAGGGCGA-1	P17_T1	0.4606359693408012	0.27035565654436744	0.4782617020606994	9617	7987
GGGCTGGTTAGTCGCG-1	P17_T1	0.14337609433465537	0.02468142787615457	-0.3147412912050883	7581	7586
GGGTACCCACGGTCCT-1	P17_T1	0.46752168463336097	0.23729134281476333	0.5467753291130066	4762	4229
GGGTACTTCATGAACT-1	P17_T1	0.33526720002293586	0.14155236879984534	0.43233405013879134	6219	8763
GGGTATGTATGCACTT-1	P17_T1	0.6736639172169897	0.35010970036188765	0.9395224726200104	4979	6987
GGGTATTCTAGCAAAC-1	P17_T1	0.3261899072594113	0.029603054126103756	1.0670748766263327	3491	12300
GGGTCACCGTGACGGT-1	P17_T1	0.6055157672531075	0.04928485363721846	0.5913337580362956	7125	8372
GGGTCAGGAGCTAGAT-1	P17_T1	0.6442077550292015	0.15284359216690058	1.3577983244260154	8012	14283
GGGTCATGCGTACCAT-1	P17_T1	0.7283165517118242	0.41741747379302974	0.6658080689112347	3399	5800
GGGTGACACCTTAACT-1	P17_T1	0.5104455414248839	0.19759772628545758	0.3925313264131547	8137	10542
GGGTGGTCCAGCCTGT-1	P17_T1	-0.04766086505519018	-0.05131593028704326	-0.4700110085805257	9633	2866
GGGTGTTTCAGCTATG-1	P17_T1	0.15546472602420386	0.07245507081349692	0.829239575068156	9514	4638
GGGTTAACATTTGAGT-1	P17_T1	0.22398323933283482	0.19365408897399905	0.3094282325108846	7453	12115
GGGTTCAGACGAACAA-1	P17_T1	0.6918514397078089	-0.04166050771872204	1.1072595282395683	3966	5211
GGTAAATGTGCGTTAC-1	P17_T1	0.6840006832944021	0.22469985246658325	0.9727892907460531	10989	3658
GGTAACCGGGAGGATA-1	P17_T1	0.7994131189584732	0.2169405666987101	1.0339181852340698	4848	12698
GGTAACTATGTATCTG-1	P17_T1	-0.1964858122666677	0.03334490537643431	-0.7127548813819885	6800	3842
GGTACAAACATGCTAT-1	P17_T1	0.7255505632691913	0.23044828871885942	0.7302487391233443	7914	9360
GGTACATCTGGGACGA-1	P17_T1	0.004880382683542017	0.09600789825121564	0.35328355391820265	3841	8953
GGTAGAAGACCGCCTG-1	P17_T1	0.1415195494559076	0.03529602527618411	-0.09133296171824135	9830	11926
GGTAGACCGTTGGGCG-1	P17_T1	0.3411474770307541	0.06907990694046018	0.5829785378774006	7793	11919
GGTAGTGCTCGCACCA-1	P17_T1	0.3901677910486857	0.09779058655103051	0.4468397212028503	9955	8185
GGTATTGCCGAGTTTA-1	P17_T1	0.8434492200613022	0.2921582233905793	0.6426164189974466	7806	7981
GGTCAGTGGGTCCCAC-1	P17_T1	0.5979767124851544	0.2487228792905808	1.2655015965302787	8815	10938
GGTCGGATAAACGGCG-1	P17_T1	0.6129827071064048	0.23373042712608977	0.39009155511856086	12792	6027
GGTCGGCCAGGAGCTT-1	P17_T1	0.5191928758554988	0.1814152467250824	0.5836646664142608	11315	7795
GGTCGGTCGTCCACAG-1	P17_T1	0.4411207656727897	0.07631532152493792	0.32626987338066105	7678	12510
GGTCGTAAGCTCGCAC-1	P17_T1	0.4184785623351732	0.15757712145646413	1.3125256383419037	3947	11119
GGTCTCTGAATGGACT-1	P17_T1	0.6358403131034639	0.19312806626160944	1.0983326470851897	5643	11716
GGTCTGAGAATCTGGA-1	P17_T1	0.5060124323765438	0.19906396925449377	0.7569346249103546	10863	7400
GGTGAAACCGGGAATG-1	P17_T1	0.1693564392460717	-0.01155717770258588	0.7000481430689495	7257	2662
GGTGAACGGGCTAGCC-1	P17_T1	0.7543268112672701	0.19754146218299867	0.9786553796132407	5445	3050
GGTGAAGTACAGGGAT-1	P17_T1	0.6258437182505925	0.15127581655979155	0.6389432088534037	5986	10732
GGTGAGATGCAGATAA-1	P17_T1	0.1764497258265813	0.04168528040250141	0.1400335089365642	5892	4627
GGTGATAAGGAGCAGT-1	P17_T1	0.6639763663543596	0.11793792704741163	0.4877530781428019	10746	8778
GGTGCATAAATGATTA-1	P17_T1	0.3672316080000665	0.2701186124483745	0.8227783771355948	7105	14674
GGTGCGGATAAGTGGC-1	P17_T1	0.11467060509655214	0.012079365650812746	0.7808259097735089	7024	4630
GGTGCTGATCACAAAG-1	P17_T1	0.6344427824020386	0.12784714182217916	0.6518338561058044	4188	6788
GGTGCTGGTACACATT-1	P17_T1	0.004697592059771216	-0.031118704875310266	-0.24763312776883445	7008	9751
GGTGTAAATCGATTGT-1	P17_T1	0.6072744299968083	0.4553816374142965	0.9995357084274292	9141	15075
GGTGTAGGTAAGTAAA-1	P17_T1	0.3780913833777109	0.04823824644088748	-0.1612887144088746	7443	15266
GGTTACCACCCTCGGG-1	P17_T1	0.6868554695943992	0.23953181932369866	0.3163425417741139	5534	10337
GGTTAGCTATATGTCT-1	P17_T1	0.4678454784552256	0.08834171593189238	0.7915902519226075	11645	10750
GGTTAGGCTTGGAGAA-1	P17_T1	0.33347970989015363	0.09070735494295754	-0.03034881512324017	5885	6990
GGTTAGTTACGGCGCC-1	P17_T1	0.19031656377845335	-0.004886632959047954	-0.5361557046572366	4414	6788
GGTTCCACCCGCTTCT-1	P17_T1	-0.32718154072761535	0.25507884184519447	-0.8109784460067749	12013	1889
GGTTCGGATTATACTA-1	P17_T1	0.5789703138669331	-0.019064855972925843	0.43471603274345405	2596	9146
GGTTGTGCTCTTGTCC-1	P17_T1	0.6067604301042027	0.09953042308489485	0.5140589658419292	2945	6193
GGTTGTGTAGCCTGGC-1	P17_T1	0.6373502223359213	0.10126556515693669	1.1550530846913658	3278	7966
GGTTTAATTACCATCG-1	P17_T1	0.8497086655431323	0.18745389163494114	0.9685155904293061	6202	13884
GGTTTACAATCTCAAT-1	P17_T1	0.2620600118239721	0.06489583194255827	0.38510733167330424	10074	6413
GGTTTGAGTGCTGGAA-1	P17_T1	-0.12016144838598039	0.045572671095530204	-0.6635692842801413	6574	3841
GTAACTGCCCAAGGAG-1	P17_T1	0.8887714468770557	0.22792998830477396	1.0106180449326834	6993	14477
GTAACTTGCGGCAGTC-1	P17_T1	0.2064087261425125	0.05270785272121431	0.31180014093716935	6349	3447
GTAAGCGGGCAGTCAG-1	P17_T1	0.8329083665708702	0.12432843039433161	0.8145405463377633	8944	6015
GTAAGGATTTGTCGGA-1	P17_T1	0.31013203541437784	0.1886214033762614	0.08386059284210201	9518	3457
GTAAGTAACAGTCTGG-1	P17_T1	0.40756672951910233	0.10039677679538728	0.19353860735893247	11083	9370
GTAAGTAGGGTATACC-1	P17_T1	0.5928711938526895	0.05572683473428092	0.8946909030278525	5886	6596
GTAATCTGATTCTTCG-1	P17_T1	0.8291849988202254	0.35210143248240156	0.7509641037384667	6776	11325
GTACACTTACCTGAAG-1	P17_T1	0.6412484987907939	0.12603512922922772	0.5551719510555266	9049	8576
GTACAGAGGCAAGGGT-1	P17_T1	0.4950372049212456	0.1328919757405917	0.2506213825941086	11199	8779
GTACGACGGCGCTGCG-1	P17_T1	0.5765289437936411	0.33817070792118703	0.829251899520556	4763	3835
GTACGAGATTGCGACA-1	P17_T1	0.44202942281961444	0.11104759653409324	0.6332434304555257	8266	5619
GTACGCTTCATTGCAC-1	P17_T1	0.5343091264698241	0.08571709354718526	0.2840145897865296	9948	10548
GTACGTTTGCCCGTCA-1	P17_T1	0.7904169239103794	0.3446202330787977	0.9230314318339028	9496	10152
GTACTAAGATTTGGAG-1	P17_T1	0.5753872035609351	0.08016948262850443	0.12176560560862226	8036	6800
GTACTCCCTTATCGCT-1	P17_T1	0.3730493655138545	0.3210607959826787	0.01964339772860213	4974	8562
GTACTGAGGTCGTAAC-1	P17_T1	0.039128654102484395	-0.06936971604824069	-0.0393958739439646	7140	3646
GTACTGCATGAAGCGT-1	P17_T1	-0.11039337449603609	0.09294068415959678	-0.3342559361457824	6235	3643
GTACTTGGGCACTTCT-1	P17_T1	0.560796236064699	0.20553667664527897	1.0773833696047463	5552	4823
GTAGAAACGGGTGGAG-1	P17_T1	0.4693133576048746	0.14464343965053555	1.1167202003796897	3624	6195
GTAGACAACCGATGAA-1	P17_T1	-0.21314135127597383	0.4147184324264527	0.17373016039530442	8048	2861
GTAGACACGCCTGACT-1	P17_T1	0.1428811911741893	-0.03126224478085837	0.17957462787628176	9371	13894
GTAGACGTCGTTACAT-1	P17_T1	-0.18291488389174143	0.17744413654009503	-0.29332161823908487	6234	4037
GTAGAGGGAGACAAGT-1	P17_T1	0.7075270807411935	0.20284855405489605	0.8950147529443107	5304	11518
GTAGCCAAACATGGGA-1	P17_T1	0.5695871979826026	0.27473790327707925	0.6682527563969296	9719	11335
GTAGCGCTGTTGTAGT-1	P17_T1	-0.002444542911317571	-0.08441542228062945	-0.14726728359858188	7483	2662
GTAGCGGCTATACACT-1	P17_T1	0.48909618374374175	0.11026821474234261	0.5343707863489788	9613	9168
GTAGCTAGTAAGCGCG-1	P17_T1	-0.20377941846847533	-0.1470734182993571	-0.34713149070739746	10881	1886
GTAGCTCCGGGAGGCT-1	P17_T1	0.4544596281482115	0.3876098840435346	0.6757814460992813	5975	14277
GTAGGTGATCCGTGTA-1	P17_T1	0.06955571863386367	-0.07086404959360758	-0.009682548046112016	10758	4839
GTAGTCGCGGGAATCA-1	P17_T1	0.7772698799769084	0.3820059259732564	1.1251272614796959	10965	11142
GTAGTTCGAAGGCGAA-1	P17_T1	0.7300607191854053	0.09095981021722155	1.1471798737843832	6201	14278
GTATAGGACTCAGTAG-1	P17_T1	0.5867783179548052	0.33940313816070555	0.5300155655543011	8380	5422
GTATCAGCTTGGGTTC-1	P17_T1	0.3661875142653784	0.22235170165697732	0.22980029821395864	5663	5414
GTATCTCAGTCTTGAC-1	P17_T1	0.2266249880194664	0.05146773437658944	0.26331362366676325	4281	12893
GTATCTTTCATAACCA-1	P17_T1	0.46685287508699636	0.17348178227742517	0.35420685450236	9269	10546
GTATGAAATTTCACTC-1	P17_T1	0.10846262087424602	0.08691463251908621	-0.7291224813461303	4285	11711
GTATGACGTGGGAAAC-1	P17_T1	0.346028522948424	0.12415407717227933	0.01772831122080487	5106	2852
GTATGTGGGTCTAGTT-1	P17_T1	0.441537732415729	0.1919992589950561	0.7296311688423156	12217	8980
GTATTAAGGCGTCTAA-1	P17_T1	0.3186009712351693	0.18534181276957196	0.803283389012019	4758	5411
GTATTCTGAGAAACGA-1	P17_T1	0.6567527847323154	0.2897577873865763	0.6214545049269993	6098	10929
GTCAAAGAAGTGGTGT-1	P17_T1	0.10920458422766793	-0.04923244754473366	0.05086799144744869	3830	12498
GTCAAAGTTTACATAG-1	P17_T1	0.4018954796923532	0.14460105319817862	1.212834698756536	5102	4033
GTCAAGCGGACTCGGG-1	P17_T1	0.6821596989366743	-0.0035326910018920743	0.2600524171193439	10518	9171
GTCAATTGTACTGAAG-1	P17_T1	0.14073781092961635	0.1773304295539856	0.5065351295471192	6918	2464
GTCACAAAGTTTCCAA-1	P17_T1	-0.02950574298699693	0.1162258513768514	-0.6837358156840007	8726	3257
GTCACTCTCCAAATCT-1	P17_T1	0.40321018036868833	0.0196793832381566	0.9856664137045541	5322	6003
GTCAGAATAGTCTATG-1	P17_T1	0.5953707520829306	0.14801933685938518	0.33514405647913614	5431	7382
GTCAGTTGTGCTCGTT-1	P17_T1	0.10209026018778483	0.016142127513885496	0.17262937386830646	9858	3261
GTCAGTTTGGTAGTCG-1	P17_T1	0.5587542476587825	0.2572598020235697	0.5771501108010608	3281	7179
GTCATGCACCTCCGTT-1	P17_T1	0.16868093527025652	0.03139504770437879	-0.46927817066510513	8714	7196
GTCATGGACATGACTA-1	P17_T1	0.49048232555389404	0.15372682293256124	0.5334381087621052	8829	6605
GTCATTAGAGCGAACG-1	P17_T1	0.6436282913552389	0.32281856010357535	0.307799693743388	9388	8774
GTCATTGCATTGACCC-1	P17_T1	0.49321369939380216	0.392115912437439	1.0945623302459717	3732	7574
GTCCAATATTTAGCCT-1	P17_T1	0.6368477253781424	0.14326450030008953	0.9741762189070382	7785	14283
GTCCAGGCACGTGTGC-1	P17_T1	0.18478753719064928	0.07021888693173722	-0.24677988966306053	6764	15264
GTCCCAACGTAAAGTA-1	P17_T1	0.518480374581284	0.36997462431589756	0.2571242094039916	10069	7988
GTCCGAGAGCAATCAT-1	P17_T1	0.354622006615003	0.2290311455726623	1.23972869793574	2713	7768
GTCCGGACCTGAAATT-1	P17_T1	0.4667177376482222	-0.022567215363184623	0.8902462093035379	11754	12129
GTCCGGCTGAATTGCG-1	P17_T1	0.4732322654459212	0.05142841955025995	0.38408413569132493	7696	6996
GTCCGGGTTCACATTA-1	P17_T1	0.05113673965136212	-0.11106534361839296	-0.46277500033378605	9820	15077
GTCCTACAGGCGGCTC-1	P17_T1	0.36227252994974457	0.20380454321702324	0.9050193885962168	3627	5013
GTCCTACGAATAGTCT-1	P17_T1	0.32264567474524175	0.16530231237411497	0.1360738090674083	12094	11933
GTCCTATTGTTGTGGT-1	P17_T1	0.5158149678508441	0.1062952699263891	0.6488436265786488	2602	7176
GTCCTTCTAGTGGGTT-1	P17_T1	0.5268694519996643	0.16080889582633978	0.1747677461306254	11102	3462
GTCGCCGTTGTGTGTT-1	P17_T1	-0.06409018092685276	-0.23376520077387491	0.5046826648712158	6659	12704
GTCGCGTAACCCGTTG-1	P17_T1	0.24028810660044347	0.028737538258234663	0.06173816760381046	10292	9170
GTCGGATATCTCAGAC-1	P17_T1	0.425888580083847	-0.03123314817746481	0.7068384768565497	5882	7778
GTCGGATGTAGCGCGC-1	P17_T1	0.06863416453202564	0.16806275765101114	0.10946321964263916	10532	4838
GTCGGGAACATGGTAG-1	P17_T1	0.27857388572560415	-0.008857183456420892	0.9557956266403198	2255	9342
GTCGGGAAGCAGAAAC-1	P17_T1	-0.047841494878133134	0.034783724347750344	0.1251720587412516	9147	13105
GTCGTACCATCTCGGG-1	P17_T1	0.4669516353474722	0.2525707109769185	0.3261853226025899	8816	10544
GTCGTACCTACGATTG-1	P17_T1	0.10940106176667747	-0.0010302454233169778	-0.0738628121217092	2823	8753
GTCGTATTGGCGTACA-1	P17_T1	0.3271164126031928	0.19056124458710355	0.3607730426390965	12568	5239
GTCGTCAATTATAAGG-1	P17_T1	-0.08069100303782356	-0.04217589537302652	-0.29481685360272725	6914	3645
GTCGTTATTCGCTTAT-1	P17_T1	0.771378420525127	0.186543664932251	0.5713399501641592	10401	10549
GTCTACTCAATTACAA-1	P17_T1	0.05358936395910047	0.12100998719533285	0.6822127644220989	3276	8754
GTCTATCTGAGTTTCT-1	P17_T1	0.7844757082727221	0.3202647332350413	0.31961778561274223	6556	9355
GTCTATTGGTTCCGGT-1	P17_T1	0.06503590795728897	-0.08671099185943604	-0.2713758293787637	11983	11342
GTCTCAAGGCCCGGCT-1	P17_T1	0.29168556974993815	0.3062715617815654	-0.24758552869160966	9260	13303
GTCTCCGCCTCAATAC-1	P17_T1	0.6808572106228934	0.20226012508074437	1.0176495885849	8687	15467
GTCTCCTGCCAGTATG-1	P17_T1	0.594733939965566	0.15658080895741777	0.49772715806961054	3262	13087
GTCTCGATCTGCTTTC-1	P17_T1	-0.0022071451610989057	0.14432705561319986	0.6988222138086956	10870	5430
GTCTGGGCGGTCGAGA-1	P17_T1	0.5278246950440936	0.22564732223749162	0.8441615351041158	6779	10538
GTCTTAGTACAGCCGG-1	P17_T1	0.24964053286446464	0.0755041766166687	-0.5156848510106404	10648	3854
GTGAAACGGCGCCACC-1	P17_T1	0.3499354106022252	0.01865143338839209	0.6720561955372493	11773	6221
GTGACCGCACACTACG-1	P17_T1	0.597537813782692	0.37216752290725713	0.16052941958109535	12103	9176
GTGACGCAGGTTTCAT-1	P17_T1	-0.005967870884471482	0.034625294208526614	-0.239528889656067	10275	14291
GTGACTTCAGTAGTGC-1	P17_T1	0.5760775330993865	0.18121998608112333	0.43853758414586386	7458	10540
GTGAGATAACCTTATA-1	P17_T1	0.17566031432814067	0.09068960309028626	-0.029441585540771475	6425	15066
GTGAGCGTGCTGCACT-1	P17_T1	0.32100173092550705	0.07464092294375102	0.6425579261779786	4637	7971
GTGAGGACACTTAAGG-1	P17_T1	0.5502251578039594	0.04403656641642256	0.8616490610440573	10517	9565
GTGAGGAGCGGTTGAG-1	P17_T1	0.5753171451555357	0.13769815504550936	0.9503285292784371	11666	4054
GTGAGTCTAAGACGGA-1	P17_T1	0.2459801107313898	-0.0727069632212321	1.297526706059774	3057	6390
GTGAGTGGTACAACGC-1	P17_T1	0.6047681421041489	0.13979317168394723	0.4922822276751202	8133	11724
GTGATCAAGCGTGCAC-1	P17_T1	0.2656065360705057	0.2510993353525798	0.033691896597544346	4843	14273
GTGATCACTAACGCCT-1	P17_T1	0.4034036105208926	0.0951780351003011	0.3508908859888713	12777	10754
GTGATCATAGATCTGC-1	P17_T1	0.634582946681314	0.1456233079234759	0.23797926346460985	8251	10345
GTGATCCTTGTCATGA-1	P17_T1	0.14500884546173942	-0.000704514980316151	-0.604091331164042	11296	13703
GTGATGCACAACATCT-1	P17_T1	-0.09563189771440292	0.07514583190282187	0.44463015715281173	12686	3861
GTGATTCGCCGCTCAA-1	P17_T1	0.5116308040751352	-0.002938255469004336	0.7528317101796469	6325	10930
GTGCAACAAATGTGGC-1	P17_T1	0.12425967156887052	-0.14633065859476724	-0.24774530013402307	8836	4242
GTGCACCAGCTTCAAC-1	P17_T1	0.9341928851604462	0.311640735467275	1.2659066446622214	7898	14480
GTGCACGAAAGTGACT-1	P17_T1	0.4186776932080587	0.04209392031033832	0.338884580930074	9853	4836
GTGCCATCACACGGTG-1	P17_T1	0.6070726023779975	0.10284682472546897	0.5149669885635375	5650	9746
GTGCCCGTTCGGATTC-1	P17_T1	0.5412569802999496	0.360448378721873	0.8995113237698875	11424	9174
GTGCCGCTTCAAAGGT-1	P17_T1	0.6886618391010496	0.14958295087019596	0.7569043231010437	6780	10144
GTGCCTCAGTGTACGG-1	P17_T1	0.5820732545190387	0.10270066459973654	0.7674211351076761	12347	3663
GTGCGAAATCGAACAC-1	P17_T1	0.659244725273715	0.16613321642080942	1.1867297889788948	6666	10340
GTGCGGGTCTCCAAAT-1	P17_T1	0.5875263123379812	0.2214043970902761	0.8982863434155783	8153	5422
GTGCGTGTATATGAGC-1	P17_T1	0.5209373341004054	0.10265113492806754	0.39876535813013714	11196	9567
GTGCTCAAGTACTGTC-1	P17_T1	0.6906523009306855	0.23341545492410654	0.8382405986388526	7692	8177
GTGCTGCAGATAAGGA-1	P17_T1	0.6561800299750433	-0.0962118210395177	0.8067118819554648	2597	8752
GTGGAACCTACATGCG-1	P17_T1	0.6016220195425882	0.23957723001639042	0.7101559078693389	10986	4446
GTGGACCAACCCGATT-1	P17_T1	0.18585686306158702	-0.03289299488067626	-0.15166474342346192	5082	10335
GTGGACGCATTTGTCC-1	P17_T1	0.7191707108418147	0.27294395565986634	0.5320435452461243	9036	12514
GTGGACGTGCTGAGAC-1	P17_T1	0.3709682686461343	-0.11980594038963319	0.7369902408123017	6231	4825
GTGGAGCGTTTACCGA-1	P17_T1	0.48136590527163614	0.15313495874404903	0.4309578696886699	3602	12891
GTGGAGTCGGCGGTTG-1	P17_T1	0.5304312415917714	0.10253585368394852	0.5318588689963024	6095	12111
GTGGCAAACAGCGGCA-1	P17_T1	0.639076482736402	0.22232113043467205	1.2005329086383185	4060	11317
GTGGCCTAATATCATT-1	P17_T1	0.4811276258362664	0.2079425311088562	0.3456265767415363	1919	8356
GTGGCGGTCCCAGCGT-1	P17_T1	0.4562328349550565	0.0926294388373693	0.70897079428037	4066	9347
GTGGGAACAAACCGGG-1	P17_T1	0.5870722536908255	0.13604086836179097	0.1569306707382203	7103	15462
GTGGGAAGACTGAATC-1	P17_T1	0.5847383230924607	0.10241074661413829	0.5841843855381013	3497	10330
GTGGGCTTAGACACAC-1	P17_T1	0.40854697858293854	0.18852904518445335	0.40529388546943657	6224	7188
GTGGTATAGTCTGCCG-1	P17_T1	0.39363894353310264	0.26318440894285844	0.48785809954007453	6432	12703
GTGGTCAGCGAAGTAT-1	P17_T1	0.23243927703963385	0.23642606377601622	0.9035671472549438	12235	3072
GTGGTGGCCAAGTGAA-1	P17_T1	0.5307601385811965	0.21494009226560595	0.5222180986404419	10741	10353
GTGGTTTCCGCCTTTC-1	P17_T1	0.03385801255702975	0.01433819969495137	0.06941734075546258	5423	9746
GTGTACCTTGGCTACG-1	P17_T1	-0.13432433139946728	0.11032866696516674	-0.4877050002415975	10640	6611
GTGTATATCAGCGGGC-1	P17_T1	0.20124523215823698	0.032978152831395435	0.540455657641093	10393	12912
GTGTCAGTGTACGTGG-1	P17_T1	0.4060704475641251	0.04762518008550004	0.64003098487854	6539	14869
GTGTCGTATAGCGTTC-1	P17_T1	0.5869817103611097	0.30354981164137523	0.9798966002464295	10396	12125
GTGTTACTATGCGTCC-1	P17_T1	0.6419372355275683	0.17037075688441589	0.6600069675842919	10291	9564
GTTAAAGTAGGACTGG-1	P17_T1	-0.1712988811069065	-0.07051861047744751	-0.08180561145146692	11191	11143
GTTAACATCACTTAAA-1	P17_T1	0.13589678870307076	0.1540139937400818	0.3855719129244488	10055	12321
GTTAAGGGTGCGATGT-1	P17_T1	0.3068736962808503	0.1826527738571167	0.24471976002057394	9825	13501
GTTAATGTCTATCTTA-1	P17_T1	0.6751488153470888	0.11338059822718305	1.0300865352153779	3167	7375
GTTACAATTGGTGACG-1	P17_T1	0.3709550401237276	0.15390679597854612	0.3837471898396809	5540	8761
GTTACCTACAACTTGC-1	P17_T1	0.686874982184834	0.2717244333028794	0.588806339899699	9381	10743
GTTACTTTGGGCCTAG-1	P17_T1	0.7076972529623243	0.1339657729864121	0.7332022452354432	7573	9949
GTTAGAGTGTGCCGCT-1	P17_T1	-0.26769897500673934	0.04248542547225953	0.09938301722208664	10312	2868
GTTAGGCTACCCGTTT-1	P17_T1	0.18655982719527353	0.09615874886512754	0.39634324709574387	3378	12102
GTTATATTATCTCCCT-1	P17_T1	0.4926454726689391	0.3330911346276601	0.4622124222914379	8136	10936
GTTATCACCTTCTGAA-1	P17_T1	-0.2701734387874603	0.12639735281467435	-0.8572362470626831	8389	2665
GTTATTAAATACGACC-1	P17_T1	-0.4235144650936127	-0.05834480047225954	-1.0101023721694946	11446	2084
GTTATTAACGTGGGAG-1	P17_T1	0.5426486712031894	0.23460850516955062	0.7778132200241088	3851	5802
GTTCAATCTATGTCAA-1	P17_T1	-0.20021065592765808	-0.2160174520810445	0.28144064585367834	11333	2281
GTTCACAGGAGTCTAG-1	P17_T1	0.4768082493543625	0.03567900657653811	0.76401283065478	5656	7777
GTTCCAGTCTGACCAT-1	P17_T1	0.36525800135400555	0.12040733635425571	0.9362248822053274	7816	4830
GTTCCGTCCGCCTGCA-1	P17_T1	0.07743750486108997	0.13518397967020668	-0.2704053465525308	6537	15263
GTTCGCCATAAGTGCC-1	P17_T1	0.5888261435429256	0.0956014694770177	0.7711562438805899	7803	8768
GTTCTTCCCTCGATGT-1	P17_T1	0.33269534740183093	0.01304705659548444	0.7240365318457285	7591	4435
GTTGAACCGGTTCCAT-1	P17_T1	0.5598451594842806	0.19056984186172488	0.8205503447850546	6329	9748
GTTGAGTCCCGCCGGT-1	P17_T1	0.5859601682755683	0.1995026685794195	1.2265356659889222	10623	11732
GTTGCACGGAGTTTCG-1	P17_T1	0.5878086953692965	0.01500883579254153	0.580299643278122	7245	6207
GTTGGATTCAGTGGCT-1	P17_T1	0.5232738812764485	0.11801300366719569	0.6943386546770733	12683	4648
GTTGGATTTGCGTTGG-1	P17_T1	0.5864213096764352	0.09253041009108226	0.6082707349459331	7464	8570
GTTGGTCATGCTATCC-1	P17_T1	0.6239730331963963	0.3590902688105901	0.7721969552834831	8924	12317
GTTGTAGATTTATGAG-1	P17_T1	0.4349667870336108	0.08731332619984944	0.902460902929306	8914	15468
GTTGTCGTGTTAGTTG-1	P17_T1	-0.19762001931667328	-0.030152721007665	-0.6578700518608094	7138	4434
GTTTACGTTCCATCTG-1	P17_T1	0.7771901059481833	0.3270067143440247	0.6494199585914613	9041	10939
GTTTCATATCGTCGCT-1	P17_T1	0.3772850535313288	0.11678702831268312	0.5174188788731893	4859	9153
GTTTCCTGGAGGGTGA-1	P17_T1	0.3655974928206868	0.11862255513668063	0.5887417789300282	7358	6404
GTTTCTGCAGTCTCCC-1	P17_T1	0.7735683675607045	0.414693299929301	0.8223334364096322	9952	9366
GTTTGACCAAATCCTA-1	P17_T1	0.5972590594821505	0.194312059879303	0.9437925191720329	8373	7392
GTTTGGCCCAAGTTAT-1	P17_T1	0.41423815598090497	0.22111701786518095	0.3431833132108051	10856	9763
GTTTGGCCGCTCAGCG-1	P17_T1	0.47895779430866237	0.06442637602488199	0.8718318335215249	5442	3838
GTTTGGGCTTGTGAGC-1	P17_T1	0.6958535313606262	0.10673281669616697	0.5226748895645141	9152	11530
GTTTGGTAGGGTCAAC-1	P17_T1	0.6401260424984827	0.23798535943031307	0.8056417775154114	8472	11922
GTTTGGTGATCGGTGC-1	P17_T1	0.6248881169160206	0.22330785532792408	0.8657013463973999	6087	14474
TAAACCCAGGAGGGCA-1	P17_T1	0.6303197024265926	0.06446356008450194	1.0634885527690252	5868	12110
TAAACGTCGTCAATGA-1	P17_T1	0.2838231732447942	0.013942962487538624	0.3747472802797953	3175	5012
TAAAGAGCCCGAAACC-1	P17_T1	0.148295850025283	0.10909513076146443	0.4058202147483825	7028	3449
TAAAGCGGTATTTCCA-1	P17_T1	0.7282763007448778	0.2711957296729088	0.9093041487534843	7334	13887
TAAAGCGTTAGGAGAA-1	P17_T1	0.5734198859665129	0.26696167349815364	1.1116078555583955	11770	7009
TAAAGCTGCAATAGGG-1	P17_T1	0.5950539969073401	0.05018089065949122	0.6759482677777611	12796	4846
TAAATGAATCCGTTTC-1	P17_T1	0.34596801622046364	0.1653041656812032	0.5596646420160931	5096	6003
TAACAAAGGGAGAAGC-1	P17_T1	0.057148686779869895	-0.08548590540885925	0.4805589826901753	5776	5611
TAACAATATTTGTTGC-1	P17_T1	0.4271656267510521	0.19086288472016655	1.0155738731225332	3621	6983
TAACAGCGTTTGTGCT-1	P17_T1	0.6571883361372683	0.13161876032749814	1.138216780026754	5976	13883
TAACATACAATGTGGG-1	P17_T1	0.6373552238610055	0.2836293539404869	0.4647797024250031	9727	8972
TAACATACACGCGATC-1	P17_T1	0.1852426732579867	0.007682281335194885	0.6592349104086559	4623	12303
TAACCGCCCGCAGTGC-1	P17_T1	-0.27348931550979616	0.06195271889368692	0.2737875096003215	7368	3253
TAACGCTTTGAGAGCG-1	P17_T1	0.5131196506818135	0.1379407195250193	0.7353328986962637	5093	6790
TAACTATCGAAGGTCC-1	P17_T1	0.0077849306331740364	0.049126124183336894	0.9558879590034486	5661	6201
TAACTCATCCGCGCGG-1	P17_T1	0.304999353637298	0.17681160132090246	0.6384944814443587	7347	9949
TAACTCCATGGAGGCT-1	P17_T1	0.5059398252103064	0.06824038843313854	-0.027769870758056703	4872	5214
TAAGCAGGCGACACGC-1	P17_T1	0.5344923954870966	0.06141355832417805	0.2116871670881908	3956	8362
TAAGCGCGAATCAAAT-1	P17_T1	-0.20979263616932764	0.16493133425712586	-0.623974305788676	4616	14272
TAAGGAACTTGTGGGA-1	P17_T1	0.50299804409345	0.06871609012285868	0.17373751799265547	6345	4628
TAAGGCAACATAAGAT-1	P17_T1	0.5221902062992255	0.19295490036408108	0.6229211978117626	9848	6412
TAAGGCATAACATCAA-1	P17_T1	0.33078586647907887	0.21519335587819416	-0.18386290152867635	7338	12706
TAAGGCCCGTCACCCT-1	P17_T1	0.25462438129716447	0.2859288342793782	-0.2531908708810806	9711	13698
TAAGGCTGAATCCCTC-1	P17_T1	0.440606267982059	0.10410553336143497	0.39853541453679386	12778	10360
TAAGGGCCTGTCCGAT-1	P17_T1	-0.0884269496467378	0.30695342818895976	-0.374441028436025	12544	12722
TAAGGGCTGGGAGAGG-1	P17_T1	0.5348238723807864	0.19908780395984643	0.17802467544873557	3844	8165
TAAGTAACATCTTGAC-1	P17_T1	0.5892197814914916	0.1257726130882899	0.4469431388378142	6326	10536
TAAGTCGCCGAGTATC-1	P17_T1	0.5489941242337227	0.15676390230655668	0.670174309213956	5416	12109
TAATAAACAAGGAGAT-1	P17_T1	0.33592865692244633	0.3607134344180425	0.5612831278642019	12117	4844
TAATACACAGTAGTAT-1	P17_T1	0.5030187383294106	0.25396617601315175	0.6257806936899821	9059	5425
TAATACTAGAACAGAC-1	P17_T1	0.6216288038094838	0.10808253367741905	0.6519500688711803	10499	15079
TAATAGAACAGAGTTA-1	P17_T1	0.6083233141236835	0.1601021414995193	0.445291480620702	6097	11323
TAATAGGTCACCAGAA-1	P17_T1	0.6359982554780111	0.19964029192924498	0.15210209051767998	4166	13483
TAATAGTGACGACCAG-1	P17_T1	0.08141366680463152	0.2317134435971578	0.1526836824417115	11205	6810
TAATATTGAAATTCGC-1	P17_T1	0.2103542988830142	0.07438170194625854	0.18502167542775472	7137	4828
TAATCGATCCGTACGT-1	P17_T1	0.5745515426662233	0.14816544810930882	0.4678807004292804	12338	6420
TAATGAAAGACCCTTG-1	P17_T1	0.27737821602159074	-0.11741071502367659	0.5284637765089673	3736	6392
TAATTAGATGGATATG-1	P17_T1	0.6221932231055365	0.3624242194493612	-0.10094621499379475	5443	3444
TACAAATTGCGGAGGT-1	P17_T1	-0.27686982035636903	-0.03305648565292357	-0.7904854345321656	10995	1689
TACAACGCACAACTCA-1	P17_T1	0.31885799500677325	0.05188789824644724	0.03901394089063004	7348	9555
TACAAGTCTCGTGCAT-1	P17_T1	0.44860650718212125	0.2000179461638133	-0.08130554517110178	4864	7577
TACAATGAAACCAGCA-1	P17_T1	0.1520741395155589	0.2533285784721374	0.23779081503550215	6920	1676
TACATAGGCATACACC-1	P17_T1	0.7432351188858349	0.4842530421415964	0.8386460749308267	8593	9362
TACATCCCTATCCCTG-1	P17_T1	0.29067452179061043	-0.17624767502148947	-0.17961599111557014	3385	10133
TACATTTCTAACGTGC-1	P17_T1	0.6566041336125799	0.11692913611729944	0.5074042836825055	8028	9163
TACCAAATAGCCCAGA-1	P17_T1	0.5416510173016124	0.20764672438303627	0.7332964034875233	8695	13104
TACCAGAAGTAGGTTC-1	P17_T1	0.7021570493446455	0.23684072663386668	0.5056117711464565	7569	11131
TACCAGCTAGGTTTAA-1	P17_T1	0.008785536951488926	0.1459751538435618	-0.12248228470484401	9178	3653
TACCAGGAATCCCGTC-1	P17_T1	0.04549576961331897	0.12560393790404	-0.5159653039773304	5860	14867
TACCGCGGACTTGCAG-1	P17_T1	0.22699968891011346	0.027021372318267844	0.42910136799017606	12786	7997
TACCGGCTCACTGCCC-1	P17_T1	0.45881183501746914	0.21508357008298234	0.43529104789098105	9155	10742
TACCGGTCGTTTCCAT-1	P17_T1	0.7098535733090505	0.0502968760331472	0.7150916528701783	5648	10140
TACCGTAGGTTAACTA-1	P17_T1	0.4004787499374814	0.13509886562824247	0.18298850774765008	8242	13102
TACCGTGCCTCGGACC-1	P17_T1	0.6774424843986828	0.2955674336353938	0.9962294399738312	9605	11531
TACCTACTCCCAGTAT-1	P17_T1	0.22390439069933366	0.035394602616628024	-0.22869646747907002	8809	12907
TACCTCACGCTTGTAC-1	P17_T1	0.11450719734032955	0.12410216490427656	0.20296709458033257	8156	4634
TACCTCAGTTGTCTGT-1	P17_T1	-0.0488758818308512	0.08893335024515789	-0.517445797920227	7449	13297
TACCTCCACACCAATG-1	P17_T1	0.5114471393823623	0.04033136884371441	-0.1227134537696839	5069	14274
TACCTGCTGCACTGTG-1	P17_T1	0.5076545344458685	0.32320745249589283	0.5023574900627137	4300	6985
TACCTTAAGATTTCCC-1	P17_T1	0.05233153296841514	0.14303988734881085	-0.48651182492574063	5079	11123
TACGAACACGACTTCA-1	P17_T1	0.6281695154971547	0.2922050155202548	0.48225734730561576	7807	7587
TACGACGCTTGCTGCG-1	P17_T1	0.5858120577865176	-0.08312759657700858	0.13127434611320488	7911	10541
TACGACTGCCTCTTAG-1	P17_T1	0.6574277191360791	0.06532633384068809	0.27350372433662407	9270	10152
TACGAGAACTTCACGT-1	P17_T1	0.6435997749699488	0.18268149534861244	0.65906973361969	6220	8370
TACGATGTTGATCATC-1	P17_T1	0.6148410863512092	0.1889003615578016	0.8456974893808364	5767	8368
TACGCAGTTCTTTCCT-1	P17_T1	0.5375737975703345	0.032986842791239424	0.7966942707697549	7574	9555
TACGCCATATTCTAAT-1	P17_T1	0.5286205731829007	0.08210461258888241	0.36291159868240364	8367	9361
TACGCCGAGGGTACCC-1	P17_T1	0.2837759516967667	0.029697455763816827	0.22265612860520667	5641	12503
TACGCCTCCATTCCGA-1	P17_T1	0.09067715684572858	0.1893796459833781	0.3358039943377178	8471	12315
TACGGGATGCTAGCAG-1	P17_T1	-0.0624216173754798	0.05042509277661644	-0.41152309815088906	11209	5628
TACGTACTAGTGCTGA-1	P17_T1	-0.1020622562037574	0.1354431740442912	-0.025693789323171012	6542	13688
TACGTGCACTATGCTG-1	P17_T1	0.06763607846366038	0.2555787817637125	0.8704930837949116	5550	5610
TACGTTTACCGGCAAT-1	P17_T1	0.6865047837628259	-0.04434642672538758	-0.059597889582316044	5424	9352
TACTATGGTTCCTCAG-1	P17_T1	0.5441948779424032	0.04599136312802632	0.30964391072591146	7111	12705
TACTCCTCTAGTTGAC-1	P17_T1	0.8874462942944632	0.22983809808890027	0.6125000083446503	5862	14080
TACTCGGCACGCCGGG-1	P17_T1	0.4095740481217703	-0.031774315834045413	0.356578089396159	3616	8558
TACTCTCCGAACAAAT-1	P17_T1	0.31551399840248956	-0.04825006167093915	-0.3442942436536153	10982	5628
TACTCTTTCGTCTTCA-1	P17_T1	0.44032381968365775	0.12417641262213389	-0.22924435456593828	6998	12902
TACTGAACAGATTTAG-1	P17_T1	0.3582605586780442	0.18257583220799767	-0.3364211491743724	6773	12507
TACTGGACAGCTCGGC-1	P17_T1	-0.0734181712733375	0.08497180740038557	0.006365443070729615	4635	8364
TACTTGTTAGTAGTCC-1	P17_T1	0.4647610067658954	0.16657703320185346	0.938715921243032	11651	8781
TACTTTCCGCACGCCA-1	P17_T1	0.42159972237216103	0.32176942686239873	0.9835527372360229	3949	10725
TAGAAACCACTAAGTA-1	P17_T1	-0.2578525185585022	0.08482306639353432	-0.077437789440155	10766	2476
TAGAAAGGTGGCGCTA-1	P17_T1	0.38196772989299554	0.2152103872100512	0.7292382268110909	10976	7597
TAGAAATTCACGTATA-1	P17_T1	0.06738002982404495	0.12078797539075217	0.21071541547775263	2937	8556
TAGAATTAAGGGCAAC-1	P17_T1	0.015116947491963684	-0.1900130518277486	0.7057532882690429	10423	3460
TAGACGAAACGCCAAT-1	P17_T1	0.36626185619168805	-0.040275932351748145	0.28624666213989247	10050	13896
TAGAGATCATGCAACT-1	P17_T1	0.18437428365151087	-0.007974743247032151	-0.1771532336870829	4743	10137
TAGAGCTACGAAGAAC-1	P17_T1	0.176644436220328	0.25098494013150535	-0.0005418769518534816	7818	4042
TAGAGTCTAAGCGAAC-1	P17_T1	0.6433333127697308	0.24901853084564213	1.1423708808422088	8035	7194
TAGATATGGACTGGAA-1	P17_T1	0.6272391458517976	0.27302318642536794	0.6677444159984589	7796	11132
TAGATCCGAAGTCGCA-1	P17_T1	-0.06267952422300974	0.17509417454401652	0.03765438874562588	9971	3458
TAGATTCAAAGTGCGG-1	P17_T1	0.1908466790119807	0.2519124772151311	-0.46015409906705224	6198	15065
TAGATTCCTGGTTATT-1	P17_T1	0.16946741335921817	0.041482843359311405	-0.056793702046076366	4071	7772
TAGCAACCTGTCACAA-1	P17_T1	0.22634983791245356	0.19308831294377643	-0.0969551436106364	4757	5805
TAGCCATTTCAAAGTC-1	P17_T1	0.7049663325150807	0.14261935333410897	0.8936895620822907	11874	9963
TAGCGTCCGGTGTGGT-1	P17_T1	0.5648627649413214	0.29995280762513477	1.1486294253667197	10509	11928
TAGCGTCGAATATTGA-1	P17_T1	0.5534159149063959	-0.05008178790410356	1.0245228385925294	2259	8160
TAGCGTTGGGTCTTAC-1	P17_T1	0.9326199038823445	0.3247267591953278	0.6159474897384642	9500	8971
TAGCTAAGTCCGGGAG-1	P17_T1	0.6046702080302768	0.22858417153358457	0.6918464700380962	8261	7194
TAGCTAGAAGGCATGA-1	P17_T1	0.7872974213461081	0.231181435684363	1.1915565456946693	7568	11525
TAGCTAGTGATGATGG-1	P17_T1	-0.1821712523698807	-0.06084422747294109	0.07998142480850223	7223	13296
TAGCTCGCCTGATAAC-1	P17_T1	0.5141467509667079	0.5008016834656397	1.01572857995828	8361	11330
TAGCTGATGTGAAGCG-1	P17_T1	0.6103751367992826	0.17244812329610187	0.38969039837519337	2933	9738
TAGGAACAGCCTCCAG-1	P17_T1	-0.07994046807289124	-0.11724601984024048	-0.34666210651397705	11671	2479
TAGGCATGTTACGCCA-1	P17_T1	0.2593585209714042	0.15692331194877623	0.32972982406616214	11434	6023
TAGGGAGCTTGGGATG-1	P17_T1	0.3931659921672609	0.06182234227657318	0.7619572456677755	12671	8587
TAGGGTGTTTCAAGAG-1	P17_T1	0.5377488261792395	0.12926599542299905	0.8803838566939035	7926	5815
TAGGTCCAAGTAAGGA-1	P17_T1	0.07120270136329865	0.08850809276103971	0.34424113829930625	4413	7182
TAGGTCGCCGGAACTG-1	P17_T1	0.18735767910877865	0.08209985862175623	0.4607362810770672	13126	7801
TAGGTGAGCCCTACTC-1	P17_T1	0.5352539910872777	0.09638624986012773	0.22353216171264645	5545	7186
TAGGTGCTCGCCTAGC-1	P17_T1	0.22936313102642691	0.3746317895253499	-0.6048286163806915	11536	9371
TAGGTGTTCCACAGAT-1	P17_T1	0.6811804485652182	0.510795452495416	0.5788481513659158	8581	13300
TAGGTTCGAGTTCGTC-1	P17_T1	0.42441973497470226	0.2057127447923025	0.02485615889231374	9389	8380
TAGTACCTTAGTGGTC-1	P17_T1	0.08613962226443822	0.05615601619084673	-0.38168561776479093	4191	5606
TAGTAGCTTATACCAG-1	P17_T1	0.11716585003667401	0.032210121949513726	0.320095926920573	6656	13491
TAGTCCCGGAGACCAC-1	P17_T1	0.5786039499441784	0.09449247956275941	0.8611171865463256	7219	14478
TAGTCCGCAGAGAATG-1	P17_T1	0.5060341200563643	0.02149523337682091	0.15326741218566897	7802	9162
TAGTCGATCACGGGTT-1	P17_T1	0.34247255434592566	0.2704805690050125	0.3915144693851471	12663	10950
TAGTCTAACAACGAGA-1	P17_T1	0.3774374178383086	0.11093719164530436	0.791915642420451	5651	9352
TAGTGCCCTCCAGAGT-1	P17_T1	0.6084168139762349	0.07656880617141726	0.5904115565617878	7693	7783
TAGTGGAACTCATACA-1	P17_T1	0.0013332485490374912	0.282219432592392	-0.7957537794113159	11220	2084
TAGTGTCAGAAACGGC-1	P17_T1	0.401165817313724	0.07759275794029236	0.20456121206283573	3965	5605
TAGTTAAGATAGGATA-1	P17_T1	0.7901562688748043	0.2717817318439484	0.6812575054168701	11101	3856
TAGTTTATTCTTGCTT-1	P17_T1	-0.12251385937134426	0.07912202934424079	-0.06410503745079044	8271	4044
TATAAATCCACAAGCT-1	P17_T1	0.056272748245133286	0.05143893877665201	-0.3975803772608439	6795	5417
TATAAGTGAGGATAGC-1	P17_T1	0.11711274425188703	0.009067488908767699	-0.13193059206008906	6229	5612
TATACACAGACGCCTT-1	P17_T1	0.005234221220016488	0.05723899165789284	-0.3182368556658427	8587	11331
TATACACGCAAAGTAT-1	P17_T1	-0.031004471381505305	0.0695858379205068	-0.1226607163747152	5891	5021
TATACGCGTCATCACT-1	P17_T1	0.6105770694216092	0.4359446219603221	0.15022582530975348	9486	13303
TATACTCATGCGGCAA-1	P17_T1	0.17153970407115088	0.0965747880935669	0.6124047644933064	3853	5408
TATAGAGTCGCTTGAA-1	P17_T1	-0.138357675075531	0.08181024312973022	0.09659781297047931	6994	14083
TATAGCGCACGTTATC-1	P17_T1	0.22894041101137796	-0.04637192408243815	0.5720488977432251	2591	10721
TATAGGGTACTCATGA-1	P17_T1	0.5761740210486784	0.17288703322410587	1.077396404941877	4069	8560
TATATAGGGCTTTACG-1	P17_T1	0.015188140902254343	-0.05772980292638144	-0.609803835550944	5523	13881
TATATATCGAGAAATG-1	P17_T1	0.733063471896781	0.17627595523993173	0.8477431134382882	4959	13289
TATATCATTGATCAGT-1	P17_T1	0.5742072315017384	0.132278552254041	0.7010582498709359	2488	7373
TATATTCGCGTCGATA-1	P17_T1	0.1319547015428543	0.05918961644172671	-0.8862310922145844	8840	3061
TATCACAGCACGGGCA-1	P17_T1	0.002283287445704163	0.4123884797096252	-0.6175422143936157	9069	2274
TATCCAATTGGTTATC-1	P17_T1	0.6114702602724235	0.2541238925854365	1.3314195015033088	10734	12323
TATCCATATCATGCGA-1	P17_T1	0.3084008256263203	0.14421231528123224	0.9111801274617515	7702	5026
TATCCATCTCGGTTAG-1	P17_T1	0.6190274156961176	0.11783046166102096	0.4841199157635372	3714	13482
TATCCGCACCGTCGGG-1	P17_T1	0.5153910762402747	0.07702992876370746	0.5458327297369641	7789	13101
TATCCTGCATGGGAAT-1	P17_T1	0.2613093996710248	0.20643838047981267	0.34395198186238596	7931	4239
TATCGATCTATGCATA-1	P17_T1	0.5659564541445837	0.3106046529610952	0.8694870261351266	11774	5827
TATCGATGATTAAACG-1	P17_T1	0.2868416673607297	0.2673998657862345	0.6174976770083109	7359	6010
TATCTACAGAGGTAAT-1	P17_T1	-0.05081947339905629	-0.012371311982472738	-0.6132199915250144	4525	7379
TATCTACCACAGCGGG-1	P17_T1	0.7333950807319747	0.2100540204842885	0.7287108107407889	8592	9756
TATCTAGCCTAAAGGA-1	P17_T1	0.3726674855417676	-0.00801141202449801	0.73296980937322	3165	8163
TATCTTGCAATACAAC-1	P17_T1	0.39573417458269333	0.1112158930301666	0.7947642183303834	3603	12497
TATGAAGACAGGTGCG-1	P17_T1	0.648046648270554	0.22339926977952324	0.5430632166067759	4186	7181
TATGATAAATCTAACG-1	P17_T1	0.03062047812673785	0.1921759057044983	-1.0438038778305054	11105	2674
TATGCTCCCTACTTAC-1	P17_T1	0.5289201692077848	0.011904641389846815	0.5768801097075145	8716	6408
TATGGAGTTTCTCGTT-1	P17_T1	0.5003000924322341	0.14952553828557336	0.41053202311197934	5446	2656
TATGGATGTGCTACGC-1	P17_T1	0.2881151597367393	0.10562866310278574	0.14413871725400274	7923	6603
TATGGCCCGGCCTCGC-1	P17_T1	0.5019642698102527	-0.02372092127799985	0.6783418607711793	5204	7382
TATGGGACCGAGCAGG-1	P17_T1	0.24282412343555027	0.044239044189453125	0.6211186345418294	8143	8573
TATGGGTACGTATCGT-1	P17_T1	0.669112491806348	0.0850788352886836	0.472159772713979	8372	7786
TATGGTCTGAGTAACA-1	P17_T1	0.705884534617265	0.15083649118741355	0.6893168453375498	8370	8573
TATGTAAAGTGCTTAA-1	P17_T1	0.3685764927003119	0.1393597201506297	0.7644507292906444	6766	14476
TATGTCAAGACCGACT-1	P17_T1	0.3840424767798848	0.16136947572231297	0.002582327922185268	12228	5435
TATGTCTCATTGTGCC-1	P17_T1	0.5753927143745952	0.2698247490326563	0.8054523356755576	11090	7400
TATTAACCTGACCGCG-1	P17_T1	-0.007055541674296062	0.2614778184890747	0.5304017241795858	6885	12704
TATTACCATCCTGCTT-1	P17_T1	0.45004465778668723	0.28384219010670975	0.06674309253692623	12669	8981
TATTATGTTTGCCTGC-1	P17_T1	0.5002976604964997	0.05031687060991921	0.21468469778696708	3716	12694
TATTCAATTCTAATCC-1	P17_T1	0.604035736521085	0.29030301928520197	1.0224858832359314	10182	8185
TATTCCACTCAGCTCG-1	P17_T1	0.4677514927254782	0.20700963020324709	0.28846392869949344	8248	11133
TATTCCGGCAGTCCTA-1	P17_T1	-0.0472525228394402	0.30060223817825316	0.09473705132802335	8276	2468
TATTCCTCCGCCCACT-1	P17_T1	0.8078836226463317	0.13258308619260784	0.9535320828358331	5419	10927
TATTCGTGCCAGAATA-1	P17_T1	0.5427092157469855	0.14112933933734895	0.5540471518039702	9050	8182
TATTTAGTCTAGATCG-1	P17_T1	0.7097561926311917	0.04962194581826529	0.4471370355288189	8381	5029
TATTTATACCGAGTAG-1	P17_T1	0.03973306894302367	0.12132563074429831	-0.4663097453117371	10646	4642
TATTTGTTACCCTTTA-1	P17_T1	0.31413643373383415	0.06199826320012414	0.7489410646756489	7019	6206
TCAAACAACCGCGTCG-1	P17_T1	0.4587816304630704	0.25760735789934797	0.8474479492505393	8604	6211
TCAAACTTAGATTGTT-1	P17_T1	0.5025113208095233	0.15238789419333137	0.6809051104386648	9165	7591
TCAAATTTGAGACTCA-1	P17_T1	0.5846676804290877	0.20941695113976794	0.826067530711492	9713	13304
TCAACAAAGATAATTC-1	P17_T1	0.49205180714527774	0.042318562964598294	0.2865391498804093	5077	11911
TCAACATAGCGCCCTA-1	P17_T1	0.09728577196598054	-0.08903982440630595	-0.07601821343104043	6771	12901
TCAACATCGACCGAGA-1	P17_T1	0.1968925084339248	0.16103556871414187	-0.20544651945432035	3611	10134
TCAACCATGTTCGGGC-1	P17_T1	0.363155825999048	0.18189597407976782	0.41776293436686207	7584	6405
TCAACGAGGAGACAAA-1	P17_T1	0.65120071830021	0.26402225196361545	0.5527271779378256	8140	9754
TCAACGCAGGAAATAA-1	P17_T1	0.6079150908854272	0.1306790647904078	0.3559260368347168	5306	11124
TCAACGCGACCGGCAG-1	P17_T1	0.5264737201399274	0.08748336335023243	1.0417270640532175	4406	9151
TCAACTAACGTATAAC-1	P17_T1	0.5992223174042173	0.23563136120637262	1.0664229814211525	3959	7575
TCAATACGCCGTCATG-1	P17_T1	0.5869486122661166	0.18024062275886538	0.8568969905376433	8692	13892
TCACAGCAAACTCGAA-1	P17_T1	0.612183143099149	0.27820333470900854	0.988228403131167	7342	11524
TCACAGGAGAATAAGA-1	P17_T1	0.08682656218608226	0.06301632543404895	-0.19805071870485946	7339	12312
TCACAGGGAATCGCAA-1	P17_T1	0.5286541228493056	-0.0202107165257136	0.8439659400780997	10740	10747
TCACAGGTTATTGGGC-1	P17_T1	0.5103167987200949	0.024840172529220605	0.2715608898798625	7240	7782
TCACATCTTATCTGAT-1	P17_T1	0.6060289563900895	0.15165608743826542	1.2195452096064887	4074	6984
TCACCCTCTTAAGATT-1	P17_T1	0.593093996975157	0.2017357204357783	0.29359305540720637	8477	10346
TCACCGCTCGGCACTC-1	P17_T1	0.1716077956226137	0.23861588915189108	-0.11090682506561289	12222	7404
TCACGATGTCCGTGGA-1	P17_T1	0.5354648725854025	0.13750717719395955	1.0415150229136148	4964	11713
TCACGCATTGTAGATC-1	P17_T1	0.727005546424124	0.1413683040936788	1.171082775592804	7353	7979
TCACGGTCATCGCACA-1	P17_T1	0.38257749193244506	0.11912805974483492	0.9448594864209494	6906	6008
TCACGTGCCCGATTCA-1	P17_T1	0.85992784248458	0.2555204339822133	0.8440486915906271	8821	8969
TCACTACGACCAATGC-1	P17_T1	0.5135789842075772	0.09282504399617514	0.5756963928540546	12572	4057
TCACTCGTGCAACGGC-1	P17_T1	0.5762923112842772	0.07986435691515603	0.05794899622599292	12344	4450
TCAGACGCTATAGAAG-1	P17_T1	0.6715739179982081	0.22205381770928706	0.87204238375028	9947	10942
TCAGCAAATGCATCTC-1	P17_T1	0.7434000150197082	0.2672568133473396	0.6681327619155248	10071	7594
TCAGCAGTAGGCCCTG-1	P17_T1	0.7096958763400715	0.19438757876555124	1.0613983313242592	6430	13491
TCAGGGCGCAAACTCG-1	P17_T1	0.230680262181494	-0.032733004887898765	0.4171710781256359	3625	5801
TCAGGGTGTAACGTAA-1	P17_T1	0.5948099230064288	0.3097895113627116	0.4925585679213207	9959	7003
TCAGGTTCTTTGAGAA-1	P17_T1	0.5495033985376359	0.14011058092117312	0.9204873379071554	6563	7386
TCAGTACTGACCCGCG-1	P17_T1	0.6117024035255115	0.09579993605613707	0.9178366128603617	5660	6595
TCAGTAGGGACTATAA-1	P17_T1	0.5800905498531129	0.16790822525819143	0.9537814104557036	7232	10539
TCAGTGTATACGTCAT-1	P17_T1	0.16757820612854435	0.32410392343997957	0.2585594606399537	5866	12898
TCAGTTACGGAATGAT-1	P17_T1	0.020390440887875005	0.07228800217310588	0.13140415350596102	10315	2081
TCATACTTACAGATCC-1	P17_T1	0.08053360660870867	0.06556309560934703	0.28630478183428454	4530	5804
TCATATGAGCTTTGTT-1	P17_T1	0.5142447909381654	0.16501742005348208	0.7641595919926962	8805	14089
TCATCACTCGAGCTCG-1	P17_T1	0.1889053812291887	0.199880287249883	0.5342591583728791	5099	4821
TCATCCCAGAGGGTGG-1	P17_T1	0.45122780733638335	-0.03312490860621134	-0.31680351893107084	9743	3851
TCATCGATGGTCCCAA-1	P17_T1	0.5855679091480043	0.08099691589673358	0.9935467088222503	5074	12698
TCATGCAGGTTCTCAT-1	P17_T1	0.4203169922365082	0.16367677211761472	1.0724179800351463	11324	5038
TCATTTAAGTCTCCGA-1	P17_T1	-0.18545587778091432	-0.09422337651252746	0.22433535814285277	13011	8391
TCCAACTTTAAATTCT-1	P17_T1	0.1959175199932523	0.21455873092015582	-0.12399219512939452	6330	9355
TCCAATAAAGGCTACC-1	P17_T1	0.6942790098653898	0.0731715593735377	0.8138710705439249	7787	13889
TCCACAATGGTTTACG-1	P17_T1	0.5971943734420672	0.24901427626609807	0.3420062136650086	5883	7384
TCCACATCGTATATTG-1	P17_T1	0.13578147974279187	-0.010210321744283046	0.5984218724568684	9367	15075
TCCACCTCTAGCCTTT-1	P17_T1	0.623702333966891	0.3311465108394622	1.169992786248525	7788	13495
TCCACTTTATCTAGGT-1	P17_T1	0.3222973361280229	0.3360062177975972	0.46937698125839233	10750	7596
TCCAGAGCACCGGTTC-1	P17_T1	0.4553398263454437	0.161823985973994	0.5947547976175944	9725	9365
TCCAGGCGAGTACGGT-1	P17_T1	0.5277420717146661	0.3019967168569565	0.4340471311410268	8260	7588
TCCAGGGTATATACGA-1	P17_T1	0.13132724126180018	0.08551083485285438	-0.026801334222157802	8920	13498
TCCATTGTGACCTCGT-1	P17_T1	0.019919228553771984	-0.07186686197916667	-0.28870995998382565	10425	3066
TCCCAAAGACGAAGGA-1	P17_T1	0.2748660355144077	0.11720471938451127	0.7975276565551759	8602	6605
TCCCAGCTTTAGTCTG-1	P17_T1	0.49850875372687986	-0.03977436284224195	0.31013287961482994	8145	8179
TCCCAGGCTTAGCTAA-1	P17_T1	0.5443001681400671	-0.017853285968303656	0.5733596915006638	7242	7388
TCCCGCGTACTCCTGG-1	P17_T1	0.4776527703967359	0.12765204598506297	0.6064073717594147	9620	6805
TCCCGGGTGTGCTGCT-1	P17_T1	0.6676272699899144	0.17033390313386915	0.9825887209177018	5655	8171
TCCCGTCAGTCCCGCA-1	P17_T1	0.15836642609702223	0.03900312622388202	0.4432998955249787	10302	6019
TCCCGTGTGCAATTTG-1	P17_T1	0.4069707742995686	0.14679651796817778	0.3851006066799163	10855	10157
TCCCTGGCGTATTAAC-1	P17_T1	0.16232278578811216	-0.04343402067820229	1.502638885974884	3829	12891
TCCCTGGCTCGCTGGA-1	P17_T1	0.11270601001050734	0.0909034844239553	-0.13773685852686557	4863	7971
TCCCTTAGATTACTCG-1	P17_T1	0.3434593147039413	0.10676864902178446	0.5096552340189617	11550	5039
TCCGAACTTGGCTTAC-1	P17_T1	0.28873447653320095	0.035073890884717296	0.5512026723225911	3958	7968
TCCGACCGCTAATCAA-1	P17_T1	0.11373501433266531	0.18007318377494813	-0.8731431436538696	5858	15261
TCCGATAATTGCCATA-1	P17_T1	0.7029877363973194	-0.16523793458938596	-0.150039451122284	9060	5031
TCCGATGACTGAGCTC-1	P17_T1	0.26239253759384157	-0.021782798767089828	0.4388053051630656	10416	5823
TCCGATGGTGCGACAT-1	P17_T1	0.6467544306317966	-0.016443168719609602	0.45897252162297564	7811	6405
TCCGATTACATTGCCG-1	P17_T1	0.5544108063313696	0.16237499614556633	0.7112579699357351	5429	7776
TCCGCCTGTCTACAAG-1	P17_T1	-0.04972048481305441	0.19333468516667685	-0.05696619987487783	10168	12518
TCCGCTGTCATCCCGG-1	P17_T1	0.13316835966375135	0.09801389018694559	-0.4907706713676452	10966	10748
TCCGCTTATCCCATTA-1	P17_T1	0.5757977966633108	0.03941923101743061	0.9215450815359749	9040	11333
TCCGGCCTAGCGTACA-1	P17_T1	0.592568183210161	0.10224415153265004	0.4872884794076282	12902	7012
TCCGGCCTGCATCGAT-1	P17_T1	-0.2819181525707245	0.16207908709843954	-0.045020526250203474	11107	1886
TCCGGTTCGTCCGGTC-1	P17_T1	0.5696421556340323	0.345136368672053	0.7490590850512184	7794	11526
TCCGTAACCACAATCC-1	P17_T1	0.3726495498418808	0.22919541200002036	0.46275883595148737	3626	5407
TCCGTTTAGCCTTGAA-1	P17_T1	0.4924045584268041	0.23620526224374772	0.8938562144835791	11883	7206
TCCTAAATTGGGAAGC-1	P17_T1	0.48713956438832806	-0.0547338511546453	0.028173908392588265	9715	12516
TCCTAACCGTCGGGCA-1	P17_T1	0.7420868055688009	0.1410366084178289	1.022454969882965	6995	13689
TCCTACATCCACGGCC-1	P17_T1	0.07395633876323698	0.016742955446243296	-0.43130157868067426	11306	10552
TCCTAGCAAAGAAGCT-1	P17_T1	0.46937773548894457	0.17890659451484686	0.6003640723228454	6442	9552
TCCTCCTAAGACATTC-1	P17_T1	0.6750110180510416	0.34174258768558496	1.1590283060073852	4175	10726
TCCTCGGGCTGGGCTT-1	P17_T1	0.38121107187536024	0.11445031742254891	0.3137660332520802	10404	9368
TCCTCTACGAGATGGC-1	P17_T1	0.69237974802653	0.14951228082180024	0.8345370705922446	5433	6595
TCCTCTCCAGTTGTCC-1	P17_T1	0.4372190406256251	0.13834357937177028	1.2665928785006204	4073	7378
TCCTCTGGCCCATTAG-1	P17_T1	0.34441842019557956	0.2952025008201599	0.44527549425760915	11781	3464
TCCTGCCAACTGGAGA-1	P17_T1	-0.006664816472265467	0.26533691763877865	0.44028759280840557	12007	3859
TCCTGCGTTGATACTC-1	P17_T1	0.2880122688081529	-0.1516229780515035	0.623962877591451	5199	8957
TCCTTACGACGGTCCG-1	P17_T1	0.2717761028806368	-0.020452869335810364	0.8983343323071797	12549	11147
TCCTTCAGTGGTCGAA-1	P17_T1	0.6751314796341792	0.08762662728627524	0.6046182783444722	9628	4442
TCCTTGTCCTTTAATT-1	P17_T1	0.04155078384611344	-0.15107030550638836	0.2903948640823364	9594	15076
TCCTTTAAATCCGCTT-1	P17_T1	0.06732859697606824	0.01472249746322632	-0.004563766320546558	12205	12524
TCCTTTCTTACGCTTA-1	P17_T1	0.6402141723367903	0.3365831844011942	0.3319702100753785	8826	7393
TCGAAATTTAGGACCA-1	P17_T1	0.4500508875317044	0.13156750559806824	0.7950063037872315	6903	7190
TCGAATATCCCGCAGG-1	P17_T1	0.2810156117876371	0.08835621674855548	1.0578606367111205	5413	12896
TCGACAACTGAACCCG-1	P17_T1	0.10566740870475771	0.0914266041914622	1.766218742529551	3490	12693
TCGAGACCAACACCGT-1	P17_T1	0.32371485014756524	0.10771321415901186	-0.4123882738749186	8029	8769
TCGAGCCAGGCAGGCC-1	P17_T1	0.5119738767544428	0.1298748779296875	0.42240776379903155	5980	12701
TCGATAGGCTAGTCGC-1	P17_T1	0.05656129664844939	-0.16265503923098246	-0.638222622871399	7255	3056
TCGCAAAGATGCATTT-1	P17_T1	0.5438649793465932	0.08364240328470868	0.3157155179977418	10287	10746
TCGCACCAGGAGGCAG-1	P17_T1	0.3519492579168744	0.11106928706169125	1.2139301037788393	10851	11338
TCGCATCCCTAAGTGT-1	P17_T1	0.41688490208652285	0.17815628677606588	0.9641242456436157	5327	4428
TCGCCGAAGTTGCGTC-1	P17_T1	0.5853292307919926	0.11394930164019262	0.4941613944371541	5987	10338
TCGCCGCACCGCGTGA-1	P17_T1	0.340782073603736	0.12999730308850607	0.7889621678988139	2478	10524
TCGCCGGTCGATCCGT-1	P17_T1	0.46828768289751477	0.20052787025769553	0.8376622323195138	8720	5227
TCGCGTCCAGAAGGTC-1	P17_T1	0.44005704813533353	0.003294350703557325	0.32420463562011714	5091	7578
TCGCTAAACCGCTATC-1	P17_T1	0.4528784180349774	0.22048527161280312	0.07335223833719895	11889	5237
TCGCTACTGGCTTTGA-1	P17_T1	0.17696631378597688	0.2259456376234691	1.033780036767324	10049	14290
TCGCTCGATATATTCC-1	P17_T1	0.44656094339158797	0.17564761737982432	-0.5138341494401296	8940	7197
TCGCTGCCAATGCTGT-1	P17_T1	0.48286182117131016	0.23417431831359858	0.7938561620314917	10839	14883
TCGCTGGGCGGATTGT-1	P17_T1	0.5040802458590932	0.22520046830177304	0.6983407843112945	10186	7004
TCGCTGTGCGTAAATC-1	P17_T1	0.35901008635759357	0.09743025799592336	0.9388039418061576	6458	4825
TCGCTTTAAACGTTTG-1	P17_T1	0.29391740600268046	0.31025621930758157	0.7924017556508383	11659	6418
TCGGAATGACCATCAA-1	P17_T1	-0.0033307975530624256	0.2277522540092468	0.19272468249003105	10426	2672
TCGGAATGCGCTCTGA-1	P17_T1	0.3082860296964645	0.10671651522318523	-0.11812232494354247	4978	7381
TCGGAGAGTATCGGGA-1	P17_T1	0.1633585423893399	0.1197245768706004	-0.9790529942512513	4403	10333
TCGGAGTACATGAGTA-1	P17_T1	0.5098878552350733	0.15309505373239518	0.3116831135749818	10183	7791
TCGGCGTACTGCACAA-1	P17_T1	0.5066334043939907	0.12628607819477716	0.7068062313397725	3268	11117
TCGGCTAACTTCCCTT-1	P17_T1	0.09347644593980575	0.4020076195398966	-0.1686862786610922	10541	2081
TCGGGAGACAGCGTAC-1	P17_T1	0.45992266694704687	0.20420863687992102	0.8338073964913688	9827	13108
TCGGGATTCAAACATA-1	P17_T1	0.006292028294669294	0.02181129455566408	0.38052206039428715	3501	9149
TCGGGCACTTCTGGAT-1	P17_T1	-0.021232210927539408	-0.15826408306757608	-0.05874743620554601	7033	1873
TCGGGCCGTCGTGGTA-1	P17_T1	0.401694775554869	0.30781826178232824	0.18846494197845454	11763	9372
TCGGGTGAAACTGCTA-1	P17_T1	-0.0067578275005023	0.14419287880261739	-0.002294499874115008	8160	3452
TCGGTCCCGACAATAG-1	P17_T1	0.07120616992314655	0.08768172621726988	-0.0738410135110219	4395	12696
TCGGTCCCTGACTCCA-1	P17_T1	0.1339259072144826	-0.10052012801170349	-0.31773609638214106	12008	3465
TCGTAAGACGACATTG-1	P17_T1	0.35261783268716596	0.039225895404815636	0.25626889944076536	10526	6808
TCGTATAGTGCAATTA-1	P17_T1	0.1689531034231186	0.26677806735038756	-0.23243682146072386	8158	3846
TCGTATTACCCATTGC-1	P17_T1	-0.12186529854933417	-0.17044129570325214	-0.15515601476033536	4634	8758
TCGTATTTCGTCCGGA-1	P17_T1	0.06184317866961164	0.07936254501342774	-0.045224154790242554	10992	2477
TCGTCAAGTACGCGCA-1	P17_T1	0.6374551812807719	0.17400910377502443	0.8652306151390077	6093	12505
TCGTCACACTGTTAGC-1	P17_T1	0.6163136076264911	0.036404660542806	0.5774927425384522	3961	6787
TCGTCCGCTGGCGTCT-1	P17_T1	0.10600236561563278	-0.005463929971059184	-0.7072970247268677	6341	5810
TCGTGTACTATGGATG-1	P17_T1	0.9603443147076502	0.049558641115824364	1.725883992513021	10513	10746
TCGTGTCACGCTGACA-1	P17_T1	0.5188290070825152	0.07089269181092583	0.5744285496075947	4404	9939
TCGTTAGGAGTCCCTA-1	P17_T1	0.4593870513968997	0.17897167066733044	0.8842662306626639	7907	11723
TCGTTCGTTATTATGT-1	P17_T1	-0.20121810085243647	0.1183355685075124	-0.5205533417065937	8839	3455
TCGTTGACAGGGTCCC-1	P17_T1	0.2982283216052585	0.027176867326100668	1.39871918519338	2037	6978
TCGTTGCTATCCGGTC-1	P17_T1	0.15737385663721298	0.02211753269036615	0.18277532259623208	7000	12114
TCGTTGGCTCGTCAAT-1	P17_T1	0.7945341200961008	0.16166580478350323	0.7311177293459574	5331	3246
TCTAACTGTATGTAAA-1	P17_T1	0.7333777358465724	-0.011621385216712965	0.8740246947606407	3056	6784
TCTAATACTGCCTCAG-1	P17_T1	0.3188103466563754	0.18334687352180484	0.835652506351471	4621	12697
TCTACCGTCCACAAGC-1	P17_T1	0.7226004931330681	0.40709275702635445	0.6229918356736501	9394	6804
TCTAGCAATCTCCGCC-1	P17_T1	0.40325796597533753	0.0966039888064067	-0.2784710590044658	5194	10533
TCTAGCATCTTCGATG-1	P17_T1	0.6322429961793952	0.20895337502161665	0.6649967938661576	6680	6008
TCTAGCATGCCCAGAA-1	P17_T1	0.40539230174488494	0.04344574769337972	0.1266165828704835	9268	10939
TCTAGGTGGCGACGCT-1	P17_T1	0.6117299162513681	0.05041647106409075	-0.09260949989159895	13014	7210
TCTAGTTATCAGAAGA-1	P17_T1	0.6672666196193959	0.3239001500606537	0.5793906939029694	7918	8178
TCTATCATGCAGTTAC-1	P17_T1	0.37317886749903356	-0.042086168130238855	1.1327908221880594	6344	5022
TCTATCGGTCGCAACA-1	P17_T1	0.5593222880694602	0.23813616772492724	0.6435587447881699	9058	5818
TCTATTACGCTGGCGA-1	P17_T1	0.7028945285578568	0.194331573843956	0.9857175574700037	5667	4232
TCTATTACTAGAGGAT-1	P17_T1	0.23255455189281032	-0.08507555802663166	0.2687860035896301	3500	9542
TCTCATGAGATAGGGT-1	P17_T1	0.46008966959185077	0.23100309451421097	0.46983791987101253	11644	11144
TCTCCAACGTAGGTTA-1	P17_T1	0.02726160473293729	0.0707346781094869	0.11776767094930018	10643	5430
TCTCCCTGGGCAGCGT-1	P17_T1	0.8225518621007603	0.04251196781794231	0.9653407617410026	10848	12126
TCTCGAACGAGGTCAC-1	P17_T1	0.5768484658002854	-0.037575378616650945	0.6911241680383682	12459	3860
TCTCGGCTCCAGGACT-1	P17_T1	0.42577048126194217	0.09229991952578226	0.625115540822347	4423	4031
TCTCTAATAGCTGGTA-1	P17_T1	0.43857618884907834	0.23279548823833462	0.9776943123340607	7701	5420
TCTCTTACCGCGAACC-1	P17_T1	-0.09979148964087167	0.13486333886782328	0.05298076391220097	6654	14279
TCTGAACCGGTCGGCT-1	P17_T1	-0.2534142529964447	-0.15595909754435222	0.3364271903038025	6002	5612
TCTGAACTCGTACCCG-1	P17_T1	0.6991836998860042	0.18277934511502586	0.6462525516748427	12550	10753
TCTGAATTCCGTACAA-1	P17_T1	0.5885019169582262	0.1209013456106186	0.8056540274620057	12445	8193
TCTGATGTATTCTGTC-1	P17_T1	0.7477129563026957	0.21332541922728215	0.8096033847332	11190	11536
TCTGCCAGAAACTGCA-1	P17_T1	0.5653866575823889	0.22901472737391787	0.4309702728192013	10743	9566
TCTGCGTCCGGTTTCT-1	P17_T1	0.6022878357602491	0.07241261929273607	0.5145088720321656	4422	4425
TCTGGCGCAAGCCGGG-1	P17_T1	0.4612572363350127	0.2895253312587738	0.2554125944773358	2486	8161
TCTGGGTAGCGCTCAT-1	P17_T1	0.4083848014142778	-0.012586781978607187	0.16233887354532883	5877	9353
TCTGTCATACAAGAGC-1	P17_T1	0.39454345560736126	0.20396399617195132	0.633750582933426	6802	3448
TCTGTTACCCAGCATA-1	P17_T1	0.6652008970578511	0.2677978831529617	0.8336259921391806	5757	11519
TCTTACAGAGGTACCG-1	P17_T1	0.1696051514148712	0.1127854665120443	0.6146754550933837	6912	4433
TCTTACCGGAACTCGT-1	P17_T1	0.35538926243782043	0.21794198016325633	0.3843866066137951	12114	5631
TCTTACGGCATCCGAC-1	P17_T1	0.5211298148499595	0.3179804078737895	1.1842408466339112	5094	6397
TCTTACTTATGCCTCT-1	P17_T1	0.19686458686987562	-0.003371108770370501	0.17312093098958337	12325	10358
TCTTCCCATGGGCACA-1	P17_T1	0.6050452913012769	0.18802022596200302	0.5676896580060322	12673	7799
TCTTCGAATAGACGTT-1	P17_T1	0.17968687468104888	0.037364966869354255	0.056571779251098686	9839	9169
TCTTCGATACCAATAA-1	P17_T1	0.6042018474472894	0.2635156958301862	0.15523221969604495	9278	7789
TCTTGATGCGTAGCGA-1	P17_T1	0.7564926306406657	0.023402157028516113	0.7988002876440685	9504	7789
TCTTGGTAACACCAAA-1	P17_T1	0.4966897746589448	-0.013338252703348819	0.4975190146764119	9171	5622
TCTTTAAGACTATGAA-1	P17_T1	0.09979125721587073	-0.08331562956174213	0.06619666814804082	12898	8194
TCTTTCTCTTAAGGAG-1	P17_T1	0.023018192185295938	-0.01935033162434896	0.06263265291849784	10765	2870
TGAAACTTATGCAAGC-1	P17_T1	-0.16224204235606726	-0.17975220918655396	0.5544154977798462	10083	3655
TGAAAGGACCTGACTC-1	P17_T1	0.5264792959557638	0.20341828505198156	0.6154062867164611	11200	8385
TGAACAAGCAGGGACT-1	P17_T1	0.17430070274406007	0.20605059285958607	0.08052106380462642	5861	14473
TGAACTGCTATGACTT-1	P17_T1	0.46032271855407286	0.28809674739837643	0.818407187461853	1916	9144
TGAAGAGCGGTCCTAG-1	P17_T1	-0.14919460515181227	0.452338240146637	0.690206679503123	3061	5208
TGAATACCGACGCGTA-1	P17_T1	-0.19241400556431876	-0.005301192204157534	-0.5882464782396952	11067	14490
TGAATGAGTGTTTCCC-1	P17_T1	0.6474931389755674	0.027834955851236964	0.5725115609169007	7445	14478
TGAATTTCACTTGCCT-1	P17_T1	0.0062553733587265015	-0.12756124377250672	0.05813362518946341	2254	9735
TGACATATATGACGAT-1	P17_T1	0.49552525030242073	-0.0021510020891825354	0.6655917199452717	2030	8947
TGACCCACGTTAGACA-1	P17_T1	0.5170406060417493	0.19390528579552974	0.4232632029056549	7127	7979
TGACGAATATTTCCCT-1	P17_T1	0.4916801337069936	0.0790023640791575	0.20218847632408132	4290	10136
TGACGATGCACTAGAA-1	P17_T1	0.45786978526247873	0.2006190554300944	0.04467879931132002	12557	8784
TGACTATAATCCTTTC-1	P17_T1	0.594700495203336	0.202263154387474	0.748522572517395	9495	10546
TGAGAATGCTTTACCG-1	P17_T1	0.5145639478829171	0.15925525307655336	0.533572742541631	7928	5027
TGAGACGTACCTCTCA-1	P17_T1	0.6196453872323037	0.45021469334761305	0.6537923852602641	2369	9145
TGAGAGATTTACCACG-1	P17_T1	0.5816229639119572	0.23852078199386595	0.7136730706691743	12101	9570
TGAGATCAAATACTCA-1	P17_T1	0.20368004308806525	0.22622663458188375	0.1276630051930746	8954	2864
TGAGATTAGGCCCTAA-1	P17_T1	0.13051746229330696	0.02708236296971639	0.5613429554303486	12457	4648
TGAGCCATACAGTCTC-1	P17_T1	0.6921960236628849	0.19866250475247704	0.7252528810501098	6102	9748
TGAGCGGAAAGTGTTC-1	P17_T1	0.5729182061884139	0.17932589928309128	0.6626369337240856	9150	12318
TGAGCTTTAATGACGC-1	P17_T1	0.6414251483480137	0.22918517092863722	1.3277954967816672	11436	5235
TGAGGAGTGCCAGCTT-1	P17_T1	0.2899864155716367	-0.0040060997009277455	-0.2302862401803335	8356	12906
TGAGGTGTGTGGCGGA-1	P17_T1	0.9732996379666858	0.21934207558631896	1.1669411357243857	7669	15267
TGAGTAAATTAGCGTA-1	P17_T1	0.5818324447009299	0.22389675954977667	0.3807288018862407	8250	10739
TGAGTGCCTCTTAAAT-1	P17_T1	0.7296289361516636	0.3548258850971858	0.6383083180586497	6440	10340
TGAGTGGTCCGTGACG-1	P17_T1	0.42504260920815995	0.33835711240768435	0.5943452866872152	11316	7401
TGATACATTTAGCCGT-1	P17_T1	-0.046460175514221214	0.0435368820031484	0.5581299972534179	6660	12310
TGATAGCGGGATTCTA-1	P17_T1	0.41512718843089214	0.40542912642161055	0.5308452192942301	3168	6981
TGATCACCACACTGAC-1	P17_T1	0.39451923410097756	0.05263450423876448	0.6612846652666728	7557	15070
TGATCAGGGAACTGCT-1	P17_T1	0.5878621515962813	0.034302000403404254	0.845722847779592	4518	9743
TGATCGGTTTGACCCT-1	P17_T1	0.6091696687539419	-0.05647730112075805	0.9165533304214477	7922	6996
TGATCTCCGGCGCCAG-1	P17_T1	0.416297170718511	0.09100319623947145	0.23455548763275136	7469	6995
TGATTCAGGTCCCGCG-1	P17_T1	0.3738098497523201	-0.002359915971755999	1.1622748152414957	2703	10918
TGATTCCCGGTTACCT-1	P17_T1	0.8067971744471125	0.23118256151676175	0.8220284473896027	7447	14085
TGATTCGTCTATCACT-1	P17_T1	0.6387415349649057	0.17322735945383705	1.0241396923859916	6449	7583
TGATTCTGTCGCCGGT-1	P17_T1	0.504731329050329	0.16456879476706193	0.7775117160876595	6778	10931
TGATTTATTAGCTGTG-1	P17_T1	0.3743679764535692	0.41693177064259845	0.2079403750101727	5652	8959
TGATTTCCTCCTGACG-1	P17_T1	0.4817916337317891	0.10993053793907165	0.9255413122971854	5666	4626
TGCAAGAATGACGTAA-1	P17_T1	0.5314856197105513	0.27570535997549694	0.6881505795319873	8600	7392
TGCACGAGTCGGCAGC-1	P17_T1	0.7210596495204501	-0.042252761920293175	0.07004739920298253	9294	2668
TGCACTATGTGAGTGC-1	P17_T1	0.11046533736917707	0.08083437522252401	0.8632511456807457	3289	4815
TGCAGAACTATATCGT-1	P17_T1	0.478032805621624	0.035481468439102215	0.851926154692968	4291	9742
TGCAGAGTACCGAGCA-1	P17_T1	0.4748881692025397	0.1023956324656804	0.5069486129283904	7010	8963
TGCAGATCGTCCTAGG-1	P17_T1	0.09935920188824338	0.1572240330775579	0.5163229580720265	3839	9740
TGCAGCTACGTACTTC-1	P17_T1	0.06498137136300403	0.036735503673553466	0.20262987335522975	3612	9740
TGCAGGATCGGCAAAG-1	P17_T1	0.31602811665998565	0.024642639358838425	0.9575375229120255	10188	6216
TGCAGTTTCCTCCCAT-1	P17_T1	0.42203333864609394	0.18306929528713228	1.1651693630218505	11989	9373
TGCATATGTCTGTCAC-1	P17_T1	0.36659749282730947	0.163334432442983	0.38467498222986873	11426	8386
TGCATGGATCGGATCT-1	P17_T1	0.3688913116190169	-0.02285792907079065	1.215310255686442	9399	5229
TGCATGTGACCCATAG-1	P17_T1	0.08593017809920839	0.2652850552399953	-0.6767997741699219	6086	14868
TGCATGTGGTAATCTA-1	P17_T1	0.3922571419345008	0.25551188786824547	0.44070053021113087	10977	7203
TGCCAAAGTCAGACTT-1	P17_T1	0.38231254282924865	-0.051614886124928816	0.38368487159411124	3951	9938
TGCCAATGGGTACTCT-1	P17_T1	0.4148872572183609	0.01772893468538922	0.20373800992965707	7679	12116
TGCCACCTGGCGAAAC-1	P17_T1	-0.28767813205718995	0.2443944311141968	-0.9187868595123291	10417	5429
TGCCAGTACGTGGAGA-1	P17_T1	0.47466087341308594	0.2920271992683411	0.9922677723566689	9832	11532
TGCCATTACTAAAGAA-1	P17_T1	0.3997451838850975	0.10213436146577204	0.5534729556242626	11661	5630
TGCCCGTACCGTTAAA-1	P17_T1	0.7848798805806372	0.21223991254965469	0.10941725770632438	10288	10352
TGCCGGATGTACGAGC-1	P17_T1	0.3267741486099031	-0.13656736850738527	0.36857456127802535	5637	13685
TGCCGTGGATCGTCCT-1	P17_T1	-0.059680167966418785	0.19587164481480912	-0.5741167465845743	8922	12711
TGCCGTGGGACCCAAT-1	P17_T1	0.6166268348693847	0.04693285147349041	0.3882447942097982	9366	15469
TGCCTGACATCGGTCA-1	P17_T1	0.619703964408901	0.28172065655390416	0.9740256168444952	4081	4621
TGCCTGATCAAACGAT-1	P17_T1	0.36890136056476164	0.27684425830841064	0.12452555100123086	9738	5427
TGCCTTGGCCAGGCAA-1	P17_T1	0.8682340858380001	0.11072525103886921	1.215318692922592	11076	11733
TGCGAATATGGGATTT-1	P17_T1	0.09898218330409791	0.01860887706279757	-0.17870191494623822	3271	10329
TGCGACACCCTAGTGC-1	P17_T1	0.5856688029070695	-0.004496293763319614	0.5722215620676676	7005	10538
TGCGACGGCCGAACGT-1	P17_T1	0.25512283742427827	0.232502046028773	0.36175285736719776	5412	13290
TGCGAGAATATTACCC-1	P17_T1	0.5834387904736731	0.08771748473246893	0.7349029052257539	6324	11324
TGCGATGCTAATGGCT-1	P17_T1	0.7488130840659142	0.1258699820439021	0.8224523878097534	3060	5602
TGCGCAAAGCATTTGG-1	P17_T1	0.8100874201456707	0.20983054121335343	0.22046858390172308	9391	7592
TGCGCGATTAACGGAG-1	P17_T1	0.6391715691486995	0.13311546683311465	1.0005276930332183	6451	6795
TGCGGAGTAAAGGTGC-1	P17_T1	0.45914983835485246	0.16108341693878175	0.7792419372002282	9737	5821
TGCGGCATAGTTCAAC-1	P17_T1	0.2534101162354151	0.3027964953581492	0.5545076155662536	7932	3845
TGCGGTGAAATTTCAT-1	P17_T1	-0.08648592154184978	-0.14024015108744303	-0.17467198371887205	9290	3850
TGCGTAAGAACCTGAT-1	P17_T1	0.6417107734746403	0.21136774937311803	0.35630734562873845	6668	9946
TGCGTCATGACTGAGC-1	P17_T1	0.22493120531241095	0.006027475992838538	-0.4606386653582254	4171	11908
TGCGTTTGTTGACACT-1	P17_T1	0.7588664788007736	0.3610616741577784	0.4012302303314208	10403	9761
TGCTCCACAGTTCTTA-1	P17_T1	0.23184731443723045	0.38272240281105036	0.41106122930844613	12552	10359
TGCTCGGCGAAACCCA-1	P17_T1	0.09178652313020491	-0.028651705185572307	-0.6281738833586377	8696	12710
TGCTCGGTGGGTCACC-1	P17_T1	0.35893126587073004	0.059613494078318285	0.39824555436770126	9935	14486
TGCTGGTTGGACAATT-1	P17_T1	-0.24785179853439332	0.10744332830111186	-0.4565339064598084	6455	5613
TGCTGTTGAAGAACTC-1	P17_T1	0.701718914045228	0.38714307904243467	0.20017447948455813	9274	8970
TGCTTAGAGAGAATGC-1	P17_T1	-0.12428459988700019	0.22373828490575148	0.3118616127967835	4732	13682
TGCTTCCCAAGCAGTA-1	P17_T1	0.12059826393922174	0.11638042569160462	-0.34639370560646054	9259	13697
TGGAAGAAGGGAACGT-1	P17_T1	0.08611672401428222	0.32183931350708006	0.5896861092249553	5765	9156
TGGAAGACGAACACCA-1	P17_T1	0.5020406968394915	0.07594155708948769	0.9928285940488182	7025	4236
TGGAAGGATAAAGATG-1	P17_T1	0.41937357094552774	0.18418163617451988	0.3554398139317829	9512	5426
TGGAATTAGACGCTTT-1	P17_T1	0.38757817003462053	0.16447746078173323	0.41349103609720883	3849	6590
TGGACGCAATCCAGCC-1	P17_T1	0.05840748363071019	-0.11089140256245933	-0.07248385270436608	4055	12892
TGGACTGTTCGCTCAA-1	P17_T1	0.5860038777192433	0.19134673893451687	0.4305312136809032	10067	8776
TGGAGCTAAAGTTCCC-1	P17_T1	0.5454527302583059	0.12758517185846965	0.12398250897725427	9520	2669
TGGAGTGATGCGATGA-1	P17_T1	0.4707749904526606	0.08830471674601237	0.6315212853749592	6450	7189
TGGCAAACTAAATTAC-1	P17_T1	0.13663881063461303	0.08965792059898375	-0.5678328879674276	10624	11338
TGGCAACTCGCGCGCC-1	P17_T1	0.6146914014220237	0.17188770731290176	1.1216916930675507	11548	5826
TGGCAAGCACAAGTCG-1	P17_T1	0.9598064072761271	0.3104462465643883	1.0044691741466523	8124	14481
TGGCAGATTACGATCA-1	P17_T1	0.7865060626467069	0.19016652206579843	0.8912187492847443	8365	10149
TGGCAGCAGTAATAGT-1	P17_T1	0.62336297472318	0.05998966217041013	0.3811361348628999	8707	9165
TGGCCAAACTGAAGTA-1	P17_T1	0.474765718612406	0.15414157092571257	0.6765232876936595	10412	7004
TGGCCAATTTGGTACT-1	P17_T1	-0.12658980429172517	0.05972923626502355	-0.5419233965873719	3042	11116
TGGCCGTATATTGACC-1	P17_T1	0.14509363452593488	0.15051465193430583	0.45149389266967777	6112	6597
TGGCGACTGCTCCAAA-1	P17_T1	0.32897093567583297	0.08575757821400964	0.0947299989064534	7113	12311
TGGCGATCAAGTTATG-1	P17_T1	0.5655819170673687	0.112276807030042	0.4837358073393505	8021	11526
TGGCGGTGTGCGATTG-1	P17_T1	0.47310592088434433	0.06116328775882718	0.7124847781658172	6690	2857
TGGCTCTTGTCGCGTA-1	P17_T1	0.6271509773863687	0.30949497024218237	0.8641873145103454	3160	9738
TGGCTTTGGGTAGACA-1	P17_T1	0.20414642741282785	0.09779326776663466	0.9623621523380279	7588	5223
TGGGAAATGCCTTTCC-1	P17_T1	0.20784375316566894	-0.031446213722229	-0.1733654181162515	4869	6002
TGGGCACAAACAGAAC-1	P17_T1	0.32087391065226667	0.19305611491203306	0.19068754275639854	7029	3055
TGGGCACGTTCTATGG-1	P17_T1	0.138904359738032	0.113454669713974	-0.28972873091697693	10081	4443
TGGGCCACAAGAGCGC-1	P17_T1	0.3601778988043467	0.09275813500086466	0.13448310176531475	9966	5034
TGGGCCCATACTAATT-1	P17_T1	0.4850123480955759	0.17119223217169444	0.262544203599294	11871	10751
TGGGTAAGGTTCCCGC-1	P17_T1	0.785155005786154	0.41492093563079835	1.0243193205197654	10761	4051
TGGTAAGCAGGATTGA-1	P17_T1	0.2657859731051657	0.019946555296580015	0.3637551470597584	3047	9541
TGGTATCGCATCCCAA-1	P17_T1	0.1517543654309379	0.05938798546791077	0.7057396372159321	9519	3063
TGGTATCGGTCTGTAT-1	P17_T1	-0.18760897503958807	-0.0043257403373718195	-0.9988319277763367	8501	2863
TGGTCCCACGCTACGG-1	P17_T1	0.41176088028483915	0.12660581350326539	0.4346322552363078	10170	11730
TGGTCGTGCAAGGCAA-1	P17_T1	0.5445692803793483	0.06802276670932766	0.9007652815183005	2594	9540
TGGTCTGTTGGGCGTA-1	P17_T1	0.14275344775782695	-0.05983223954836528	0.5474762852986652	5087	8760
TGGTGATCGTATTTGT-1	P17_T1	0.3772326527701484	-0.017966492176055948	0.3759298952420551	3622	6589
TGGTTCAACGGGTAAT-1	P17_T1	0.5962675957216158	0.15746226489543913	1.1845426877339682	10172	11336
TGGTTCGTAGCAAAGG-1	P17_T1	0.479523822400305	0.03690562764803568	0.7551931635538738	8038	6012
TGGTTGGAGGATCCTG-1	P17_T1	0.5389831026064025	0.09209177255630491	0.2313957118988037	12120	3662
TGTAATGACCACAATA-1	P17_T1	0.2621016697088877	0.12101956049601237	0.3351381683349609	3390	8557
TGTACCTACACGAGGG-1	P17_T1	0.3742996809217665	0.3318559348583221	-0.02933525482813515	12090	13115
TGTACGAACAAATCCG-1	P17_T1	0.6938734292652872	0.18230031887690223	0.8307982933521272	8368	8967
TGTAGGAGAAATTTCC-1	P17_T1	0.5993012431263924	0.44698818822701775	0.5549312841892242	11540	8190
TGTAGTGATCTATAAT-1	P17_T1	0.8677220086753369	0.17935434838136033	0.9329888170957565	5541	8367
TGTATAACAGATCCTG-1	P17_T1	0.48211495742201804	0.1305648736159007	0.6321024797360102	10751	7202
TGTATCCTTATTCCAT-1	P17_T1	0.10651532610257464	0.1997126054763794	-0.049493109385172485	7481	3450
TGTATGGCGCAGACAG-1	P17_T1	-0.15146365771691006	-0.012261623342831929	-0.3820344221591949	12327	9965
TGTCCCGACATAGCAC-1	P17_T1	-0.21676394277148775	0.11777840932210284	0.07769766807556155	8272	3650
TGTCCGTGGCGCCTTT-1	P17_T1	0.5517872835199039	0.10624138583739601	0.8718411719799042	3846	7377
TGTCCTAAGTCACCGC-1	P17_T1	0.5972774418526225	0.25453302661577865	0.4875650918483734	5202	8169
TGTCGGCATGGTGGAA-1	P17_T1	-0.1360807728767395	0.2432951784133911	0.7865182113647461	4425	3243
TGTCGTTATCACATAT-1	P17_T1	0.8191725060012605	0.07673057516415915	0.2873093203703563	3487	13481
TGTCTACAGTTTCTGT-1	P17_T1	0.26846375995212124	-0.00997089465459186	0.42667235374450674	7820	3648
TGTGACTACGCCAGTC-1	P17_T1	0.41239344868395067	0.28691606859366103	0.04544364333152773	10077	5625
TGTGAGACTAGCCCAA-1	P17_T1	-0.13641822348038354	0.025263339479764307	0.0008261199792226614	8921	13105
TGTGATTCCAGCGCTT-1	P17_T1	0.016459933188226472	0.31455284873644507	-0.17392078320185345	11561	1494
TGTGCTTTACGTAAGA-1	P17_T1	0.4945864022605948	-0.02480827530225116	0.5782191652059554	3842	8559
TGTGGCAAAGCGTATG-1	P17_T1	0.42576529479689074	0.260439936419328	0.6594477077325185	11656	7205
TGTGGCGGGCTTCTGG-1	P17_T1	0.13168865442276	0.1485227978229523	-0.15691437721252444	8465	14285
TGTGGTTGCTAAAGCT-1	P17_T1	0.5939876505732536	0.2062565670410792	0.8455470792452493	7333	14281
TGTGTCGCGAGTTGCA-1	P17_T1	0.4037630212969251	0.11913211941719054	0.6851283764839173	5887	6202
TGTGTTCGTATCCAAG-1	P17_T1	0.5188349623481433	0.058090348641077705	0.7795190276702246	4185	7575
TGTTATTGTATGTGGC-1	P17_T1	0.6289667741457622	0.0401976126432419	0.39685299277305597	11534	10159
TGTTCCGCTTCCATGA-1	P17_T1	0.5266147795650694	0.0924583695332209	0.28333634197711954	6785	8568
TGTTCCGGCCTGAGCT-1	P17_T1	0.46346742173035943	0.07543369332949318	1.3879637932777404	9254	15272
TGTTCGTATTGCGGTG-1	P17_T1	0.5391210368937916	0.1632546095053355	0.9759044698874155	8701	11135
TGTTCTTCCATTGACT-1	P17_T1	0.6380288891990978	0.21157399495442714	0.8005164714654289	6674	7977
TGTTGTCAAGAAGTCT-1	P17_T1	0.20415838824378119	0.23133267164230348	0.216510755221049	11094	6219
TGTTTAATACTTCATC-1	P17_T1	-0.3691452395915985	-0.008411711057027177	-0.36568287849426273	10537	3263
TGTTTCGGTACTTCTC-1	P17_T1	0.4619078508185015	0.279086931347847	0.7298120737075806	8155	5028
TTAAACAGAGTCCCGC-1	P17_T1	0.23268488195207382	-0.136370104153951	0.671244257291158	4878	3245
TTAAACCGGTAGCGAC-1	P17_T1	-0.09573284414079453	0.08200262784957885	-0.2308437347412109	7708	3057
TTAAACCTGGTTCCTT-1	P17_T1	0.5281890010833741	0.22296277205149334	1.0933558980623879	3170	6587
TTAAACTCGAATTCAT-1	P17_T1	0.4998838101492987	0.318781854112943	0.7742787667115532	12560	7602
TTAACACCTCGAACAT-1	P17_T1	0.19766361951828004	0.0793313197294871	-0.586843896706899	4303	6197
TTAACCAACCCTCCCT-1	P17_T1	0.6198821392655373	0.212421732544899	0.9278277687231697	8041	5224
TTAACGTCGCAAGACC-1	P17_T1	0.047827598121431114	-0.03830250144004821	0.17620303233464552	7933	3452
TTAACGTTAAAGCCTG-1	P17_T1	0.5522243365976546	-0.052099996407826754	0.9404917573928833	2258	8554
TTAACTCACGCGTGGA-1	P17_T1	0.3824827762113677	0.05934125562508902	1.1991640722751618	3397	6194
TTAACTTCAGGTAGGA-1	P17_T1	-0.03015441103114022	0.06595797240734103	-0.8577664721012116	4742	10531
TTAAGCCGACAACTTC-1	P17_T1	-0.1652962799866994	0.021632188955942794	0.30910264174143476	10535	4051
TTAAGCGCCTGACCCA-1	P17_T1	0.5819535309407446	0.25681757072607675	0.33959447940190635	6789	7387
TTAAGGCCCGTACTTT-1	P17_T1	0.5467256189054913	0.08433889945348105	0.8595153800646462	4620	13091
TTAATCAGTACGTCAG-1	P17_T1	-0.0944675491915809	0.15592366298039756	0.4336655330657959	10418	5035
TTAATGCGAGGTAACT-1	P17_T1	-0.21306441903114318	0.22233214855194092	-0.4159065341949463	9748	2276
TTAATGTAGACCAGGT-1	P17_T1	0.4203041652176116	0.0786012788613637	0.202595652739207	9505	7395
TTAATTTCAGACGCGG-1	P17_T1	0.984952741265297	0.2932358729839325	0.00956356048583995	9627	4836
TTACAACTACGCATCC-1	P17_T1	0.2669930479261611	-5.8312018712369795e-05	0.6394500748316447	7698	6208
TTACAGACCTAAATGA-1	P17_T1	0.23383928020795186	0.2837992272774378	0.8188044257958731	12677	6618
TTACATCGTGGCCTGG-1	P17_T1	0.14236997869279647	0.22879982670148213	-0.37018495718638106	5890	5414
TTACCATTGATTACCC-1	P17_T1	0.42109558595551383	-0.05146534999211627	-0.022943588892618827	4976	8169
TTACCCATTGCCGGGT-1	P17_T1	0.38019259966082053	0.12604881177345917	0.8081310536464057	11437	4841
TTACCCTAACAGTCCT-1	P17_T1	0.2736200569073359	0.08378312905629476	-0.02479148387908925	4529	6198
TTACCCTAGGGATTGG-1	P17_T1	0.08736161559820177	-0.011635351975758879	0.46698035399119064	8355	13300
TTACCGCCTTAGGGAA-1	P17_T1	0.09849535544713336	0.09051479975382487	0.29134101867675777	4198	3637
TTACTAAAGGACTTTA-1	P17_T1	-0.174344790842798	0.16732905089855196	-0.42054736574490864	10626	10944
TTACTATCGGCTTCTC-1	P17_T1	0.6962648172510996	0.2437578479448954	-0.2853028575579326	3617	8164
TTACTCTGGTACGTAC-1	P17_T1	0.7106966144508786	0.2851575458049774	-0.1739941755930582	5309	9942
TTACTGGGATATTTCA-1	P17_T1	0.6160702299740579	0.25891846636931104	0.5269739627838135	7912	10147
TTAGAAGAACATGACT-1	P17_T1	0.38964822966191504	0.3208966985344887	0.6566214263439178	9039	11726
TTAGAATAAGGGTCGG-1	P17_T1	0.6462715045611065	0.12659489591916406	1.0035810073216758	6883	13492
TTAGACACGATCGTTG-1	P17_T1	0.37890386756923466	0.37718683143456777	0.4405631736914317	11551	4645
TTAGACGAGTCACCTC-1	P17_T1	0.20821748892466224	0.05680590669314067	-0.40883615493774417	10852	10945
TTAGAGGGATATACAG-1	P17_T1	0.15571146845817568	-0.06484239896138508	1.746772486368815	1796	11309
TTAGAGTTTAGAAGGA-1	P17_T1	0.5022568383481767	0.0353873932361603	-0.07515919049580888	11532	10553
TTAGATAGGTCGATAC-1	P17_T1	0.4783644382158915	0.2589634337027868	0.7937961880366007	4196	4030
TTAGCAACATGGATGT-1	P17_T1	-0.001543917457262678	-0.12023470958073935	0.2960126972198487	4984	5412
TTAGCTAATACGATCT-1	P17_T1	0.6684674502081341	0.1379415948192278	0.17964316089948018	12906	5831
TTAGCTCTGTAATCCG-1	P17_T1	0.3491974725657039	-0.04096986691157023	1.015446343421936	3506	7573
TTAGCTGATTTGCCGT-1	P17_T1	0.5788026591804292	0.09665510416030887	0.1453301091988881	12443	8980
TTAGGTCATAACCGAC-1	P17_T1	0.24187389009528687	0.13096426089604696	-0.19770292282104496	6092	12899
TTAGTAGGGCGGCGGG-1	P17_T1	0.09055718484852049	0.05424154996871944	0.33352593461672475	4749	8168
TTAGTTATTCGTGGCA-1	P17_T1	0.23838372704055572	0.11709006925423943	-0.3182237307230631	12098	10752
TTATAGATGCACATTA-1	P17_T1	-0.3783568698167801	0.023683224121729518	-0.9739943599700928	7823	2467
TTATAGGTAATTGTCT-1	P17_T1	0.5843407814039125	0.10665186146895095	0.797348916133245	10052	13502
TTATATACGCTGTCAC-1	P17_T1	0.643421313729551	0.2625086867809296	0.4084386320908864	10179	8973
TTATATTTGGCAATCC-1	P17_T1	0.26609301457802453	0.06519983232021331	0.5235392975807189	9055	6606
TTATCCAATCGAACTC-1	P17_T1	0.45532147732045913	0.11431702812512717	0.7668968562285103	5555	4035
TTATCCGGGATCTATA-1	P17_T1	0.40123545520835446	-0.05802502393722536	0.2295425422986348	11642	11538
TTATCCTCAAGGAATA-1	P17_T1	0.7269466839896307	0.004739304780960074	0.9433788629372917	3832	11710
TTATCGCCTGCGAAGC-1	P17_T1	0.7561797842714522	0.17623708009719852	0.7376256187756858	3735	6786
TTATCTGACATTAGGA-1	P17_T1	0.19271269785033335	0.22882712841033936	0.3361398871739705	2704	10525
TTATCTGTATCATAAC-1	P17_T1	0.6504348669118352	0.1897938579320908	0.6783743151028949	8605	5817
TTATGAATGAAAGGGA-1	P17_T1	0.6008920000990231	0.08890224715073902	1.0430993004639946	8932	9560
TTATGACAAACTGGAT-1	P17_T1	0.7113526680403285	0.3147041799624761	0.7960112981001535	5772	6793
TTATGATCTTAACGAA-1	P17_T1	0.6105000667439566	0.20085701743761702	0.17080259164174394	11085	8976
TTATGCGTCCCGGTCC-1	P17_T1	0.46597944041093187	0.11262366016705827	0.5207912409305573	6917	2858
TTATGTTTGCGATAGA-1	P17_T1	0.4397694224781461	0.07477006753285725	0.30684815963109324	4075	6590
TTATTAGAGCGTGTTC-1	P17_T1	0.5730472267336316	0.29132614056269324	0.8348224703470863	9722	10547
TTATTAGGGAAGCATC-1	P17_T1	0.020332053403059658	0.0766973815361659	0.564548956155777	8496	4438
TTCAAAGTCTCTAGCC-1	P17_T1	0.46685078839461003	0.3849205044905345	0.6945840883255006	10294	8383
TTCAACGACCCGACCG-1	P17_T1	-0.11109036564826966	-0.052358058293660484	-0.600948634147644	7248	5419
TTCAAGCCGAGCTGAG-1	P17_T1	0.18522577193048262	-0.020448688268661502	-0.20114250183105464	10308	4050
TTCAATACTCTGAATC-1	P17_T1	0.5262059676316049	0.22167596002419793	0.6142568933963775	11537	8977
TTCAATTAGCCATAAT-1	P17_T1	-0.11421448959244623	0.11231155395507814	0.7639044523239136	10538	2869
TTCACGAAAGGATCAC-1	P17_T1	0.5180980958541235	0.15734397987524668	0.7330961573123931	7916	8966
TTCACTCGAGCACCTA-1	P17_T1	0.4227629489699999	0.11419540464878086	0.4644930819670361	9603	12319
TTCACTTCCTAGAACG-1	P17_T1	0.32754379047287835	0.24300527612368267	0.9680233907699585	7558	14676
TTCAGCCCTGGTCCAC-1	P17_T1	0.36220116509331596	0.2543298228581746	0.6717472747961681	11419	10749
TTCAGGCGTCAAAGCC-1	P17_T1	0.18872071994675527	-0.01199688514073688	0.13611965179443364	3614	9346
TTCAGTTTGTGGCAGC-1	P17_T1	0.3161285485161675	0.27386002818743393	0.4729690945148468	2603	6782
TTCATGGCGCAACAGG-1	P17_T1	0.2702430993980832	0.10739345709482831	-0.4078473416964213	10304	5232
TTCCAATCAGAGCTAG-1	P17_T1	0.6735534092452791	0.3309090214967728	0.3533639578024548	12566	6027
TTCCAATCTGGCTATC-1	P17_T1	0.6917287602027257	0.0711738631129265	0.9404652804136275	7004	10932
TTCCACACAGATTTGA-1	P17_T1	0.6157257746987872	0.3092841223875682	0.6256297135353088	7003	11326
TTCCACATTTCTCGTC-1	P17_T1	-0.17171778678894042	-0.17445693890253702	-0.8275234413146972	10542	1688
TTCCCGACGCTTCACT-1	P17_T1	-0.21839837074279786	0.18837710777918498	-0.7258553886413575	11900	1692
TTCCCGGCGCCAATAG-1	P17_T1	0.1714300925367408	0.13302693506081903	0.49559117178122203	3157	10526
TTCCGCGTGAGGCGAT-1	P17_T1	0.546645662387212	0.16423176586627958	0.7858955895900726	9042	10545
TTCCGGCCTTGAGGCT-1	P17_T1	0.3228433736165365	0.17860682527224225	0.33738156239191697	6774	12113
TTCCGGTTACCCACTT-1	P17_T1	0.5626394483778212	0.05197110732396443	-0.1576571393013	11646	10356
TTCCTCGAGGGTGTCT-1	P17_T1	-0.05375397536489698	0.019188091754913345	0.3325532976786295	7360	5616
TTCCTCGGACTAACCA-1	P17_T1	-0.009594576226340412	0.11627304752667744	-0.5412805032730104	11530	11341
TTCCTCTGCCCGAATA-1	P17_T1	0.5854134189420276	0.2414619036515554	0.9424215602874755	3504	8361
TTCCTTTCTGTGTTGC-1	P17_T1	0.30981295963128413	0.2019875105222066	1.0367091377576194	4650	3638
TTCGACAGAGCCCGTG-1	P17_T1	0.33176132725344765	-0.023580483794212348	-0.2704488710562388	9491	11728
TTCGACGGGAAGGGCG-1	P17_T1	0.7008496836158964	0.4105684379736583	0.7804757181803386	6793	6205
TTCGCACTCGCGTGCT-1	P17_T1	0.3471881039275063	0.10882311344146728	0.5371634793281554	6905	6402
TTCGCACTGTACGACA-1	P17_T1	0.15448549972640147	0.05708244880040486	0.3753803062438965	8467	13497
TTCGCGCGCCATACGA-1	P17_T1	-0.0062038732899559745	-0.08452823440233867	-0.21512242674827575	7110	13099
TTCGGCAACCCGCTGA-1	P17_T1	0.4657300167447991	0.18525511523087818	0.19731026808420826	11778	4646
TTCGGCTAGAGATGGT-1	P17_T1	0.5305773720973067	0.15707980682452521	0.7727691463629403	4533	5016
TTCGGGACTAATCGCG-1	P17_T1	0.6090778136253356	0.35791400710741683	0.6616422677040099	9954	8578
TTCGGGCGCTAGTCTT-1	P17_T1	0.5630551408727963	0.35279160857200625	0.9716672015190124	5981	12307
TTCGGTACTGTAGAGG-1	P17_T1	0.5849045140710142	0.17641142835219703	1.2359985738992691	8916	14680
TTCGTAATCCCAGCGG-1	P17_T1	0.4418288442161348	0.1944303045670191	0.35385324875513713	11554	3857
TTCGTACTCCAGAACG-1	P17_T1	0.2532137035661273	-0.10832497517267864	0.056230562527974426	5092	7184
TTCTAACCGAAGCTTA-1	P17_T1	0.4634302389621735	0.26658751547336573	0.7617064416408539	11993	8191
TTCTACCTTTATGTTG-1	P17_T1	-0.13424244284629822	0.06216427008310954	-0.6189748525619507	11331	2675
TTCTACTTGCGAGGGC-1	P17_T1	0.4155502245161269	0.32618700702985126	0.3853780651092529	5436	5807
TTCTAGAAAGTCTTAT-1	P17_T1	0.5703154954645369	0.21740358432133988	0.668461623986562	6996	13295
TTCTAGGCCAATTGTG-1	P17_T1	0.6354521686500973	0.3809871462980906	1.0909870322545372	6794	5811
TTCTATTAAACGCAGC-1	P17_T1	0.6755616794029873	0.14929059942563377	1.297786101500193	8011	14677
TTCTGACCGGGCTCAA-1	P17_T1	0.5613846240441005	0.27819394628206895	1.2136179641882576	11302	11734
TTCTGCCGCGCCTAGA-1	P17_T1	0.5537635749909613	0.2535196242729823	0.7977741591135659	9606	11137
TTCTGCGAGCGCCCTT-1	P17_T1	0.3910482920540704	-0.07772611657778422	0.9570755124092103	3731	7968
TTCTGCGGGTTAGCGG-1	P17_T1	0.6793323623140652	0.3496517749627431	0.7006399424870811	10857	9369
TTCTGTTTCCTGTCGC-1	P17_T1	0.6440691378381517	0.09463627417882281	0.7888804531097412	3173	5406
TTCTTAGTGAACGGTG-1	P17_T1	0.09468198325898908	-0.07872966170310974	-0.18641773104667658	5665	5020
TTCTTAGTGGCTCAGA-1	P17_T1	0.5990841158893373	0.08075840433438619	0.5130261564254761	8721	4833
TTCTTCCCTTTGATAT-1	P17_T1	-0.1736091661453247	-0.12643685817718506	0.5697081470489502	9749	1882
TTCTTGAGCCGCGCTA-1	P17_T1	0.6711878936986129	0.03489916046460473	0.8893674298127494	6439	10733
TTCTTGGACGATCTGC-1	P17_T1	0.5923289873533778	0.1968766715129216	0.5331653511524201	5417	11715
TTCTTGTAACCTAATG-1	P17_T1	0.5417476049396728	0.15107058525085448	0.9528134584426879	5775	6005
TTCTTGTGTCCATCAG-1	P17_T1	0.5722880518436432	0.0010805777708689512	0.7982860143979391	2714	7374
TTGAACGAATCCTTTG-1	P17_T1	0.4738718620273802	0.002911605636278791	0.7690956111749014	4193	5212
TTGAAGAATTCCCAGG-1	P17_T1	0.4797207950221166	0.16001170357068384	0.952550413608551	7467	7783
TTGAATATGGACTTTC-1	P17_T1	0.3087608115540611	0.3407579352458318	0.5267636164029439	10408	8186
TTGAATCGTTGTATAA-1	P17_T1	-0.09306296553876667	0.16129849572976432	-0.564445736805598	2929	10919
TTGACATGAACGTGGA-1	P17_T1	0.4089938264422946	0.089890806277593	0.47233985980351756	5422	10139
TTGACCATGTTCTCCG-1	P17_T1	0.08569757130410932	-0.0461889974276225	0.3691661636034649	10641	6217
TTGACCGTGTTAATGA-1	P17_T1	0.6391565860311191	0.19010142564773558	0.43336844325065615	5645	11322
TTGACGATTCAGCACG-1	P17_T1	-0.2724583833085166	0.05776111543178558	0.07327165842056271	7594	3254
TTGACTACCATATGGT-1	P17_T1	0.6555265885591507	0.09493760844071708	0.8595167001088462	6441	9946
TTGAGAAGTTTAGCAT-1	P17_T1	0.6374693425827556	0.14832369883855184	0.7297440779209137	11640	12326
TTGAGAGTACTGCTAA-1	P17_T1	0.6502465725110635	0.19050030579169586	0.7205585847298304	6101	10142
TTGATCTAACTTTGTC-1	P17_T1	0.6020325945483312	0.1497404503822326	0.42641895294189447	7129	7191
TTGATGTGTAGTCCCG-1	P17_T1	0.6143920769294102	0.16562129557132726	0.4448671996593476	11999	6222
TTGATTAGCTGTTTCT-1	P17_T1	0.720255231625504	0.01925254344940186	0.7793647015094758	5646	10928
TTGATTATGCAGATGA-1	P17_T1	0.5586146050691605	0.02998080790042873	-0.17201812227567026	5546	6792
TTGCAAGAAGACTCCT-1	P17_T1	0.5358916696574952	0.30633541822433474	0.37321646928787233	9480	15273
TTGCACAATTCAGAAA-1	P17_T1	0.700129627386729	0.12170755585034687	0.2864323151111603	8252	9952
TTGCACGGAGCAGCAC-1	P17_T1	0.6952499721778764	0.10986109296480812	0.3804673818747204	8492	5620
TTGCATGCTGATCACG-1	P17_T1	0.4668876726097531	-0.02497006654739381	-0.33661044677098595	5763	9550
TTGCCATAGCCCGCTC-1	P17_T1	0.4452588693300884	0.20100566009680432	1.2004784826437631	4510	12106
TTGCCCTGATCACGGG-1	P17_T1	0.7031385344266892	0.06656103452046713	1.0024627892176308	5653	8565
TTGCCGCAGACCTACA-1	P17_T1	0.7953929809563689	0.32902913500865305	0.7145403989156087	3826	13679
TTGCGGCATCAGAAAG-1	P17_T1	0.5737159254815843	0.08328232745329539	0.5500276875495911	6888	11917
TTGCGTAGTTTGAGGA-1	P17_T1	0.25272969875070783	-0.05560117006301882	-0.14474270264307654	3963	6393
TTGCGTCGGCCAACCG-1	P17_T1	0.5672056330243748	0.16799255450566608	0.6210667739311855	6436	11521
TTGCGTGAACGCTTAG-1	P17_T1	0.37735278086529844	0.09762468318144485	0.5474751838048297	12684	4255
TTGCTCCCATACCGGA-1	P17_T1	0.3041939403778977	0.2305317984024684	0.8121120512485505	9963	5821
TTGCTGAAGGAACCAC-1	P17_T1	0.27038063241375815	0.04789510051409401	0.35092096408208207	8267	5225
TTGCTGATCATGTTCG-1	P17_T1	0.8174156126048829	0.3608741164207458	0.742344685792923	8258	7982
TTGCTGCACCTATCCA-1	P17_T1	0.24726949254671726	-0.03168341457843779	0.023867885271708245	4078	5803
TTGCTGGCCGGGCTTC-1	P17_T1	-0.07987235797776115	0.16638657887776692	-0.22943443457285562	10651	3066
TTGGAAGAATACAGTC-1	P17_T1	0.7039727601077821	0.1852120329936346	0.7716474231084189	4513	11318
TTGGACATGTGGCTTA-1	P17_T1	-0.16181281864643096	-0.025426927407582595	-0.018185479640960733	5084	9548
TTGGACCTATAACAGT-1	P17_T1	0.6652239224645827	-0.051772528787453975	1.0798011775811516	11526	12522
TTGGAGTCTCCCTTCT-1	P17_T1	0.49260695026980494	0.15065632959206898	0.5818590827782948	6803	3054
TTGGATATCGTCTACG-1	P17_T1	0.6040156705180805	0.3049608848492305	0.7314377892017365	7683	10934
TTGGATCGACTTCTGG-1	P17_T1	-0.14751849790414176	0.037741428216298445	-0.2810575298468271	8612	3454
TTGGATTGGGTACCAC-1	P17_T1	0.5285415194100804	0.30689260284105935	0.9902064549922942	8042	4831
TTGGCCATCTTGCGCT-1	P17_T1	0.31288112388716804	0.006522171099980656	0.8437309630711876	4194	4818
TTGGCCTAGAATTTCG-1	P17_T1	0.6273389947414398	0.28739809513092035	0.9092239085833229	11099	4643
TTGGCTCGCATGAGAC-1	P17_T1	0.6373156872060564	0.17789155185222627	0.2523764363924663	6001	6006
TTGGGACACTGCCCGC-1	P17_T1	0.5963449872202344	0.21950844605763753	0.6593146936098735	9733	7002
TTGGGCGGCGGTTGCC-1	P17_T1	0.5897141298982832	0.18801626245180764	0.6559935609499614	10411	7398
TTGGTCACACTCGTAA-1	P17_T1	0.570083215104209	0.16302090446154283	0.5714375098546345	7230	10933
TTGGTTGCGGTGCGCG-1	P17_T1	0.39906979345613053	0.21078033924102785	0.5730337810516357	4398	11909
TTGTAAGGACCTAAGT-1	P17_T1	0.5229052862193849	0.21670598745346076	0.7496701367696128	5421	10533
TTGTAAGGCCAGTTGG-1	P17_T1	0.6631709742877219	0.3961435101429621	0.041859512329101456	10978	6809
TTGTAATCCGTACTCG-1	P17_T1	0.6537648191220231	0.23519639790058133	0.4275496182839076	8031	8375
TTGTACACCTCGAACA-1	P17_T1	0.4643042719364166	-0.2594056173165639	1.1519854458173118	1909	11507
TTGTATCACACAGAAT-1	P17_T1	0.38496537890699173	0.1487034209569295	0.3460641487439473	10196	3853
TTGTCACCGCGGTATC-1	P17_T1	0.48135070363680516	0.29406661113103233	0.5968999592463176	2360	11902
TTGTCGTTCAGTTACC-1	P17_T1	0.47387296683258484	0.25847472975651425	0.6957410210371018	8378	5816
TTGTGAACCTAATCCG-1	P17_T1	0.3986832595533795	-0.046386437416076676	0.1453142420450848	11979	12524
TTGTGAGGCATGACGC-1	P17_T1	0.42376408484246997	0.06079435984293624	0.6489895836512249	3272	9936
TTGTGCAGCCACGTCA-1	P17_T1	0.24158189492093196	0.15831918835639952	-0.2182876272996267	10165	13306
TTGTGGCCCTGACAGT-1	P17_T1	0.5570048005878925	0.14136485268672305	0.8805574117104211	8607	5029
TTGTGGTAGGAGGGAT-1	P17_T1	0.3799918880065283	0.2287511384487152	0.4663877701759338	4965	11320
TTGTGTATGCCACCAA-1	P17_T1	0.34224680877394154	0.2748040393988291	0.26264961997667946	8583	12513
TTGTGTTTCCCGAAAG-1	P17_T1	0.531345172557566	0.10881488879521689	0.7636392017205558	8473	11528
TTGTTAGCAAATTCGA-1	P17_T1	0.5744746866491106	0.21122106492519377	0.2958287175496419	6568	5810
TTGTTCAGTGTGCTAC-1	P17_T1	0.6243611062235302	0.3409789345661799	1.052158315976461	9056	6212
TTGTTGTGTGTCAAGA-1	P17_T1	0.6294666175047557	0.30852538228034976	-0.1484185226758321	10523	7596
TTGTTTCACATCCAGG-1	P17_T1	0.7388123308287726	0.2988116403420766	-0.11126315832138056	6545	12900
TTGTTTCATTAGTCTA-1	P17_T1	0.47085566222667696	0.08424691359202063	0.9875499908129373	5185	13290
TTGTTTCCATACAACT-1	P17_T1	0.12270713176992204	0.03990240772565207	0.13545997301737467	4855	10335
TTGTTTGTGTAAATTC-1	P17_T1	-0.1497942363553577	0.09166413307189941	-0.4463993827501932	7596	2860
AAACAAGTATCTCCCA-1	P10_T1	0.09086079869005415	0.01401225149631502	0.9148243085543315	12677	10773
AAACAATCTACTAGCA-1	P10_T1	0.1214611741900444	0.14803037657624202	1.0671108112732568	6199	1794
AAACATTTCCCGGATT-1	P10_T1	0.19736224942737154	0.2944980516036352	1.1600505566596986	12128	12875
AAACCCGAACGAAATC-1	P10_T1	-0.10992280562718709	0.19647844973064602	0.2251501067479451	14104	9818
AAACCGGAAATGTTAA-1	P10_T1	0.00517542335722182	0.17082441988445463	0.5860431281725567	15093	11538
AAACCTAAGCAGCCGG-1	P10_T1	-0.02330691576004028	0.4114094710350037	-0.63171226978302	10591	13639
AAACGAAGAACATACC-1	P10_T1	0.14214408026801217	0.2751294483457293	0.5955761027336121	8505	2367
AAACGAGACGGTTGAT-1	P10_T1	-0.133168017466863	0.033136301608312685	-0.1069243733088176	10152	7908
AAACGGGCGTACGGGT-1	P10_T1	0.21957071436776054	0.27309071748029623	0.7749122822284699	11469	13639
AAACTGCTGGCTCCAA-1	P10_T1	-0.10346099217732747	0.07349801835559666	0.6933598852157593	8834	9818
AAAGAATGTGGACTAA-1	P10_T1	-0.07630060513814291	-0.12432354177747454	-0.6725799942016601	13006	14785
AAAGACCCAAGTCGCG-1	P10_T1	0.009795180691613087	0.27505628695090617	0.8224925834933918	6748	3131
AAAGGGATGTAGCAAG-1	P10_T1	-0.042214108705520614	0.19739469022977923	0.3681475901603699	8285	5806
AAAGGGCAGCTTGAAT-1	P10_T1	-0.018680933316548666	0.1119211291131519	-0.448342399597168	4332	5806
AAAGTCACTGATGTAA-1	P10_T1	0.12862305627928838	0.28967088063557944	0.5847265990575153	7187	3131
AAAGTGTGATTTATCT-1	P10_T1	-0.04471824645996094	0.15322043350764683	-0.6961859846115113	11799	9627
AAAGTTGACTCCCGTA-1	P10_T1	0.12224273588922288	0.1282825982570648	-0.9053746604919434	12018	9245
AAATACCTATAAGCAT-1	P10_T1	0.023820749388800744	0.01806231759843374	0.0424276701609293	9054	10200
AAATAGCTTAGACTTT-1	P10_T1	-0.07793751464949714	0.35371001379830497	0.5929082838694255	13116	8099
AAATAGGGTGCTATTG-1	P10_T1	0.11681369569566515	0.47728937364759905	0.7318569723765056	10152	11346
AAATCCGATACACGCC-1	P10_T1	0.12844258811738757	0.19859216349465506	-0.20015755335489904	11030	13639
AAATCGTGTACCACAA-1	P10_T1	0.13825392007827758	0.360967325369517	0.848197471300761	7626	9627
AAATCTAGCCCTGCTA-1	P10_T1	-0.1226584325896369	0.31500988006591796	1.2012119515736899	12567	11347
AAATGCTCGTTACGTT-1	P10_T1	0.05954596201578774	0.0018726754188537753	1.319426985581716	4113	4278
AAATGGCATGTCTTGT-1	P10_T1	-0.004872238967153775	0.2428973216953732	0.4565445923805236	9054	3705
AAATGGTCAATGTGCC-1	P10_T1	0.06835741334491306	0.0963745857988085	-0.3996547373135884	7077	7526
AAATGTGGGTGCTCCT-1	P10_T1	0.18919356538189785	0.12329890041124253	0.7017351281642914	7407	1603
AAATTAACGGGTAGCT-1	P10_T1	0.20119549168480766	0.10892619530359907	0.3802778895696004	7846	7717
AACAACTGGTAGTTGC-1	P10_T1	-0.10356377998987834	0.1237687064920153	-0.1503919021288554	6089	6570
AACAATTACTCTACGC-1	P10_T1	0.13999116698900857	0.2750577395302909	0.8299882197380066	4223	6761
AACACACGCTCGCCGC-1	P10_T1	-0.12357908884684245	0.17245542253766744	0.23886027415593447	11689	10964
AACACGACTGTACTGA-1	P10_T1	0.11954646643665104	0.1284442335367203	0.48614620745182036	8615	2940
AACACGCGGCCGCGAA-1	P10_T1	0.004732326666514075	0.11928045993759523	0.4039566711584728	5211	2367
AACAGGAAATCGAATA-1	P10_T1	0.022814262211322794	0.21456525054715925	0.4849772550662357	8834	4087
AACAGGATGGGCCGCG-1	P10_T1	-0.058291582266489665	0.5268190313520886	-0.12693953831990568	4881	6761
AACAGGTAGTATGGAT-1	P10_T1	0.180673781103558	0.27703836597147447	0.8271965261300405	13885	10582
AACCATGGGATCGCTA-1	P10_T1	-0.10741482337315877	0.189680202745256	0.31193292538325	4772	3896
AACCCAGAGACGGAGA-1	P10_T1	0.04196144812636904	0.13142091560931435	0.7081758880615234	5760	4087
AACCCGAGCAGAATCG-1	P10_T1	0.026262827780511644	0.1968061169556209	0.3630556607246398	13885	12111
AACCCTACTGTCAATA-1	P10_T1	0.04314691755506728	0.10278063410804383	-0.14663936694463098	12018	8863
AACCCTGGTGGAACCA-1	P10_T1	0.03794208175606198	0.17550629803112577	0.5426449151833852	9164	2749
AACCGAGCTTGGTCAT-1	P10_T1	0.1513624926408132	0.12846606498672852	-0.5725536346435547	9164	5806
AACCGCTAAGGGATGC-1	P10_T1	-0.08011572202046713	0.3026845718565442	0.0743996381759644	11579	10009
AACCGTTGTGTTTGCT-1	P10_T1	0.06932517131169637	0.09836137748899915	0.7915808884302776	8505	3514
AACCTCGCTTTAGCCC-1	P10_T1	0.5541617764366997	-0.08262721879141671	-0.44580612182617185	10481	13066
AACCTTTAAATACGGT-1	P10_T1	-0.10125864664713542	0.4654203982580275	0.2910295581817627	8944	11538
AACGATAATGCCGTAG-1	P10_T1	-0.0654475728670756	0.16511228674934023	-0.7243671202659607	9493	11346
AACGATAGAAGGGCCG-1	P10_T1	0.02429400444030763	0.17921518110093615	0.582632466952006	7297	4087
AACGATATGTCAACTG-1	P10_T1	0.014904210170110066	0.13723675852730163	-0.6649134469032287	9822	5806
AACGCGGTCTCCAGCC-1	P10_T1	-0.07964476346969604	0.19385386574836005	-0.18599175453186034	8615	5615
AACGCTGTTGCTGAAA-1	P10_T1	-0.0631659475962321	0.13634255823634922	0.5263387544949849	11799	11538
AACGGACGTACGTATA-1	P10_T1	-0.001946870485941568	-0.058591063703809454	-0.0868604874610901	11579	10773
AACGTCAGACTAGTGG-1	P10_T1	-0.05225635634528267	0.29219808056240987	0.5242501203219097	5870	5806
AACGTGCGAAAGTCTC-1	P10_T1	0.12112771775987413	-0.012916481211071917	-0.028010868231455488	9603	8099
AACTACCCGTTTGTCA-1	P10_T1	0.07736355407370463	0.15533108577841803	0.07835718015829729	13885	10200
AACTAGCGTATCGCAC-1	P10_T1	0.05845339953899384	0.010467564946129215	0.4734631629784902	6748	1985
AACTCAAGTTAATTGC-1	P10_T1	-0.10083969751993815	-0.02044104434195021	1.2223861654599508	6309	8481
AACTCCAGAGCGTGTT-1	P10_T1	-0.0945142936706543	0.32146207082839234	0.49028716087341306	11579	12684
AACTCGATGGCGCAGT-1	P10_T1	-0.048007017771402996	0.055557762100583025	0.8881289943059285	4442	3322
AACTCTCAATAGAGCG-1	P10_T1	-0.12073692639668783	0.34846609688940505	0.5657299669583638	11689	7908
AACTGATATTAGGCCT-1	P10_T1	0.06801137646039328	0.35102400992597854	0.04476051211357113	8724	4278
AACTGGGTCCCGACGT-1	P10_T1	0.058239684237374204	-0.0021554349717639587	-0.12678948005040486	8724	5042
AACTGGTGTGGGCCTT-1	P10_T1	-0.11099502887990739	0.1149846281182198	0.7543560496966045	6858	2558
AACTTCTGCGTCTATC-1	P10_T1	-0.10899007002512615	0.3757778483345395	0.005819965998331678	3454	4660
AACTTGCCCGTATGCA-1	P10_T1	-0.06944923400878907	0.2096571969985962	0.11838226795196538	4442	6761
AACTTGCGTTCTCGCG-1	P10_T1	0.08719127416610718	0.10113266184216455	0.7373486304283142	3674	3896
AACTTTAGCTGCTGAG-1	P10_T1	0.04712363762987984	-0.020727171571481795	0.33813463449478154	6858	2176
AAGAAGGATCAGTTAG-1	P10_T1	0.06009731226497225	0.19028098055294584	0.7480117384592693	4223	3705
AAGACATACGTGGTTT-1	P10_T1	0.07658292730649312	0.10925491077559335	0.6113000583648681	13995	14212
AAGACTGCAAGCTACT-1	P10_T1	-0.07239957809448243	-0.10272650923047746	-0.3800977849960327	8944	8099
AAGAGATGAATCGGTA-1	P10_T1	0.09848148968484666	0.24340551495552062	-0.021504952112833653	4442	6379
AAGAGCTCTTTATCGG-1	P10_T1	-0.14143434405326843	0.21247764337630498	0.1893411699930827	9932	7908
AAGAGGATGTACGCGA-1	P10_T1	0.22940855715009903	-0.11696679524012975	0.1384950606028239	4662	8672
AAGAGGCATGGATCGC-1	P10_T1	-0.11547204017639161	0.11934486275627501	-0.6534619855880738	10261	8099
AAGAGGCCCTTTGGAA-1	P10_T1	0.08847039931350284	0.1604111911569323	0.5615792111555735	13446	12493
AAGATTGGCGGAACGT-1	P10_T1	0.08467755516370137	-0.0035384643077850386	0.6458335820833843	11359	6188
AAGCACCCTGCGTATC-1	P10_T1	0.3080736255645752	-0.07109643050602504	0.46824714978535975	9493	12493
AAGCATACTCTCCTGA-1	P10_T1	-0.0716489315032959	-0.13581167493547713	-0.5323471641540527	9054	11346
AAGCCGAAGCGGTTTA-1	P10_T1	0.10771874487400054	0.4351139774208977	0.6669244527816772	13226	10582
AAGCTAGATCGAGTAA-1	P10_T1	-0.05890001058578491	0.27600479670933314	0.6674477990468343	8944	10773
AAGCTCGTGCCAAGTC-1	P10_T1	0.12075871123207939	0.0428725292569115	0.08459430058797202	9493	7908
AAGCTCTTTCATGGTG-1	P10_T1	0.2509993990262349	-0.08036605630602156	0.24073676586151127	10371	12111
AAGGAGAACTTATAAG-1	P10_T1	0.02428928375244141	0.2271625339417231	0.6518454190095265	7736	1794
AAGGAGCGGTTGGTGC-1	P10_T1	0.10713209735022652	0.3030583930583227	-0.17304182211558017	6748	6570
AAGGATCGATCGCTTG-1	P10_T1	0.09595424824290805	0.09251331335022339	0.8356553479035694	13446	8672
AAGGATGAGGGACCTC-1	P10_T1	0.07507995929982927	0.16716912678309848	0.24529770890871694	11030	6379
AAGGCGCGTAAAGCTT-1	P10_T1	0.1246154123544693	0.04510612121650148	-0.48257559061050426	5650	5806
AAGGCTGTGCTCATCG-1	P10_T1	0.17470447858174643	0.044929069564456026	-0.5122314071655274	6528	6952
AAGGTATCCTAATATA-1	P10_T1	-0.13876470923423767	0.4642460402420589	-0.6807141558329266	10371	5997
AAGGTGATAAACCAGC-1	P10_T1	0.2084241063064999	0.007881135089056857	-0.23375466903050746	11579	9627
AAGTAGAAGACCGGGT-1	P10_T1	-0.026064426733387824	0.1146166687068485	0.5764840348561604	6638	4851
AAGTAGTGACGCGAGG-1	P10_T1	0.05606104413668314	0.2115645893414815	-0.8333803844451905	4881	7525
AAGTCAATTGTCGTCA-1	P10_T1	0.07967887798945109	0.189584189028967	1.1105804888407391	12567	9818
AAGTGCCTTGACTGTA-1	P10_T1	-0.1039006797472636	-0.17626875604901995	0.5998621431986492	12897	9627
AAGTGTTTGGAGACGG-1	P10_T1	-0.08666472792625428	0.13218890178771248	0.9119833699862163	10261	11155
AAGTTCACTCCAAGCT-1	P10_T1	-0.06332911650339762	0.0734905479067848	-0.03066910584767668	10810	12111
AAGTTGTGATGTTATA-1	P10_T1	-0.08339419722557068	0.5177929786273412	1.4064011017481484	13116	13830
AAGTTTACTAATGGCA-1	P10_T1	-0.04168591287400987	0.05004834992544993	0.4760152459144593	8175	2176
AATAACAACGCTCGGC-1	P10_T1	-0.0696623698870341	0.4023907904397873	-0.2521937370300293	4772	8099
AATAATCTTCGTATCG-1	P10_T1	-0.07762255589167277	0.10404923779623848	0.7282620302836101	14873	11155
AATACAATGTTTCAGG-1	P10_T1	0.08292451845275031	0.18157463002772556	0.806025961637497	3564	5615
AATAGAATCTGTTTCA-1	P10_T1	-0.09274085839589437	0.04789974780309769	-0.3456873877843221	10920	10391
AATATCAAGGTCGGAT-1	P10_T1	0.11746329926782184	0.2017347989905448	0.686063107252121	6089	2749
AATATCGAATCAATGC-1	P10_T1	0.15986262228753834	0.10082086299146925	0.5561586387952168	13446	10582
AATCATGTAAAGACTC-1	P10_T1	-0.0275184240606096	0.08207282707804725	0.8428101356824238	12238	11538
AATCCAAGGGCCTGAG-1	P10_T1	-0.026046893596649162	0.14392653252397264	0.5221227880318959	6638	3705
AATCCATGCAAGGGTG-1	P10_T1	-0.07498908201853434	-0.10327054228101458	-0.3539503765106201	4332	2749
AATCGCCTCAGCGCCA-1	P10_T1	-0.11057687441507975	0.2983662501970927	-0.28353621323903405	10152	8672
AATCGGGACACTACGA-1	P10_T1	0.023686265150705987	0.11679757299877347	0.6706596072514851	8066	2749
AATCGGTATAGCCCTC-1	P10_T1	-0.04524973630905151	0.08092135667800904	0.44952783107757566	13446	14785
AATCTGCGTTGGGACG-1	P10_T1	0.0989047384262085	0.29741402983665466	0.4747729142506917	11579	7335
AATGACGTAGGATGTC-1	P10_T1	-0.11585187832514444	-0.02894092684700375	0.0884615516662598	10042	9627
AATGACTGTCAGCCGG-1	P10_T1	0.08860497183269925	0.002333556640715828	0.7816463573773701	6638	5615
AATGAGTTCGCATATG-1	P10_T1	0.07169471157921686	0.0033244314647856155	1.2942454608281455	3783	4087
AATGCAACCGGGTACC-1	P10_T1	0.029259833494822196	0.004898555959974016	0.10192519982655845	7956	5997
AATGGTTCTCACAAGC-1	P10_T1	0.011554793781704376	-0.12801159132094608	0.6453907442092895	5321	4851
AATGTTGTCGTGAGAC-1	P10_T1	0.28733604100015425	0.423488510392961	-0.07711625973383585	13336	14212
AATTAAAGGTCGGCGT-1	P10_T1	0.26688348280058966	0.19748893788882665	0.4693820412953694	6968	8863
AATTAGCGCTGCAGCG-1	P10_T1	0.28442154990302193	-0.1084359734398978	-0.459074912071228	8395	10964
AATTCTAGAGTTAGGC-1	P10_T1	0.2377026120821635	0.13782756498881749	-0.5294483757019043	8395	10582
AATTGAACGCTCTGGT-1	P10_T1	0.02568185329437256	-0.005529248884746013	-0.20521790107091276	10591	9818
AATTGCAGCAATCGAC-1	P10_T1	0.15780723571777341	0.06170716314088731	0.08654654423395802	12677	13448
AATTGTGGTTGCCAAA-1	P10_T1	0.15448821412192454	0.24265842744282315	-0.0377118841807047	14544	13639
AATTTGGTTCCAAAGA-1	P10_T1	0.1016658235258526	0.1353908152949242	0.4524366184075672	8834	3322
ACAAAGCATGACCTAG-1	P10_T1	0.09578382001982796	0.31455828167143324	0.6965730106830597	12128	13257
ACAAATCGCACCGAAT-1	P10_T1	0.018947728077570614	0.24918722050530567	0.48979114055633544	10481	10773
ACAAATGGTAGTGTTT-1	P10_T1	-0.0026233282354142934	0.13357779219037014	0.23769352674484256	10701	9627
ACAACAGCATGAGCTA-1	P10_T1	-0.12026076674461365	0.1390030684357598	0.5312812821070354	9383	7334
ACAACGGTCCCTGCGA-1	P10_T1	-0.08988389968872071	0.04323160307747978	-0.50104727268219	4772	5424
ACAAGCAGTGCCTAGC-1	P10_T1	-0.0025196377436320083	0.1616180448305039	0.24018775224685673	4332	6952
ACAAGGAAATCCGCCC-1	P10_T1	-0.134708468914032	0.2376931455021813	0.1518659663200378	9712	10582
ACAAGGACAAGAGGTT-1	P10_T1	0.1653417420387268	0.1576133734839303	0.03873853683471684	5540	6761
ACAAGGATGCTTTAGG-1	P10_T1	-0.08188985347747803	-0.0978108194896153	0.33597889582316076	11030	12875
ACAAGGGCAGGCTCTG-1	P10_T1	-0.11400571982065837	0.07336008934747601	0.7962199036280315	9822	9627
ACAATCCATTTAAACC-1	P10_T1	0.332042367193434	0.0663625919251215	-0.025952006975809683	4991	8099
ACAATCGATCTTTATA-1	P10_T1	0.07612756623162165	0.21273012836774197	0.49547745386759456	8285	1603
ACAATTGTGTCTCTTT-1	P10_T1	0.0651451810201009	-0.042803335189819325	-0.024166180292765294	12128	10964
ACAATTTGAGCAGTGG-1	P10_T1	-0.09457666324244607	0.16852602640787762	0.08199642340342206	10481	6570
ACACAAAGACGGGTGG-1	P10_T1	0.2913378781080246	-0.02402742786066875	-0.09421100854873654	7626	5806
ACACACCAGGACCAGT-1	P10_T1	0.022865524358219563	0.270330987742969	-0.06677827040354412	11359	9627
ACACACTTTCTACACG-1	P10_T1	0.13485456208388014	0.28963664315995713	0.9624405225118	8505	3896
ACACCCAGCATGCAGC-1	P10_T1	-0.04434957914882237	0.05241629821913585	0.828198983669281	6968	5806
ACACCCGAGAAATCCG-1	P10_T1	0.003514802323447322	0.1661508041336423	0.2722187757492065	5760	4851
ACACCTTAAGTAGGGC-1	P10_T1	0.04357128487692938	0.30583605096453714	-0.2809400097529094	6199	5997
ACACGAGACTCCTTCT-1	P10_T1	0.025374776257409	-0.09093325660342262	0.2692959769566854	9273	7143
ACACGGCACTATGCAT-1	P10_T1	0.165706870953242	0.06363128503163656	0.5874943256378173	9273	2558
ACACGGGAACTTAGGG-1	P10_T1	-0.15478679656982422	0.18826438614300317	-0.27075196107228605	9273	6379
ACACGTAGGCCACAAG-1	P10_T1	0.007261947658326884	0.1619324845927102	0.6315448633829754	13555	12302
ACACTCCAATGTCACT-1	P10_T1	-0.07137059926986694	-0.12219897270202637	-0.5916620302200317	3344	4469
ACACTGGGACAGTCGT-1	P10_T1	0.007733305195967349	0.20735756356091722	0.6345567045609157	14104	12493
ACAGATTAGGTTAGTG-1	P10_T1	0.2076589275730981	0.15195213005656288	0.41585126717885323	7736	2558
ACAGCATAGAGCCAGT-1	P10_T1	0.06860850459999507	0.2775827167715345	0.5280491876602174	7846	3131
ACAGCGACATTCTCAT-1	P10_T1	0.0025686890549130037	0.21766298768066222	0.9798782360553742	12348	12493
ACAGGCACGGATCCTT-1	P10_T1	0.08159983264075385	0.3118473175593785	0.9001728518803913	11908	14403
ACAGGCTTGCCCGACT-1	P10_T1	-0.021437228653166024	0.10140329355285277	1.1205252552032472	11030	11346
ACATAATAAGGCGGTG-1	P10_T1	0.07971793095270792	-0.09581046680609387	0.38376187324523925	8395	5233
ACATCCTGGTAACTGT-1	P10_T1	0.08648028718100656	0.25008637479373386	0.2080172681808472	12677	9245
ACATCGATCGTTTACC-1	P10_T1	-0.0686727797985077	0.20643072111266	0.5827330875396729	8285	9245
ACATCGTATGCAATGG-1	P10_T1	-0.13904626846313475	0.290931396484375	1.3013454898198444	10371	9818
ACATGGCGCCAAAGTA-1	P10_T1	-0.16941911101341248	0.3597797096343267	-0.4560008279482524	12897	8863
ACATTAGTTTATATCC-1	P10_T1	0.22032690948910183	0.11628527277991886	-0.7603767061233521	8175	10964
ACATTTGAAACCTAAC-1	P10_T1	-0.07081344008445739	0.26531093483879453	-0.15125487565994267	12348	15167
ACCAACCGCACTCCAC-1	P10_T1	0.03642478042178683	0.0953330093906039	0.6350520690282185	12128	13639
ACCAAGAACGCGTGTC-1	P10_T1	0.20410350946916478	0.1085081733621302	0.5877615784605343	6858	4469
ACCAAGTCATCGGCAG-1	P10_T1	0.07094984849294025	0.17181408121472316	1.3266715574264527	13116	14594
ACCAATATGCAAGTTA-1	P10_T1	0.14656328333748708	0.05271873973664781	-0.738224892616272	10042	11920
ACCACAAGTTTCTATC-1	P10_T1	0.10895091984007094	0.023582770143236426	-0.8714222097396851	7407	6952
ACCACCAATGTAACAA-1	P10_T1	0.0664398925834232	-0.05521998694964819	0.05112351218859357	13226	9054
ACCACGTGCAGCTATA-1	P10_T1	-0.14880277554194132	0.20335741531281243	1.0153655131657917	9822	10391
ACCAGGAGTGTGATCT-1	P10_T1	0.04827875494956971	0.2461883988266899	0.6055412435531615	7517	1794
ACCAGTGCGGGAGACG-1	P10_T1	0.08180689798461066	0.08367658217748003	-0.12247960726420082	11799	10391
ACCATATCCGCAATAA-1	P10_T1	0.1489547871218787	0.22678095596177236	0.4397468272844951	7626	8481
ACCATCGTATATGGTA-1	P10_T1	-0.03897877852121989	0.08611057190668017	1.5365291086832684	6089	9245
ACCCAACGCCCGTGGC-1	P10_T1	0.010881645480791707	0.18209607446477527	0.1712411290407181	10920	6952
ACCCACCTACATGCTC-1	P10_T1	-0.09390451192855835	0.2345801442010062	0.3562777900695801	4223	5997
ACCCATCTTGAGGGTA-1	P10_T1	0.21577533139122856	-0.12356796945844378	-0.5953866147994995	5540	8290
ACCCATTTGTCCCTCT-1	P10_T1	-0.07168949484825135	0.21032372503053576	0.959519752661387	12457	12684
ACCCGGAAACTCCCAG-1	P10_T1	-0.0389573351542155	0.3913337712060837	-0.4941224193572998	8615	12111
ACCCGGAGCACCACAA-1	P10_T1	0.10150448415014476	0.2438420216810136	0.4288634713490803	14983	12493
ACCCGGATGACGCATC-1	P10_T1	-0.14322800477345785	0.2177455132348197	0.3978740453720093	12457	8481
ACCCGGTTACACTTCC-1	P10_T1	0.1430920155843099	-0.007369282756532952	0.08401382684707637	6748	9245
ACCCTATAGGACTGAG-1	P10_T1	0.07707091831498677	0.3729067071988469	0.06607733209927869	3674	3513
ACCCTCCCGTCAGGGC-1	P10_T1	-0.1206218417485555	0.11918066081546605	1.0999932543436683	12348	14403
ACCCTCCCTTGCTATT-1	P10_T1	-0.13666834751764934	0.45801198862847825	0.8275620945294697	10701	10391
ACCCTTCATCTGCGAA-1	P10_T1	0.04032936645878685	0.23134604059514546	0.9787729648749034	8615	3705
ACCGAAAGGGCCCTGC-1	P10_T1	0.12000753813319734	0.231787362467675	0.39239662329355873	7297	2940
ACCGACTGAGTCCCAC-1	P10_T1	0.12139498008622063	0.037120987631025754	-0.43885329008102414	8724	6570
ACCGATAGGCATAACC-1	P10_T1	0.18040304521719613	0.1918540854823022	0.636238575776418	14434	12684
ACCGATATTTAATCAT-1	P10_T1	0.13407529890537262	0.20001097239199145	0.27273334344228095	14653	11538
ACCGATGGTAGCATCG-1	P10_T1	-0.15465021411577862	0.20576801163809638	0.7188569641113282	11579	8099
ACCGCAATAACTGCCT-1	P10_T1	0.1334043139881558	0.26685739029021494	0.18426879405975338	10152	10964
ACCGCGGTGGAAGTCG-1	P10_T1	-0.09055445353190104	0.11077256986073086	0.5377505683898925	13116	9627
ACCGGGCCTTTGTTGA-1	P10_T1	-0.06981663849618701	0.3763573247478122	0.2362577501932781	12238	10009
ACCGTTCCCGCTCTGA-1	P10_T1	-0.08965233219994438	0.1053765222572145	0.8891726016998291	8615	2176
ACCTAATCGACTTCCT-1	P10_T1	0.14900273866123623	0.19058776089123317	-0.09009626944859828	4772	7334
ACCTCCGCCCTCGCTG-1	P10_T1	0.09352856950627433	0.05394713488363084	0.647303233742714	13226	11729
ACGAAATGGGCGGCAC-1	P10_T1	-0.12758585572242737	0.19938543421881538	0.5766742475827534	4113	7334
ACGACTCTAGGGCCGA-1	P10_T1	-0.13227922757466634	0.20552364031473797	0.34706857681274417	11689	14785
ACGAGAACCCATCACG-1	P10_T1	0.04982579214705363	0.20128623688504815	0.7894466070334117	5211	2749
ACGATACATAGAACTA-1	P10_T1	-0.08480075518290202	-0.0828578678199223	0.9031887340545655	10262	5424
ACGATCATACATAGAG-1	P10_T1	0.18727748725149365	0.2449720143704187	-0.08715540647506714	8395	5997
ACGATCATCTTGTAAA-1	P10_T1	0.03043215288056267	0.38135368750208903	-0.8048343920707702	12677	8099
ACGATGCATATGTTAT-1	P10_T1	-0.08610123038291931	0.11868595747720628	0.1754176211357117	6199	8290
ACGATGGATCCGATGC-1	P10_T1	0.00521644807524152	0.09016072070314773	0.4533732589085897	9164	3131
ACGCATACGTTTACTA-1	P10_T1	0.1460896811882655	0.21765128223668967	1.0787393355369568	12677	11920
ACGCATTCGTGAGTAC-1	P10_T1	-0.07957705815633138	0.32614105360848566	0.35378026803334556	8175	7526
ACGCCAGATGATTTCT-1	P10_T1	0.1050229150719113	0.09963265702837987	-0.1830448214213053	9493	4469
ACGCCAGTGCGTTTGC-1	P10_T1	0.19065565029780068	0.012388101645878391	0.21789269924163823	12677	14976
ACGCCGCTAGACGACC-1	P10_T1	-0.11188117067019145	0.10476213636852444	-0.5490004563331604	9273	9436
ACGCGAAGTCAGACGA-1	P10_T1	-0.03236711025238037	-0.11403600011553083	-0.5742225742340088	7956	10582
ACGCGCTACACAGGGT-1	P10_T1	-0.04978861014048259	-0.08514816284179688	0.4777447923024496	4881	9054
ACGCGGGCCAAGGACA-1	P10_T1	-0.010627826452255268	0.15064062425068447	0.5778548733393352	8285	7717
ACGGAACACGAGTGCC-1	P10_T1	-0.06133995691935221	0.07729505209695726	0.15585026582082118	12567	15167
ACGGAATTTAGCAAAT-1	P10_T1	0.0326851703060998	0.16532471469470433	0.8421724009513855	4442	4087
ACGGACTCTCAAAGCG-1	P10_T1	-0.060489245255788165	0.392705298037756	-0.4291283845901489	9712	12875
ACGGATGGTGCGGATA-1	P10_T1	-0.07656746705373128	0.30793904679162165	0.915907546679179	10152	12111
ACGGCACTTGCTTGGG-1	P10_T1	0.273015226258172	0.16656223047347296	0.5376604954401651	8066	11155
ACGGCGACGATGGGAA-1	P10_T1	-0.15095117727915447	0.08757547588575457	0.5614010556538899	9932	10582
ACGGCGGGTTGCCCTG-1	P10_T1	0.08325937151908872	0.10054735047476632	-0.08263297637303679	4881	2176
ACGGTACAGTTCAATG-1	P10_T1	0.08556775914298165	0.05420389138516929	0.5100441594918568	12128	14785
ACGTACAGATTTCTCT-1	P10_T1	-0.013223151465257016	0.05049320036456695	0.5508205431699753	8724	3131
ACGTAGATTGCTGATG-1	P10_T1	-0.12093148032824198	0.07964212780907043	-0.1191011055310568	8834	7526
ACGTATTACTCCGATC-1	P10_T1	-0.07024295727411906	0.06303302566210431	0.5788810578982037	12128	9054
ACGTGCGCCTCGTGCA-1	P10_T1	0.1524691689014435	0.16583056103615534	0.09394484043121332	8395	4469
ACGTTAATGTCGAAGA-1	P10_T1	-0.03284131685892741	0.3523609785806565	0.11837269465128575	9054	9054
ACGTTAGATTTGCCCG-1	P10_T1	-0.07928898096084595	-0.07283895901271276	0.47683460553487145	5760	8672
ACGTTCCGCGCTCCGT-1	P10_T1	0.05177354839113024	0.18122601012388867	0.39952975312868766	7407	2749
ACGTTCTGTACAAGTC-1	P10_T1	0.16132781015502085	0.23492098865054906	1.0247431325912477	11908	13639
ACGTTTAGTTGTGATC-1	P10_T1	-0.07999737507767148	0.10963389115674155	0.5850930186112722	8944	3896
ACTACCAGCTCTCTGG-1	P10_T1	0.1953008466296726	0.1285317343189603	-0.08602417389551803	5979	5997
ACTAGTTGCGATCGTC-1	P10_T1	0.11479502876599629	0.2921529890242077	0.9027749625841778	12897	10773
ACTATCCAGGGCATGG-1	P10_T1	0.3067842125892639	0.17564707511947264	1.1496837361653647	13336	8481
ACTATCTGCCCGCGTA-1	P10_T1	0.14898530158731674	0.1501532252061935	0.5344652231534321	13885	11347
ACTATTCGTCCGTGGT-1	P10_T1	-0.047819244066874184	0.14893924554189045	-0.728689432144165	9603	3896
ACTCAACGAATGTATT-1	P10_T1	0.09301804151799942	0.1253800854086876	0.6755516751607258	5101	2558
ACTCAAGTGCAAGGCT-1	P10_T1	-0.05607924302419027	-0.16035671847207206	0.12322153568267824	10920	12684
ACTCAATAAAGGCACG-1	P10_T1	0.00047437045309278725	0.04755110933667139	-0.5162629254659017	9054	5997
ACTCAGACCTGCTTCT-1	P10_T1	0.09798047218057848	0.1983227413608914	0.8064205259084701	6199	2940
ACTCCCGAATTCGTTT-1	P10_T1	-0.10380618572235108	0.20076076870872864	0.056842506726582864	12897	7335
ACTCCCTAATGCTAAA-1	P10_T1	0.38501009066899616	-0.18541562897818428	0.6236586236953735	9054	12111
ACTCCCTAGAATAGTA-1	P10_T1	-0.03608983251783582	-0.17738315712837946	-0.18936172803243	9164	10391
ACTCCGGCCGACCACT-1	P10_T1	-0.10834432244300843	0.09330584492002214	1.0586076553662618	11359	14594
ACTCGCCGTTCGATAA-1	P10_T1	0.3076792311668396	0.36389249347505115	0.42138728141784665	13665	14021
ACTCGTCAGTAATCCC-1	P10_T1	-0.025273537900712767	0.2624386357125782	0.16303084532419831	10042	8099
ACTCTCTGACTTAGGT-1	P10_T1	-0.0843228801091512	-0.24381287029811313	0.6371269305547078	10042	9245
ACTCTGACCTAATAGA-1	P10_T1	-0.09663954854011536	0.11603503414562771	1.0985484059651691	12128	14403
ACTCTTGTATAGTAAC-1	P10_T1	0.2671267398198445	-0.08768902097429548	-0.21768033981323243	9164	8099
ACTGAAACGCCGTTAG-1	P10_T1	0.11208157718181608	0.09504975858188808	0.6724589677651722	11689	12111
ACTGAATGGCGAAAGT-1	P10_T1	0.24850773374239604	0.3513204665411086	-0.2450518616040548	10591	10200
ACTGCCGTCGTAACTC-1	P10_T1	-0.013025767803192145	0.24659176922979814	0.49130666097005204	9164	4278
ACTGTACGATACACAT-1	P10_T1	0.002362380226453159	0.1865894130581901	-0.26615799864133205	10042	6952
ACTGTAGCACTTTGGA-1	P10_T1	-0.08529371420542399	0.1512606031554086	-0.16138359069824215	5760	6379
ACTGTATACGCGAGCA-1	P10_T1	0.09170833521419103	0.18764776139032274	0.7631028580665589	5430	3131
ACTGTCCAGGATTATA-1	P10_T1	0.06799907684326172	0.20689051900591168	-0.3235744047164917	7517	7526
ACTGTCTTCTTTAGAA-1	P10_T1	0.1569897952344682	0.1770199183339164	0.29450592199961356	8505	6952
ACTGTGCTAGTAGATC-1	P10_T1	0.12123945024278429	0.08005295708065943	1.4032122611999511	4881	3705
ACTGTTTAGTGTAGGC-1	P10_T1	0.1548444146580166	0.07087728415216721	0.5271011551221212	7956	1794
ACTTACGCATCCACGC-1	P10_T1	0.3694321176740858	0.22015528474535262	0.055636218388875336	10042	12302
ACTTAGTACGACAAGA-1	P10_T1	0.12307298448350695	0.04754567577725366	1.123589317003886	4991	3896
ACTTATACTTACCCGG-1	P10_T1	-0.03172582063410018	0.08254197764964333	1.0460895589987438	11359	8099
ACTTATTAGGATCGGT-1	P10_T1	0.02039518992106118	0.1431979841845376	1.0901946274439491	7187	8481
ACTTATTTATGTGCCA-1	P10_T1	0.05846413201755947	0.15980147055217198	0.402209214369456	11359	10009
ACTTCAGGCTGATCCC-1	P10_T1	-0.09423837264378866	0.02518274903297424	0.26297184705734256	10371	10964
ACTTCCATGCGGGACA-1	P10_T1	0.47775590048895944	0.06794714746021088	-0.9127476310729981	10810	12875
ACTTCGCCATACGCAC-1	P10_T1	0.015627191199196713	0.3916337286858332	0.8522717833518982	9713	6379
ACTTGACTCCCTCTTT-1	P10_T1	-0.08657933235168457	0.23637054738544283	0.8777720212936402	9383	9245
ACTTGCCATATTGTAC-1	P10_T1	0.20170760671297708	0.24401503352891835	0.2649741522471112	7626	1985
ACTTGGGACCCGGTGG-1	P10_T1	-0.04046057926283943	-0.11761990462030686	-0.11729145050048828	6858	6761
ACTTGTGGATGGAACG-1	P10_T1	0.0560672829217381	0.22893832790000096	0.8761564048131306	13336	11155
ACTTTCCTATAGCTTC-1	P10_T1	0.12444827675819395	0.15088647916203457	-0.47234606345494584	8285	6570
ACTTTGTCGACGCACT-1	P10_T1	-0.12737492303053538	0.05750505521183924	0.34402692874272667	14653	11920
AGAAATTATGACTCGC-1	P10_T1	0.2443983448876275	0.2691051925647826	0.2581785436471302	14104	11347
AGAACGTGGTACATTC-1	P10_T1	0.166260149412685	0.16908466285183316	-0.7489822800954182	9493	6379
AGAACTGTACTTTGTA-1	P10_T1	-0.017767146428426108	-0.14843379293169295	0.4487912050882975	12018	15358
AGAAGAGCGCCGTTCC-1	P10_T1	-0.03510575771331787	-0.11033238138471331	-0.42126909255981443	11140	8481
AGAAGGTTGCCGAATT-1	P10_T1	-0.061431196530659996	-0.15200442109789167	0.08388881842295326	6309	9245
AGAATTATGGATTCGA-1	P10_T1	0.1516205432679918	0.175415327946345	0.3272734109560649	12238	7335
AGAATTGTTTGACATA-1	P10_T1	-0.15061386068662008	0.15261865485282172	1.4270385511716208	4003	4469
AGACAGGCATCTCAGC-1	P10_T1	0.1152495116657681	0.04663408370245073	0.4270278771718342	15202	11729
AGACATAGATCCTTCC-1	P10_T1	-0.12633632838726042	0.2068285984936215	0.6528139666716258	6638	2558
AGACCATGGGATACAA-1	P10_T1	0.4634258423911201	0.06362107231503442	-0.5997907257080078	4552	5424
AGACCCACCGCTGATC-1	P10_T1	-0.08762570142745972	0.12514353417214896	1.160005066394806	8615	10582
AGACCCGCCCTCCTCG-1	P10_T1	0.04397831082344056	0.16787429835115159	0.12234595060348508	7626	6188
AGACCGCTCCGCGGTT-1	P10_T1	-0.03392541686693826	0.057750988006591786	0.8999035827318828	13665	10964
AGACGAAGTGCCGGTC-1	P10_T1	-0.1372279206911723	0.12712882376852486	0.30171604235967	12128	10582
AGACGCCCACTTCGCC-1	P10_T1	0.018533136049906418	0.28088793541703905	0.14281624853610997	14653	12684
AGACTAGCCTTCCAGA-1	P10_T1	-0.05533220675256517	0.2887740216936384	-0.4219265993436177	6528	6570
AGAGAACCGTCTAGGA-1	P10_T1	0.22138613879680635	0.27843886616684144	-0.08721179048220318	11140	6188
AGAGCAGTTATGAGAC-1	P10_T1	-0.07905120770136516	0.14422798224857875	-0.7661934041976929	3564	6761
AGAGCCGCCGAGATTT-1	P10_T1	0.008620531625217864	-0.02450943225906005	0.7735223245620728	13775	12302
AGAGCGGGCTAATCAT-1	P10_T1	0.14922800448205734	0.2444754877260753	0.7167570908864338	8505	4278
AGAGCGTACAAGCTCG-1	P10_T1	-0.055385332902272544	0.2742747366996039	-0.47330461502075194	4552	5806
AGAGGCTTCGGAAACC-1	P10_T1	0.08440212719970283	0.10631748449234735	0.3917558868726094	12567	10964
AGAGGTATCTCGGTCC-1	P10_T1	0.11372447142998376	0.10200621641817548	0.6847357592980068	7077	1794
AGAGTAAACTTCACTA-1	P10_T1	-0.005893246862623422	0.10558538425536385	0.7281854375203449	13116	10391
AGATAACTTCAGGGCC-1	P10_T1	-0.0821652717722787	0.1013211649656296	-0.27078179677327474	6309	7334
AGATACCAATAGAACC-1	P10_T1	0.11105052709579466	0.09077402784710842	0.510341734488805	13555	13448
AGATACCGGTGTTCAC-1	P10_T1	-0.07507530848185222	0.16221629154114497	1.3920185152689617	5650	8863
AGATACGACTTCATAT-1	P10_T1	0.07525261256429885	0.25221863627433777	0.4037727499008179	5321	4087
AGATACTCAAGATCGA-1	P10_T1	0.1571802560488383	0.29588479382651195	0.5481777834892273	10481	10009
AGATCTCAGGTGTGAT-1	P10_T1	-0.010560132993592153	-0.0812885560024352	0.20916973789532967	9713	6761
AGATGACTCGCCCACG-1	P10_T1	0.10390323599179585	0.23104619701703388	-0.04314198374748235	7517	5233
AGATGATGGAGTCTGG-1	P10_T1	-0.0496403177579244	-0.09004480225699288	-0.809018759727478	13116	7717
AGATTATAGGACGTTT-1	P10_T1	-0.08826390663782756	0.11657510746093025	-0.8681275415420532	7407	8099
AGCAAAGGCCGCTAGT-1	P10_T1	-0.03281514485677083	0.33318794273194813	0.273559110959371	9383	12684
AGCAACATATCTTATT-1	P10_T1	-0.10709850271542867	0.07221012319837297	0.9805597813924153	11689	9054
AGCACCAGTACTCACG-1	P10_T1	-0.12057742476463318	0.27679569505509877	-0.21224910418192544	8615	6379
AGCACTACCTCACCAG-1	P10_T1	-0.1425137984752655	0.49107709646224973	0.1466738820075989	10371	11346
AGCACTTAAGGACGCC-1	P10_T1	0.1393128866619534	0.46130886895315987	0.39273396809895833	5321	7143
AGCATATCAATATGCT-1	P10_T1	-0.1193947422504425	0.3409219335942042	-0.523957868417104	11908	10964
AGCATCGTCGATAATT-1	P10_T1	0.09527831772963208	0.14873954832553865	0.6240226038297016	7187	5424
AGCATTACGAGGCAAG-1	P10_T1	0.11714306381013659	0.04827499628067017	1.8344408051172891	13006	14021
AGCCACAGGTTACCCG-1	P10_T1	-0.1520205839474996	0.030974870409284316	-0.8958612251281738	11250	13257
AGCCACTCCCGTGCTT-1	P10_T1	0.08573835452397663	0.10413424088841394	1.1902114423116048	10371	5615
AGCCCTAAGCGAAGTT-1	P10_T1	0.09495313803354899	0.14686995148658755	0.8828345958391826	8615	4087
AGCCCTTGGACATCCC-1	P10_T1	-0.028039037585258497	0.21058270479951585	0.6275775301456452	14324	12111
AGCGACATCCCATTCA-1	P10_T1	0.08576636685265435	0.10049260190555026	0.960566319624583	7956	4469
AGCGACCAACGATATT-1	P10_T1	-0.13888176063696545	0.20765646088690987	0.0057148055235544115	7517	5997
AGCGATGCGCCTAATA-1	P10_T1	0.021704649859004554	0.2759319935242335	0.3792386937141419	13336	13448
AGCGGGAAGGGTCCAT-1	P10_T1	0.0812453705734677	0.18127348212968736	0.732057242790858	5540	3705
AGCGTCTGAACCCGCA-1	P10_T1	0.026445688009262086	0.08627797684499194	0.3746334218978882	5430	2367
AGCGTGGTATTCTACT-1	P10_T1	0.022412249247233076	0.1997794474874224	-0.09390664100646973	9273	9818
AGCTAAGTACGCAGGC-1	P10_T1	-0.07446966171264649	0.03533193588256836	0.18755286216735845	10920	13448
AGCTATTTAATCCAAC-1	P10_T1	-0.12414903004964192	0.6358340430827367	-0.5302782320976257	9603	4278
AGCTCCATATATGTTC-1	P10_T1	0.12767662942409516	0.2282230773710069	0.610082967678706	13446	12111
AGCTCCTTCGCACATC-1	P10_T1	-0.11149423241615296	0.5967513495967502	0.21992071628570553	10920	11155
AGCTCTAGACGTTCCA-1	P10_T1	-0.14499082565307617	0.17560564642860776	-0.08344121774037683	9822	8481
AGCTCTTCGTAACCTT-1	P10_T1	0.06442683193418715	0.12323597692307975	0.3696180208524067	13226	8672
AGCTCTTTACTCAGTT-1	P10_T1	-0.039400800069173174	0.04894957769484745	0.4571215184529621	6419	9054
AGCTTATAGAGACCTG-1	P10_T1	0.011023985147476184	0.08177679734570642	0.8822968292236328	6638	2176
AGCTTCTTCTCGAGCA-1	P10_T1	0.10793960915671455	0.09995915838650296	1.071000457604726	12457	14212
AGGACAGTCGAATCCC-1	P10_T1	0.16002334634462995	0.279253047420865	-0.5262126127878824	10810	9436
AGGACATCGCACGTCG-1	P10_T1	-0.02909653941790262	0.25413515550749644	0.49507042169570925	5650	4278
AGGACGACCCATTAGA-1	P10_T1	-0.033323141733805337	-0.13597446986607142	0.3050714365641276	6419	9436
AGGAGGCCTTCGCGCG-1	P10_T1	-0.02309264553917778	0.37465716901279633	0.9691683069864909	12238	11155
AGGATAAAGTCGGGAT-1	P10_T1	-0.08559677402178446	0.13833590019316902	-0.6772176957130432	8615	11346
AGGATATAGGGATTTA-1	P10_T1	0.0938690874311659	0.08605448223295664	0.877759051322937	12018	10009
AGGATATCCGACTGCA-1	P10_T1	-0.06299264166090224	0.425652223882221	0.2243528906504314	11908	14785
AGGCACGTGACTGTCC-1	P10_T1	0.23810710959964326	0.09862641345886958	0.6838007374604542	14104	12111
AGGCAGATGCGTAAAC-1	P10_T1	0.14603549778461458	0.1414290831202552	0.3132643810908	10920	6188
AGGCATTGTCGTAGGG-1	P10_T1	0.12209479490915934	0.11633481570652554	-0.1127532005310059	12348	10582
AGGCCACCCGTTATGA-1	P10_T1	-0.11209944367408753	0.04151323568253287	-0.858609881401062	5650	6570
AGGCCCATTGTACAGG-1	P10_T1	0.09320226205719845	0.12848019125915705	0.6639754184087117	7517	4087
AGGCCTGAGAATCTCG-1	P10_T1	-0.15055138349533081	0.15517197052637738	0.9863563982645671	11140	13066
AGGCGATAACTGGCGT-1	P10_T1	0.17821173065238533	0.14598530320894149	0.3066039323806762	14873	12302
AGGCTATGGTTAGCTT-1	P10_T1	-0.031096534729003908	0.1956549727349054	-0.31096534729003905	4772	6188
AGGGACAGCACGGCGG-1	P10_T1	0.18984483255280393	0.04921099248386562	0.6663357639312744	6528	1985
AGGGCAGCGGCGTGGT-1	P10_T1	-0.15907917380332948	0.11619257438750497	0.9652053904533386	9603	2749
AGGGCCCTAATGTTCT-1	P10_T1	-0.051451989809672034	0.06853429408300489	-0.5679493427276612	14873	13448
AGGGCGTGATCGGCTA-1	P10_T1	0.048602039549085846	0.2829817968039286	1.0422772290309272	6419	4469
AGGGCTGCAGTTACAG-1	P10_T1	-0.11778592268625895	0.28705513091314405	-0.6320962762832641	8615	7908
AGGGTCGATGCGAACT-1	P10_T1	-0.10973500808080038	0.17314170667103357	0.7846673949559528	12128	8290
AGGGTGCTCTCGAGGG-1	P10_T1	-0.012157502836651263	0.3899198054132007	0.6353457689285278	11579	7717
AGGGTTCCCTTTGGTT-1	P10_T1	0.0715878038936191	0.18781581952458332	0.4342372632026672	11140	6952
AGGGTTTAGTTCGGGA-1	P10_T1	0.16394186231825086	-0.1260327707018171	1.0979624748229981	8395	7526
AGGTAACCTCCTATTC-1	P10_T1	-0.01611628969510398	0.1991229517545019	0.9434837343295415	5979	3705
AGGTACGATATTGCCA-1	P10_T1	0.06864135132895577	0.21261456364677064	0.9441924254099529	9822	3514
AGGTAGGTACAAAGCT-1	P10_T1	0.10557181358337403	0.2964696724074227	-0.1330040311813354	4881	7908
AGGTCGCCTCCCAACA-1	P10_T1	-0.1207850542333391	0.23430018640699846	0.6101285686095554	14763	12875
AGGTGCACGTCCACAT-1	P10_T1	0.10764554103215536	0.05023988859994072	0.9178031206130981	12897	14594
AGGTTACACCATGCCG-1	P10_T1	-0.11800862550735473	0.2831799915574845	0.36395632227261854	14104	9436
AGGTTGAGGCACGCTT-1	P10_T1	0.004536280234654744	0.2987656353768848	-0.30311309456825253	9603	5424
AGGTTTCACACACCTT-1	P10_T1	0.07029440270529852	-0.0784105194182623	0.26468117872873953	8834	9054
AGTAACTATAGCAGCC-1	P10_T1	0.22477463086446126	0.08723790032523018	-0.5142155790328979	13226	14785
AGTAATGTCTTGCCGC-1	P10_T1	0.29469850672615905	0.06640299518903095	-0.006430211861928381	8066	4278
AGTACGGGCACCTGGC-1	P10_T1	-0.1086138109366099	0.17113258424259364	-0.032727414766947405	10152	5997
AGTACTCTTATGCCCA-1	P10_T1	-0.10287835915883382	-0.12350959936777751	-0.4818329493204753	11140	11920
AGTAGGTAACATACAT-1	P10_T1	0.06345471805996367	0.14997189699184327	0.7368065528074901	7077	3705
AGTATAATACTAGGCA-1	P10_T1	-0.02321764310201009	0.2006667725245158	0.7429645792643229	5101	5997
AGTCAACACCACCATC-1	P10_T1	0.08634044859144424	0.165193152200608	0.4609516461690266	6638	9054
AGTCAAGATGACACTT-1	P10_T1	-0.09166761954625448	0.30814880796841215	0.36235548734664913	11359	10391
AGTCACTAGCTCTCGA-1	P10_T1	0.018301044570075156	0.12038966871443246	0.7156455385684967	12348	11729
AGTCACTCCGCCTCAT-1	P10_T1	0.20495719744099514	0.10455738218057725	0.21747539758682244	4772	2367
AGTCAGCCACCGCCTG-1	P10_T1	-0.023228615389929874	0.1467115180832999	1.0732654309272767	4552	4278
AGTCCATTGGCTGATG-1	P10_T1	-0.027018680969874087	0.10544665467171441	0.7021132763226826	12457	9245
AGTCGACGGTCTCAAG-1	P10_T1	0.13402099304729037	0.36131883081935695	0.651448787053426	11359	8481
AGTCGGCCCAAACGAC-1	P10_T1	-0.006591918468475344	0.2882949140526	0.23152200857798255	5760	5997
AGTCGTATAAAGCAGA-1	P10_T1	-0.01779207706451416	0.07838489294052123	0.6800497309366862	10371	13639
AGTCGTCGACCACCAA-1	P10_T1	0.28126076009538437	-0.21527351311274937	0.2999973042805989	11469	12111
AGTCTGGACATCCTTG-1	P10_T1	-0.12410913427670797	0.11635594345274425	0.28905839045842485	3674	4660
AGTCTTCTCCTCAAAT-1	P10_T1	-0.09646626551946004	0.33027084963662284	-0.13178362528483067	8724	5806
AGTGAACAAACTTCTC-1	P10_T1	0.08082676198747424	0.4499454137257167	-0.6756450319290161	12677	9627
AGTGACCTACTTTACG-1	P10_T1	-0.05362788200378418	0.09455314795176187	0.6256586233774821	7187	9627
AGTGAGACTTCCAGTA-1	P10_T1	0.3384982878632016	0.24040917640640624	0.1577156472206116	11030	7908
AGTGAGTCGAATTAAC-1	P10_T1	-0.1066293187936147	0.14585355667840866	0.43791874011357623	13446	14021
AGTGATAACCTGCGCG-1	P10_T1	-0.032518464724222804	0.2695200997874851	-0.17336267630259194	11250	12493
AGTGATATGAGTAGTT-1	P10_T1	-0.0833743691444397	0.05535602331161499	0.3391369009017944	6858	9818
AGTGATTCAAGCAGGA-1	P10_T1	-0.06162324918640985	0.1426448162964412	0.7076885437965393	11030	7526
AGTGCACGCTTAAGAA-1	P10_T1	0.16601106497976514	0.01140463647388279	0.014355494181315098	12018	11155
AGTGCTAAACACAGCA-1	P10_T1	-0.12383088191350301	-0.048995449770064564	0.5975771141052246	11469	12875
AGTGCTTGCACGAATA-1	P10_T1	-0.0895108719666799	-0.071068875903175	0.8004953797658284	11250	9054
AGTGGCCCGCAAATGG-1	P10_T1	0.20095532046424014	0.20517751784551713	-0.03030648390452062	11908	15167
AGTGGCGTCTGAAGGT-1	P10_T1	-0.04722867965698242	0.26917374542781286	0.08754741668701171	10920	13066
AGTGTGGTCTATTGTG-1	P10_T1	-0.03561751365661621	0.16542345012937273	-0.4003020715713501	4003	5233
AGTTAAACACTTGCGA-1	P10_T1	0.208337566057841	0.02922811269760131	0.0171912288665772	6309	8863
AGTTAAGCGGTCCCGG-1	P10_T1	0.008690459264649286	0.2136892736809594	0.37108745276927957	10262	4278
AGTTCCTACAGAATTA-1	P10_T1	-0.15965571026007333	0.37730496451968243	0.4315863402684529	6968	6952
AGTTCCTATTTATGTT-1	P10_T1	0.07731128533681235	0.07172049374807452	0.5597920147577923	8615	9436
AGTTCTGCGTTGTATC-1	P10_T1	0.07321067690849306	0.39193291675476805	0.011184175809224373	3564	3705
AGTTGACATCGGCTGG-1	P10_T1	0.15699260751406352	0.13947356837136404	-0.6546391654014587	4332	3131
AGTTGCTGACTGATAT-1	P10_T1	-0.09713390231132507	0.051296710513886956	1.061954460144043	3454	4278
AGTTGGCAAGGCTAGA-1	P10_T1	0.28129351403978137	0.12182646484602067	0.11106532096862798	13116	14212
AGTTTCGCAGGTCGGA-1	P10_T1	0.06081129233042398	0.11241306679589408	0.5016720946629841	8285	3514
AGTTTGCACCTGCCTC-1	P10_T1	0.2146451465288798	0.13333633774802797	1.0980477380752562	9603	12302
AGTTTGGCACGGGTTG-1	P10_T1	-0.08352475166320801	0.05646252473195393	-0.729275484085083	12677	10391
ATAAACCATTGGACGG-1	P10_T1	-0.008154185745451181	0.3165135727042244	0.4015687727928161	6419	1794
ATAAACGGACCCGTAA-1	P10_T1	-0.11444352626800537	0.18950014931815012	1.1034527730941772	8175	10200
ATAAACGTTGCACCAC-1	P10_T1	0.13209029806984796	0.10191203879458566	0.9713641011714935	13226	12111
ATAAAGGCTCGGTCGT-1	P10_T1	-0.09225871125857037	0.2603979030961083	0.06672754367192579	6968	7717
ATAACGCCGGAGGGTC-1	P10_T1	-0.09677276611328126	0.3038885646774655	-0.16285296678543093	10371	7908
ATAACGGAGTCCAACG-1	P10_T1	-0.1258079516887665	0.12629641311509268	-0.4478778902689616	9713	5997
ATAAGGTGGAGAACAT-1	P10_T1	-0.10265133062998454	0.30479100499834333	-0.16379630406697598	9383	10773
ATAAGTAGGGCGACTC-1	P10_T1	0.1267292062441508	0.2985533617224012	0.713941096464793	13336	8099
ATAAGTTACCGCGACG-1	P10_T1	-0.05139525890350342	0.060829041004180906	-0.32145391941070556	7187	10009
ATAATACCGTTAGCCG-1	P10_T1	-0.08878459334373474	0.3503395580110096	0.21470427274703985	3235	4278
ATAATAGCTGTTGAAT-1	P10_T1	-0.11643448034922282	0.2920623970031738	0.21978488604227708	8395	10200
ATAATAGTGTAGGGAC-1	P10_T1	0.08708846251169841	-0.09694123336247035	0.6081697130203247	4772	4660
ATAATCTTGGAGAACC-1	P10_T1	0.3537333461973402	0.5388764938854036	-0.2844665765762329	9932	12875
ATACAGGCCCTCCAAT-1	P10_T1	-0.07433364868164062	0.2777871340797061	-0.8332113313674927	9383	11920
ATACCACGGGCAACTT-1	P10_T1	-0.010091797510782877	0.3796331846146357	0.4508500496546428	4662	7908
ATACCAGCAAATTGCT-1	P10_T1	0.0646272517575158	0.12330335702214923	0.7023687203725177	8066	1985
ATACCAGGCTAATAGA-1	P10_T1	0.09636643356747096	0.18858200585558305	0.6349271882573764	7517	2940
ATACCAGGTGAGCGAT-1	P10_T1	0.27389889147546553	0.37756960322459543	0.5360773839553197	7517	1412
ATACGCCGGCGAAACC-1	P10_T1	-0.1280169955889384	0.3494334716456277	-0.9470089864730835	10042	8863
ATACGGGTTTCGATTG-1	P10_T1	0.16795319186316598	-0.03763672919500441	0.6603368298212688	10481	5424
ATACGTACTTAGCCAC-1	P10_T1	-0.0259462571144104	0.10127716257458641	0.2159460131327311	9932	11729
ATACGTCCACTCCTGT-1	P10_T1	0.05435973750220405	0.22241498095648632	0.9839087637265522	11689	10200
ATACTACCCGTACCAC-1	P10_T1	0.19717178371217514	0.14290395577748616	0.6589990290006	13006	12493
ATACTAGCATGACCCT-1	P10_T1	0.13325074911117554	0.22524513318425132	0.3460147635142009	8175	5233
ATACTCTCGCCACTCT-1	P10_T1	0.20355264796151054	-0.0950738205228533	0.9345293649037678	4223	2940
ATACTGCCTTACACCG-1	P10_T1	-0.07105759779612224	0.2097026965731666	-0.6217901515960693	10701	12302
ATAGACAACGGGACCT-1	P10_T1	0.07687668177816603	0.1625051824819474	0.28517213066418967	11579	6570
ATAGACGAAGAGAAAG-1	P10_T1	0.10771301878823178	0.4031990826129913	0.02551276842753092	6419	7526
ATAGAGTACTGGGACA-1	P10_T1	-0.15204204082489015	0.10156742709023611	-0.6780224776268006	6748	6188
ATAGCAACTAGGGAAG-1	P10_T1	0.23578431765238445	0.2761108639126732	0.7491850256919861	12238	13066
ATAGGGATATCCTTGA-1	P10_T1	0.24393328203095332	0.23880623851503643	-0.7124924659729004	9273	5233
ATAGGTTGGGCAGATG-1	P10_T1	-0.10021764755249024	-0.005009545485178624	-0.6482206225395203	8505	6570
ATAGTCTTTGACGTGC-1	P10_T1	0.061814616521199545	0.11422233490716843	0.4701305417219799	8834	2558
ATAGTGAAGCGTTCTC-1	P10_T1	-0.09422549883524577	-0.013833525067283997	0.30334876855214443	7736	9054
ATAGTTCCACCCACTC-1	P10_T1	0.18001773728264706	0.2183772229580652	0.14517448981602976	12677	8481
ATATAAAGCGCTCGTG-1	P10_T1	0.2791759708192613	-0.11461164610726493	1.7214711284637452	8944	12302
ATATAAATGTAGCTGC-1	P10_T1	-0.12375016530354818	0.038170841989063065	0.8168623908360798	9603	11538
ATATAACACGGGCGCA-1	P10_T1	-0.15331324855486553	0.5662922386896043	0.5805126627286274	11799	13830
ATATACGCTCGTGACG-1	P10_T1	0.06361213293340472	0.1898325946501323	0.400548159678777	13336	13066
ATATCAACCTACAGAG-1	P10_T1	0.11174771414862739	0.09711423277854919	0.5320918901761372	13006	8290
ATATCGGTAGGGAGAT-1	P10_T1	0.13758474085066053	-0.03165258997962589	0.9461729033788044	13555	8481
ATATCGTTCCTCGAAC-1	P10_T1	-0.0982296633720398	0.00025415704363868086	1.09039533774058	11579	12302
ATATCTTAGGGCCTTC-1	P10_T1	-0.14433355490366617	0.07100707758040656	-0.12071593920389811	8175	7908
ATATGTCTCCCTAGCC-1	P10_T1	-0.05596198439598084	0.026105285542351864	-0.18191336631774901	12128	7908
ATATTCAGTTAAACCT-1	P10_T1	-0.06990127086639404	-0.13294840948922293	0.43993439992268885	5870	9627
ATATTCCACATAGTGA-1	P10_T1	-0.0661179232597351	-0.10837052072797503	-0.7419963884353638	9932	10964
ATATTCCCACAGGTCA-1	P10_T1	0.005048804879188518	0.23563693174294065	0.6799376690387726	7956	3322
ATATTGCTGTCAAAGT-1	P10_T1	-0.09425628344217936	0.3596954052221208	-0.010224257310231577	4991	4660
ATATTGGAGAGGCCTT-1	P10_T1	0.01167499740918479	0.23647960435776483	0.46297881126403806	14763	12493
ATATTTAACCCTCAAG-1	P10_T1	-0.13282941500345866	0.25002222753706427	-0.6042667293548584	7517	7143
ATCAAACACTGTTCCA-1	P10_T1	0.020891580051845993	0.15088808729535058	0.7272211813926697	13226	10200
ATCAATCTGGGCTGCA-1	P10_T1	-0.0856473692258199	0.23065347081138976	-0.1464651981989542	8615	7526
ATCACTTCATCCTCGC-1	P10_T1	0.2579370882776048	0.24773959330150058	0.7449815718332927	8834	5233
ATCAGACGGCACGCCG-1	P10_T1	-0.0963359514872233	0.3252902258010138	0.6002715349197387	6089	9627
ATCAGCCTCATGCTGC-1	P10_T1	0.3717124342918396	0.47153092520577566	0.6969896745681763	11030	12111
ATCATAGCCCTATGTA-1	P10_T1	0.07525366213586596	0.19013679038910636	0.5900278337796527	13116	13066
ATCATCCAATATTTGT-1	P10_T1	-0.03550765593846639	-0.10901478971753802	-0.36306164264678953	7956	8672
ATCCAACGCAGTCATA-1	P10_T1	-0.10942304293314616	-0.009909837359473816	0.16953780333201085	5540	5997
ATCCAGGATTCGTGAA-1	P10_T1	-0.09447651863098144	0.18713510240827289	-0.5126120281219483	6528	8863
ATCCTACCTAAGCTCT-1	P10_T1	0.20476085106531783	0.07261669908251081	-0.6218698644638061	6748	9627
ATCCTGCGTGGAATGG-1	P10_T1	-0.04737158219019572	-0.1237085485458374	-0.6518476057052612	6638	9818
ATCCTGCTGCAGATAG-1	P10_T1	0.20583354506227705	0.14017191395873113	0.6318404630819958	6309	2367
ATCGACCCAATACAGA-1	P10_T1	0.09988654242621527	0.25615900777635126	-0.6312945461273194	8395	9436
ATCGACTCTTTCCGTT-1	P10_T1	0.11555518156952327	0.1295568317458743	0.5228017163276673	8175	5615
ATCGCACGCCGGGAGA-1	P10_T1	-0.17956675191720325	0.20132532395067665	-0.22899809877077737	7736	5997
ATCGCCAGTCAACATT-1	P10_T1	-0.1120418643951416	0.26184530979111076	0.33737463394800826	13006	9818
ATCGGAGACAGACGGC-1	P10_T1	0.13367767333984376	0.13878325121743337	1.0826207701365154	9822	11155
ATCGTTAGCTAGCGGA-1	P10_T1	0.16962342235777117	0.18098460345041184	0.9843603006998699	12238	12302
ATCTAATATCCTACGG-1	P10_T1	-0.033093045552571615	-0.12427015168326241	-0.522414083480835	8834	11729
ATCTCCCACGGAATAT-1	P10_T1	0.14450671679443786	0.10928714696850095	0.5484202873706817	13336	12684
ATCTCCCTGCAATCTA-1	P10_T1	0.040447479751375	0.4682645346437182	-0.22562277555465693	9383	4278
ATCTCGTGAGCGAAAC-1	P10_T1	0.040048113763332366	-0.02627123781612939	0.5040627441803616	14214	10391
ATCTGGTTAAGACTGT-1	P10_T1	0.04427627656194899	-0.09231669198899042	-0.18889035542805993	9822	6188
ATCTGTAATTGTACCC-1	P10_T1	0.007826361457506814	0.19553609132766725	0.5679611559708913	7736	4087
ATCTTATCGCACACCC-1	P10_T1	-0.020796787076526213	0.2053849846408481	0.8207139031092328	12897	13448
ATCTTGACCTGCAACG-1	P10_T1	0.05053605384296843	-0.07687202016512552	-0.6631019711494446	6309	6188
ATGAAGCCAAGGAGCC-1	P10_T1	0.04959871093432108	0.2277808115595863	0.4832150721549988	6528	5424
ATGACGCCGGCTCTAA-1	P10_T1	0.026156008044878665	0.17821536035764785	0.7657851350307464	7846	4278
ATGACTATGCGACATT-1	P10_T1	0.029393012788560657	0.27756348519098195	0.3237508551279704	11140	10391
ATGAGGAGTGTTAATC-1	P10_T1	-0.05561187267303467	-0.07150097915104457	0.3442795912424723	5321	5997
ATGATCGGGAATAGAC-1	P10_T1	-0.02777015440993838	0.1090842869735899	0.5265892771879832	7407	4278
ATGATGCAATGGTACA-1	P10_T1	-0.05172698497772217	-0.20082230363573347	0.5286332702636718	6968	9627
ATGCACTACCGCATTG-1	P10_T1	0.04008285390006172	0.007401588530767528	-0.8359583854675293	6419	6379
ATGCATGATCCAGGAT-1	P10_T1	0.03593001802762351	0.11577067329770047	0.3635172986984253	8615	5997
ATGCATTCCGTGATGG-1	P10_T1	0.017276331583658877	0.10510962843894961	0.7892729798952739	7187	1985
ATGCCATTTGCGACCA-1	P10_T1	0.07010010957717895	0.28589033001945136	0.6553371818860371	11469	9436
ATGCCGGTCTTGCATA-1	P10_T1	-0.13425787448883056	0.11210327579861595	-0.4750554927190144	9713	7143
ATGCCGGTTGATGGGA-1	P10_T1	0.009439377387364695	0.13929057592437377	0.25212309837341307	10591	4851
ATGCGACAGTCCCATT-1	P10_T1	0.33999160475201073	0.3350117575554621	-0.5786722016334533	9273	7908
ATGCGAGTCCCACCAC-1	P10_T1	-0.1172523578008016	-0.16113292149135044	-0.15069183905919392	12897	10391
ATGCTCAGTGTTGCAT-1	P10_T1	-0.0884601879119873	-0.0033302489348820408	0.5795795059204102	4662	5233
ATGCTTAGGAGTTGAT-1	P10_T1	0.10065696305698818	0.14489373429900126	0.6583684315284093	13775	11920
ATGGAGCAGGCCGTGA-1	P10_T1	0.18645681858062746	0.20596233436039516	-0.6388896036148072	8724	8099
ATGGATCCGGCGTCCG-1	P10_T1	0.1712966930203968	0.2560473734991891	0.6603705577055614	10152	4851
ATGGATTGACCAAACG-1	P10_T1	-0.1323079807890786	-0.010092007063684016	-0.07636611739794408	8175	6379
ATGGGCCTCGGCCTCT-1	P10_T1	-0.1305440362294515	0.3333979856967926	0.7432101281483967	11469	9818
ATGGTCGCGTGGTTTC-1	P10_T1	0.11054477122094897	0.1457248755296071	0.6701135897636413	10810	9818
ATGGTGCTCAAAGCCA-1	P10_T1	0.19689130855931178	0.23130567537886754	0.8679374941190083	7736	1412
ATGTACATGCGGTGAG-1	P10_T1	0.13032789766788483	0.30801910224415013	0.5445507419109346	13775	13448
ATGTGCATCCGACGCA-1	P10_T1	0.02043695622020296	0.09967173196020579	0.32643654823303225	7736	5615
ATGTGGACATCTTGAT-1	P10_T1	0.017481211953692982	0.44360793687048417	0.8643632300694782	9273	10200
ATGTGTAGTTTAGTCA-1	P10_T1	-0.08051402277416653	0.278040756441298	-0.3233338244756062	7956	2176
ATGTTACGAGCAATAC-1	P10_T1	0.01780763811535306	0.44947866576058526	1.0182138935724896	4662	4087
ATGTTGATTAGAGACT-1	P10_T1	-0.0369840736521615	0.18735592592330202	0.8743038535118103	11579	14212
ATTAAACATGCGGACC-1	P10_T1	0.001759616136550901	0.3049495564755939	0.35403931617736817	7956	9436
ATTAATACTACGCGGG-1	P10_T1	0.10425161255730522	0.1697127205984933	-0.7033937644958496	8724	5424
ATTAATGAACCAGTCG-1	P10_T1	-0.06884075005849202	0.0009012414160229076	-0.7487427043914795	10152	5615
ATTAATTCGGTCACTC-1	P10_T1	0.19850991504059898	0.182520473528476	0.697843013604482	8724	3896
ATTACATGTCAGTCTT-1	P10_T1	-0.1301490533351898	0.49080857464245387	0.46123684883117677	13336	10773
ATTACCACACTGCCTG-1	P10_T1	0.09428030312061308	0.31231607107889087	0.8641544926166534	14434	10391
ATTACGCGCTGGCAGG-1	P10_T1	0.16126488579644097	-0.21872001511710032	0.019533931414286276	4772	8863
ATTACTAGCCTCTTGC-1	P10_T1	0.020473248163859037	0.1747644746871222	0.7977517970403035	6309	4660
ATTAGATTGATAGCGG-1	P10_T1	0.04557345853911507	0.17078497591472808	0.5392495036125182	6858	4851
ATTAGGCGATGCTTTC-1	P10_T1	-0.07835008621215821	-0.08705579485212053	0.24820480664571132	9273	8290
ATTATACTTTGCTCGT-1	P10_T1	0.2817121827602386	0.25568796137968697	0.7765790462493897	10042	4660
ATTATCTCGACAGATC-1	P10_T1	0.14556189941035377	0.24292483815125054	0.6834173170725505	8175	2558
ATTATGCCATAGGGAG-1	P10_T1	0.0699300342798233	-0.00449829240640004	0.45493716239929194	7297	5233
ATTATTCAGAGTCACT-1	P10_T1	-0.09989053964614868	0.3419954897108532	1.2103537400563558	12128	14021
ATTCAACCATTTAAGG-1	P10_T1	0.03568283518155416	0.15281842421917685	0.6280741985638936	12457	12302
ATTCACTGATGTTGGA-1	P10_T1	-0.07279691219329834	-0.19575609820229667	0.21493799209594722	8944	11920
ATTCAGTAGCAGGGTC-1	P10_T1	0.3418705091211531	0.4372539368129912	-0.609780433177948	4223	6379
ATTCATATACTGTCCA-1	P10_T1	0.18985439207818774	0.04520343320710318	0.7721824709574382	8066	10009
ATTCATCGTTGAGGCA-1	P10_T1	0.23601232104831274	0.25693994595890957	0.5252543560663859	11250	12875
ATTCCCACATAAACAA-1	P10_T1	0.27112252818213567	0.08670463334946404	-0.20673628171284997	4113	6188
ATTCCTCCGCCAGTGC-1	P10_T1	0.009503025611241667	0.0431784080039887	0.47376952052116394	5760	5615
ATTCCTTCCAGGCGGT-1	P10_T1	-0.10567242781321208	0.2296198564484006	-0.14991384029388433	4113	3131
ATTCGCGCCTTGAGAG-1	P10_T1	0.03242012182871501	0.375649539572852	1.3498422614733376	13226	13639
ATTCGTGCTATCTCTT-1	P10_T1	0.24393123123380875	0.19216290195782976	0.478798805475235	13555	9245
ATTCTCGTCTCTTTAG-1	P10_T1	0.08187681039174396	0.11536673456430435	0.31358582198619844	7077	3322
ATTGAAGATCTTAGTG-1	P10_T1	-0.12572172403335571	-0.07315181050981795	0.45388550996780397	6858	7143
ATTGACGTAACTCGGT-1	P10_T1	0.04734686464071272	0.12980299922681987	0.6981944080193837	9383	2749
ATTGATAGCAACGAGA-1	P10_T1	-0.11559191465377808	0.1335565453483945	1.023297619819641	3893	3513
ATTGATGAGTCCTAAC-1	P10_T1	-0.09210472424825032	0.1993914663223993	-0.4498740673065186	12348	7526
ATTGCCTTTATGTTTG-1	P10_T1	-0.016920355161031086	0.1497376114981515	-0.6393216133117676	10701	13448
ATTGCGATCAGTAACT-1	P10_T1	-0.1712244208653768	0.1683381042594001	-0.026424703598022514	12348	10964
ATTGCTGCTCCTCCAT-1	P10_T1	-0.14007174293200175	0.11163785917418342	0.4667144640286762	6199	7908
ATTGGATTACAGCGTA-1	P10_T1	0.0801659377415975	0.2123180789039249	0.9125340469678243	12677	11538
ATTGGGAATATCTTGG-1	P10_T1	0.10765680001841652	0.2293625672374453	0.891898913582166	7187	3514
ATTGTACAACTCGGCT-1	P10_T1	-0.05761035839716593	0.31488601934342153	0.5484067964553834	12787	7908
ATTGTCGCAATACCTT-1	P10_T1	0.04142368038495381	0.19087656018279842	1.0149488953749337	10811	4087
ATTGTTCAACGATCCG-1	P10_T1	-0.11607375582059225	0.07451066380455382	1.2160345125198364	14983	11347
ATTTAACTCGTATTAC-1	P10_T1	0.0634391130341424	0.10678793024449118	0.458552228609721	7187	3896
ATTTACAGTTTACTGG-1	P10_T1	0.09973821587032743	-0.05083241655713036	0.3700414530436199	5650	6952
ATTTCATTATTTCGCG-1	P10_T1	-0.05236179033915202	-0.1623841483252389	0.19550191561381014	10042	3896
ATTTGCCTAGTTACGA-1	P10_T1	0.06668413917223612	0.3143914813512848	0.9331801460186642	8175	1412
ATTTGTCTTGGGAGCT-1	P10_T1	-0.12325314879417419	0.28490962073916487	-0.9714871501922607	10701	8863
ATTTGTTCCAGGGCTC-1	P10_T1	0.057432369656033	0.08673179609434944	0.23946253538131712	9273	4851
CAAACGAGTATCGCAG-1	P10_T1	-0.07212028503417969	0.08628676959446499	1.5734638023376464	6638	10200
CAAACGGTCGCACTTT-1	P10_T1	-0.06834728161493937	-0.18746627875736782	0.6684280411402386	5870	6952
CAAACTATTGAGCTTC-1	P10_T1	-0.012843521568510263	-0.012251526316006955	1.0483722432454428	9713	3322
CAAACTCGCGACGCCG-1	P10_T1	0.04431922952334086	0.22250009474300197	0.829025297164917	13665	9818
CAAAGGTCATCTGAAA-1	P10_T1	-0.07460619926452637	-0.1392597688947405	0.022783563931783046	15093	10009
CAAATGCGGAGTGTTC-1	P10_T1	0.2702752200762431	-0.08271415284701755	0.40761080026626584	7846	1221
CAAATGTCCTTCCGTG-1	P10_T1	-0.07041451772054036	0.2749050281161354	-0.29818905353546143	7297	9818
CAAATTGTCAGCAAGC-1	P10_T1	0.11360568039947089	0.23637212495009102	0.3696902612845103	8834	3705
CAACCAGTGGCCTACC-1	P10_T1	0.12837586171097226	0.1332572005050523	1.226138780117035	14104	12875
CAACCTACCGAGCAGT-1	P10_T1	0.07033729068107075	0.21082530654612047	0.9012999958793323	12787	12875
CAACGACCCGTTTACA-1	P10_T1	0.1638892642656962	0.07228785719190323	0.8551765592892964	6968	5042
CAACGGTTCTTGATAC-1	P10_T1	0.19307892395390405	0.38369268780662896	1.1064046589533487	5650	4660
CAACGTGGTGGAGTCT-1	P10_T1	0.0038153151671091734	0.2253983791101546	0.495902886390686	13885	11729
CAACTATATCGAATGC-1	P10_T1	-0.07327693276935153	0.22000617873101014	0.6372178419431049	10152	4087
CAACTCCTTGATCCCG-1	P10_T1	0.01921415203147464	0.1198825870809101	0.7140600423018139	6528	4660
CAACTTGTAGTGGGCA-1	P10_T1	0.022198866274621754	0.10657756050427752	1.1570293458302818	5979	2940
CAAGAGGGCGGAGTAC-1	P10_T1	0.18692726943227983	0.1462310257979802	0.08941248337427776	9603	10009
CAAGATATTATAACGT-1	P10_T1	-0.019304009940889155	-0.1440453118937356	1.1327020692825318	11250	9818
CAAGCAACGTCGGAGT-1	P10_T1	-0.11811366160710653	0.037338323593139655	-0.6862729835510254	5650	7334
CAAGCACCAAATGCCT-1	P10_T1	0.020176263650258375	-0.0041099169140770275	0.3546477357546489	8724	4660
CAAGCGGCACATAATT-1	P10_T1	-0.08488679567972819	0.32560535158429826	0.4514793999989828	9383	11538
CAAGGATCGCATGTTC-1	P10_T1	-0.03444313685099284	-0.07380672182355608	-0.5428330898284912	8944	8863
CAAGGCCAGTGGTGCA-1	P10_T1	-0.15441876570383709	0.09439079278991333	-0.42243978977203367	12457	13830
CAAGTGAACTTTGGTT-1	P10_T1	0.012066160539786014	0.2270916760961214	0.7052633982896805	7407	2367
CAAGTGTGGTTGCAAA-1	P10_T1	-0.09187936703364054	0.2417485499382019	-0.7273520708084107	11799	8863
CAATAAACCTTGGCCC-1	P10_T1	-0.1101443338394165	0.04150664556594125	0.13400811990102124	9603	6188
CAATACGAGAGTCTGA-1	P10_T1	-0.05629218022028605	0.26786169733319964	0.2708579540252686	14653	9627
CAATCCTGCCGTGGAG-1	P10_T1	0.10352833668390907	0.23430711817173733	0.731969226996104	4113	3896
CAATGCGAGAAGTATC-1	P10_T1	-0.09688515265782674	0.3134611083212353	0.8018672068913777	10481	11538
CAATGGATCTCTACCA-1	P10_T1	-0.03746408376428814	0.11272666601907638	0.11619625846544901	10920	6570
CAATGGTCGGCCTGGG-1	P10_T1	0.08263506753577127	0.17898176888624828	0.4958168031771977	7626	2367
CAATTAAGGGTGATGA-1	P10_T1	0.09469160742229885	0.09718279781795683	-0.34498318036397296	8615	6761
CAATTTCGTATAAGGG-1	P10_T1	-0.034857892990112306	0.12442777122770037	-0.2614341974258423	8395	8290
CACAATGAGCTGCTAT-1	P10_T1	-0.029040509329901792	0.15637519092786883	0.9492092974980672	6968	9245
CACACACGCTAACGAG-1	P10_T1	0.053999784886837016	0.17098170960233322	0.9045783422390621	12787	11729
CACACAGCTTGCGCTC-1	P10_T1	-0.08197819087240432	0.25656189049993244	0.4719204648335774	14104	10200
CACACAGGGATAGATT-1	P10_T1	-0.03879424651463827	0.36331279073442735	0.3259793901443482	4442	5997
CACACGCGCTGTCTTA-1	P10_T1	-0.09151989863978491	0.1950346430710384	0.7142206442356109	11250	7526
CACAGCACCCACGGCA-1	P10_T1	0.15673525691032408	0.3811440779481615	-0.5704780054092407	7956	7143
CACAGCTAGGGAGTGA-1	P10_T1	-0.1062104336420695	0.3359959961119153	-0.7794806694984436	8066	5042
CACAGGGCCATATAGT-1	P10_T1	-0.0714834659629398	0.2157082484449659	1.2689947915077209	12128	12111
CACAGTCCCGCTTCGC-1	P10_T1	0.03833563533094195	0.25028280681087856	1.0303758426507312	13775	12684
CACAGTTCGCTTCCCA-1	P10_T1	0.09503395795822145	0.035034091614541574	0.02792044520378112	13995	11538
CACATATTAGCAGGAT-1	P10_T1	-0.04538456420103709	0.10550700224581216	0.3257162257035573	9493	10200
CACATCTCACCGACGA-1	P10_T1	0.21181917455461288	0.2605149216878982	0.04416337807973225	9712	12111
CACATGATTCAGCAAC-1	P10_T1	0.25716490877999204	-0.0874625791822161	-0.33994579792022706	8505	8481
CACATTTCTTGTCAGA-1	P10_T1	0.02542350437906052	0.222135066645486	0.6236339171727497	13336	9627
CACCATCGGAGGAGAC-1	P10_T1	0.09052316877577044	0.15759217530488967	0.5939702977736789	8175	3322
CACCCAAATCTTATGT-1	P10_T1	-0.06727566480636597	-0.12299173082624162	-0.4166273593902588	13006	7908
CACCCACACGTCACCC-1	P10_T1	0.05240517086452909	0.31749895447776433	-0.37523742993672693	6199	4469
CACCCTAACAAGATCT-1	P10_T1	0.1896168046527439	0.13211512032009304	-0.6676041889190674	10261	11920
CACCCTTTCCTCGCTC-1	P10_T1	0.1605407980415556	0.1827697183688482	0.6577792346477509	5870	2749
CACCGCCAGAAGGTTT-1	P10_T1	-0.12834339280923207	0.028494415056137812	-0.6290009752909342	7956	6379
CACCGCCGACCAGCGA-1	P10_T1	0.06462189131312901	0.11415400073641818	0.5498382314046223	8834	2940
CACCGGGCATCACAAG-1	P10_T1	-0.06869059324264526	0.5590030137697856	-0.1562682072321574	11799	14976
CACCGTATCCCATCCG-1	P10_T1	0.011752694447835277	0.12133463442325593	0.6511300265789033	12897	11155
CACCTAATAGAGTCGT-1	P10_T1	0.029912941455841058	0.14673798589479353	1.4518492205937705	4223	4469
CACCTAATCAGTTTAC-1	P10_T1	0.10472788863711886	-0.025599263736179906	-0.31519811948140464	9383	5042
CACCTCGATGGTGGAC-1	P10_T1	-0.1500786240895589	0.053765176648185364	-0.38976886192957566	9164	4660
CACCTTGGCGCCTTTG-1	P10_T1	-0.12197215080261231	-0.002907946109771742	0.18396523475646975	12787	9436
CACGAAAGTTAGTCCC-1	P10_T1	0.13987972577412922	0.021874482631683345	0.2074534797668457	4662	7525
CACGACTAAAGTTCTG-1	P10_T1	0.12345011168056064	0.23173504534221828	0.6957527160644531	6858	1794
CACGATTGGTCGTTAA-1	P10_T1	0.23178419404559666	0.17512120315006802	0.5052970759073894	6968	1221
CACGCACAGCGCAGCT-1	P10_T1	0.04687922437985739	0.207213218609492	-0.20865924119949342	9383	5806
CACGCAGCGAGGCTTT-1	P10_T1	-0.14332047979036966	0.23342259560312545	-0.17210331439971926	6199	7143
CACGCGGAACTGTTGC-1	P10_T1	0.1150448038842943	0.3059321337654477	0.8416973042488098	12238	9245
CACGTCAATCAATGGA-1	P10_T1	0.18305560350418093	0.22813428243001305	1.1412684790293373	14214	13066
CACGTTCGTGCTCTAG-1	P10_T1	-0.054855566024780276	0.11305025895436602	-0.20333067258199056	10371	8290
CACGTTTCGTACACAC-1	P10_T1	0.10640855222940446	0.04947574252174014	0.7981674245993298	11469	11729
CACTAAAGTTGCCTAT-1	P10_T1	0.019920372300677835	0.06599994386945451	-0.0957423559824625	7077	7908
CACTACGGGAGCTGCC-1	P10_T1	0.10869016240040463	0.2871669469560896	0.6279064295689265	13226	12493
CACTCAAGAGCTATGG-1	P10_T1	-0.08988615989685059	0.21836929185049875	0.7856285238265991	7736	8672
CACTCAGCTCTTGAGG-1	P10_T1	-0.0283004511727227	0.23062640490986053	0.12240625619888301	9273	3322
CACTCGAGCTGAACAA-1	P10_T1	0.0789921173784468	0.107251140106292	0.06119626522064214	9603	10391
CACTCTTCTGCTAGCC-1	P10_T1	0.028015299273861788	0.06884370931557249	1.2267235787709554	12567	12493
CACTGTCCAAGTGAGA-1	P10_T1	0.15765178004900615	0.03865644523075648	1.2193784880638123	6199	4851
CACTTAATCAGACGGA-1	P10_T1	-0.06585007905960083	0.01993668295088269	0.5091473976771037	6748	7717
CACTTCGCCACAGGCT-1	P10_T1	-0.034113343556722006	-0.0021637580508277743	1.2963373915354413	4881	5233
CAGAACTTAGCCCTCT-1	P10_T1	0.024065373606152005	0.3270868865648905	0.24313621918360395	10810	11346
CAGAATAACACACGGA-1	P10_T1	0.14763274017307496	0.12422538423822038	0.6583237040042877	13665	11729
CAGACCTGTAAGTGTT-1	P10_T1	-0.07317530830701192	0.2371726537318457	-0.49903820276260374	12348	7143
CAGAGACGGTCACCCA-1	P10_T1	-0.038205499649047854	-0.15115980693272182	-0.5863675737380981	7736	10964
CAGAGCATGAGCTTGC-1	P10_T1	0.24186389108498893	0.08946790002641225	-0.04863747437794996	9164	6188
CAGAGTGATTTAACGT-1	P10_T1	0.08318785349527993	0.36501742622682026	0.7130800102154415	9054	2940
CAGATAATGGGCGGGT-1	P10_T1	-0.12484361171722412	0.19838525425820122	0.006014518737793018	12677	13830
CAGATACTAACATAGT-1	P10_T1	-0.1464666183789571	0.051617645195552286	-0.15756894429524748	6528	6188
CAGCAGCCCGTTCCTT-1	P10_T1	-0.056631161901685934	0.19355725152151926	-0.4769759686787923	10042	6570
CAGCAGTCCAGACTAT-1	P10_T1	0.05181155416700575	0.401271245366051	-0.14158381144205723	12457	10773
CAGCAGTCTGTGCTGC-1	P10_T1	-0.06362473090489705	-0.09156319958823068	-0.30696275234222414	9603	13066
CAGCCCTCACAGGCAG-1	P10_T1	0.1252135142352846	0.043358889818191526	0.8341240187486012	8395	1794
CAGCCTCCTGCAGAGG-1	P10_T1	-0.08751890500386555	0.12215298470996677	-0.41440390825271606	9932	5615
CAGCTCACTGAGACAT-1	P10_T1	0.05219607777065702	0.01074003548849195	-0.7843368101119995	7956	7526
CAGCTCGACAAGTTAA-1	P10_T1	0.2142046244939168	0.2970928613912492	0.2513066299756367	11359	6570
CAGCTCGTGCTTGTGT-1	P10_T1	0.030235777298609406	0.19338196910562971	1.06173671801885	6089	3896
CAGCTTAGTAGGTAGC-1	P10_T1	0.13517091539171006	0.36839477981839863	0.8627494541803996	4552	7334
CAGGATATATCGTTGT-1	P10_T1	-0.1559738250573476	-0.1504854945341746	0.6473718984921772	8066	9627
CAGGATCCGCCCGACC-1	P10_T1	0.354702226055993	-0.06942087298347835	1.0066540972391762	6858	1412
CAGGCAGTCTTACCAG-1	P10_T1	-0.10766597191492716	0.34918880473999747	-0.5223854780197144	10810	13639
CAGGCCGTTTGGGTGT-1	P10_T1	-0.1092516843477885	0.058512295995439806	-0.5739560985565185	6199	8672
CAGGCGCCATGCTAGG-1	P10_T1	-0.0799325148264567	-0.017116158803304055	0.6372409343719483	9493	10582
CAGTAATCCCTCCCAG-1	P10_T1	-0.07123279571533203	0.040440092086792	0.16777061939239502	4223	5233
CAGTCTGTATACTGGG-1	P10_T1	0.10141419000095793	-0.22358779498509	-0.6965734815597534	8724	9245
CAGTGAATAAATGACT-1	P10_T1	0.3125566466649373	0.2975863988058908	0.8073210414250691	10591	5997
CAGTGGTTGCACATGA-1	P10_T1	0.09552270876036749	0.06451142572221305	-0.37252325216929116	3893	4278
CAGTGTCCGCAGAATG-1	P10_T1	-0.08158553077114952	0.304718886982827	0.7048478802045186	5540	4087
CAGTGTCGGCTGGCCC-1	P10_T1	0.22322424285941656	0.07154013948781152	0.22690093060334515	11579	11155
CAGTTCAAATTGACAC-1	P10_T1	0.011018225881788468	0.2636817357086	-0.13402149597803747	7077	6761
CAGTTCCGCGGGTCGA-1	P10_T1	-0.07096958875656129	-0.01126360836483184	-0.6023853683471679	4332	6188
CATAACGGACAGTCGT-1	P10_T1	-0.021314573950237697	-0.10115373997461229	0.9130019601186116	11799	8099
CATAAGAAGCTTGGCT-1	P10_T1	-0.09310133616129557	0.3848327918279738	0.4647827657063802	9383	12302
CATAATGAGCGGGCGA-1	P10_T1	0.18382623023456995	0.3393908348537627	0.6885907955964405	6528	2367
CATACAAAGCCGAACC-1	P10_T1	-0.03947893361250561	0.1304175130526225	0.8720662327607472	5321	3705
CATACCCGTACCCAGT-1	P10_T1	0.3160619741015964	-0.04814843790871756	0.7729082934061686	4881	8290
CATACGGCGTCTGGGC-1	P10_T1	-0.07134288946787516	0.11007073867888677	0.18855073610941564	8395	8672
CATACTATGTAATTGT-1	P10_T1	-0.04523749682638381	-0.08371676524480184	0.43528679052988695	6748	8099
CATAGAGGAGATACTA-1	P10_T1	0.2137393421596951	0.07793989567529588	0.14627076466878264	11030	14403
CATAGCCGCCCGGGAT-1	P10_T1	0.23181878672705752	0.2425794863700867	0.5409749078750611	3893	6188
CATAGTACATTGAGAG-1	P10_T1	-0.055263214111328125	-0.16370207241603307	1.1397287130355835	9932	4087
CATAGTAGCATAGTAG-1	P10_T1	-0.09249283969402314	0.05309599819637478	0.48753865003585817	6419	4851
CATAGTCAAATACATA-1	P10_T1	-0.046321510606341876	0.10246248381478446	0.4338031776746113	11689	13639
CATATAGGTACAGTCA-1	P10_T1	-0.07704901933670044	0.10180198169889904	-0.15373896439870205	7517	9436
CATCATCTACCCGGAC-1	P10_T1	0.12121064027150472	0.15760195235411328	0.13183735569318134	9054	3322
CATCATTACCCTGAGG-1	P10_T1	0.1399781456258562	0.02353897458031065	1.050696382522583	11799	11155
CATCCTCTCAAAGATC-1	P10_T1	-0.11225297855006325	0.14476935429232463	0.6676580031712849	11579	11538
CATCGCCCGCGGCCAA-1	P10_T1	0.0016840489043129792	0.19867481216078708	0.49205800791581455	6309	3896
CATCGGACGGGTTAAT-1	P10_T1	0.020470692978964908	0.10348483335404168	-0.3220088076591492	7846	9245
CATCTAGTGAAGGGAA-1	P10_T1	0.11326056943999396	0.10961047059013732	-0.2415111867586771	14763	9818
CATCTTACACCACCTC-1	P10_T1	-0.10233746369679769	0.1869122501214345	1.6558771665891014	12348	8290
CATGAACCGACATTTG-1	P10_T1	-0.00480436185995739	0.20579298260666073	0.4388826513290405	6199	3322
CATGAACCTCTTATCA-1	P10_T1	-0.008831350902716306	0.19649715263219109	0.7852103775739669	9054	2176
CATGACTTCGCTGAAT-1	P10_T1	0.09227207276556226	0.020516319388434956	0.3215356906255086	13116	8863
CATGAGATGCACTCTC-1	P10_T1	-0.07689316034317016	-0.039603986740112306	0.3668553876876831	10152	12493
CATGATCGCTTTGAGA-1	P10_T1	0.1658752632141113	0.2796358131227039	0.9893152300516765	14214	13830
CATGATGCACAATTCT-1	P10_T1	-0.14023788968722026	0.04477661899157931	-0.5516456468900044	9054	5233
CATGATGGAAGTTAGC-1	P10_T1	-0.09056371529897055	0.5140194590886434	0.6013714392979939	12787	9818
CATGCATGGAGACCCT-1	P10_T1	0.11734582185745238	0.10768491039673489	0.5604182807604472	9164	2367
CATGCGTTAGACAGAA-1	P10_T1	-0.03619726989004346	-0.05355175350393565	-0.06628212571144099	8395	4087
CATGCTGGCTCCAATT-1	P10_T1	-0.03301545818646748	0.29541135279905234	0.34616607983907066	8066	3514
CATGGATTGTCTTCCG-1	P10_T1	0.04381006340185803	0.153079727490743	0.8519507626692455	12567	11729
CATGGCAGGAAGATCG-1	P10_T1	-0.01803233494361242	0.23087917780592326	0.5006769235928852	7736	4469
CATGGGTATGCCTTAT-1	P10_T1	-0.08289599974950154	0.04035984527497066	-0.5723968839645386	10481	11920
CATGGTAAGTAGCGTT-1	P10_T1	0.02529376771714953	0.050218354917707875	0.4521710626284281	9493	9818
CATGGTCTAGATACCG-1	P10_T1	0.007873833444383416	0.2611584235940661	-0.9484862756729125	8724	6188
CATGGTTTATTAATCA-1	P10_T1	-0.06940576314926147	0.007304357460566929	0.7890002059936524	12787	14403
CATGTAAGAGACATTT-1	P10_T1	0.14194557620419399	0.36534540604977384	0.9690159952640534	11359	11538
CATGTCTCATTTATGG-1	P10_T1	-0.008529783222410409	-0.055818520159948454	0.022817040284474732	10810	10582
CATTACGCAGGAAGGG-1	P10_T1	-0.10986999909083049	0.14307529500552585	0.549871240456899	12567	14785
CATTACGTCGGCCCGT-1	P10_T1	-0.07874180674552918	0.13793884192194258	0.8332506084442138	8615	4851
CATTATGCTTGTTGTG-1	P10_T1	0.07322474360466003	0.5019310283660889	0.49789612531661986	7187	6188
CATTCACTGACAGCTA-1	P10_T1	0.12611900640858542	0.11980433989138833	0.5672391027212143	8834	2176
CATTCCCTAAGTACAA-1	P10_T1	0.20468944072723386	0.3350916190942129	0.1952099021275837	3454	3513
CATTCGTCGTAGCGGT-1	P10_T1	-0.019500925011105008	-0.15363197593461897	0.6282816139856975	14873	13066
CATTTAGCGGACCATG-1	P10_T1	0.05731178098254733	0.20307724788075404	0.4993427884578705	10810	5997
CATTTCTAGCAGACTA-1	P10_T1	0.03290469245778188	0.1677031711737315	1.0180701245864234	4332	4278
CATTTGAGTGGTACGT-1	P10_T1	-0.010599268277486166	-0.0575690678187779	0.5297521336873372	6748	10773
CCAAACAGAACCCTCG-1	P10_T1	0.01872450802061293	0.10580840820357912	1.127901995976766	6748	5424
CCAAAGTCCCGCTAAC-1	P10_T1	-0.005486602683862057	0.21068258318163102	0.5025064208110173	5540	1794
CCAAATAACAAGATTC-1	P10_T1	-0.038366497159004226	0.19025614613578434	0.3319828009605408	13885	10964
CCAACGATGCACTGAT-1	P10_T1	0.36625589529673264	0.4176962064561389	-0.32791181405385333	5540	7143
CCAACTTGATAGATCC-1	P10_T1	-0.1182401450475057	0.5539490220660255	0.3965657138824463	14983	10200
CCAAGACTTCTGCGAA-1	P10_T1	0.13131528417269392	0.1442301547243482	0.13904746413230895	8285	5042
CCAAGCGTAACTCGTA-1	P10_T1	-0.12128146847089132	0.14835910064833505	0.6165215714772542	9273	7526
CCAAGGAACAGAGAGG-1	P10_T1	-0.05144054586688676	0.12606353351757638	0.7355930345257122	6748	3896
CCAAGGTTGCCCTTTC-1	P10_T1	0.518634950319926	0.5097707911900111	0.3782700490951538	13446	14403
CCAATAGTGCCGTCGA-1	P10_T1	0.04275605771276686	0.0949996697335016	0.6459630648295085	6089	7717
CCAATGTCACAGCAAG-1	P10_T1	0.1115196500221888	0.27004112212430864	0.17255712747573848	6858	8290
CCAATTGAATGTTAAT-1	P10_T1	0.11142961637841331	0.12330431797674724	0.6616472615798314	6528	5042
CCACAATGTACGTCTT-1	P10_T1	0.1404628405637211	0.1776670715354738	0.4757483524084092	10810	6761
CCACACTGAGATATTA-1	P10_T1	0.002659378978941168	0.39215946430251714	-0.30197397073109944	6858	8672
CCACAGCTGAAATCAT-1	P10_T1	0.21765411059061687	0.29197395733424597	0.16559323787689206	4552	2749
CCACAGTACCCATCCT-1	P10_T1	-0.1168723742167155	0.4509020704314823	0.2575055281321208	11579	10391
CCACATACTGCACCCA-1	P10_T1	0.03649039367834728	0.18452869701953162	0.43059796690940866	14434	11155
CCACCCAAGGAAAGTG-1	P10_T1	-0.09978443622589112	0.1768860982145582	-0.21965147972106935	9713	8290
CCACCTGTATGGAATA-1	P10_T1	0.16353485266367596	0.10507144485201153	-0.301730964978536	14983	12875
CCACGAATTTAACCTC-1	P10_T1	-0.040716883043448115	0.2217024950754075	0.48749460419019064	13446	9054
CCACGAGAAGAGAATC-1	P10_T1	0.11459126419491239	0.12083646592639744	0.46174728393554687	9713	4469
CCACTGTTTGGATTAA-1	P10_T1	0.1184530173904366	0.12548675261083103	0.45617945422728856	13116	12302
CCAGAGACAAAGCCGG-1	P10_T1	-0.08236927032470703	0.07319340478806269	1.3820642868677777	3783	5615
CCAGATAGTTGAGTGA-1	P10_T1	0.061900746623675035	0.26993199501718795	0.17848454515139278	10701	6570
CCAGCCTGGACCAATA-1	P10_T1	0.43517339600457083	0.017149777639479863	-0.6420122051239013	8615	8290
CCAGCTACGCCTCATA-1	P10_T1	0.17135590063201056	0.15689213769776483	0.9430291720231373	5321	2940
CCAGGCTGGCGTCTGA-1	P10_T1	-0.027682851288053728	0.1320032066390628	0.9613810733954111	14873	11920
CCAGGGACGTGGCCTC-1	P10_T1	-0.15338954210281372	0.28107352591696244	0.20446378548940025	7297	6379
CCAGTAGTCTGATCCA-1	P10_T1	0.06714038875367907	0.3180997828642528	0.3125752131144206	11469	6379
CCAGTCCATTATTCGA-1	P10_T1	0.14157917486296762	0.11766042527698337	0.7657169087727864	3893	3131
CCAGTCTAGACGGCGC-1	P10_T1	-0.09641301155090332	0.25289033889770507	1.074123110771179	10920	5806
CCATAAACAACCCGAC-1	P10_T1	-0.07145345211029053	0.205158508845738	0.2121248579025269	9822	3896
CCATACCTTTACTTGT-1	P10_T1	-0.01581293741861979	-0.14033880233764648	-0.05405948797861726	12677	6952
CCATAGGTTGGCGTGG-1	P10_T1	0.084875238471561	0.3324638090814863	0.5232730607191722	8285	4660
CCATAGTCAGTAACCC-1	P10_T1	0.054087190495597015	0.33089319569723946	0.8059643467267354	3344	4087
CCATATGGAAACTATA-1	P10_T1	0.16426800605323577	0.2701098064581553	0.8469330781698228	12787	11347
CCATCCATACCAAGTC-1	P10_T1	0.14013465570078956	0.13398503695215497	0.8159162632624309	5650	3896
CCATCGCAGTTAAACT-1	P10_T1	-0.0553862714767456	0.11433536631720406	0.2187917137145996	8285	10773
CCATCTCACCAGTGAA-1	P10_T1	-0.12289281964302062	0.409034005119687	0.1598622647921244	12238	8481
CCATCTTGTTCACAAT-1	P10_T1	0.13691724558671314	0.24129735872859048	0.2909030946095783	5979	2558
CCATGCCCTAGATTTC-1	P10_T1	-0.03277348783281114	0.3116270557471684	1.0970853074391684	12238	11920
CCATGCCTGTTTAGTA-1	P10_T1	-0.13308401266733805	0.1230291775862376	-0.2575652424494425	7297	7908
CCATGCTCTGCAGGAA-1	P10_T1	0.05981920500596366	0.19752020268213183	0.47067795435587567	6199	5233
CCATGGCCCTTGTACC-1	P10_T1	0.06334572924507989	0.15281329949696856	-0.6406504154205322	3893	7334
CCATTAGCGATAATCC-1	P10_T1	0.021016081174214662	0.0823733727137248	0.42590684890747066	6089	7334
CCATTCCCTGCCCACA-1	P10_T1	-0.062132640679677324	-0.08551019259861538	-0.018377264340718624	5760	7526
CCATTTCTACCTATTA-1	P10_T1	-0.06372177441914877	0.03944707711537679	0.27522122224171963	9273	11729
CCCAAACATGCTGCTC-1	P10_T1	-0.07326292925410802	0.39286497377213975	0.27443457285563155	11140	7717
CCCAACCACACTAACA-1	P10_T1	0.05881998946269351	0.21803633193174993	0.60403044740359	8724	2749
CCCAAGACAGAGTATG-1	P10_T1	0.05533038463857437	0.229931380606833	0.48684693058331807	6968	1985
CCCAAGTCATTACACT-1	P10_T1	-0.11023622274398803	-0.019068482660111935	-0.026500716209411523	12018	14212
CCCAATTTCACAACTT-1	P10_T1	-0.05872453133265177	0.12749743279956635	-0.18280425548553467	5101	8672
CCCAGGTCTGAAGGCT-1	P10_T1	0.20769902232620452	0.3028843184028353	1.0255024774869286	13665	11347
CCCAGTTAAGGCGCCG-1	P10_T1	-0.16143465956052144	0.1761681493123372	0.586203654607137	10481	9245
CCCATATAGGTCGATT-1	P10_T1	0.4266105731328329	-0.00813341174806867	0.4111663230260214	14324	13639
CCCGACCATAGTCCGC-1	P10_T1	0.15240800645616318	-0.022105251720973412	-0.362036452293396	9603	5042
CCCGAGTTTCTCCGTA-1	P10_T1	0.08108561396598815	0.022852562467257198	0.9403231565157573	13336	10391
CCCGCAGCGCGAACTA-1	P10_T1	-0.11577166438102722	0.37658661944525584	0.5022382712364197	8834	10582
CCCGCCATGCTCCCGT-1	P10_T1	-0.05267110718621147	0.07199631878307888	0.0675558777650197	5979	4851
CCCGCGCAATGCACCC-1	P10_T1	-0.07906384944915772	0.7646625007901873	0.6345466804504395	4003	4851
CCCGCTTGCCCTCGTC-1	P10_T1	-0.007242238654030703	0.1845244804734275	0.519685416618983	5870	1603
CCCGGTGGAAGAACCT-1	P10_T1	0.10275523848003812	0.22740562847682408	0.6196778615315754	3783	5997
CCCGTCAGCGTCTGAC-1	P10_T1	0.16358844154410895	0.0128643431833812	0.724276664654414	7077	5615
CCCGTTTCGCAGATGT-1	P10_T1	0.06710763176282247	0.2986759194873628	0.4781845545768738	13116	11155
CCCTAGTGTCAGGTGT-1	P10_T1	0.2633951012293498	0.3390254987989153	0.18261740843454988	3674	3131
CCCTCATTCTGGAATT-1	P10_T1	0.3276678216457367	0.20460601772580828	0.3390810441970825	6309	4278
CCCTCCTCGCTCGTAT-1	P10_T1	0.06240461958779228	0.2891330008847373	0.5595633554458618	13116	10773
CCCTCGGGAGCCTTGT-1	P10_T1	0.0511208148797353	0.0949972587681952	0.7988755663235982	7846	1603
CCCTGAAATGAGTTGA-1	P10_T1	-0.10530105749766032	0.18084933950787502	-0.43028790156046554	5760	7143
CCCTGATGTAACTCGT-1	P10_T1	-0.00042753219604491077	0.026061180120422744	0.6202657957871753	3235	3896
CCCTGCGCTACGCATA-1	P10_T1	0.34187989857461715	-0.032436000903447476	0.002061492602030368	4113	7717
CCCTTTAATGGAGTTC-1	P10_T1	0.25264147953854665	0.24585354526837672	0.5257912534475326	13446	13257
CCCTTTGACAGGTCTT-1	P10_T1	-0.020412192344665528	-0.11563783713749477	0.5572259426116943	7626	10773
CCGAAAGTGGTGAGCA-1	P10_T1	0.02969363623195223	0.0986675406637646	0.6584492254257202	4442	4469
CCGAACCTTCCCGGCC-1	P10_T1	-0.11478826959927876	0.17545816194443475	1.2245708584785462	9273	10582
CCGAAGTATATTGTTC-1	P10_T1	-0.032485308647155764	-0.08545805249895368	0.8229611523946125	3893	5424
CCGACAATAGGCCGCC-1	P10_T1	0.1954535122712453	0.21581256940251303	0.6142055439949036	13665	12111
CCGAGAAGTCGCATAA-1	P10_T1	0.12256818870703379	0.39798694460164935	-0.0713810475667318	13775	10009
CCGAGGGATGTTAGGC-1	P10_T1	0.007709719340006499	0.33773213579541156	0.5845239567756653	8285	2367
CCGATCTCAACCTTAT-1	P10_T1	0.11158066206508212	0.030490994907560798	0.4679184707005818	12567	8290
CCGCACAAAGACCAAC-1	P10_T1	-0.007795194652345461	0.4910096773647126	0.16084845701853445	9822	8099
CCGCACGTGACCTCGG-1	P10_T1	0.062414928012424056	0.14694391738800774	-0.8455055236816407	4332	6570
CCGCACTTGCAATGAC-1	P10_T1	0.004673040045632265	0.23488185485204058	0.3996985816955566	13226	14403
CCGCCACCACAATCCA-1	P10_T1	0.10453264160288706	0.254394884620394	0.4490536765257518	8724	1985
CCGCCGGTCAACACAC-1	P10_T1	0.1465607725083828	0.2091026718630677	0.7445207902789115	7517	3705
CCGCCGTTGAGGATAA-1	P10_T1	0.10619142797258166	0.34037867932092575	-0.2636189333597818	14544	9818
CCGCGGGTACGAAGAA-1	P10_T1	-0.10249946077664693	0.18012677482196263	1.0387745165824889	4332	7334
CCGCGTAGGTAAGGGC-1	P10_T1	-0.10924903472264608	0.2791970722448258	0.22721700270970657	3893	6952
CCGCTATCAGCACCAG-1	P10_T1	0.0423644361231062	0.31392757517950876	0.16878795464833585	8395	9818
CCGCTCTTCCGAACTA-1	P10_T1	0.14240043799082439	0.050106231428327985	0.06931406974792487	12348	13257
CCGGAATGGTTTCAGT-1	P10_T1	-0.03402830441792806	-0.13685268810817172	0.30107844670613615	4991	5806
CCGGCGCATATTGGAT-1	P10_T1	0.010751626955138316	0.14495799450647262	0.6155722363789875	7626	3896
CCGGGACCCGCAGAGA-1	P10_T1	0.067067514790429	0.20769392203717008	0.45681585927804313	7187	4278
CCGGGCGGTCTCGTCA-1	P10_T1	-0.14312431852022806	0.3441177280176253	0.3170259173711141	9822	7334
CCGGGCTGCTCCATAC-1	P10_T1	0.32292112628618874	-0.03152650889896211	0.6776743809382122	10920	8099
CCGGGTTCGAGGTTAC-1	P10_T1	-0.04044066667556763	-0.14684507165636335	0.29043862501780193	4991	8481
CCGTAAGTTGGTCCCA-1	P10_T1	-0.09177649180094401	0.3128097056207203	0.8883271233240764	9932	7526
CCGTACCCAAGCGCCA-1	P10_T1	0.27222952524820965	0.13636373656136647	1.0221941884358723	5211	3514
CCGTAGGAAATCCCTG-1	P10_T1	-0.1082441981633504	0.12916187865393502	1.0366966032981872	12018	12684
CCGTAGGGTTGTTTAC-1	P10_T1	0.1395503342151642	0.1299369273866926	0.634504547516505	12897	12684
CCGTGCCCATGACGGC-1	P10_T1	0.02799959846668773	0.2165865288532916	0.41564742803573607	6748	3514
CCTAAACAGGGTCCGT-1	P10_T1	0.1219125689400567	0.09253631455557687	0.9761069997151692	7626	1221
CCTAAATTAACGGTTC-1	P10_T1	0.02899600373374092	0.3470807040305364	-0.23663640658060708	8944	9245
CCTAAATTGTATCCTA-1	P10_T1	-0.04785267260339525	0.12410675102756136	0.5375000915924709	13995	11155
CCTAACCCAAACAAGT-1	P10_T1	0.4976715850830078	0.11966183389936175	0.16713973045349118	11250	10582
CCTACGGCTCAGTCGA-1	P10_T1	-0.11892244815826417	0.17937883411134992	0.6208702278137208	4991	4278
CCTACTCAACACGATT-1	P10_T1	0.2927323587735494	0.26050670760018485	1.4832851807276406	14544	13257
CCTACTGCTTACACTT-1	P10_T1	0.03962019920349122	0.1622195995421637	-0.41233379840850826	6858	6379
CCTAGGCGTAGCGATC-1	P10_T1	0.06841524746682909	0.3817745996656872	-0.2150293008486429	11140	8099
CCTAGTTAGTCGCATG-1	P10_T1	-0.05654416534635756	0.30831481979006814	0.03476035277048761	9383	3514
CCTATAATGAGTGCCC-1	P10_T1	-0.06250507434209188	0.19296565890312195	-0.5698980736732483	10371	11729
CCTATCTATATCGGAA-1	P10_T1	0.182364721165763	-0.10321180582046507	0.13335162480672202	9932	4851
CCTATGGGTTACCGTC-1	P10_T1	0.04476851714981926	0.05116077746663775	0.2434102972348532	9054	6761
CCTATGTCCACTCCAC-1	P10_T1	0.02202368842230902	0.24044231698626561	-0.39986658573150635	11579	13066
CCTCACCAATCTTGAC-1	P10_T1	0.038130571842193595	0.14068314989407854	1.2681810323397316	5321	4469
CCTCACGTCAGCTAAT-1	P10_T1	0.04413746317227679	-0.024002156200863045	0.39694604794184374	14873	12684
CCTCATGCAGCTACGA-1	P10_T1	-0.053522286415100095	-0.15331297057015555	0.5192791779836019	4772	3131
CCTCCCGACAATCCCT-1	P10_T1	0.37396674566798743	0.16409715015263787	0.6308680701255799	8395	2940
CCTCCGACAATTCAAG-1	P10_T1	0.16882829666137694	0.1626149640764509	-0.5843081760406494	5101	7525
CCTCCTGTTGTGTCGT-1	P10_T1	-0.008613074885474303	0.2596968683174678	1.1590884065628053	12018	13066
CCTCGAAGTGGACGGG-1	P10_T1	0.06067786084281074	0.15871635845729282	0.6753556529680889	9273	4087
CCTCGCCAGCAAATTA-1	P10_T1	-0.09215752681096395	0.15655137504850114	-0.8714810276031494	9603	4660
CCTCGGACCGGGATAG-1	P10_T1	-0.11694453398386638	0.07607989424750916	0.0029863007863363267	10810	9054
CCTCTAATCTGCCAAG-1	P10_T1	0.07405744751294455	-0.002112169606345027	-0.6322329560915629	9493	5615
CCTCTCTCCCATCTAG-1	P10_T1	-0.054273362159729006	0.13407433067049299	1.265326614379883	5430	7717
CCTCTGGCCTAGACGG-1	P10_T1	-0.05512043158213298	-0.11574077469961984	0.5642887465159099	9713	4087
CCTCTGTACTATTCTA-1	P10_T1	-0.07580068906148275	0.5261396248000009	-0.5265812969207764	8175	11346
CCTGAACGATATATTC-1	P10_T1	-0.11453763763109844	0.44374665021896365	-0.3157285404205322	10810	8290
CCTGAATATTTACATA-1	P10_T1	0.16673660039901736	0.35982311419078283	-0.5543894386291504	9273	5615
CCTGACCACCGATGGT-1	P10_T1	-0.10928370157877604	0.22024257603145786	-0.8841246557235718	8175	9818
CCTGCTATTTGAGAAG-1	P10_T1	-0.09478232622146607	-0.06881087836765107	-0.17214618126551307	6968	6188
CCTGGCTAGACCCGCC-1	P10_T1	-0.09144473393758137	-0.056061819735027496	-0.5838439512252808	6199	6761
CCTGGTCGAATGTGGG-1	P10_T1	-0.040819015502929684	-0.13972737312316894	-0.6090255546569824	9054	12493
CCTGTAAGACATGATA-1	P10_T1	-0.058846129576365154	-0.14151660782950265	-0.022093780835469645	5979	8290
CCTGTCACCCGGGCTC-1	P10_T1	0.00019880692164103708	-0.06738068784986223	-0.14639541864395145	8834	6761
CCTGTCGCCCGTAAAT-1	P10_T1	0.22562712987263994	0.0426580023765564	-0.7307919216156006	8285	8099
CCTGTTTGAAGACACG-1	P10_T1	0.05399070580800375	0.11795128010568168	0.715312937895457	11799	12302
CCTTAAGTACGCAATT-1	P10_T1	-0.010820515950520833	-0.0946715463910784	0.8872823079427082	12128	15550
CCTTCTTGATCCAGTG-1	P10_T1	0.30701214869817095	0.39359243801661903	-0.126577353477478	9493	4851
CCTTGACCACTTTATT-1	P10_T1	0.10676861372258928	0.2824224648305348	0.4729395234584808	13446	11729
CGAACAGTATGGGCGT-1	P10_T1	-0.12759627978007	0.009741399855840771	-0.1413052050272623	12018	10773
CGAACGCCCAGTGCCG-1	P10_T1	-0.10888835589090982	0.16294481163933167	-0.09479346593221027	9164	3896
CGAAGTTGCTCTGTGT-1	P10_T1	-0.036831146876017254	-0.10750582490648543	-0.3999483633041382	5321	7525
CGACAATTTGATCTAA-1	P10_T1	-0.06516851902008057	-0.08155745574406215	-0.6526749515533448	11908	9436
CGACACGCTCCGACAG-1	P10_T1	-0.12343490997950236	0.26168535539082116	0.2928261844317118	11799	10009
CGACAGTTCGCGTTAT-1	P10_T1	-0.11108595530192057	0.05676473401841663	0.5583482201894123	6089	8099
CGACATGCGATCTTCT-1	P10_T1	-0.0834289851453569	0.09960039876756216	0.29755276918411244	8505	2749
CGAGACCCTAGAGTGT-1	P10_T1	-0.14404877821604412	-0.04673853022711619	-0.3739415613810221	8175	9436
CGAGACTACTGCTGCT-1	P10_T1	-0.12288832426071167	0.29202247154145017	0.5245460096995036	12238	14976
CGAGAGATGTGAACCT-1	P10_T1	-0.08961951573689779	-0.042322858288174586	-0.19691056251525874	9493	6761
CGAGAGCTTTCACTAC-1	P10_T1	-0.13674556056658427	-0.04310960633414132	-0.8064993405342102	11140	13448
CGAGAGGGTAGCCGCG-1	P10_T1	0.12643054955535463	0.22081360961709706	1.0864859022696813	12897	11920
CGAGCACTTCAAGTTT-1	P10_T1	-0.06838999112447103	0.11479979696727935	1.4804802385965985	4223	5615
CGAGCGTTGATCAGCC-1	P10_T1	-0.05991544372505614	0.17068687714281533	0.7439371808369954	6528	3514
CGAGCTGGGCTTTAGG-1	P10_T1	0.19233176668485005	0.12850832507723853	0.09916129350662228	8834	4469
CGAGGCCAGGCATTGG-1	P10_T1	0.23001343647638958	0.25108608200436544	0.895929063161214	3893	3896
CGAGGCTAAATATGGC-1	P10_T1	-0.0981046187877655	0.019867063363393167	0.6265542213122051	9273	6761
CGAGGGACTGCGGTCG-1	P10_T1	-0.08360207200050354	0.10974493724959236	0.2622508573532104	10042	8481
CGAGTGCTATAGTTCG-1	P10_T1	0.05169915537039438	0.1691973696861948	1.081595578789711	5650	3131
CGAGTTCTGTCCCACC-1	P10_T1	0.06401742378870645	0.242438015739123	0.38816349705060316	10810	6379
CGAGTTTATCGGACTG-1	P10_T1	0.12775470746888057	-0.14894768118858337	-0.44300501426060995	11689	8290
CGATACCTCGCGGACA-1	P10_T1	-0.08448543389638265	0.22959544794900077	1.1784176278114318	6748	8863
CGATAGTCGTACTGCA-1	P10_T1	0.4263553961118063	0.20515470402581354	0.5045080904165904	11140	13830
CGATATTAGCCGCAGG-1	P10_T1	0.14407206740644243	0.2729608699537459	0.9655100965499878	5321	2558
CGATCCGACCCAGTGC-1	P10_T1	-0.051184065275722085	0.10832931944302149	0.24778041124343875	6968	8481
CGATTAAATATCTCCT-1	P10_T1	0.39110133277045356	0.15413839589981804	0.2895711453755696	8285	11920
CGATTCGCCTGGCTGC-1	P10_T1	-0.09228817860285442	0.07469836995715187	-0.6760306692123413	9493	12111
CGCAAACACGAGTTAC-1	P10_T1	-0.07147747278213501	-0.10090455191476004	0.5301002136866251	5540	6379
CGCAATTACTTTCGGT-1	P10_T1	-0.05620976130167643	0.06845911922908965	0.3115598758061727	5101	5615
CGCAATTAGGGTAATA-1	P10_T1	-0.13190478881200154	0.24967232533863615	-0.3823307935396831	6309	6570
CGCAATTCTACAATAA-1	P10_T1	-0.037246112823486326	0.10437386240277971	0.7048875713348388	4552	6188
CGCACATGTCCACTAC-1	P10_T1	-0.1448054317633311	0.039927744865417475	-0.7370186161994934	11030	8672
CGCACGTGCGCTATCA-1	P10_T1	-0.012430832121107321	0.04949368510927474	0.5258763519922893	12348	8672
CGCAGAAACATTTGCG-1	P10_T1	0.0407192223601871	0.05787211543037779	0.9631743303934733	7846	2749
CGCAGGCGATCCAAAC-1	P10_T1	-0.026000943250126307	0.14163986018725805	0.9869241166114806	12677	11155
CGCATGCCGAATGCGT-1	P10_T1	0.10064518888791404	0.09136892449288142	0.704339512983958	11250	14021
CGCATGGTGCGATGCT-1	P10_T1	0.12639940328068205	-0.09194227212951298	-0.5540065002441407	8724	8863
CGCATTAGCTAATAGG-1	P10_T1	-0.026621320777469204	0.2699052049432482	-0.3697682277361552	7736	6379
CGCCATCCGATTATGA-1	P10_T1	0.07950542449951171	0.285984118893033	-0.17251900196075443	10262	5806
CGCCCAGCGTTTCACG-1	P10_T1	0.1636083401574029	0.3150294431618282	0.7555526391665142	11250	13639
CGCCCGCTTCCGTACA-1	P10_T1	0.33243234607908456	0.10975324153900146	1.1218708646297455	10262	4660
CGCCGCCCATGCCTGT-1	P10_T1	-0.1624380890528361	0.34886299825849987	0.30469330469767264	10591	8672
CGCCGTTCAGCATAGT-1	P10_T1	0.11271593514415956	0.09994247995671773	0.7618709733088811	12897	12302
CGCCTCCCTCCTCTAT-1	P10_T1	0.06189543578359817	0.0399826675937289	0.7553411388397216	9493	9436
CGCCTTTAGCATGCTC-1	P10_T1	-0.12583929498990376	0.5183270462354025	0.21076305866241452	14324	9818
CGCGAAGTGGCATACT-1	P10_T1	0.11784078955650332	-0.0006605268092382821	0.5789303533236188	12018	13448
CGCGACCGCGACAGAT-1	P10_T1	0.0874328480826484	0.38316751190594267	-0.8402463150024414	10371	12493
CGCGCATGTTTGATTG-1	P10_T1	-0.01059191624323527	-0.06355149745941162	0.741434137026469	7407	10773
CGCGCCCGACTTAATA-1	P10_T1	0.0997340734799703	0.380931431225368	-0.1486517381668091	9713	5233
CGCGGCTCAACTTGAA-1	P10_T1	-0.13165825009346008	0.3305525919369289	0.2106435823440551	12128	9436
CGCGGGAATTAGGCAG-1	P10_T1	0.013325591882069915	0.22276456046672094	-0.26061866680781043	10262	6570
CGCGGTACGGTATACA-1	P10_T1	0.29933283732997046	0.04393940045720057	0.6928428602218628	14434	13066
CGCGTCATATTAAACC-1	P10_T1	-0.01572168747584024	0.129777289579312	0.7428605563441912	8505	1603
CGCGTTCATGAAATAC-1	P10_T1	0.21372143573231167	0.18649874250094095	0.540117244720459	7077	6379
CGCTACCGCCCTATGA-1	P10_T1	0.21056525170803073	0.22047168920437493	0.498201157649358	6089	1603
CGCTACGGGACATTTA-1	P10_T1	0.08851579215791491	0.18222225944201154	-0.16591891447703044	6748	8481
CGCTAGAGACCGCTGC-1	P10_T1	0.027968077527152163	-0.024220355181466924	0.6486382555961608	12567	8672
CGCTATACCGCCCACT-1	P10_T1	0.28803766012191767	0.16652337131046113	1.0476648179690042	5430	3896
CGCTATTCAATGTATG-1	P10_T1	-0.18975575844446818	-0.0016112475168137408	-0.035506812731425086	4881	4851
CGCTATTCTTAGGCTC-1	P10_T1	-0.09152603387832642	-0.1567168801171439	-0.262637939453125	8066	8481
CGCTCGACATAATGAT-1	P10_T1	0.11264820082320107	0.3641751513594673	0.2303544636567434	6419	5233
CGCTCTCCGTAGATTA-1	P10_T1	-0.09570985317230224	0.1257814175742013	-0.5181580638885498	5540	7526
CGCTGAGGACGTCCAA-1	P10_T1	-0.016630256076653777	0.222395565140815	0.592028158903122	5870	1985
CGCTGGTGACTACCCT-1	P10_T1	0.27798102378845213	0.5891000161852156	-0.2910346746444702	12238	10391
CGCTGTGACGCCGCAC-1	P10_T1	0.21617516279220583	0.19960801573026749	0.17568740367889402	6638	5997
CGCTTCCACTGAAATC-1	P10_T1	0.03782485869195726	0.03521990929331098	-0.17469742854436243	6089	4660
CGCTTCGGTCTAAGAC-1	P10_T1	0.03363715264532299	0.5352861516248613	0.6728652763366699	12897	13830
CGCTTGGACGGATAGA-1	P10_T1	0.08393932329283821	0.035274828899474364	0.645107905069987	14324	13257
CGCTTTCATACCGGTG-1	P10_T1	0.09576078679826525	0.13954506374540782	0.6805124926567077	6968	3896
CGCTTTCTTGCATTCG-1	P10_T1	-0.007399371961752582	0.027060883130346047	0.18743080178896587	10810	7143
CGGAGCAATTTAATCG-1	P10_T1	-0.03951118151346843	0.3734551856631324	0.6184305874506633	8066	11538
CGGAGCATGGCGATCC-1	P10_T1	-0.05929652293523153	0.051461340472811756	0.1262889655431112	8834	8672
CGGAGTTTGAGAGACA-1	P10_T1	0.03453974379433526	0.12153741342680796	-0.7119116687774658	5211	6952
CGGATCCTCAAGGACT-1	P10_T1	-0.08253857374191284	0.35554004215058826	1.2496169773737589	10261	12684
CGGCAAACATCGTGCG-1	P10_T1	-0.07587900956471762	0.05293096281233289	0.011328171094258654	8724	11155
CGGCAATAAGATCGCC-1	P10_T1	0.003307543595631901	0.20604318747917805	0.6224346019824345	13336	11538
CGGCACTCAAGAAAGT-1	P10_T1	0.29912672148810493	0.4245985491502852	-0.048265505631764793	4552	3514
CGGCAGGGTCGGGTTG-1	P10_T1	-0.024683469401465513	0.320274881209646	0.6008652714888255	11799	7335
CGGCCACGCACAAAGT-1	P10_T1	-0.05533574104309082	0.02211347852434431	-0.17592067241668696	7956	7908
CGGCCCAGGTATATCC-1	P10_T1	0.23533343580034044	0.14580689566476004	0.47716916879018145	13006	9436
CGGCGCCATCAATCCC-1	P10_T1	-0.13237152695655824	0.22237021060216988	0.5176522175470989	11689	12493
CGGCTCTAAAGCTGCA-1	P10_T1	0.16395014882087708	0.29991691532589143	0.7619209424654644	13555	10009
CGGCTGCAAGATTAAG-1	P10_T1	0.12805924495061236	0.2116380681026549	0.7053749712308248	8944	1985
CGGCTTTGTATGATAA-1	P10_T1	0.06765693906280731	0.2720506723579906	0.5807864703734715	7626	2749
CGGGAATATAGTATAC-1	P10_T1	-0.02421151598294577	0.03622645054544721	0.6169951844215393	13006	10200
CGGGAATTTATGTAAA-1	P10_T1	-0.13755705197652182	0.1126691591171991	-0.7435641860961915	8615	9818
CGGGAGCTTCAGTGTA-1	P10_T1	0.0530823149946001	0.08743724226951599	0.7737120723724366	11469	10582
CGGGATCAATGTAAGA-1	P10_T1	0.007400820652643858	0.0078397352354867	-0.18798703352610258	7956	5615
CGGGCAGCTAAACCGC-1	P10_T1	0.07513627966245015	0.4025178582895369	-0.7650282287597656	7626	7334
CGGGCCATAGCCGCAC-1	P10_T1	-0.1011973245938619	0.4726646199112846	0.39847245931625364	3454	3896
CGGGCCTTCTTTGTAA-1	P10_T1	0.12970178789562647	0.39326121125902447	1.0957727956771852	7517	9054
CGGGTGTACCCATTTA-1	P10_T1	0.021237783200210997	0.369661218325297	0.528691498041153	10920	7334
CGGGTTTGTTAGGGCT-1	P10_T1	0.10123173743486402	0.14792618618125003	0.7572341614961624	13995	11920
CGGTACTAGAATCAAA-1	P10_T1	0.09677509691980149	0.29216403325398765	-0.8968446493148804	10591	9436
CGGTCAAGTGGGAACC-1	P10_T1	-0.03775102178255717	0.12028606199082875	0.5559622693061829	10262	6188
CGGTCTATCAACCCGT-1	P10_T1	0.03641572018464406	0.08068612914709816	0.8900511902570725	10481	4660
CGGTGTACTTGATCCC-1	P10_T1	0.135090418126848	0.2557666166907265	0.9481947914759319	4881	4469
CGGTTATCCAACAGTG-1	P10_T1	-0.10570937871932984	0.643337151323046	-0.9803547191619874	12238	6952
CGGTTCCGGCTTCTTG-1	P10_T1	-0.042413990497589114	-0.16033498219081332	1.2413782024383546	4662	2940
CGTAAACGCTTGAGTG-1	P10_T1	0.41084451887342666	0.03521595625650317	0.6288886276880901	4003	3322
CGTACCTGATAGGCCT-1	P10_T1	-0.09751598503854539	0.18196994443734488	-0.4931048274040222	8944	5424
CGTAGAGAGTAATTAT-1	P10_T1	-0.07234512368837992	0.36369436281067985	1.5590337165196737	11030	14021
CGTAGCGAATTGTCAG-1	P10_T1	-0.11511199037233988	0.3228029351007371	0.7869747654596966	9273	3705
CGTAGCGCCGACGTTG-1	P10_T1	0.13778098046779635	0.20683443551971797	0.6571129008134206	7297	2558
CGTATTAAGAGATCTA-1	P10_T1	0.19885677178700767	0.3771959611347744	-0.6783559226989746	7407	7334
CGTCACGTCCATTGGT-1	P10_T1	0.2837058542834388	-0.019529400212424136	0.20129741271336865	7077	10200
CGTCAGTGCGCACAAG-1	P10_T1	0.015196095589134428	0.2642540953485739	0.4981452469031016	6858	3322
CGTCAGTTTATCGTCT-1	P10_T1	0.10878061542908352	0.16720968317417867	0.6089300941427549	8066	1603
CGTCATACCATATCCA-1	P10_T1	0.043156948089599606	0.4190444317318145	0.9014716657002766	3674	5042
CGTCGGATAGTGTTGA-1	P10_T1	-0.11129925727844238	0.3293605619952793	0.9326868605613708	12018	7717
CGTCGTCCTTCGCGAA-1	P10_T1	0.22491476429833307	0.012511175587063744	0.33135031382242836	9822	11920
CGTCTGGAAGGGCCCG-1	P10_T1	-0.008673437966240774	0.28251989421390344	0.13268706321716306	8285	4278
CGTGAAGTTAATTCAC-1	P10_T1	0.16511878357993232	-0.04804351261683873	-0.12511839389801027	7626	8863
CGTGCAGACTGGGACA-1	P10_T1	-0.057403639157613116	0.2257620786485218	-0.7770166397094727	9603	8863
CGTGCATTGTCGACGC-1	P10_T1	-0.041562445163726806	0.1700063057172866	0.35880786577860513	4881	8672
CGTGCCCGACATTTGT-1	P10_T1	-0.09062018414338428	0.16126398097901118	0.629595200618108	7956	1412
CGTGCCCTCCCGAAGA-1	P10_T1	-0.010290812651316317	0.1911992563520159	0.017148401737213104	9932	9436
CGTGGAAGCCTCGTAC-1	P10_T1	-0.005707912842432661	0.12858020850590296	1.1461809730529784	14653	10391
CGTGGCCGAATATCTA-1	P10_T1	-0.0837949291865031	-0.21917947973523821	1.2008060948053996	12567	10200
CGTGTATGGGAGCTGA-1	P10_T1	0.6020684123039245	0.17674426805405388	-0.10247072060902918	13665	13639
CGTGTCCCATTCGCGA-1	P10_T1	-0.09682107448577881	0.11601761341094971	-0.5239034605026245	5870	6570
CGTTAAACTAGTTAGG-1	P10_T1	-0.03027693933910794	0.2524920519193014	0.15144383351008106	13665	10582
CGTTAATGTCCCGACG-1	P10_T1	-0.08911536614100138	-0.16965829372406005	0.3858539199829102	11030	12493
CGTTGAATACCGCGCT-1	P10_T1	-0.07519043684005737	0.18417487076350622	0.44681912660598755	9932	12111
CGTTGAGCGACCGTCG-1	P10_T1	0.041672927803463405	0.12666468086696805	0.5665241416295369	9603	9627
CGTTGTTTCAATTCCC-1	P10_T1	-0.026171396573384603	0.26713097685859316	-0.5749372482299805	5870	7717
CGTTTAAGCGGAGCAC-1	P10_T1	0.1291162697474162	0.11040143115179879	1.1557038974761964	7956	3705
CGTTTCGCTCATTACA-1	P10_T1	-0.13631206055482228	0.14821277030876706	0.8771585659186046	6858	7908
CGTTTGGTGTTGTGGG-1	P10_T1	0.04695455067687565	0.07472210622969128	0.450367712577184	14653	13066
CTAAACGGGTGTAATC-1	P10_T1	0.07306877892878322	0.08106918989192868	0.9303978302081426	6089	1985
CTAAAGAATGCCTACT-1	P10_T1	-0.09707870642344157	0.21223811353955951	-0.5506717395782471	5430	8099
CTAAAGGGAAATAGGA-1	P10_T1	-0.01049914730919732	0.0462429755074637	0.5682244650522869	8285	9627
CTAAATCCTATTCCGG-1	P10_T1	0.0026389318042331356	0.12077868108238493	0.2486533478895825	10701	6188
CTAACCGCGCGCCCGT-1	P10_T1	-0.05822000741958618	0.7515850456555685	-0.6296578073501586	5321	8290
CTAACGAAACTTGCTG-1	P10_T1	0.1123016632265515	0.06892087277911962	0.6285490576426189	11799	6952
CTAACTGATAATCGCC-1	P10_T1	-0.0006406764851676072	0.1778508098636355	0.845734080473582	12677	12302
CTAAGGGAATGATTGG-1	P10_T1	0.1202130439546373	0.17267130215962725	-0.32256472269694003	9383	9627
CTAATTCGCACGCGCT-1	P10_T1	0.23581312285529243	0.1422291760217576	-0.5046088552474975	5211	6570
CTAATTTCAACAACAC-1	P10_T1	-0.07058175404866536	-0.17534625121525355	0.05396540482838952	4442	5233
CTACACTAGCTTGTTC-1	P10_T1	0.011634277502695717	0.059988460001491384	0.4677732314666112	5650	1985
CTACACTCGCAGATGG-1	P10_T1	0.00025824513700273277	0.19475185683795382	1.048961571852366	12567	12111
CTACCCTAAGGTCATA-1	P10_T1	0.07438448495335051	0.2053865056378501	0.5425378076235454	11469	7143
CTACGCACGGAGTACC-1	P10_T1	-0.07505963166554769	0.06282463209969658	0.6688958930969238	7736	7908
CTACGTGTTGCCACCA-1	P10_T1	0.028814326392279738	0.3345069487889608	1.0308281707763673	4113	2367
CTACTATCTTTCAGAG-1	P10_T1	0.04257524907588961	0.19461485844282883	0.16382911801338196	11689	6761
CTACTCTAGGCCCGGC-1	P10_T1	0.010067999362945557	0.11294744105566118	0.9443669430414836	4223	7143
CTACTGCCACCTGACC-1	P10_T1	0.05565716902414959	0.1266531733104161	-0.8574346017837524	8395	6379
CTAGATAAACTCCTCG-1	P10_T1	-0.04661383152008056	-0.11764253888811384	-0.5722322082519531	4223	2558
CTAGATTTACGACGGC-1	P10_T1	-0.10265822331110637	0.3232464800562177	-0.5633933687210083	9603	9245
CTAGCATAGTATAATG-1	P10_T1	0.09735131820042929	-0.16003087520599366	0.9523270225524902	8724	7717
CTAGCCACAGGCGAGC-1	P10_T1	0.2321856321891149	0.22876685542719705	0.10403269529342651	14324	12493
CTAGGCGCCCTATCAG-1	P10_T1	-0.07792749855253432	0.3580958187580109	0.01657029231389362	11469	10964
CTAGGTCTGAAGGAAT-1	P10_T1	0.011368688080045902	0.2385138540040879	0.22479533195495605	12897	8099
CTAGGTTCGGACGTGA-1	P10_T1	-0.09342945098876954	0.05749651091439384	0.4591995716094971	9163	12302
CTAGTCACGTCTTAAG-1	P10_T1	-0.06982877254486083	0.09385394981929233	0.37662473678588865	9054	8290
CTAGTGAAGGACAGGA-1	P10_T1	-0.03912848949432373	0.6094263339042664	-0.5806251859664917	5650	7717
CTAGTTACAACCCGGT-1	P10_T1	-0.04116682052612305	0.027109186876387803	-0.22778928120930997	8834	11346
CTAGTTGGGCCCGGTA-1	P10_T1	-0.05845178749826219	0.2099838248037157	-0.2642353276411692	8944	6188
CTATCGACGAAATACA-1	P10_T1	0.02987457169426813	0.09596542426518029	0.6062246878941853	11689	11346
CTATCGCGTAGAGAAC-1	P10_T1	0.2747864667243428	0.10942259517453967	0.38002972284952796	14434	12302
CTATCGGGTCTCAACA-1	P10_T1	0.20958945539262558	0.09892960253215972	-0.3899163818359375	9054	7908
CTATGGGAAGCGGAAT-1	P10_T1	0.17846756335761813	0.2570201462507248	1.1008051844437918	12897	11538
CTATGTCACTAGCCCA-1	P10_T1	0.06904029938909742	0.18974713842074076	-0.8414916610717773	8724	6952
CTATGTCTATTGAAAC-1	P10_T1	0.13950260609388349	0.2660442874970891	0.4591272417704265	7517	3322
CTATTCATGTGTCCCA-1	P10_T1	0.23006904125213623	0.28032478809356687	-0.39255078792572023	8285	11155
CTATTTGGTTACGGAT-1	P10_T1	-0.044821343421936034	0.0743668212209429	-0.486523962020874	10481	8099
CTCAACTAACCCGGAT-1	P10_T1	0.05591446717580159	0.05139695031302316	0.5237297622362773	10810	13257
CTCAGGACTCACCTGT-1	P10_T1	0.41674880504608147	0.054887401489984416	0.6557534058888752	4772	4278
CTCATGGCTCACAATC-1	P10_T1	0.017886921564737965	0.04798391410282679	1.3306613286336264	8395	3705
CTCATTTGATGGGCGG-1	P10_T1	0.254825530052185	0.10090540976751422	0.0772759898503621	8285	5424
CTCCCAATGAGTCGCG-1	P10_T1	0.23003824015458424	0.18652438217685335	0.828828323483467	14104	10964
CTCCGCCCACATGAGG-1	P10_T1	-0.07225951512654623	-0.07930463382175991	-0.5419463634490966	5760	9436
CTCCGGCCTAATATGC-1	P10_T1	0.22362866017553543	0.08518943485759556	0.2872581950823465	7956	4851
CTCCGGCTTGTAGACA-1	P10_T1	-0.031208780076768666	0.3326864388443175	0.2369241436322529	3564	4087
CTCCTAAGTTATGTCT-1	P10_T1	-0.07923581759134929	0.05102152676809402	0.9132927354176839	4772	3514
CTCCTGTTCAAGGCAG-1	P10_T1	0.08799510776996611	0.12497238846052261	0.29036802530288697	14324	11729
CTCGAGGTCGAACAGT-1	P10_T1	-0.13038518150647482	0.13310302112783706	-0.40609406153360994	7956	6761
CTCGCACCTATATAGT-1	P10_T1	0.033696713182661264	0.13896598940803892	0.2689891433715821	8944	5806
CTCGCTAGGTAAGCGA-1	P10_T1	0.09588715394337972	0.5033306579362778	0.9723061569531757	12018	14976
CTCGGTACCACTGCTC-1	P10_T1	0.033276150491502565	0.11330853666578022	-0.40280752102533973	10371	9054
CTCGGTCCGTAGCCTG-1	P10_T1	0.05605677783489227	0.1345665251782962	0.7482564181089402	6968	4660
CTCTAGCCCTCGGAAA-1	P10_T1	0.18560227129194473	0.18131535078798022	0.7228274937470753	11359	13830
CTCTATTTGGCTGCAG-1	P10_T1	0.02234355290730794	0.23421053750174387	0.1318648926417033	8944	10391
CTCTCACAATCGATGA-1	P10_T1	0.16338785489400226	0.12470853856631689	0.008493623733520472	9164	7334
CTCTCGATGTGCGCCT-1	P10_T1	-0.02157241582870484	0.2886231541065943	1.050774722894033	8285	1985
CTCTGCGAAGCAAGCA-1	P10_T1	0.1275795535577668	0.189405273419051	0.665577698747317	6968	3514
CTCTGGACGCCTGGTG-1	P10_T1	-0.040385727087656656	-0.04706967285701208	0.5560906553268432	8285	7334
CTCTGTGCCTGCTATG-1	P10_T1	-0.0020424355400933264	0.11631698324566797	0.681731166044871	6748	1603
CTCTGTTTGAGGATTC-1	P10_T1	0.17533516049385067	-0.05526239809535799	-0.8301839637756347	9383	3896
CTCTTCTATTGACTGG-1	P10_T1	0.00012819700770907994	0.35612840930620826	0.7409017904599506	12457	10009
CTGAAAGAGATCCGAC-1	P10_T1	-0.029986016684108316	0.08431462702297032	0.26730462392171217	9054	4851
CTGAATCCGAGACCTC-1	P10_T1	-0.049448525110880534	-0.16795722825186593	-0.928775224685669	7297	10200
CTGACATAGAAATAGA-1	P10_T1	-0.058509964545567825	0.32612594945090156	0.7177008318901063	14544	10964
CTGACTGCGCAGCTCG-1	P10_T1	-0.07120035330454509	-0.16073337146214076	-0.6222449016571044	12567	7143
CTGAGAAAGTTCGGCG-1	P10_T1	0.019138661623001096	0.2890016762131737	1.0528935718536379	14324	10582
CTGAGCAAGTAACAAG-1	P10_T1	-0.09733132594161564	0.22107860817795705	0.5860742243131001	4223	4087
CTGCAAGCACGTTCCG-1	P10_T1	0.10932644969887204	0.09579420590684523	0.5129501863320667	13665	12875
CTGCACAACTACATAT-1	P10_T1	-0.09671384493509928	-0.22575401851109095	-0.1423357963562012	9822	10773
CTGCACCTGGAACCGC-1	P10_T1	0.11639564709530936	0.1276132471504665	0.5292198876539866	6858	4087
CTGCACTCCAGTACAG-1	P10_T1	-0.07137059926986694	-0.10860457284109933	-0.5750419569015502	9163	11538
CTGCAGAGAATCAGAG-1	P10_T1	0.06767653004990684	0.14017985572417574	0.557103574872017	12567	12875
CTGCCAAGGTTGGAAG-1	P10_T1	0.3100758181677924	0.21529540873709177	-0.004480450948079473	9932	5233
CTGCCATGCATCACAT-1	P10_T1	-0.04540238380432129	0.22368723097301663	-0.6030333042144775	8285	8863
CTGCCTTTCTAGTAAA-1	P10_T1	0.16659037176105715	0.13191444748923892	1.0582543603579202	11689	13257
CTGCGGGTGAAATGTT-1	P10_T1	0.10270269513130188	0.08451504741396224	0.009046977361043318	4003	7143
CTGCTGTCTAACGAGC-1	P10_T1	0.039870761765374074	0.2664378540288835	0.769702426592509	14544	10582
CTGCTTGGCGATAGCT-1	P10_T1	-0.06369783639907838	-0.15030063697269985	0.8249847094217937	9712	11346
CTGGAAATGGATGCTT-1	P10_T1	-0.0031928416093190415	0.5531263679549807	-0.22855880975723264	7297	6761
CTGGAAGACACGGTGG-1	P10_T1	0.08266320347785949	0.46019558123179843	0.8394706829388936	11140	10773
CTGGATTTACACTTGA-1	P10_T1	-0.04132641792297363	-0.07276058197021484	0.9091811943054199	7517	10582
CTGGCGACATAAGTCC-1	P10_T1	0.02210530539353689	0.03604237689858392	0.7862436135609945	10371	4469
CTGGCGCACAGGTCTG-1	P10_T1	-0.12276723821957906	-0.0146867375146775	-0.2803875708580017	11250	8290
CTGGCGGGAATAAGTA-1	P10_T1	-0.06903764088948568	0.3211414593742007	0.42217827479044595	3893	5042
CTGGCTCCTGCGGGAT-1	P10_T1	-0.034826653798421224	0.32598403135935466	0.4005065186818441	4442	2558
CTGGCTGATTCATCCT-1	P10_T1	0.06644724845886231	0.3440451206479754	1.1892923402786255	12018	9627
CTGGGATAAATAATGG-1	P10_T1	-0.09132780353228251	0.29384284842581976	-0.1877667379379272	10701	8481
CTGGGATCGCCCAGAT-1	P10_T1	-0.09397008978658253	0.13094324094908577	0.432115233739217	8395	1412
CTGGGTAGGCAGTTAA-1	P10_T1	0.1288113864262899	0.16107256429536004	-0.11277457952499392	10152	9436
CTGGTAAAGACTTACA-1	P10_T1	0.18912767171859743	0.3060762471812112	-0.09293580134709678	12348	14785
CTGGTAAAGTGTGGGC-1	P10_T1	0.08816360632578532	0.24560098886489867	0.7463694675763448	13995	12684
CTGGTAACACATAGAA-1	P10_T1	-0.035916881296369774	0.06016181261766529	0.17068492372830701	11140	9245
CTGGTCCTAACTTGGC-1	P10_T1	-0.04766818152533636	0.3068434433710008	0.3923626343409221	8615	2558
CTGGTTCAACGCATCA-1	P10_T1	0.057443364328808255	0.25639713747160775	0.8635989427566528	5650	2749
CTGGTTTCGAGCAAGA-1	P10_T1	-0.09031486392021179	0.2578875296456473	-0.7653803205490113	11140	10009
CTGTACTTCTTAGCAT-1	P10_T1	0.1957785659366184	0.12751745067891623	0.925724703470866	7077	8672
CTGTATGGTGTAGAAA-1	P10_T1	-0.1330651605129242	0.3304885314192091	-0.10354264259338375	4991	5042
CTGTCAAATGGCTCGG-1	P10_T1	-0.03319362084070841	0.2200524273940495	0.5293015499909719	10591	5615
CTGTGCAGGGTAGGTC-1	P10_T1	0.0537849371963077	0.24765206373873216	-0.9718235111236573	9164	9245
CTGTGGTCGGGAGATA-1	P10_T1	-0.009099936617745275	0.37432625310761586	0.8562069654464721	11250	11729
CTGTTACCCAATCTAG-1	P10_T1	-0.05112997531890869	-0.08951877798352922	0.31472301801045743	7846	10391
CTGTTCACTGCCTGTG-1	P10_T1	-0.04710118545426262	0.15936955979892187	0.3356483316421509	7626	5424
CTGTTCATCTCACGGG-1	P10_T1	-0.130776070356369	0.14066239555676777	0.34202176888783764	5211	5424
CTTAACTTACAGTATA-1	P10_T1	0.14851181242201061	0.020994520755041213	0.9150481065114339	13775	14594
CTTAACTTCGAAGTAC-1	P10_T1	0.08093038419882456	0.1375118267252332	0.5384091734886169	8395	3322
CTTACACGGTATTCCA-1	P10_T1	0.015873783959282767	0.19581643263498943	-0.589078361193339	6419	7143
CTTACACTGGGAAATA-1	P10_T1	0.13447372073928512	0.21364759056341082	0.8521547961235045	6748	4278
CTTAGCCTTCCACATG-1	P10_T1	-0.08473310311635335	0.07531144403275988	1.809657473564148	10042	5424
CTTAGTAGGCCTACAG-1	P10_T1	-0.047095259030659996	-0.08880820274353027	-0.4432888174057007	12677	7335
CTTAGTGTAGTAGCAT-1	P10_T1	-0.05064848899841309	0.02978584425789968	0.0746803379058838	10591	12875
CTTATAGATGGCTGTT-1	P10_T1	-0.014670375320646495	0.33820552334898996	0.33562120079994195	14544	12875
CTTATGTTGACTACCA-1	P10_T1	0.15557109819518194	0.3121325990131923	0.3551936578750611	4442	3705
CTTCATAGCTCAAGAA-1	P10_T1	0.05975235223770142	0.06708550657544818	-0.2684453105926514	5540	4851
CTTCATTGTCAGTGGA-1	P10_T1	-0.024839904308319092	0.2615869796843756	-0.4601292324066162	8066	8099
CTTCGATTGCGCAAGC-1	P10_T1	-0.04804874102274577	-0.1725820813860212	1.0740467516581218	11140	14212
CTTCGGCCAATTGTTT-1	P10_T1	0.034923419422573515	0.2938456375258309	0.4380314580599468	13555	10773
CTTCGTAGATAGGTGA-1	P10_T1	0.22253792815738258	0.08384160371053785	-0.7740945482254028	6419	8672
CTTCTTACGTCGTATA-1	P10_T1	0.11755849334928722	-0.07392549015226821	0.0707192881902059	8066	3896
CTTGACCCGAAAGATA-1	P10_T1	0.059859731230470864	0.19286611354067207	0.7770999872684479	7736	2940
CTTGAGGTTATCCCGA-1	P10_T1	-0.014243661827511273	0.10471499306815013	0.6170502432187398	4113	3513
CTTGAGTTAGGGTAAT-1	P10_T1	-0.09894966284434001	0.18641494512557982	0.049872792561848955	11689	8672
CTTGATGACCATCCAG-1	P10_T1	-0.030203504165013634	0.39242186648505073	0.37084245681762695	12238	14594
CTTGCCCACCCACGCA-1	P10_T1	-0.0643618369102478	0.1310750641141619	0.8203599786758423	12457	14594
CTTGCCCAGGCTCTAC-1	P10_T1	0.10511790169609918	-0.03817687624976748	0.579681847890218	7517	9818
CTTGTACTTGTTGACT-1	P10_T1	-0.03746328443288802	0.22598168551921843	0.877193265358607	7077	5233
CTTGTCAACATTCGAG-1	P10_T1	-0.06864613850911458	-0.19309794562203544	-0.6518305206298828	8724	10773
CTTGTGAGTCTTTGAC-1	P10_T1	-0.07383873204390208	-0.020055989112172823	0.27491542816162107	5211	3131
CTTGTTGCTGAGTCAA-1	P10_T1	0.03401133696238201	0.0861140243780045	0.6491021251678467	10261	8481
CTTGTTTATGTAGCCA-1	P10_T1	-0.1269205896059672	0.141691187109266	1.1345191923777262	4552	4660
CTTTAACTTTCAAAGG-1	P10_T1	-0.09041938145955404	0.037639160667146954	0.5598517370223999	8834	5615
CTTTAATATTGGTCGA-1	P10_T1	-0.12164886673291524	0.08959491099630085	-0.17806783835093176	9493	10964
CTTTACCGAATAGTAG-1	P10_T1	0.07469229459762575	0.1980380428972698	-0.5476344108581543	10701	10773
CTTTAGGAACACTGTT-1	P10_T1	-0.025236552556355804	0.12777214459010533	-0.46082743167877194	11030	9054
CTTTAGTGCTATTATT-1	P10_T1	-0.1489320456981659	0.2094494394461314	-0.6424221086502075	8505	9627
CTTTCTGTGCGGGCTT-1	P10_T1	0.2138838571972317	0.3310112206141154	0.6152823289235434	8724	11538
CTTTGCATCGCTCTTG-1	P10_T1	0.23855210065841675	0.1519435279709952	0.04872126102447516	11799	12684
CTTTGCTGTCATGGAT-1	P10_T1	0.013840490976969405	0.4464740741820562	0.3372221088409424	14873	10391
CTTTGGCTTTAGTAAA-1	P10_T1	-0.06530326498879326	0.14081849438803534	0.4371254801750184	5870	7334
GAAACAGATGACCACC-1	P10_T1	-0.08561356544494629	-0.08182924997238886	0.042351409594217904	11579	8863
GAAACAGCCATGCAGT-1	P10_T1	0.016131375034650147	0.04843395329657052	0.6446731579303742	8175	3705
GAAACCGAATTACCTT-1	P10_T1	-0.043052794933319094	0.7600532238824027	-0.6749341487884521	7077	9818
GAAACTCGTGCGATGC-1	P10_T1	-0.13838868776957194	0.04952206424304417	0.3007029334704081	4113	6570
GAAACTCTAATGAAGG-1	P10_T1	-0.08614080230394999	0.4729446800549825	-0.029672757784525494	9493	3705
GAAAGAACAGCGTTAT-1	P10_T1	-0.09883516430854797	0.31404637387820655	0.12492392539978026	12787	8290
GAAAGTGACTAACTGC-1	P10_T1	0.22388506889343263	0.1664302527336847	1.8538943672180177	4881	5997
GAAATACTAAACGTTT-1	P10_T1	-0.035137093861897783	0.4312075470175062	1.0924150451024375	3893	4660
GAAATATCACCATCAG-1	P10_T1	0.5847781976064046	-0.15195987905774797	0.3875173838933308	4003	7525
GAAATCGCGCGCAACT-1	P10_T1	-0.012722916205724091	0.0435671375479017	-0.2361326146125794	8944	4660
GAAATGGCGGTGTTAG-1	P10_T1	0.2082133376598358	0.4108640298956917	-0.10163268884023036	7187	6952
GAAATTCACATCGCTG-1	P10_T1	0.048335906002256596	0.09808721230143591	0.8351051946481067	6858	3705
GAAATTGTCTCTATAA-1	P10_T1	0.1501155681080288	0.04146293424424674	0.12056429545084646	7297	9436
GAACAACTGGGATGAA-1	P10_T1	0.25842970609664917	-0.10540714604513986	-0.6626904678344726	10810	14021
GAACACACATCAACCA-1	P10_T1	0.04442849351300132	0.12043256262938185	0.7219401359558105	6968	5424
GAACAGATTACTAAAT-1	P10_T1	-0.07376540581385295	0.07632835104351951	-0.4813589239120483	9273	12111
GAACCATCTGGGAGAC-1	P10_T1	-0.058476051688194274	0.2810139685869217	0.5342051235834757	7407	1985
GAACCTTTAACGATCC-1	P10_T1	-0.055294358730316163	-0.07583226340157645	-0.14620370864868165	10152	13257
GAACGACCGAATGATA-1	P10_T1	0.13937919934590656	0.24924133329164416	0.6834196138381958	8395	4851
GAACGCGGGTCACACG-1	P10_T1	0.03645600610309177	0.2437558768760591	0.655582664012909	13995	10391
GAACGTCTCATGGTCG-1	P10_T1	-0.0030389613575405594	0.12183285054706394	0.26722424904505426	11030	7143
GAAGAACGGTGCAGGT-1	P10_T1	-0.011103692584567587	0.15710605243841808	0.8763088337580365	5870	3896
GAAGACTTCAATGCCG-1	P10_T1	0.012210984163814137	0.21335639262483236	0.14816264112790423	8615	1794
GAAGCGTGAGGAATTT-1	P10_T1	0.004876497056749113	0.20421107927958174	0.496603725751241	8066	7717
GAAGCTTGCTGACCGC-1	P10_T1	0.11105148659812081	0.44830249184653875	-0.5546431493759155	5321	6761
GAAGTCAGTTGCACTA-1	P10_T1	0.0	-0.05266627924782889	-0.2949311637878418	7846	11155
GAAGTCTCCCTAGCGA-1	P10_T1	-0.00459794150458441	0.045664485125314624	-0.19421265522638953	11469	8290
GAAGTGATTTATCGTG-1	P10_T1	0.26215817583931816	0.07767690647216074	0.3971568759282429	6638	8672
GAAGTGCTGGATAGCT-1	P10_T1	0.04122101651297676	-0.08418257497605822	0.7286948919296264	8175	4087
GAAGTTTCCACTCAAT-1	P10_T1	-0.0010424160957336337	0.16661060529095784	0.19960830132166552	6528	8099
GAATAGACGCGACCCA-1	P10_T1	0.007054448525110862	0.033520371743610944	-0.14876459280649812	11579	9245
GAATAGCATTTAGGGT-1	P10_T1	-0.0020922001202901136	0.2701648387454805	0.46686494668324785	14434	10009
GAATCGACATGGTCAC-1	P10_T1	-0.1427089007695516	-0.0011668246132987004	-0.3560385131835937	6089	6188
GAATCGCCGGACACGG-1	P10_T1	-0.06653238005108303	0.11454162200291951	0.564136973619461	5979	3322
GAATCTGAACATTCTC-1	P10_T1	-0.07011440594991049	-0.17534529890332903	0.23497504552205406	8505	9245
GAATGTGGTCCGGATT-1	P10_T1	0.04745747460259332	-0.04627518029440017	0.9226493374506634	10371	9436
GAATGTTGGGTAATCT-1	P10_T1	-0.002271102269490552	0.045613493522008275	0.048376599947611454	9054	5615
GAATTATAGTGAAAGG-1	P10_T1	0.07311178657743667	-0.14031599039123172	-0.9124934649467469	8944	7717
GAATTCACCCGGGTGT-1	P10_T1	-0.07285852750142416	0.5783268104280744	-0.020964779853820836	7517	10200
GAATTTCTCGCTGCAG-1	P10_T1	0.15174207184049815	0.04008971952256701	1.1271350638071698	4772	6570
GACAAACATATGCAGG-1	P10_T1	0.161631149980757	0.2119094259965988	0.5282265694936116	12457	9627
GACAACGACCATTGAA-1	P10_T1	0.20392771508958601	0.41659826199213656	-0.46471457958221435	9932	5997
GACAACGCAGCTTACG-1	P10_T1	0.010171283218595728	0.10664855571020221	0.36636982917785643	7407	5042
GACAAGAGATGAGATT-1	P10_T1	-0.010200764801767126	0.21258624695596234	0.39937404354413353	14214	11920
GACACAAGGGAAGAAA-1	P10_T1	-0.0035960064993964536	-0.07422531491234188	-0.3757242425282796	9383	6952
GACACAGCCGGGACTG-1	P10_T1	-0.12628525058428447	0.2931296417259034	0.6729386258125305	12457	14976
GACACGAGTTAGAGGA-1	P10_T1	-0.06121018489201863	0.23971114079157513	-0.27962195078531893	4223	4851
GACACTGAGTTCAGTG-1	P10_T1	-0.0604561710357666	0.12427970556985765	-0.42390587329864504	6528	9627
GACACTGGAACCCGAT-1	P10_T1	-0.03470133847660489	0.11854502016589752	0.3875014885266621	13555	11155
GACACTTCCAATTACC-1	P10_T1	0.13773030247953205	0.2536764054638999	1.1023412831624348	12018	14594
GACAGCCAGACCTGAC-1	P10_T1	0.12560268978277842	0.012246150658244137	0.8798780576388042	10920	9245
GACCAAACGTTGACTG-1	P10_T1	0.07595600611633721	0.10932659261283423	0.5419899545113247	13336	12302
GACCAGAGCCCTGTAG-1	P10_T1	0.08042485223876106	0.046271735827128124	0.35962121009826653	6638	7143
GACCCGTCGCCGGCTA-1	P10_T1	0.1334294471144676	0.32809810597981726	0.70514631519715	7956	2940
GACCGCGTCTGACGTG-1	P10_T1	0.1209626187880834	0.17195238996119722	0.5477764185269673	13775	10773
GACCGTGCTGACGGTG-1	P10_T1	-0.0983182856771681	0.3926296015012831	0.5128484865029652	7187	8863
GACGACGATCCGCGTT-1	P10_T1	-0.07194097280502319	0.44219373158046177	0.0739681196212768	9163	11155
GACGAGGCTAATAAAC-1	P10_T1	0.025481497314241208	0.26588232162452885	1.030595486362775	12457	11920
GACGCCTGTTGCAGGG-1	P10_T1	0.5847984459665087	0.29070412227085657	2.1180323457717893	4881	3322
GACGCTTGCTTCTAAA-1	P10_T1	-0.10410630464553833	0.14453995091574534	-0.6660932397842407	5430	8481
GACGGACCGCGTTCCT-1	P10_T1	0.136885173453225	0.23229940193040033	0.39301512241363534	7846	1985
GACGTGAGACTCCATG-1	P10_T1	-0.12655460556348164	0.07938607999256678	0.5687481792767842	4772	2749
GACTAAGATCATGCAC-1	P10_T1	-0.08220807996061114	0.2710010211808341	0.3881113580862682	7297	5615
GACTAAGTAGGCTCAC-1	P10_T1	0.23212263769573632	0.09361806335903347	-0.7778443145751953	6199	6379
GACTCACCCACGTGAG-1	P10_T1	-0.13473667740821837	-0.029959891580399994	0.18402392228444409	13116	8481
GACTGCAAATCGAGCT-1	P10_T1	-0.0444801926612854	0.29240512984139577	-0.679986662864685	9712	12493
GACTGCACCAGCCCAG-1	P10_T1	-0.025170660813649506	0.21526246468226118	0.9273504336675007	10261	10009
GAGAACGGTTCTGACT-1	P10_T1	-0.11821860154469808	0.0032699422609238082	0.6069356513023376	12787	14021
GAGACTGATGGGTAGA-1	P10_T1	-0.17249168237050375	0.06464371862865625	-0.5833707435925801	7626	6570
GAGACTTCGCGACCGA-1	P10_T1	-0.033200740814208984	0.06483384200504849	-0.3590999698638916	7736	11346
GAGAGGCCTATGTGTA-1	P10_T1	0.23244168175591362	-0.1307486983707973	-0.4279040050506592	14434	13830
GAGAGGGCGCGAGGTT-1	P10_T1	-0.035905014673868814	0.6128689499128432	1.3091186555226644	5870	8481
GAGATCTGCTTGGCAT-1	P10_T1	0.09397644241650899	0.2545012857232775	0.45161082903544125	6309	7717
GAGATCTGTCACTCCG-1	P10_T1	0.13968850718604192	0.18973448038101196	-0.3789461167653401	9603	6952
GAGATCTTCCATGACA-1	P10_T1	-0.07579002777735393	-0.047900325684320344	1.1060117201010387	9932	9818
GAGATGGGAGTCGACA-1	P10_T1	-0.12206493973731995	-0.027750736531757164	0.595333553949992	9383	11155
GAGCACCTGTGTCCAG-1	P10_T1	0.08758688343895805	-0.05193371409461614	0.8171540276209515	10261	12302
GAGCATCATCCCTGGG-1	P10_T1	0.06138906690809462	0.2543664891946883	0.8105425389607747	5870	3514
GAGCCACGGTAGTAGG-1	P10_T1	0.029340508778889968	0.17556483965544473	0.4585454046726227	6638	2940
GAGCCAGCTACCTGTG-1	P10_T1	0.12917575624254013	-0.06222154688267478	0.3376619025071461	11250	11346
GAGCGAGGGAGTACCG-1	P10_T1	0.1251726500855552	0.13350379140604113	0.7900607017676037	7846	3896
GAGCGCAAATACTCCG-1	P10_T1	0.06600978248649175	0.16041683006854285	0.5408765729268391	13226	10964
GAGCGCGCACGAGTAG-1	P10_T1	-0.08081626878844367	0.0909659980592274	-0.6103529818852742	11689	10582
GAGCTAAGGGCATATC-1	P10_T1	0.16723980724811555	0.19832133469127472	0.44217992305755605	10591	6761
GAGCTCTCGGACCTAA-1	P10_T1	0.19388080570432875	0.20606351205280848	0.8236894845962525	5101	4087
GAGGAATGGAGAGGTT-1	P10_T1	-0.05749074697494507	0.25005766902651105	0.0024013058344523053	4881	6379
GAGGAGTAATTCCTAC-1	P10_T1	0.05468157251675926	0.11214315675553821	0.9264725518226623	6968	1603
GAGGCCTGTTGATACA-1	P10_T1	-0.05652471224466961	0.10922484562510532	0.42026299238204956	13226	13257
GAGGCTATCAAAGTCG-1	P10_T1	-0.05237780412038167	0.4308187861669631	-0.554989595413208	4442	7908
GAGGGCATCGCGTATC-1	P10_T1	0.19447752833366394	0.2127927398113977	0.5621982645988465	5101	3322
GAGGGCGCAGCTCTGC-1	P10_T1	0.1085482010245323	0.06327615928082236	0.8004862002531687	11250	6379
GAGGTACATCCATCTT-1	P10_T1	0.019846717384126467	0.18309535520417347	0.6205499533812207	8944	3514
GAGGTCCCAAAGATCT-1	P10_T1	0.021500745879279234	0.2921342853137425	0.8485573140780132	4332	4660
GAGTAAACCGGAAAGT-1	P10_T1	0.020140029456880343	0.20333509516148346	0.42764167706171685	14324	10964
GAGTACGGGTATACAA-1	P10_T1	0.08086884511841669	0.27188368916511535	1.564675738811493	6199	4087
GAGTATCAAAGTTACA-1	P10_T1	0.07629671692848206	0.2188730978681927	0.6334500924746196	14763	12111
GAGTCCGCTTACCGGA-1	P10_T1	0.12387297789255777	0.3868432337897164	0.7035306167602539	7846	10009
GAGTGTCAACCAGAAA-1	P10_T1	-0.08372106552124023	0.033824167251586906	0.19531496524810787	10591	13257
GAGTGTGCGGTACCCA-1	P10_T1	0.16060473551352822	0.11378789304267789	0.7786815619468689	11140	9627
GATAAATCGGTGGATG-1	P10_T1	0.03424537592464022	0.2326595039027078	0.5828121868769329	5979	4087
GATAACTCGCACTGTG-1	P10_T1	0.0075940849383671905	0.5061027671041943	0.3305649022261302	11250	8672
GATAAGGCAGATGCAA-1	P10_T1	-0.11751789093017578	0.17372808921904792	0.25738169193267824	4552	3131
GATACGATGGGAGTCA-1	P10_T1	-0.03745162487030029	0.21624830995287214	0.14715655326843258	6419	9818
GATAGATAGTACAGTC-1	P10_T1	-0.05439993381500244	0.22517214661552795	-0.5848566341400147	12128	15167
GATAGGTAACGTTGAC-1	P10_T1	-0.09520182609558106	-0.12133447102137974	0.13837328592936193	8066	10391
GATATCTCATGCAATA-1	P10_T1	-0.030889183084170033	0.1932046035357884	0.8462587702274322	7846	3514
GATATGAGACACTAAC-1	P10_T1	0.03403723094198438	0.11997523665428161	-0.7255873656272889	10371	8672
GATATTGAGATTGGCG-1	P10_T1	-0.017460316022237143	0.11910067274456931	-0.615552282333374	12457	7717
GATCATTCCAAACATT-1	P10_T1	0.04157270232836405	0.09734116980007718	-0.6552519130706788	7626	6952
GATCCCTTTATACTGC-1	P10_T1	-0.09781862748993769	0.029558125308581762	-0.1121108043193817	8066	6570
GATCCGGGAATTAACA-1	P10_T1	-0.015913713773091635	0.5044101003238133	-0.7368248891830445	9493	8672
GATCGACACTATCTGA-1	P10_T1	-0.10327039758364359	0.03507477294831046	-0.5246545815467835	6638	6379
GATCGCGGGCTCTCCA-1	P10_T1	-0.12678541819254557	0.17679022493816557	-0.7293384027481079	7187	8099
GATCGCTACCCGATTT-1	P10_T1	0.0349919417169359	0.19602241992950442	-0.8539674472808838	12238	10773
GATCGGTGGCCATAAC-1	P10_T1	-0.1390453290939331	0.1317661776996794	-0.017847752571105935	8944	6570
GATCGTGACTGATATC-1	P10_T1	-0.11248733520507813	0.5657720157078334	-0.5609869050979615	9383	8481
GATCTCGACGCTGTGG-1	P10_T1	-0.008824744953049551	0.14335352514471328	0.6350057478745778	14434	10773
GATCTTGGAGGGCATA-1	P10_T1	-0.16905633131663003	-0.0383760913213094	0.7430468241373699	9164	9627
GATCTTTGCAGGGTAT-1	P10_T1	-0.0865631341934204	0.057207041127341124	-0.22341367721557617	5650	8099
GATGCGTCCTGCATTC-1	P10_T1	-0.09996584018071493	-0.15264464173998152	0.30545389334360756	7736	8290
GATGCTACAAGCGCCT-1	P10_T1	0.060973539385530684	0.10053903928824831	0.39794848521550485	7077	4469
GATGCTGTATTTCATC-1	P10_T1	-0.07896353363990784	0.03650270638011752	-0.10565537691116333	9712	9436
GATGGCGCACACATTA-1	P10_T1	-0.11953595638275147	0.26424604654312134	0.39621453126271555	4662	4851
GATGTCCGGATCACAT-1	P10_T1	0.04792731901009878	0.08634381248837425	0.720769145488739	5540	2558
GATGTTCAATCCACGA-1	P10_T1	-0.04556033213933309	-0.0420640652520316	-0.5942150783538819	6199	9054
GATGTTTGTGCGAGAT-1	P10_T1	0.10685021294487847	0.5355245917184013	0.8017093801498413	4772	5042
GATTAACCGAAAGCCC-1	P10_T1	0.07684775445196365	0.10879291816836312	0.756303137143453	11689	11729
GATTACTGAATTTGGG-1	P10_T1	-0.04705545584360758	-0.12024268967764719	1.43611395517985	5760	9054
GATTCCCTTGTCGCAG-1	P10_T1	0.032445522679222946	0.2369938976424081	0.060730384190877285	8834	5997
GATTCCGCGTTTCCGT-1	P10_T1	-0.10740772883097331	0.08491877646673296	-0.6341109323501587	9822	4278
GATTCCTATACGGCGC-1	P10_T1	-0.09895181099573772	-0.12766504900796072	-0.7620364618301392	4003	5997
GATTCGACGGTTCACG-1	P10_T1	-0.07984377384185791	-0.16830341407230923	0.4765547879536947	9273	9054
GATTGACACTCTGCTC-1	P10_T1	0.10621170507536995	0.12902427159604574	0.6177058013280232	8395	2176
GCAAACCCTACATTAT-1	P10_T1	-0.023460206455654567	0.22337660148030236	-0.04002976576487216	10481	10391
GCAAACCTTGGCCATA-1	P10_T1	-0.11320909659067789	-0.1658774539402553	0.841465613047282	8834	12111
GCAAACGTCGCCAGGT-1	P10_T1	0.08575261592864991	0.1940513070992061	0.7410057890415191	14324	10200
GCAAATATTACGCTTT-1	P10_T1	-0.049876752694447836	-0.11764219965253557	-0.0062280829747518585	5979	7908
GCAACAGCAGTATGCG-1	P10_T1	0.09446374429596796	0.2517886483669281	1.028603189786275	13116	10009
GCAACGGCTAGTTATG-1	P10_T1	0.07253549271159701	0.3356749197982606	-0.17432063341140758	13885	9436
GCAAGTGCACAGAGAA-1	P10_T1	-0.11561452070871989	-0.014297987279437818	0.34292328516642256	6089	5806
GCACAAACGAGGCGTG-1	P10_T1	0.16949153317345517	0.1643976062820071	0.4469546997547149	13995	10009
GCACAAGTGTCGGAAG-1	P10_T1	-0.01893177207973268	0.21814861222392035	1.0093566888570786	8505	3131
GCACACACTGGTAGCC-1	P10_T1	0.0045232154263390445	0.19007359090305515	0.01349175373713174	11799	11920
GCACGTGGTTTACTTA-1	P10_T1	0.1681074364980062	0.1382315110024952	0.5820656140645344	13116	13448
GCACTAGTCGCGCTAT-1	P10_T1	0.1043719160556793	0.2712898676736014	0.8936279531319937	6199	3705
GCACTCCCACAGTCCC-1	P10_T1	-0.08590114010704888	0.039790525947298316	0.3006744420528411	6638	1412
GCACTGTGCAAATGTA-1	P10_T1	-0.0008005905151367287	0.17674862946782793	0.402332292397817	5101	2940
GCAGAAGGTAATCTCC-1	P10_T1	-0.05076670010884603	0.12364384526298158	0.3164172585805256	14873	10773
GCAGACCCAGCACGTA-1	P10_T1	-0.13965210994084676	0.19632545800436113	0.0033620373407999837	12787	8672
GCAGATCCATAAGACT-1	P10_T1	-0.10955845276514689	0.21466029871077769	-0.25996369679768894	10810	10964
GCAGATTAGGGATATC-1	P10_T1	-0.07953867117563883	0.07059217101051693	-0.4424301242828369	8175	8290
GCAGCACACAGCCCAG-1	P10_T1	-0.08540716012318929	0.13589832464853924	-0.7782783269882202	6089	8481
GCAGCGGTGGGCATTA-1	P10_T1	0.1412799252404107	0.3885644092162451	0.520166852871577	4881	2558
GCAGGACTATAGAATA-1	P10_T1	0.14969237936867608	0.11292442991620018	0.3810330979029337	5540	7908
GCAGTGCGGGCGGATG-1	P10_T1	0.027398606406317833	0.256103237980888	0.1812888304392497	15312	11920
GCAGTGTGGCTATAGG-1	P10_T1	-0.08511438608169555	0.28732196058545795	-0.8169663715362548	10591	12493
GCAGTTCGATCCGAGC-1	P10_T1	-0.0036181545257568393	0.1249846637248993	0.9377201271057128	14434	11920
GCATAGAGCACTCAGG-1	P10_T1	-0.09201228380203247	-0.14887968267713275	-0.454056887626648	7956	8290
GCATCCCTAACTTTGA-1	P10_T1	-0.09747644027074177	0.2821499129704067	0.2091032473246257	6089	4278
GCATCGGCCGTGTAGG-1	P10_T1	-0.04498867591222127	0.130512550785428	0.5758550516764323	12787	10582
GCATGAGGGACGCGGC-1	P10_T1	0.12826822621954811	0.24880503836132234	0.6077648876110713	11359	6952
GCATGCTAATAACGAT-1	P10_T1	-0.0009549799230363643	0.21855085810025532	-0.36660597960154206	11908	14021
GCCACTCAGAGCGCGA-1	P10_T1	-0.08576204386022356	0.2269347929670697	0.4281270686785381	11908	12493
GCCACTCCTTACGGTA-1	P10_T1	-0.06500603556632996	0.34095532862913047	0.5708339987198512	14544	11729
GCCCACCAAGGCTGTC-1	P10_T1	0.06270709680186379	0.22989288741634012	1.135088315407435	5650	3514
GCCCAGTTGGTATGCC-1	P10_T1	-0.10196186979611714	-0.007285507292974558	0.13258898496627802	5650	5424
GCCCGATCTGTGGTCG-1	P10_T1	-0.0344130007425944	0.30106050809224444	-0.9298964977264405	8395	11346
GCCCGCGCGTTTGACA-1	P10_T1	-0.04800926446914672	0.16390440140451706	-0.19478349844614662	5870	5042
GCCCGTAATACCTTCT-1	P10_T1	0.021103736162185666	0.25226660223234265	-0.1777669763565064	10152	6379
GCCGAAATTCCTACGT-1	P10_T1	-0.16668746610482535	0.23491643085366204	0.517384356657664	6419	7908
GCCGATTGGCCAAGCT-1	P10_T1	-0.07252453327178955	0.33748992602030436	-0.661937747001648	8175	9054
GCCGCTTGTGAGAAAC-1	P10_T1	0.23364764557944404	0.11155378693626039	1.3940133444468181	5870	8099
GCCGGAAACACATCTT-1	P10_T1	-0.029011679556634695	0.12632289037818	0.5835192286968232	7297	1794
GCCGGGTTAGGGTCGC-1	P10_T1	-0.03649067083994548	0.023162710098993233	-0.6976731109619141	7956	9054
GCCTAGCGATCTGACC-1	P10_T1	0.2893343432744344	0.4305309641361237	0.43103722651799514	6089	5042
GCCTATAGTGTCAGGG-1	P10_T1	0.10137676291995582	0.287109566728274	0.6217221419016521	11469	6761
GCCTATTCCGATATAG-1	P10_T1	-0.05836960792541504	0.3639676014582316	-0.3768483638763428	4772	5806
GCCTATTTGCTACACA-1	P10_T1	-0.04948213828934564	0.09639313736841792	0.493383881052335	6968	2749
GCCTCATCTGGAAATA-1	P10_T1	0.07714292142126294	0.07569456810042971	0.4623463018735249	11908	9054
GCCTCCGACAATTCAC-1	P10_T1	-0.12483355124791463	-0.07162279901050386	1.3085963058471681	12238	12684
GCCTCTATACATAGCA-1	P10_T1	-0.11009200890858968	0.27379845528375535	-0.5219077205657959	9712	11729
GCCTTCAGCCCTACCG-1	P10_T1	0.005984538743893292	0.2122110479715325	0.6994447694222132	6968	4278
GCGAAACGATCGGGAG-1	P10_T1	-0.06458469099468656	0.1817444556100028	1.2400627875328065	12457	11538
GCGAAACTTAACTGGA-1	P10_T1	0.10008785843849183	0.22638358984674728	1.1666564702987672	10481	9627
GCGAAGAATCTGACGG-1	P10_T1	0.10789875798755222	-0.010237086727505618	-0.0602023299535116	10701	13830
GCGAAGCCATACCCGT-1	P10_T1	0.2368940116961797	0.10640921692053479	-0.12696099638938907	8175	7143
GCGACATGTAAACATC-1	P10_T1	0.14740791585710317	0.37265493739218936	1.1698455238342285	13226	8290
GCGACGATAGTTGTAC-1	P10_T1	-0.04955936908721924	-0.14167894090924943	1.1854516744613648	7407	10391
GCGAGCGCATGCTCCC-1	P10_T1	0.11913329362869263	0.10919235547383627	0.11557650963465382	13446	8290
GCGAGGCCCGAGCAGA-1	P10_T1	0.04226098828845554	0.11940954372996376	-0.17437539180119843	6638	8290
GCGAGTTCTGCAAAGA-1	P10_T1	-0.11154519677162171	-0.07824267438479832	0.014734402497609489	8395	7908
GCGATTCTGGAAGCAG-1	P10_T1	0.16957699378331503	0.011032283419654454	0.07987603863080339	9603	3131
GCGATTGTTAACGTTA-1	P10_T1	0.025628710852728942	0.21800006190935772	0.2973953342437744	9932	8290
GCGCAAGAGCGCGCTG-1	P10_T1	0.06668320079644521	0.23059624331338063	1.0711688427130381	12457	8863
GCGCATCCAGTCAGCA-1	P10_T1	-0.030935466289520264	0.24513237008026667	0.5066319008668263	11908	6761
GCGCCGTTCCACGATA-1	P10_T1	-0.012729801336924237	0.29718169916243775	0.5359234849611919	8615	9054
GCGCCTCCCACTCCGA-1	P10_T1	0.06476993269390532	0.3346482523282369	0.84948433081309	13555	10391
GCGCGATGGGTCAAGT-1	P10_T1	0.0947745500670539	0.18494492188805628	0.7896285458405812	6309	1603
GCGCGTCATTGGTACA-1	P10_T1	0.1443950989511278	0.0005872782071431604	1.8979901107152304	10591	12111
GCGCTAATTGAATAGA-1	P10_T1	-0.10367521524429321	0.318298465864999	-0.7367297840118409	9164	7717
GCGCTATGCCGAGGCA-1	P10_T1	0.185965060128106	0.3918541843550546	-0.39639920711517335	6638	9436
GCGCTGCTTTGCATTT-1	P10_T1	0.05834004786279465	-0.00483133191154117	0.5275306900342305	11799	6570
GCGCTTAAATAATTGG-1	P10_T1	-0.13223615248998005	-0.06859632440975735	0.5972717801729839	11250	12111
GCGGAGAGGGAGAACG-1	P10_T1	0.1389702322747972	0.2552269575425557	0.13265343030293786	10042	10009
GCGGCTCTGACGTACC-1	P10_T1	-0.045075178146362305	0.09227773121425084	1.289830265045166	5650	8481
GCGGGAACCAGGCCCT-1	P10_T1	0.11596205565664502	0.12330288320779803	0.5503546555836996	6748	4660
GCGGTCCCTAGACGCA-1	P10_T1	-0.011400875084930012	0.08651723258552096	0.5953058721621831	6419	3705
GCGGTTCCCTATCATG-1	P10_T1	-0.07753102540969849	-0.11704969338008335	-0.5951218032836914	6858	10200
GCGTAAATGGCCATAA-1	P10_T1	-0.028021399974823	0.1409881924447559	-0.41344595909118653	12677	7717
GCGTCGAAATGTCGGT-1	P10_T1	0.09531400283177695	-0.06923582621983121	1.2411066897710163	8615	4469
GCGTCGCCAGGGTGAT-1	P10_T1	0.1817145710521274	-0.15114644527435303	-0.7948432064056397	8285	11538
GCGTCTCTGCATTGGG-1	P10_T1	-0.09013204574584961	0.36629929542541506	0.3814586639404297	5979	8672
GCGTGGTACTGGGTTA-1	P10_T1	0.29010994381374783	0.063862585794358	0.22804188092549638	11908	7908
GCGTGTATGTCGTATT-1	P10_T1	0.1389233715997802	0.1703068121416228	0.6111133033037186	8175	1794
GCTAAACCTGAGGTGA-1	P10_T1	-0.05810647487640381	0.14699784994125364	-0.31176122665405276	4003	5615
GCTAACTGAAGTCTGA-1	P10_T1	-0.14537699222564698	0.21896321432931082	0.7100594631830852	11140	12302
GCTAAGTAGTTTCTCT-1	P10_T1	0.07119131101502311	0.327662949618839	0.28317357381184893	10261	7717
GCTAATACCGAATGCC-1	P10_T1	0.047709943652153	0.24325510819753016	0.5343496282895406	6638	5233
GCTACAATCGAGGATA-1	P10_T1	0.07123447497685753	0.14849864240203586	0.6584458458423614	12897	13066
GCTACGACTTATTGGG-1	P10_T1	0.18803584443198307	0.1796428698585147	0.18406848907470708	9054	9436
GCTACTATAGTAGAGT-1	P10_T1	-0.024450940423541595	0.11960481399581546	0.5825928163528442	11799	10773
GCTAGACCGTCTACTG-1	P10_T1	-0.09673731962839763	0.09717058965138026	0.14122569719950362	12897	9245
GCTAGAGTAGAGATGT-1	P10_T1	-0.14437309761842093	0.33159741614546095	0.6884458124637604	12018	11920
GCTAGGCACCACGGAG-1	P10_T1	-0.11998129566510518	0.3609660483541943	0.8453942950566609	10701	11538
GCTAGTAGAGCTTGTA-1	P10_T1	0.20141612450281782	0.06482041120529175	-0.7471051549911499	8615	8672
GCTAGTTTCATTGAGG-1	P10_T1	0.21480006217956543	0.35460383545784724	0.7925722463925678	5540	4469
GCTATACGTCTCGGAC-1	P10_T1	0.14192540076043872	-0.055836559079942255	0.8926993107795715	11140	11155
GCTATCATACTCATGG-1	P10_T1	-0.05400064786275228	0.03442511967250278	0.264624293645223	10042	11538
GCTATCGCGGCGCAAC-1	P10_T1	-0.06089228312174479	0.21597932633899508	-0.6793519306182861	4113	5042
GCTCCATGAGTGCAGA-1	P10_T1	0.07838352229860093	0.10889945279984248	0.2969939398765564	15202	12111
GCTCCCAGTCGGTCCA-1	P10_T1	-0.1624460377295812	0.26750733176867164	0.1529776302973429	13446	9436
GCTCCGCTCGCTTCAG-1	P10_T1	0.042220595280329384	0.19698271047501337	0.4402178780237834	13775	9245
GCTCGCTCATGTCCAA-1	P10_T1	0.14009936345948112	0.08982548083577835	0.5117113403479259	12348	9054
GCTCGGAATTTAAAGC-1	P10_T1	-0.06421316544214885	0.2033411148616246	0.4997058741251629	10701	5424
GCTCTAAACCCTGACG-1	P10_T1	0.06923830111821491	0.13907456278800967	0.020770728588104248	7846	5806
GCTCTATGTTACGTGC-1	P10_T1	0.04406579401757983	0.34191991794677	0.04520998954772948	5870	6188
GCTCTCGGGTACCGAA-1	P10_T1	-0.009145742257436112	0.07771070100012278	0.14927648623784384	7846	6188
GCTGAGGCGTGAGTAT-1	P10_T1	-0.10208183685938517	0.3327780474935259	0.2894444529215494	8505	8863
GCTGCACGGTTTCTTA-1	P10_T1	-0.06819629788398743	0.19810803572336835	-0.08302419344584144	9493	9054
GCTGCTACTGCGTAGC-1	P10_T1	0.1179344774617089	0.2944569691022237	0.5489390452702839	9712	10964
GCTGCTCTCCGGACAC-1	P10_T1	0.050929954051971454	0.24309536616007482	0.31615331808726	8395	7143
GCTGGCATATTCACCT-1	P10_T1	-0.0570979642868042	-0.16121148926871162	-0.821720142364502	4881	7143
GCTGGCGGCGCATGCT-1	P10_T1	-0.04155174493789673	0.4811812513215201	0.371212043762207	8505	11538
GCTGTTGCTACCGAAC-1	P10_T1	-0.11991230646769206	0.07762309244700838	-0.04211857716242473	11908	8672
GCTTAATGTAACTAAC-1	P10_T1	0.046977547672059805	0.13817086742037815	0.46178927977879836	10701	9245
GCTTATGAAGCAGGAA-1	P10_T1	-0.10099704384803772	0.3438608457360949	-0.05955312808354696	11250	7908
GCTTCCCGTAAGCTCC-1	P10_T1	-0.07519689242045084	-0.08287004470825195	-0.5156358337402344	11908	15550
GCTTCCGTCCCTAGAC-1	P10_T1	0.10567995170752208	0.17356377996149513	-0.18231321652730315	9932	6761
GCTTGATGATAATCAG-1	P10_T1	0.03403460529115465	0.04340015025365923	-0.3899916569391886	5430	5424
GCTTGGATCGATTAGG-1	P10_T1	-0.004822871155209005	0.07561135837009975	0.6702483995755513	12128	7143
GCTTTCAGAGGAGGTG-1	P10_T1	-0.14080204168955485	0.1498860132694244	0.4307166560490925	11908	7526
GGAAACTAAATGGGCC-1	P10_T1	0.08590046298172738	0.14551858984998295	0.8948372254769008	12677	12684
GGAACCGTGTAAATTG-1	P10_T1	-0.04171004295349121	-0.04468933173588344	-0.5765057182312012	6638	10582
GGAACTTTGGCGATTA-1	P10_T1	0.17980805807643466	0.22200906200068338	0.5289592448870342	13555	12684
GGAATAACCTCAAGAA-1	P10_T1	0.10145595477686989	0.08912232807704379	0.7614007437229156	8066	2367
GGAATGCGCTAGCGTG-1	P10_T1	0.10108277221520742	0.35598325996171865	-0.2143380983670553	10481	7334
GGACAACCATGAAGCC-1	P10_T1	-0.08902372042338054	0.37633836814335414	0.16466796557108554	12677	14594
GGACACAAGTTTACAC-1	P10_T1	-0.04021575735674965	-0.050665851916585625	-0.10494025627772008	13665	10200
GGACCAACAGGATAAC-1	P10_T1	-0.06475859959920248	0.5003391677992685	-0.5379693841934204	8834	10964
GGACTCACAAATTAGG-1	P10_T1	-0.030109579563140868	0.12543704152107238	1.0008487065633136	14763	10582
GGACTCGAAGCTTTCA-1	P10_T1	0.06004984670215181	0.32788045343898586	0.7175376145044963	15093	12684
GGACTCTTCCGGTTGA-1	P10_T1	0.028361342549324042	0.1353672740289143	-0.202264449596405	14983	12111
GGAGAAGTCATTGGCA-1	P10_T1	-0.1521465289592743	0.08527680890900749	0.42997715234756473	5979	5615
GGAGACGACACCTTTG-1	P10_T1	-0.13068132718404135	-0.09656150363740465	0.6261801743507385	8834	9436
GGAGCAACATTTCAAG-1	P10_T1	0.12137665450572965	-0.02516354259990511	0.7970299418767293	12787	12111
GGAGCACCAAGAACTA-1	P10_T1	0.1897685714562734	0.3086339064722969	0.30473696827888486	10481	6188
GGAGGGCTTGGTTGGC-1	P10_T1	0.11876430008146498	0.28285214004062476	-0.14440117200215663	10042	7334
GGAGGGTCAAGTAAGA-1	P10_T1	0.17948774125840927	-0.0031586081641060693	1.3123197774092354	13995	13066
GGAGTGCCGCCCTGGA-1	P10_T1	0.02724483529726665	0.08525048551105319	0.8012272874514262	7297	4851
GGAGTTGATTCTGTGT-1	P10_T1	0.016102678378423052	0.3938418117591313	0.3774560213088989	13775	14212
GGATACTCATGAATTG-1	P10_T1	-0.003682573768827635	0.3169426745460147	0.8130915502707164	6419	2940
GGATCAAAGGACGAGG-1	P10_T1	0.11153875059551663	0.2139364402634757	0.5487402077515919	7187	2367
GGATCCGGAATATACT-1	P10_T1	0.03001523580816058	0.2285969024896622	0.053017710447311406	10481	7717
GGATGAAGATCGCTGA-1	P10_T1	0.23756870362493726	0.36268799111956646	-0.6729542112350464	11799	9245
GGATGACGCGAGTTTA-1	P10_T1	-0.05802863405810463	0.24442941078117914	0.2966891082127888	6419	8290
GGATGGCTTGAAGTAT-1	P10_T1	0.046965160237418285	0.07697638948758442	0.8567496530214946	12238	14212
GGATGTCCTTACCGCA-1	P10_T1	0.02880308131376902	0.08108051842167263	0.43498378276824956	11469	7908
GGATTCAGTACGGTGG-1	P10_T1	0.053922764990064834	0.37743265878586546	1.5635621047019959	5101	4851
GGATTCCGCTATACCC-1	P10_T1	0.10443499300214978	0.2241407037065143	0.6786527454853057	10371	4851
GGATTGCTGTGACTCC-1	P10_T1	0.07326203478707208	0.31875597794850663	-0.19806342442830405	10701	12684
GGATTTCACTTCTATA-1	P10_T1	0.03129176530573102	0.15297259858676365	0.16532357136408504	10591	7143
GGCAAATTACTTTACT-1	P10_T1	0.4133460589249929	0.10959433589662823	0.5773970055580139	7297	9054
GGCAAGGCGAAATAGC-1	P10_T1	-0.13109241485595702	0.32607587059338894	0.07817607005437222	9054	9818
GGCAATAGTCAATGAG-1	P10_T1	-0.14806872804959614	0.32989528752508623	-0.8279831647872925	9164	6952
GGCACTCAGCCGACCC-1	P10_T1	-0.058711548646291106	0.1633013273420788	0.6830315045515698	14983	11729
GGCACTCCACTGGGCA-1	P10_T1	0.02033705737855701	0.31397594792502265	0.3447555565834045	6528	7717
GGCACTGCGGTGGTTT-1	P10_T1	-0.07575636784235637	0.02586677698861986	-0.7045251178741455	13555	14594
GGCAGCAAACCTATGC-1	P10_T1	-0.03880682461791568	0.2480877196504956	0.7915882660945255	12787	10964
GGCATACAGGTAGCGG-1	P10_T1	-0.055186983346939084	0.14261043230692547	0.012285147507985483	4991	7717
GGCATCAACGAGCACG-1	P10_T1	0.012237689097722382	0.16555932538849966	0.4248818969726562	7077	2176
GGCCAATTGTATAGAC-1	P10_T1	-0.07137059926986694	0.5116597469647726	-0.5669474792480469	12238	15358
GGCCACAAGCGATGGC-1	P10_T1	0.08335443397363029	-0.061922990424292446	0.8420177169640859	6309	1985
GGCCTGCTTCTCCCGA-1	P10_T1	0.02730964024861654	0.190795718999136	0.6195170227686564	13885	12493
GGCGAAATCTAACTTG-1	P10_T1	0.1100602153937022	0.07732540036950791	0.6260234928131103	11030	9436
GGCGCATGAATTGATG-1	P10_T1	0.11957602341969809	-0.045787978172302235	0.137065289815267	7407	9245
GGCGCGGAGATCTTTC-1	P10_T1	-0.15894463777542114	0.4755134242489224	0.03671666622161862	10920	12302
GGCGCGTTCGAGTTTA-1	P10_T1	-0.09121068159739176	0.45058541695276894	0.25907779534657804	7956	10200
GGCGCTCCTCATCAAT-1	P10_T1	-0.09753330667813619	0.2337469578924633	-0.20448314189910888	3564	4469
GGCGGAGTAATATTAG-1	P10_T1	0.02759004871050516	0.3109919903391884	0.24581627448399856	6528	7334
GGCGGTAGGATCATTG-1	P10_T1	0.03539336946275498	0.06980049700964067	0.08723344484965001	9054	7143
GGCGTACCCTATATAA-1	P10_T1	0.12333871308300232	0.21145380882989795	0.833185349504153	7187	1603
GGCGTAGGGAAAGCTG-1	P10_T1	-0.075352414449056	-0.11492309638432094	0.7225449895858764	10481	13448
GGCGTCCTATCCGCTG-1	P10_T1	-0.03142793337504069	-0.17693205288478306	-0.6298768520355225	5101	7143
GGCTATTAAGTTGTAT-1	P10_T1	-0.10712824463844299	0.18470115701357526	0.5930808687210083	5979	7526
GGCTCGCGTTGAGGTA-1	P10_T1	0.1107722077767054	0.13873147714705697	0.737888999382655	11689	7143
GGCTCGTGCCACCAGC-1	P10_T1	0.16324758556154037	0.3900417036101932	-0.33161566257476804	5650	5042
GGCTCTGCTCCAACGC-1	P10_T1	-0.14792899489402772	-0.0031619050389244396	-0.46442933320999147	9383	6188
GGCTGAAATAGCAAAG-1	P10_T1	0.1104094029797448	0.23417443156242368	0.3355424189567566	10152	10582
GGCTGGCTAGCTTAAA-1	P10_T1	-0.11608373562494914	0.09958617312567575	1.2117549689610798	4662	3322
GGGAAAGAATGCCAAC-1	P10_T1	-0.09747271458307902	0.03685621795200164	0.7153654940923054	13336	14594
GGGAACGGGAGGTTAG-1	P10_T1	0.21185121244854394	-0.10388903209141323	-0.6306834316253662	5540	8672
GGGAAGGGCTTTCTCA-1	P10_T1	-0.05909499565760295	0.34708937554132374	0.1065621344248453	11030	13257
GGGACTGCATAGATAG-1	P10_T1	0.09169281125068665	-0.26152782133647373	0.4607095384597778	8066	7334
GGGAGAACTCACAGTA-1	P10_T1	-0.08844000697135926	0.16082575786681405	-0.14751499811808266	8505	7334
GGGAGCGACCGTAGTG-1	P10_T1	-0.02416278123855591	0.3294415098144895	1.4400789419809978	10920	14212
GGGAGGATGCCCGAAA-1	P10_T1	0.06497400939464568	0.09468302780673615	1.148943473895391	7077	8290
GGGAGTAATGGCTGGC-1	P10_T1	0.1385064728392495	0.17355788304692227	0.62962037841479	6089	3131
GGGAGTTAATGAGGCG-1	P10_T1	-0.06601897319157918	0.16246541454678493	1.8723660453160607	9713	7526
GGGATGGTCGTAACCG-1	P10_T1	-0.05942727565765381	0.13998315322966803	-0.4966953992843628	6199	10200
GGGATTTACCGCACCT-1	P10_T1	-0.13866533676783244	0.12905901511510212	-0.2977313391367595	11359	9245
GGGCCCGTCTTAAACA-1	P10_T1	0.04243396732542251	0.17161455585843044	0.7911349511146546	7187	9245
GGGCCGGCCGAAGTAC-1	P10_T1	-0.13794251283009848	0.09192424728756862	0.12495998541514086	10701	8099
GGGCGATATGTGTGAA-1	P10_T1	0.09679159296883477	0.24123594670068654	-0.17161529779434204	7846	6570
GGGCGGTCCTATTGTC-1	P10_T1	0.010847530762354535	0.19103821788515363	0.3347155570983886	4552	3896
GGGCGTACATTTATAT-1	P10_T1	-0.039501101175944006	0.3250719823723747	0.5508615410327912	7407	5806
GGGCGTCACCACGTAA-1	P10_T1	-0.06542211532592773	-0.11559286730630057	-0.5452323055267334	6968	10391
GGGCGTGGTTTCCCAG-1	P10_T1	-0.04670233329137166	0.14966573908215475	1.3160682805379231	10371	12875
GGGCTGCCTAGGGCGA-1	P10_T1	0.025541030300988074	0.2082838360468547	-0.8122640776634217	9054	7526
GGGCTGGTTAGTCGCG-1	P10_T1	0.015692543453640406	0.3041731985410055	-0.20157613436381017	7077	7143
GGGTAATGCTGTGTTT-1	P10_T1	-0.03362803141276042	0.29946422417958574	0.6206612475713094	3783	2940
GGGTACCCACGGTCCT-1	P10_T1	0.2674866204791599	0.0334528484798613	0.6089270464579265	4332	3896
GGGTACTTCATGAACT-1	P10_T1	-0.06945823113123575	0.35090433449972247	1.113965498606364	5760	8290
GGGTATGTATGCACTT-1	P10_T1	0.622698917388916	0.06137200014931815	0.8285312175750732	4552	6570
GGGTCACCGTGACGGT-1	P10_T1	-0.04634032083882225	0.2697780443657012	0.3878761216004689	6638	7908
GGGTCTATCGCTTTCC-1	P10_T1	0.025627712673611122	0.09568414324805846	0.6944445196787516	13885	13257
GGGTGACACCTTAACT-1	P10_T1	-0.039990901947021484	0.5507531290962582	-0.8883694458007813	7626	10009
GGGTGGTCCAGCCTGT-1	P10_T1	-0.03460025019115873	0.2887990014326005	0.2810779718557994	9054	2558
GGGTGTTTCAGCTATG-1	P10_T1	0.026075157324473075	0.2551749807880039	0.18571538209915162	8944	4278
GGGTTCAGACGAACAA-1	P10_T1	-0.07924977540969849	0.20470057737259637	-0.7663982486724854	3564	4851
GGGTTTAGGATAGGAT-1	P10_T1	0.08613463600476584	0.011798336449123537	0.1730784209569295	13226	9436
GGTAAACTCTGCGCTG-1	P10_T1	-0.04898634367518956	0.27084121999286465	0.8829400928815205	13995	13830
GGTAACTATGTATCTG-1	P10_T1	0.08635406368308596	0.25790705592859353	0.34025629162788396	6309	3514
GGTACAAACATGCTAT-1	P10_T1	0.016721797916624273	0.0709341960293906	-0.027727848688761325	7407	8863
GGTACGTTGCGGCCGG-1	P10_T1	-0.1236235503355662	0.3170505735136214	0.41333744486172985	13775	13830
GGTACTAAGTGCTTTG-1	P10_T1	0.19224604156282216	0.2207023398081462	0.31595322767893474	14983	10964
GGTAGAAGACCGCCTG-1	P10_T1	-0.07745677471160889	0.15493504160926452	-0.6557415199279785	9273	11346
GGTAGTGCTCGCACCA-1	P10_T1	0.26661304818259346	0.036944923855009526	0.2935000928243	9383	7717
GGTATTGCCGAGTTTA-1	P10_T1	-0.10376761436462402	0.21834490043776375	0.7104530628522236	7297	7526
GGTCAAGACTACTTCG-1	P10_T1	0.16493596527311538	0.16978485709144953	0.5065055823326111	13006	11347
GGTCACGTTAGATTCA-1	P10_T1	0.029479114049010824	0.2694092683565049	0.5199206701914469	5650	2367
GGTCAGTGGGTCCCAC-1	P10_T1	0.1347131461567349	0.4707214971951076	0.16608264446258547	8285	10391
GGTCGGCCAGGAGCTT-1	P10_T1	-0.1260985569821464	0.08427392028626945	0.18994653383890792	10701	7334
GGTCGGTAATTAGACA-1	P10_T1	0.21842999120553336	0.24323737221104758	0.5301068286101025	5430	3514
GGTCTCCGTCCAGGTT-1	P10_T1	0.14415232002735137	0.19050917032219117	0.5022900009155273	12567	13257
GGTCTGAGAATCTGGA-1	P10_T1	0.058424025774002075	-0.0782636513028826	0.342073729832967	10262	6952
GGTGAAACCGGGAATG-1	P10_T1	0.13208716697163053	0.09971299580165316	0.4537965599695841	6748	2367
GGTGAACGGGCTAGCC-1	P10_T1	0.05528606043921577	0.24819730338596158	0.5103938261667889	4991	2749
GGTGAGATGCAGATAA-1	P10_T1	-0.02772883256276447	0.01864614333425252	0.1315232133865356	5430	4278
GGTGATAAGGAGCAGT-1	P10_T1	0.3185000205039978	0.19487526734670002	-0.7595370721817016	10152	8290
GGTGATTTCATCTTGT-1	P10_T1	0.10918473232123585	0.14542128334442778	1.147789113422235	5760	2940
GGTGCGGATAAGTGGC-1	P10_T1	0.05420373039113152	0.28449347686199916	0.9131333156426746	6528	4278
GGTGCTGGTACACATT-1	P10_T1	0.24047282377878826	-0.15869479928697858	-0.382642822265625	6528	9245
GGTGGACTGCTCTGGC-1	P10_T1	-0.08339703877766927	0.2916221364339193	-0.8443992567062378	10810	11729
GGTTAGCTATATGTCT-1	P10_T1	-0.1170896828174591	0.30361606558163967	0.44716220935185746	11030	10200
GGTTAGGCTTGGAGAA-1	P10_T1	-0.05084715366363526	0.12096509377161661	0.3633187548319498	5430	6570
GGTTAGTTACGGCGCC-1	P10_T1	0.10388236946529814	0.043855336053030824	0.8756304589907329	4003	6379
GGTTCTACTCGTCTGA-1	P10_T1	-0.0765214204788208	0.2034992009685153	0.22245562076568604	13006	8672
GGTTGTATCGTGAAAT-1	P10_T1	0.257937093310886	0.19040378249826884	0.30251149058341986	7077	1412
GGTTTACAATCTCAAT-1	P10_T1	-0.16563483476638793	0.012919551645006438	0.0345167223612467	9493	5997
GGTTTAGCCTTTCTTG-1	P10_T1	0.1542840870221456	0.020676933356693822	0.734781002998352	12677	10009
GGTTTCAATCGGTCAG-1	P10_T1	0.1943472350968255	0.3174170674880346	0.4739622620741527	11469	7526
GGTTTGAGTGCTGGAA-1	P10_T1	0.03460309081607396	0.05321620782216391	0.39666379570960997	6089	3514
GGTTTGTGACCTGAGG-1	P10_T1	0.03258964618047078	0.0659065341949463	1.1639798243840538	13006	12875
GTAACATCTAAGATAA-1	P10_T1	-0.005679339369138059	0.16350840750194734	0.693528182109197	13555	11920
GTAACTTGCGGCAGTC-1	P10_T1	0.051287572880585997	0.15826826834962482	0.6726150586207706	5870	3131
GTAAGCGGGCAGTCAG-1	P10_T1	-0.11082303722699484	0.10960400115875968	0.4355822157859802	8395	5615
GTAAGGATTTGTCGGA-1	P10_T1	0.15676569581031796	0.14841233260574793	0.05265301485856366	8944	3131
GTAAGTAACAGTCTGG-1	P10_T1	0.05163685719172159	0.3080169030598232	0.15268120288848874	10481	8863
GTAAGTAGGGTATACC-1	P10_T1	-0.07481045007705689	-0.09524235793522426	-0.18976553440093993	5430	6188
GTAATAAAGGGCTCCC-1	P10_T1	-0.05966189702351888	-0.11260180132729666	0.742342890103658	12787	7143
GTACACTTACCTGAAG-1	P10_T1	0.14253873613145618	0.12662173975081673	0.13173924446105956	8505	8099
GTACAGAGGCAAGGGT-1	P10_T1	0.08460204018486871	0.0759294051215762	0.7409055360158284	10591	8290
GTACGACGGCGCTGCG-1	P10_T1	-0.13139125903447468	0.3180913956392379	-0.21592251062393186	4332	3514
GTACGAGATTGCGACA-1	P10_T1	-0.04425208462609187	0.1115456475530352	-0.20884554227193197	7736	5233
GTACGCTTCATTGCAC-1	P10_T1	-0.016038240591684974	0.30177974258150375	0.9051821955045064	9383	10009
GTACGTTTGCCCGTCA-1	P10_T1	0.0436672059694926	0.34187212682905654	0.7194463117917378	8944	9627
GTACTAAGATTTGGAG-1	P10_T1	0.175672981871499	0.18427007470812118	-0.22577601035436	7517	6379
GTACTCCCTTATCGCT-1	P10_T1	0.17550829966862996	0.11188167288189842	-0.5622524976730346	4552	8099
GTACTGAGGTCGTAAC-1	P10_T1	0.039703529046641456	0.27135613336449577	0.7274981888135275	6638	3322
GTACTGCATGAAGCGT-1	P10_T1	0.03624656948778365	0.11234012291544959	0.7757830381393434	5760	3322
GTACTGGAGTTAGACC-1	P10_T1	0.10636525207095679	0.3224572847003029	-0.3591808327039083	10371	7526
GTACTTGGGCACTTCT-1	P10_T1	0.10753347290886772	-0.09440790204774764	0.2716188844045002	5101	4469
GTAGACAACCGATGAA-1	P10_T1	0.08487817390097513	0.195817593790236	0.5541957759857177	7517	2558
GTAGACGTCGTTACAT-1	P10_T1	0.015193008250660361	0.3034602394274303	0.7870534845193227	5760	3705
GTAGCCAAACATGGGA-1	P10_T1	0.08954458077748617	0.046573855876922615	-0.888940761089325	9163	10773
GTAGCGCTGTTGTAGT-1	P10_T1	-0.020335958566930545	0.10521371097791765	0.4093231230974197	6968	2367
GTAGCGGCTATACACT-1	P10_T1	0.29083691544002954	-0.10241730690002442	0.5561057504018148	9054	8672
GTAGCTTCCTCTTGTT-1	P10_T1	0.20755840890937383	0.33901322220052993	0.8287121228377026	11250	7143
GTAGGTGATCCGTGTA-1	P10_T1	0.12792118906974795	-0.10885361731052401	0.6697296663125355	10152	4469
GTAGTCGCGGGAATCA-1	P10_T1	-0.13010723173618316	0.04804401139418285	0.3833611345291138	10371	10582
GTAGTGAGCAACCTCA-1	P10_T1	0.08219292362531025	0.18071646934463867	0.09746442715326942	13885	14403
GTATAGGACTCAGTAG-1	P10_T1	-0.08161673267682393	0.0041846295765468056	0.30637728770573924	7846	5042
GTATCAAACGTTAGCT-1	P10_T1	0.09072069406509398	0.2988842365287599	1.0259008057912191	12128	11729
GTATCAGCTTGGGTTC-1	P10_T1	-0.0951777958869934	-0.08038763199533736	0.2033558599154155	5211	5042
GTATCCTTTGGTAACC-1	P10_T1	-0.1662143119176229	0.10248577765056066	-0.343915863831838	11579	13448
GTATCTCCCTAACTGT-1	P10_T1	0.01735883474349975	0.2305677990118662	0.5494678437709808	8066	1221
GTATCTTGTTGCTCAC-1	P10_T1	0.1518356861008538	0.035757653599693684	0.9872768831253051	7407	1221
GTATCTTTCATAACCA-1	P10_T1	-0.09541513641675313	0.3236784885610853	-0.5368094642957052	8724	10009
GTATGACGTGGGAAAC-1	P10_T1	0.045554925335778124	0.0011647146088736293	0.38402924855550125	4662	2558
GTATGTGGGTCTAGTT-1	P10_T1	0.060276838805940425	0.21432465831438702	0.09341581821441647	11579	8481
GTATTAAGGCGTCTAA-1	P10_T1	-0.06980720758438111	-0.20267377376556397	0.6741378847757976	4332	5042
GTATTTAATGGCATAA-1	P10_T1	0.020078862773047546	0.18445509672164917	0.679262314637502	14653	11155
GTCAAAGTTTACATAG-1	P10_T1	0.1619778327147166	0.23057501423926582	-0.4129829080899556	4662	3705
GTCAACCAGGCCTATA-1	P10_T1	0.29475904146830245	0.15167650946549005	0.3634994804859162	12787	13639
GTCAAGCGGACTCGGG-1	P10_T1	-0.077475426197052	0.1420895121211097	1.275932509104411	9932	8672
GTCAATTGTACTGAAG-1	P10_T1	0.16122051699293982	0.14727851842130935	0.6454927442471187	6419	2176
GTCACAAAGTTTCCAA-1	P10_T1	0.017146128184265558	0.1084534276950927	0.4888441572586697	8175	2940
GTCACTCTCCAAATCT-1	P10_T1	-0.049740352630615235	0.2952334544772193	0.33160235087076817	4881	5615
GTCAGAATAGTCTATG-1	P10_T1	-0.07943490743637086	-0.12667597838810513	-0.5238987302780151	4991	6952
GTCAGTTGTGCTCGTT-1	P10_T1	0.0935199605094062	0.24854461750813894	0.47849723815917966	9273	2940
GTCATGCACCTCCGTT-1	P10_T1	0.06348741339312658	0.10257095654805498	-0.11751347223917641	8175	6761
GTCATGCGCGAGGGCT-1	P10_T1	0.20987641751766203	0.13810752107983548	0.5051292153199514	12238	13448
GTCATGGACATGACTA-1	P10_T1	0.03704616030057273	0.06735433135713847	-0.26827318668365474	8285	6188
GTCATTAGAGCGAACG-1	P10_T1	0.16365887694888642	0.11374212651025682	0.14951572338740027	8834	8290
GTCCACGTCGCATTCG-1	P10_T1	0.1843655347824097	0.004906834534236376	2.12568461894989	14434	13448
GTCCATTACTGCTACG-1	P10_T1	-0.13575191418329874	0.3815905483563741	0.6818031859397888	13116	9245
GTCCCAACGTAAAGTA-1	P10_T1	-0.09188935160636902	0.13635121311460222	-0.41169481992721557	9493	7526
GTCCCGCGACGTTATG-1	P10_T1	-0.09483761231104533	0.2749874490783328	-0.569025673866272	10481	12302
GTCCGGACCTGAAATT-1	P10_T1	0.03580063223838806	0.21050898543425967	0.47464977820714305	11140	11538
GTCCGGCTGAATTGCG-1	P10_T1	-0.04892926957872179	0.09019956424122766	0.7511777011553448	7187	6570
GTCCTACAGGCGGCTC-1	P10_T1	-0.044859878222147626	0.33717122713724773	0.25765268643697103	3234	4660
GTCCTACGAATAGTCT-1	P10_T1	-0.10852366281880274	0.1830907620702471	0.557318587700526	11469	11346
GTCGATAGGTGACTTT-1	P10_T1	-0.05821262088086869	0.022312302504267023	0.3626606651147206	14763	11347
GTCGCGTAACCCGTTG-1	P10_T1	-0.05166289567947388	-0.0020256048157101525	-0.009571453730265245	9713	8672
GTCGGATATCTCAGAC-1	P10_T1	-0.017571473121643068	-0.14117984022412983	-0.566543526649475	5430	7334
GTCGGATGTAGCGCGC-1	P10_T1	-0.1133384637037913	0.015096876905077938	0.08067141294479374	9932	4469
GTCGTACCATCTCGGG-1	P10_T1	-0.09244640668233235	0.2279391404560634	0.013530411720275914	8285	10009
GTCGTCAATTATAAGG-1	P10_T1	0.06374164531628293	0.17542700865439004	0.8694697399934133	6419	3322
GTCGTTATTCGCTTAT-1	P10_T1	0.10011916743384466	-0.01187727945191519	0.3827501614888509	9822	10009
GTCTAGTGAGCCGCTT-1	P10_T1	-0.014673153029547803	0.09931161046028136	0.16911582310994466	11579	13830
GTCTATCTGAGTTTCT-1	P10_T1	-0.09294410228729248	0.0736310420717512	0.20264462947845463	6089	8863
GTCTATTGCATGCTCG-1	P10_T1	0.00843483567237853	0.1394674201238723	0.4764442094167073	13006	13639
GTCTATTGGTTCCGGT-1	P10_T1	0.05515985329945883	0.11819286039897373	-0.9101873874664307	11359	10773
GTCTCGATCTGCTTTC-1	P10_T1	0.05125488897164662	0.17913072974908922	0.966688796679179	10262	5042
GTCTTGTAGCTATTCA-1	P10_T1	-0.08730852603912354	0.5339844649178641	-0.08132755438486727	13775	9627
GTGAAACGTGCTCCAC-1	P10_T1	0.018772130343649107	0.08394186317920682	0.5027604138851166	5540	3322
GTGAACTCCCATTCGA-1	P10_T1	-0.03509494463602702	0.4925998548098973	0.6619444433848064	12897	6952
GTGACCGCACACTACG-1	P10_T1	-0.1056235933303833	-0.21068891320909772	0.4773688427607219	11469	8672
GTGACTTCAGTAGTGC-1	P10_T1	-0.10834509372711182	0.14182211433138167	0.5229608186086018	6968	10009
GTGAGCGTGCTGCACT-1	P10_T1	-0.08198543469111125	0.004269789514087491	-0.4968574142456055	4223	7525
GTGAGGACACTTAAGG-1	P10_T1	-0.08878217776616415	0.39228830451057073	-0.6351010465621948	9932	9054
GTGATCACTAACGCCT-1	P10_T1	0.313017874956131	0.15819344174294242	0.15588508764902742	12128	10200
GTGATCATAGATCTGC-1	P10_T1	0.16288526005215112	0.5624068067187356	-0.472546706199646	7736	9818
GTGATCCTTGTCATGA-1	P10_T1	0.15410361581378512	0.05801969948269073	1.0260270071029662	10701	13066
GTGCAACAAATGTGGC-1	P10_T1	0.29718981173303394	-0.005794066077186938	0.5168250298500061	8285	3896
GTGCACGAAAGTGACT-1	P10_T1	-0.08317979832490287	0.13645001916658311	0.06572518467903143	9273	4469
GTGCCCGTTCGGATTC-1	P10_T1	-0.07427754799524942	-0.06420737822850547	0.18369320233662922	10810	8672
GTGCCGCTTCAAAGGT-1	P10_T1	-0.10451659679412842	0.1540925641286941	-0.6753942489624023	6309	9627
GTGCCTGAGACCAAAC-1	P10_T1	-0.08956061601638794	0.007426129976908363	1.156417023340861	11250	14403
GTGCGAAATCGAACAC-1	P10_T1	-0.026143419742584228	0.31881065573011125	-0.6013893270492554	6199	9818
GTGCGACAGGGAGTGT-1	P10_T1	0.049490618109703066	0.28113073090712226	1.2954788645108541	12457	8099
GTGCGCAGCTTGCTCC-1	P10_T1	0.018719053169091532	0.2257496264576912	0.31461773594220466	5101	2176
GTGCGGGACCATCGGC-1	P10_T1	0.0771507912874222	0.11441290223882311	0.469388239979744	5870	2367
GTGCGGGTCTCCAAAT-1	P10_T1	0.0771077867348989	-0.004126530601864797	-0.017981247107187848	7626	5042
GTGCGTGTATATGAGC-1	P10_T1	-0.10503722310066223	-0.07138605316480001	-0.6089961385726929	10591	9054
GTGCTCAAGTACTGTC-1	P10_T1	0.028111388418409558	0.28059403453554427	-0.34034696420033766	7187	7717
GTGCTTACATCAGCGC-1	P10_T1	0.13508038348621793	0.13069871107737224	0.10820157051086432	14214	10009
GTGGACGCATTTGTCC-1	P10_T1	-0.11453065872192383	0.10027920439129784	0.4271188084284464	8505	11920
GTGGACGTGCTGAGAC-1	P10_T1	-0.07563765353626675	0.2246665419283368	0.3615454550584156	5760	4469
GTGGCTGTTTCTGTTC-1	P10_T1	0.06614909410476685	0.10307611238388786	0.5995496702194214	11579	14594
GTGGGCTTAGACACAC-1	P10_T1	-0.09639778733253479	-0.033869473763874586	-0.23112548828125	5760	6761
GTGGTGGCCAAGTGAA-1	P10_T1	-0.10244962692260742	0.21567387444632394	0.8875369501113891	10152	9818
GTGGTTACTTCTTTCG-1	P10_T1	-0.15070215940475465	0.29882410287857053	0.5775650103886921	13006	7143
GTGTACCTTGGCTACG-1	P10_T1	-0.11373738368352254	0.2640933875810533	-0.5593409824371338	10042	6188
GTGTATATCAGCGGGC-1	P10_T1	0.16273692978752982	-0.014766339006878099	0.6282162555058797	9822	12302
GTGTATGACTTTAAAG-1	P10_T1	0.09360780888133582	0.07125505401974636	0.46653744260470076	5979	2176
GTGTCGTATAGCGTTC-1	P10_T1	-0.017421131134033204	-0.11127000399998256	0.2620728683471679	9822	11538
GTGTGAATAACTTAGG-1	P10_T1	-0.06449098858568403	0.15795270468507494	0.4251872714360554	10591	7526
GTGTTACTATGCGTCC-1	P10_T1	-0.09738050778706868	-0.0652076997075762	-0.4951902961730957	9712	9054
GTTAAAGTAGGACTGG-1	P10_T1	-0.10679957230885824	0.16586633387066066	0.30246106068293266	10591	10582
GTTAACATCACTTAAA-1	P10_T1	-0.09380395968755086	0.6460891745204018	-0.06301678498586027	9493	11729
GTTAACTATGTTGTCA-1	P10_T1	0.21980801661809285	0.2865330593358903	0.06150736490885411	13665	9436
GTTACAATTGGTGACG-1	P10_T1	-0.05189590454101563	0.1577862194606236	-0.27047118186950686	5101	8290
GTTACCTACAACTTGC-1	P10_T1	-0.1089741063117981	0.2157608892236437	-0.057863356272379485	8834	10200
GTTACGGCCCGACTGC-1	P10_T1	0.1488638754023446	0.25948328160104295	0.6643811321258545	5760	1794
GTTACTTTGGGCCTAG-1	P10_T1	-0.12258920947710673	0.1831895690872556	0.4104507525761921	7077	9436
GTTATAATACGGTGAA-1	P10_T1	-0.055793317159016934	0.21608962754408517	0.8287699437141418	13226	11347
GTTATATTATCTCCCT-1	P10_T1	-0.06782499313354493	0.5412096541268485	0.22461065292358395	7626	10391
GTTATCAAGCTATCGA-1	P10_T1	-0.1537678535779317	0.2525664768332527	0.9650551684697468	12787	14785
GTTATCACCTTCTGAA-1	P10_T1	-0.034248319003317096	0.1940210630496343	0.693706203699112	7846	2367
GTTCACAGGAGTCTAG-1	P10_T1	0.197950021425883	0.3092292036328997	-0.6006057643890381	5211	7334
GTTCCAGTCTGACCAT-1	P10_T1	0.012155296007792166	0.16733344816026235	0.6440239103635153	7297	4469
GTTCCCGTAAACATAT-1	P10_T1	0.034899745649761615	0.07672116157554448	0.23545384685198467	14544	12493
GTTCGCCATAAGTGCC-1	P10_T1	-0.13043224215507507	0.25153319971902033	0.6409805631637573	7297	8290
GTTCGCTGAGACGTCT-1	P10_T1	0.006402037938435856	0.19168817989882964	0.6110752548774083	13446	11347
GTTCGGAGCACTCAAC-1	P10_T1	0.047287728256649425	0.047495307865596914	0.6650510668754577	13995	13448
GTTCGGATCGGGAACA-1	P10_T1	-0.0289116989241706	0.1927243328662146	0.08409976561864208	13555	9627
GTTCGTCTAAAGAACT-1	P10_T1	0.38817629178365076	0.08851675902094161	1.067772062619527	11250	10964
GTTCTTCCCTCGATGT-1	P10_T1	0.15490598253077928	0.194900378577766	0.562408276796341	7077	4087
GTTGAACCGGTTCCAT-1	P10_T1	-0.10023561636606852	0.039044641767229354	0.33264080683390296	5870	9245
GTTGAGTCCCGCCGGT-1	P10_T1	0.10700813187493217	-0.013822985830761136	0.018501803080240853	10042	11155
GTTGCACGGAGTTTCG-1	P10_T1	-0.1391486225525538	0.20847036512125108	-0.007241794665654555	6748	5806
GTTGCGGACGGTCAGG-1	P10_T1	-0.06256204386552175	0.2055675321533566	0.9763494209448498	14544	11347
GTTGGATTGAGAACAC-1	P10_T1	0.05466887619760302	0.26459986925125123	0.28149191339810686	11140	7334
GTTGGATTTGCGTTGG-1	P10_T1	0.1191719725396898	0.12849950614429656	0.1251360758145651	6968	8099
GTTGTCGTGTTAGTTG-1	P10_T1	0.08073540998829737	0.21040041845469254	0.8962688299020132	6638	4087
GTTTACGTTCCATCTG-1	P10_T1	0.128643552992079	0.09755000534511746	0.052234958807627296	8505	10391
GTTTCAAACGAGTTGT-1	P10_T1	-0.05493088682492574	0.11993703002021422	0.07907439470291133	13446	12875
GTTTCATATCGTCGCT-1	P10_T1	-0.041139039993286136	0.204225948538099	-0.5687775754928589	4442	8672
GTTTCCTGGAGGGTGA-1	P10_T1	0.07946893678771125	0.21541005361647836	1.0776920040448505	6858	5997
GTTTCTAGAGGCGCGG-1	P10_T1	-0.018354210456212355	0.24915574533598764	0.28528786738713574	11689	14403
GTTTCTGCAGTCTCCC-1	P10_T1	-0.08792282899220784	0.03874947434379941	-0.5132334470748902	9383	8863
GTTTGACCAAATCCTA-1	P10_T1	-0.046315629217359766	0.04236328136353262	-0.18106190840403236	7846	6952
GTTTGGCCCAAGTTAT-1	P10_T1	-0.057908046245574954	0.14910584875515528	-0.12675871610641476	10261	9245
GTTTGGCCGCTCAGCG-1	P10_T1	-0.1043545405069987	0.23853375684647332	0.7814977598190308	4991	3514
GTTTGGGCTTGTGAGC-1	P10_T1	-0.03795827547709147	0.16403397616885956	-0.7800086784362793	8615	10964
GTTTGGGTTTCGCCCG-1	P10_T1	0.3322045417626699	0.3338490835257939	0.2641114862759907	11469	13257
GTTTGGTAGGGTCAAC-1	P10_T1	0.32981490241156686	0.5089933963049026	-0.3103999805450439	7956	11346
TAAAGAGCCCGAAACC-1	P10_T1	-0.05465138693650565	0.2055813056798208	0.6500350083907445	6528	3131
TAAAGCGTTAGGAGAA-1	P10_T1	0.013069629404279914	0.13669893358434948	0.30702995340029404	11140	6570
TAAATGAATCCGTTTC-1	P10_T1	-0.10066052595774333	-0.19794672284807477	0.13657828172047937	4662	5615
TAACAAAGGGAGAAGC-1	P10_T1	-0.13810230493545533	0.2642574648630051	0.5000882116953532	5321	5233
TAACATACAATGTGGG-1	P10_T1	-0.009166380564371746	0.14687192712511335	0.3666552225748697	9164	8481
TAACCGCCCGCAGTGC-1	P10_T1	-0.0064353029595481115	0.16971054650488354	0.2996555344263714	6858	2940
TAACCTACCGTCCGAG-1	P10_T1	-0.04365079005559285	0.08536844514665148	-0.3797872543334961	12567	7526
TAACCTAGGGAGTCCA-1	P10_T1	0.17845411459604898	0.3136183076245444	0.5477852968374888	13116	12684
TAACGCTTTGAGAGCG-1	P10_T1	0.2572790657149421	-0.15156557968684606	-0.5993681478500367	4662	6379
TAACTATCGAAGGTCC-1	P10_T1	-0.047601552804311116	0.1771985804466974	-0.3998530435562134	5211	5806
TAACTCATCCGCGCGG-1	P10_T1	-0.07364245096842448	0.16676717304048086	1.080048122406006	6858	9436
TAACTCCATGGAGGCT-1	P10_T1	0.21138396673732335	0.16236157298088072	0.5593857367833455	4442	4851
TAAGATTTAGCGGGAG-1	P10_T1	0.15924083530902863	0.07210065794842585	0.6020533432563145	5430	1985
TAAGGAACTTGTGGGA-1	P10_T1	-0.0015544736385345592	0.322071686798618	0.32165522654851264	5870	4278
TAAGGCAACATAAGAT-1	P10_T1	0.10315778745545284	0.21950912396113076	-0.5814469460646311	9273	5997
TAAGGCTGAATCCCTC-1	P10_T1	0.039943019284142386	0.25183062666938416	-0.237041441599528	12128	9818
TAAGGGCCTGTCCGAT-1	P10_T1	0.17230417105886675	0.3252798582968257	0.27143829464912417	11908	12111
TAAGTAACATCTTGAC-1	P10_T1	-0.051658022403717044	-0.07853846209389823	-0.3719377613067627	5870	10009
TAAGTTGCGACGTAGG-1	P10_T1	0.10274069706598918	0.0243307730129787	0.7563419644037883	11908	11346
TAATACACAGTAGTAT-1	P10_T1	-0.07821245749791463	-0.10801733970642091	-0.19919968605041505	8505	5042
TAATAGTGACGACCAG-1	P10_T1	-0.14243111570676167	0.38658901470048085	0.63973774989446	10591	6379
TAATATTGAAATTCGC-1	P10_T1	0.07947116429607073	0.19721325647972876	0.601551312804222	6638	4469
TAATTACGTCAGTAGA-1	P10_T1	0.1248852166202333	0.23044660011927282	0.4860037509600321	12677	13066
TAATTAGATGGATATG-1	P10_T1	0.0755809654129876	0.1894231949533735	-0.19502473672231047	4991	3131
TAATTAGGACATCCGT-1	P10_T1	0.0031700881322224983	0.23356380780537928	0.34461990157763167	13336	9245
TAATTCCAATGCTTCA-1	P10_T1	-0.0453712797164917	-0.1268079355784825	1.0656326214472454	14763	13639
TACAACGCACAACTCA-1	P10_T1	0.035295705795288096	0.01139916993322826	0.6070012672742207	6858	9054
TACAAGCTGTTCACTG-1	P10_T1	0.17196499973535537	0.4061596843174526	0.6373801499605178	7297	1412
TACAAGGGCTTCTTTA-1	P10_T1	-0.03465572939978705	0.00848532920791989	0.5425986893971759	11799	14212
TACAAGTCTCGTGCAT-1	P10_T1	0.13171872430377538	0.16427494690531774	-0.23213521798451742	4442	7143
TACAATGAAACCAGCA-1	P10_T1	0.045544655455483335	0.19350668240161167	0.4028071228663128	6419	1412
TACACCTCTTCGAATC-1	P10_T1	0.3115882160928514	0.07280979474385577	0.31658690929412847	11469	14785
TACAGAAACGGTGGGC-1	P10_T1	0.32861071401172215	0.3367140623501369	-0.6737520790100098	10810	12493
TACATAGGCATACACC-1	P10_T1	-0.07599824905395508	-0.08142669541495187	-0.5262641096115113	8066	8863
TACATGCCGGAATTGT-1	P10_T1	0.1439967670705583	0.2420330342792329	-0.6081682109832763	14873	11538
TACATTTCTAACGTGC-1	P10_T1	-0.08986655195554097	0.08185166523570103	-0.3275627541542053	7517	8672
TACCAATAAAGTACCA-1	P10_T1	-0.11738224585851033	0.028546151774270195	-0.1773891035715739	10591	11729
TACCAGAAGTAGGTTC-1	P10_T1	-0.0572496501604716	0.2717126839501517	1.2096004120508832	7077	10582
TACCAGCTAGGTTTAA-1	P10_T1	0.16397561252117157	0.13558848437808813	0.3903483462333679	8615	3322
TACCATGTATTGATTT-1	P10_T1	-0.09264294028282166	-0.03376638736043658	0.2590970611572265	15093	10391
TACCGAATAATTGTAA-1	P10_T1	0.16775503860579594	0.16483936429023743	0.20825997670491525	11689	14021
TACCGCGGACTTGCAG-1	P10_T1	-0.14389387607574464	0.16150068992660155	0.5180492170651753	12128	7526
TACCGGCTCACTGCCC-1	P10_T1	-0.10012089292208354	0.30845979503222876	-1.0500883674621582	8615	10200
TACCGTGCCTCGGACC-1	P10_T1	0.39363617791069877	0.34753497668675015	0.07758605798085538	9054	10964
TACCTCACGCTTGTAC-1	P10_T1	0.1212441110942099	0.16517671306927995	0.22466303388277697	7626	4278
TACCTGCTGCACTGTG-1	P10_T1	0.3254252076148987	0.1408392402103969	0.5230751085281372	3893	6570
TACGAACACGACTTCA-1	P10_T1	0.14284182376331755	0.17800725726854233	0.3660872268676758	7297	7143
TACGACGCTTGCTGCG-1	P10_T1	-0.01732816219329834	-0.12256610325404575	0.5413957214355469	7407	10009
TACGACTGCCTCTTAG-1	P10_T1	0.08300421052508884	0.045859219119662314	0.46419923623402903	8724	9627
TACGAGAACTTCACGT-1	P10_T1	-0.06076605478922526	0.34249424571082704	1.2435638173421224	5760	7908
TACGATGTTGATCATC-1	P10_T1	-0.08236655394236246	-0.15903394971575055	-0.4347754621505737	5321	7908
TACGCAGTTCTTTCCT-1	P10_T1	-0.14868934551874796	0.18589776300248648	0.6957711068789165	7077	9054
TACGCCATATTCTAAT-1	P10_T1	-0.07671197334925334	0.0034463672410874335	-0.6952694940567017	7846	8863
TACGCCTCCATTCCGA-1	P10_T1	-0.04325015703837077	0.06677575872057961	-0.32179658889770507	7956	11729
TACGCTATAGAAACCT-1	P10_T1	0.2629362776544359	0.6413759395054408	0.5250511264801025	12897	7717
TACGCTCGGTATTGGA-1	P10_T1	0.1806518779198329	0.19540973640623543	0.9182908292611439	13885	12875
TACGGCATGGACGCTA-1	P10_T1	-0.0481708867020077	0.26762080232302343	0.5535569735368091	14104	13257
TACGTAAAGCGGAGTG-1	P10_T1	0.1332860394981172	0.11198615157888048	0.5980658199389774	12787	13257
TACGTGCACTATGCTG-1	P10_T1	-0.07347908020019531	-0.015840176173618853	0.08194389343261721	5101	5233
TACTCTCCGAACAAAT-1	P10_T1	0.004054836829503389	0.21165048244453616	0.7994423154989878	10371	5233
TACTCTTACTTTACTG-1	P10_T1	-0.03375368826919131	0.014342609246571825	0.787063627243042	13665	12493
TACTGTTTCTCTGGTA-1	P10_T1	0.2016600663132138	0.34569316699391317	0.5145585576693218	14544	10200
TACTTAAACATGTACA-1	P10_T1	0.06628068791495428	0.1723228881472633	0.8569340817133586	13336	13830
TACTTGTTAGTAGTCC-1	P10_T1	-0.08857895692189534	0.10268750497273035	-0.48543975671132406	11030	8290
TACTTTACTGAGCCGG-1	P10_T1	-0.10475900967915855	0.05559492295696622	0.3939585252602895	12018	6952
TAGAAAGGTGGCGCTA-1	P10_T1	-0.19286217391490937	0.028351193666458108	0.516575917005539	10371	7143
TAGAATAGCCGATGAA-1	P10_T1	0.1235688391658995	0.18075656836941129	0.5321980198224385	12457	13066
TAGAATTAAGGGCAAC-1	P10_T1	0.21368790798717077	0.1853441619873047	0.8262263890107472	9822	3131
TAGACGCCCGTACCGG-1	P10_T1	-0.01618948347038693	0.19161005733978181	0.3655360909303028	11359	7335
TAGACTACCTAGCGTT-1	P10_T1	0.4955966750780741	0.37962421689714704	0.25231590270996096	12897	8481
TAGAGCTACGAAGAAC-1	P10_T1	0.15545383994777998	0.21290904046524134	0.8733117761214573	7297	3705
TAGAGGTTCTACTTGT-1	P10_T1	-0.0882014040152232	0.09209391349837892	0.6797692155838013	12018	11538
TAGAGTCTAAGCGAAC-1	P10_T1	-0.13267210364341736	0.25060370360101974	0.14067009051640833	7517	6761
TAGATATGGACTGGAA-1	P10_T1	-0.045627752939860024	-0.1266743060520717	-0.7828541231155396	7297	10582
TAGATCCGAAGTCGCA-1	P10_T1	0.1636263408263524	0.2662103512457439	0.6878669703006745	9383	3131
TAGATGGTTCCTTACT-1	P10_T1	0.006601459317737146	0.13127450761340914	0.8557080737749736	12128	12493
TAGATTCCTGGTTATT-1	P10_T1	-0.04875860691070557	0.10964167583556401	2.1405692545572914	3674	7334
TAGCAACCTGTCACAA-1	P10_T1	-0.06356218814849854	0.23475224404107953	0.7768711884816487	4332	5424
TAGCAGATACTTAGGG-1	P10_T1	0.3278149614069197	0.25514544435909814	-0.11576646248499545	11689	15167
TAGCAGTATGACTAAA-1	P10_T1	-0.15199859142303468	-0.0735012626080286	0.32418980280558274	12238	13830
TAGCCATTTCAAAGTC-1	P10_T1	0.10191817588276333	0.20506118649528143	0.4244911209742229	11250	9436
TAGCCGGCGGTCAGCG-1	P10_T1	-0.03721617082754772	0.1960897297518594	0.949196246067683	10810	7526
TAGCGTCCCTCGATTG-1	P10_T1	0.05056236982345581	0.5722215854553949	-0.8060123944282531	13446	9818
TAGCGTCCGGTGTGGT-1	P10_T1	-0.04065669059753418	0.3830996888024466	-0.6317359638214112	9932	11346
TAGCGTTGGGTCTTAC-1	P10_T1	-0.08710307916005453	0.0610728779293242	-0.3962685203552246	8944	8481
TAGCTAAGTCCGGGAG-1	P10_T1	-0.031236666573418503	0.15203488151232403	-0.3042879577477774	7736	6761
TAGCTCGCCTGATAAC-1	P10_T1	-0.07549656867980957	0.14266255787440707	-0.5211625671386719	7846	10773
TAGGCCTATATAGTCT-1	P10_T1	0.06411177198092141	0.23611245768410818	0.5313711873690288	13555	13830
TAGGCTAAAGTGGCAC-1	P10_T1	-0.15775090495745342	0.13499567020507086	-0.15902918100357066	12348	13639
TAGGGAGCTTGGGATG-1	P10_T1	0.014800158076816117	0.12228420916057764	0.6855562750498454	12018	8099
TAGGGTGTTTCAAGAG-1	P10_T1	0.07535530832078718	0.23546734316008433	0.9265660429000855	7407	5424
TAGGTCCAAGTAAGGA-1	P10_T1	0.0028109174304538354	0.04194575780913942	1.222544105052948	4003	6761
TAGGTCGCCGGAACTG-1	P10_T1	0.11120342281129625	0.12085647060757593	0.11027187188466392	12457	7335
TAGGTGAGCCCTACTC-1	P10_T1	-0.04523203849792481	0.22373715173630485	0.07310105959574376	5101	6761
TAGGTGCTCGCCTAGC-1	P10_T1	-0.15736821015675861	0.13256143490473432	0.3784396465619404	10920	8863
TAGGTTCGAGTTCGTC-1	P10_T1	-0.03618224143981934	0.3418471826825823	0.7329756323496501	8834	7908
TAGTCCGCAGAGAATG-1	P10_T1	0.05844964146614076	0.44393857098761064	0.49417689243952445	7297	8672
TAGTCGATCACGGGTT-1	P10_T1	-0.1326075537999471	0.17198702517009917	0.1825790977478028	12018	10391
TAGTCTTTCCGAATTG-1	P10_T1	0.13500195635689632	0.022825158323560468	0.609531489610672	14214	10773
TAGTGAGAAGTGGTTG-1	P10_T1	0.09094385710027483	0.241093904305072	0.5171939518054325	5979	1794
TAGTGCCCTCCAGAGT-1	P10_T1	0.06948742694324918	0.17815926512082417	0.4954455383618672	7187	7334
TAGTTTATTCTTGCTT-1	P10_T1	0.07932711952262453	0.1333131946836199	0.5191966644922894	7736	3705
TATAAATCCACAAGCT-1	P10_T1	0.15576735178629555	0.12750676081294104	1.000532206694285	6309	5042
TATAAGTGAGGATAGC-1	P10_T1	0.09160133918126426	0.20844183382533849	0.302952115535736	5760	5233
TATACACAGACGCCTT-1	P10_T1	-0.05235737800598145	0.07907855783190046	0.28835402011871336	8066	10773
TATACACGCAAAGTAT-1	P10_T1	0.0998950877454546	0.05499208887418111	1.2957265273729959	5430	4660
TATACCGAGTGCCACA-1	P10_T1	0.16179536581039428	0.048842222917647615	0.9867153374354045	14653	10773
TATAGATGGTCGCAGT-1	P10_T1	0.008280063337749888	0.3009385354178292	0.1959254622459412	12677	8863
TATATCCCTGGGAGGA-1	P10_T1	-0.08260136167208354	-0.03086063583691917	1.216107246875763	12238	8099
TATATTCGCGTCGATA-1	P10_T1	0.2593984825081295	0.0733879229426384	0.6457172212998072	8285	2749
TATCACAGCACGGGCA-1	P10_T1	0.12160761415958407	0.09931508839130404	0.8281271088123321	8505	1985
TATCCAATTGGTTATC-1	P10_T1	-0.07569469213485717	-0.1372162505558559	0.23116699536641439	10152	11729
TATCCATATCATGCGA-1	P10_T1	0.1192110186815262	0.10352326478276935	0.3545756920178731	7187	4660
TATCCTGCATGGGAAT-1	P10_T1	0.050921619666947276	0.10706144585495903	0.6091506350040437	7407	3896
TATCGATGATTAAACG-1	P10_T1	0.06221488542026943	0.04218066067922682	0.34817534605662037	6858	5615
TATCTACAGAGGTAAT-1	P10_T1	-0.14822471857070924	0.3926190473919823	-0.4481602986653646	4113	6952
TATCTACCACAGCGGG-1	P10_T1	-0.08153424580891927	-0.048334804830097	0.16338862101236984	8066	9245
TATGAAGAATTAAGGT-1	P10_T1	0.31785504049725	0.036161365509033205	1.2059757216771445	12348	14021
TATGAAGACAGGTGCG-1	P10_T1	-0.12181422869364421	0.4001290230523973	0.02189230362574257	3783	6761
TATGATCTTCTCTTTA-1	P10_T1	0.10344052049848768	0.29715652931304204	0.008567362626393682	11359	12302
TATGATTCTGCTTGGT-1	P10_T1	-0.03733427180184257	0.23144021899927225	0.42252804239590946	5321	2176
TATGCTCCCTACTTAC-1	P10_T1	0.01809258494112226	0.11509305873087472	-0.27499780933062234	8175	5997
TATGGAGTTTCTCGTT-1	P10_T1	-0.03506469829214945	0.2533458852058365	0.3769885474443435	4991	2367
TATGGATGTGCTACGC-1	P10_T1	0.2441457223892212	0.31902308781941735	0.11364643414815268	7407	6188
TATGGCCCGGCCTCGC-1	P10_T1	0.055244931379954024	0.03344465732574464	0.48037705580393486	4772	6952
TATGGGACCGAGCAGG-1	P10_T1	0.09123699294196234	-0.09457607530412218	0.16886710802714022	7626	8099
TATGGGTACGTATCGT-1	P10_T1	-0.011410752799775853	0.06887654940287274	0.34341341733932496	7846	7334
TATGGTCTGAGTAACA-1	P10_T1	-0.05029873689015706	0.20013026192074732	-0.6162546253204346	7846	8099
TATGGTTAGTGGGAGA-1	P10_T1	0.023449540138244643	0.08291294869922458	0.613981221516927	13006	9054
TATGTCTCATTGTGCC-1	P10_T1	0.07600004567040339	0.14048450853143418	0.6919504741827648	10481	6952
TATTACCATCCTGCTT-1	P10_T1	0.21627871619330513	0.17169614394505817	-0.8121161508560181	12018	8481
TATTCAATTCTAATCC-1	P10_T1	0.1815743981467353	0.022213281336284835	0.11808540185292571	9603	7717
TATTCCACTCAGCTCG-1	P10_T1	-0.047095259030659996	0.14477361769903274	-0.6693460607528686	7736	10582
TATTCCGAGCTGTTAT-1	P10_T1	-0.1101831579208374	0.0415394299370902	0.8107609748840332	10920	11538
TATTCCGGCAGTCCTA-1	P10_T1	0.2603975259595447	0.3042691741387049	0.4061800479888915	7736	2176
TATTCGTGCCAGAATA-1	P10_T1	0.18700086136658983	0.15772290380228138	0.47569740494092294	8505	7717
TATTGCCGGGCTTGTA-1	P10_T1	0.24850892066955568	0.4143902224586124	0.010313930511474556	13885	14021
TATTTAGTCTAGATCG-1	P10_T1	0.046670731835895124	0.1815843425478254	0.792537812391917	7846	4660
TATTTATACCGAGTAG-1	P10_T1	0.022621384461720795	-0.034420148645128545	0.9118923910458882	10042	4278
TATTTGATTTGCACAG-1	P10_T1	0.10570920583274626	0.1519643251101176	0.5319579466183979	14434	11538
TATTTGTTACCCTTTA-1	P10_T1	-0.1071077311038971	-0.21235832827431814	0.7347322392463684	6528	5806
TCAAACAACCGCGTCG-1	P10_T1	0.08474508325258892	0.1545041101887113	0.48095235417286564	8066	5806
TCAAACTTAGATTGTT-1	P10_T1	0.09704784684711032	0.06297637496675762	0.1566289750734965	8615	7143
TCAAATTTGAGACTCA-1	P10_T1	0.17785078975889418	-0.19874832153320313	0.7525525315602619	9163	12684
TCAACACATTGGGTAA-1	P10_T1	0.02851838376786975	0.24580813231922333	0.923921308517456	5321	3322
TCAACCATGTTCGGGC-1	P10_T1	-0.02221989207797581	0.2720193978150686	0.8781927824020386	7077	5997
TCAACGAGGAGACAAA-1	P10_T1	-0.011541400750478104	0.09670038782414936	0.7387967948118846	7626	9245
TCAACTGCAGAGTCAG-1	P10_T1	0.10033647649817998	0.07523739011514757	0.8112849315007526	13336	11920
TCAAGCGCGGACGGTA-1	P10_T1	0.07546029706796009	0.2814109773579098	0.9877791025241218	13995	12302
TCAAGGTTACTACACC-1	P10_T1	0.12201292991638184	0.15205483232225692	0.31760633309682207	12787	10200
TCACAAACCGAGGTAC-1	P10_T1	0.13215514845318263	0.2950027426083883	1.3429290533065796	11908	12875
TCACAGGGAATCGCAA-1	P10_T1	0.27600454992718165	0.31105620909304843	0.8684421030680339	10152	10200
TCACAGGTTATTGGGC-1	P10_T1	-0.1241649583975474	0.1495987784294855	0.3145228838920593	6748	7334
TCACCCTCTTAAGATT-1	P10_T1	0.022569293446011024	0.0751060094152178	0.7822319078445434	7956	9818
TCACCGCTCGGCACTC-1	P10_T1	0.020103601349724665	0.16645508442606244	0.6135414775212604	11579	6952
TCACGCATTGTAGATC-1	P10_T1	-0.0476572831471761	0.13042042936597553	0.24476257960001635	6858	7526
TCACGGTCATCGCACA-1	P10_T1	0.06368852257728574	0.07305269173213413	0.13979337215423582	6419	5615
TCACGTGCCCGATTCA-1	P10_T1	0.24165047539605033	0.13510531959079558	0.6244791905085245	8285	8481
TCACTATCGTGCAATC-1	P10_T1	0.14248148616817263	0.24967498200280325	0.41107911467552194	5211	1985
TCAGACGCTATAGAAG-1	P10_T1	-0.001821411318249172	0.2785252970173245	0.5735135412216187	9383	10391
TCAGCAAATGCATCTC-1	P10_T1	-0.04699827333291372	-0.04905938321635836	-0.5064964389801025	9493	7143
TCAGCCAATCCGTAAA-1	P10_T1	0.0672249499294493	0.08814258043255124	0.5235107302665711	13006	13257
TCAGGGTGTAACGTAA-1	P10_T1	0.1134562643369039	0.12128421431496031	-0.7197027254104614	9383	6570
TCAGGTTCTTTGAGAA-1	P10_T1	0.0359321265750461	0.34236054488590784	-0.11184363524119056	6089	6952
TCAGTACTGACCCGCG-1	P10_T1	-0.01014840841293335	-0.08405622550419399	-0.42623315334320067	5211	6188
TCAGTAGGGACTATAA-1	P10_T1	-0.06945929447809855	-0.05413463592529297	-0.6688037300109864	6748	10009
TCATACTTACAGATCC-1	P10_T1	0.1727011489868164	0.2220584944316319	0.7225718975067139	4113	5424
TCATCACTCGAGCTCG-1	P10_T1	-0.1416921877861023	0.0686150986807687	0.6587552181879681	4662	4469
TCATCCCAGAGGGTGG-1	P10_T1	0.07248140017191568	0.17556859186717444	0.4271513946851093	9164	3514
TCATCCTCAGCTGCTT-1	P10_T1	-0.04575796736611261	0.21639406510761805	0.24340403079986572	11359	14212
TCATTTAAGTCTCCGA-1	P10_T1	0.16145066923565335	0.1129884772073655	1.5142901674906413	12348	7908
TCATTTAGAAGTGTGA-1	P10_T1	0.10001914713117813	0.23562294525759558	0.6821133214235306	13555	11538
TCCAACTCAGCTATCT-1	P10_T1	0.010675159030490461	0.3154803122225262	0.6403917900721232	11469	14021
TCCAACTTTAAATTCT-1	P10_T1	-0.06359697182973226	0.1183549619856335	-0.3613462018966675	5870	8863
TCCACAATGGTTTACG-1	P10_T1	-0.13892777880032858	-0.012883806455703	-0.4914181884129842	5430	6952
TCCACTTTATCTAGGT-1	P10_T1	-0.0770971835984124	0.10777131171453569	0.2854458944002789	10152	7143
TCCAGAGCACCGGTTC-1	P10_T1	-0.037246112823486326	-0.12841434274400984	1.4153522872924804	9164	8863
TCCAGCGCTATAAGCG-1	P10_T1	0.13075084831979542	0.13148401214962918	0.5006574352582295	14214	11155
TCCAGGCGAGTACGGT-1	P10_T1	0.1413791080315908	0.32218012049084616	-0.4207535862922669	7736	7143
TCCATTAGTTGGATAG-1	P10_T1	0.24403114345338606	0.08518145504451935	0.2055554040273031	4332	2367
TCCCAAAGACGAAGGA-1	P10_T1	0.2232176407178243	0.0929840170485633	-0.26247405370076504	8066	6188
TCCCAGCACACGACAT-1	P10_T1	0.047340190344386635	0.12520018004235767	0.6358789308865864	15093	11920
TCCCAGCTTTAGTCTG-1	P10_T1	-0.1315832002957662	0.4639021610078357	-0.43625239610671995	7626	7717
TCCCAGGCTTAGCTAA-1	P10_T1	0.08735017286406621	0.15815056145191192	0.4644347759087879	6748	6952
TCCCGCGTACTCCTGG-1	P10_T1	-0.05346383690834046	0.21051553896495273	0.656955767472585	9054	6379
TCCCGGGTGTGCTGCT-1	P10_T1	-0.08524430195490519	-0.010318779831840874	-0.37798553943634033	5211	7717
TCCCGGTCAGGAATTT-1	P10_T1	0.0930685003929668	0.16603474695058096	0.7665136335293453	5430	2749
TCCCGTCAGTCCCGCA-1	P10_T1	0.05629776709609563	0.29964533760434103	0.13168426950772594	9713	5615
TCCCGTGTGCAATTTG-1	P10_T1	-0.07191073218981425	0.12803376339730765	0.0577605136235555	10261	9627
TCCCTCTTCTCAAGGG-1	P10_T1	-0.10639139334360759	0.06924557118188765	-0.26783393065134675	14104	13639
TCCCTGGCTCGCTGGA-1	P10_T1	-0.04655110915501912	0.1239057561329433	-0.5254055976867675	4442	7525
TCCCTTGTCTGAAACT-1	P10_T1	0.15197221676508585	-0.18498103822980608	-0.8799979543685913	14104	14021
TCCGAACGTTGCCGCT-1	P10_T1	-0.07648460229237874	-0.15436870166233607	0.19436911265055334	14763	10964
TCCGAGAAGGCTAAGC-1	P10_T1	0.0197751193576389	0.06575433339391434	0.4296456189950306	6089	2367
TCCGATAATTGCCATA-1	P10_T1	0.07805656048986648	0.15550455564544313	-0.4976722137133281	8505	4660
TCCGATGACTGAGCTC-1	P10_T1	-0.12177653868993123	0.06585148726190837	0.09631513595581054	9822	5424
TCCGATGGTGCGACAT-1	P10_T1	0.19190877457459765	-0.08201139035679045	0.6190486752986908	7297	5997
TCCGATTACATTGCCG-1	P10_T1	0.19319695870081582	-0.13996415206364224	-0.6535532522201538	4991	7334
TCCGCCTGTCTACAAG-1	P10_T1	0.18306725316577488	0.03867039124170937	0.21274251143137612	9603	11920
TCCGCGGCAGCATCTG-1	P10_T1	0.3458095810148451	0.22610839054698034	0.1780468900998433	10701	7717
TCCGCGGCCCAATGAA-1	P10_T1	-0.18094204088052113	0.32237221363044927	1.0336865615844726	12348	11346
TCCGCTGTCATCCCGG-1	P10_T1	-0.008195090028974727	0.2077076227892013	0.42415192206700636	10371	10200
TCCGCTTATCCCATTA-1	P10_T1	-0.07700950145721436	-0.09496536527361189	-0.48320582389831546	8505	10773
TCCGGGCTTGACGGGA-1	P10_T1	-0.1259053671360016	0.06023769242422922	-0.16706174373626714	12018	13830
TCCGTTAAGCTAATAT-1	P10_T1	0.11049981885486176	0.14192304208165124	1.4056409060955048	12457	11155
TCCGTTTAGCCTTGAA-1	P10_T1	0.04849190009964835	0.1553481630484263	0.7241340200106303	11250	6761
TCCTAAAGATTCAGAC-1	P10_T1	-0.02495143175125122	0.2989388792855399	0.29362393856048585	10701	14212
TCCTAAATTGGGAAGC-1	P10_T1	-0.1015105414390564	-0.16504087720598493	-0.49546797275543214	9163	11920
TCCTACATCCACGGCC-1	P10_T1	-0.004758985307481561	0.23915104741141907	0.9287718963623047	10701	10009
TCCTAGCAAAGAAGCT-1	P10_T1	-0.05425511042277018	0.16227591332935154	0.053509167035420746	5979	9054
TCCTATCATAGGTAAC-1	P10_T1	0.17365475310219658	0.07268972033546087	-0.6275931406021118	14653	10009
TCCTCGGGCTGGGCTT-1	P10_T1	-0.1311996304988861	0.33119246687207904	-0.557654619216919	9822	8863
TCCTCTACGAGATGGC-1	P10_T1	-0.08145306428273519	-0.19696817193712507	-0.5233843946456909	4991	6188
TCCTCTCCAGTTGTCC-1	P10_T1	-0.06948070287704468	0.004287795566377178	0.024599839846293103	3674	6952
TCCTGCGTTGATACTC-1	P10_T1	-0.06647790670394897	0.0511364906174796	1.6183763027191163	4772	8481
TCCTTACGACGGTCCG-1	P10_T1	0.02119331015480888	0.03138163952600387	-0.17017058610916136	11908	10582
TCCTTCAGTGGTCGAA-1	P10_T1	-0.1795485923687617	0.01994444889681679	0.03284174521764105	9054	4087
TCCTTTAAATCCGCTT-1	P10_T1	0.21556815743446348	0.17471808473269146	0.9338449199994405	11579	11920
TCCTTTCTTACGCTTA-1	P10_T1	0.05409128354655371	0.2034304996047701	0.4804642681280773	8285	6952
TCGAAATTTAGGACCA-1	P10_T1	0.031582403712802465	0.02360364561989195	-0.851092963218689	6419	6761
TCGAAGAACCGAGCAC-1	P10_T1	0.16109991020626493	0.27409080238569344	-0.8501981854438782	12348	9818
TCGAGACCAACACCGT-1	P10_T1	-0.12241395195325215	0.3099924495106652	0.6443150178591411	7517	8290
TCGAGGGCAACAGACG-1	P10_T1	-0.06619984692997403	0.2163978783573423	0.5483402721087138	14544	12111
TCGATAGGCTAGTCGC-1	P10_T1	0.051268424226178055	0.2843153127744084	0.5260220833619436	6748	2749
TCGCAAAGATGCATTT-1	P10_T1	-0.09986845215161641	0.23420584150723048	0.8520722897847492	9712	10200
TCGCACCAGGAGGCAG-1	P10_T1	-0.10239316741625468	0.3035008436725254	-0.33986892064412444	10261	10773
TCGCATAAAGGGCGCA-1	P10_T1	0.07539676785469054	0.2825337214129312	0.741056056022644	13665	13257
TCGCATCCCTAAGTGT-1	P10_T1	0.2571823023425208	0.15504010563804993	0.6805000185966492	4881	4087
TCGCATTCAATGACTT-1	P10_T1	-0.057947945793469735	0.25171309804632547	0.6558632042010625	5540	2940
TCGCCGAAGTTGCGTC-1	P10_T1	-0.049054435094197595	-0.05255832331521171	1.232430427869161	5540	9818
TCGCCGACATATTCGC-1	P10_T1	0.20439984374576145	-0.1207892165865217	1.3645572360356648	10920	13830
TCGCCGGTCGATCCGT-1	P10_T1	-0.07992335398991902	0.2625277076448713	-0.02140534400939942	8175	4851
TCGCGTAGCAGTGTCC-1	P10_T1	0.0	-0.043160197394234795	-0.14426586151123047	12348	12111
TCGCGTCCAGAAGGTC-1	P10_T1	0.1009133309788174	0.25004668389047896	-0.1422880641619364	4662	7143
TCGCTCGATATATTCC-1	P10_T1	0.04409754435221355	0.2391869130588713	-0.2110119764010111	8395	6761
TCGCTGGGCGGATTGT-1	P10_T1	-0.13346662600835166	0.33099669201033455	-0.876127986907959	9603	6570
TCGCTGTGCGTAAATC-1	P10_T1	-0.16014853298664092	0.18765042353244055	0.21763834118843084	5979	4469
TCGCTTTAAACGTTTG-1	P10_T1	-0.021813276873694526	0.3448686989716121	0.7230188691616057	11030	5997
TCGGAATGCGCTCTGA-1	P10_T1	-0.10317561149597168	-0.21245864936283657	-0.6961676025390625	4552	6952
TCGGACGCCCAGCCCA-1	P10_T1	-0.13790402928988138	0.23159979059582667	-1.0212164688110352	10152	7526
TCGGAGTACATGAGTA-1	P10_T1	-0.03536946376164754	0.20629092562766305	-0.16616274913152063	9603	7334
TCGGCGAACCCAAACC-1	P10_T1	-0.11662777582804362	0.08972445045198713	0.6159403848648072	13006	10582
TCGGCTTGTATCGACG-1	P10_T1	-0.03339381959703233	0.22032690076600936	0.5450350133577984	12018	12302
TCGGGCACTTCTGGAT-1	P10_T1	0.01288590682877433	0.028464916121392014	0.6949070060253144	6528	1603
TCGGGCCGTCGTGGTA-1	P10_T1	0.0399509725305769	0.10836522420247394	0.32204771359761564	11140	8863
TCGGGTGAAACTGCTA-1	P10_T1	0.060937232540713426	0.12585314727964853	0.7229718824227651	7626	3131
TCGTAAGACGACATTG-1	P10_T1	-0.11789114872614542	0.11848127853302726	-0.7598132133483887	9932	6379
TCGTATAGTGCAATTA-1	P10_T1	0.06627189993858337	0.24498349243686318	-0.1374400925636292	7626	3514
TCGTCACACTGTTAGC-1	P10_T1	0.10173578712675305	0.5024543173540206	-0.6318662428855896	3564	6379
TCGTCCGCTGGCGTCT-1	P10_T1	0.055169170565075365	0.2952711523430688	-0.028261777957280465	5870	5424
TCGTCTTAGGCGTTAA-1	P10_T1	-0.10240362326304119	-0.23616819790431431	-0.7624118041992187	10591	11346
TCGTGTACTATGGATG-1	P10_T1	-0.010681326389312745	-0.08239880357469831	-0.4620686435699463	9932	10200
TCGTGTATTGGTCACG-1	P10_T1	-0.10472930192947388	0.2000707557087853	1.3080349095662438	14324	11347
TCGTGTTCGACCACAA-1	P10_T1	0.07339948621061113	0.12481424663748059	0.9473221882184346	13006	12111
TCGTTCGTTATTATGT-1	P10_T1	0.002524597876601753	0.16107849393572127	0.6405089014768601	8285	3131
TCGTTGGCTCGTCAAT-1	P10_T1	-0.06813069105148316	0.3444277030513401	0.499329662322998	4881	2940
TCGTTTACGCGACCCT-1	P10_T1	-0.15239176591237386	0.14690749168395997	0.6373050498962403	11799	14594
TCTACCCAATAGAGAG-1	P10_T1	0.0021655687027507253	0.10775146324010126	0.8243722599744796	13116	11920
TCTACCGTCCACAAGC-1	P10_T1	0.06840664585431419	-0.10044498091652279	-0.2756393766403198	8834	6379
TCTAGCATCTTCGATG-1	P10_T1	0.03757016407118903	0.3988753488517943	1.1977330446243286	6199	5615
TCTAGCATGCCCAGAA-1	P10_T1	0.09839193198415969	-0.059272175119036735	0.3897725590070088	8724	10391
TCTAGTGATATCGTGG-1	P10_T1	-0.07855045239130656	-0.009045262166431978	-0.037160048484802255	12238	9627
TCTAGTTATCAGAAGA-1	P10_T1	-0.01711236556371054	0.1304634288379124	-0.39016797065734865	7407	7717
TCTATAGGTGGGTAAT-1	P10_T1	0.19699182338184779	0.1110377089182536	0.4165878375371297	13446	13639
TCTATCATGCAGTTAC-1	P10_T1	-0.13462575674057006	-5.885998408000637e-05	0.1925499598185223	5870	4660
TCTATCGGTCGCAACA-1	P10_T1	-0.07217041850090027	0.13979804782640365	0.01689261277516685	8505	5424
TCTATGCTATAACGAC-1	P10_T1	0.2149508998129103	0.13059784832454863	0.7298044570287068	11799	13448
TCTATTACGCTGGCGA-1	P10_T1	0.19324868440628049	0.08872901922180543	1.0876298793156942	5211	3896
TCTCATGAGATAGGGT-1	P10_T1	0.0224837287267049	0.32146732920692084	0.06250588734944662	11030	10582
TCTCCAACGTAGGTTA-1	P10_T1	0.015420395665698583	0.2820891453538622	0.8299629513422648	10042	5042
TCTCCACAAGTTGAAT-1	P10_T1	0.08734126991695827	0.038383610135033025	0.24091725826263422	11689	12875
TCTCCCTGGGCAGCGT-1	P10_T1	-0.12721148331960042	0.14487021446228027	0.9214601357777913	10261	11538
TCTCGACGTATCGCCG-1	P10_T1	-0.03495739638805388	-0.02920044331323532	0.27719969789187116	13885	9818
TCTCGAGGAGGTTCGC-1	P10_T1	0.16661388370725844	0.20159796535968783	0.5808920379479725	13775	11155
TCTCGGCTCCAGGACT-1	P10_T1	0.12102391686704425	0.13124945238942187	1.0149397269884743	4003	3705
TCTCTAATAGCTGGTA-1	P10_T1	0.028164218001895475	0.16917398804710027	0.7432567918300629	7187	5042
TCTCTCGCCGCACATA-1	P10_T1	0.07167982316679425	0.14024778207143146	0.5137753617763519	14104	11729
TCTGAACCGGTCGGCT-1	P10_T1	0.046081884702046716	0.17238288147108896	1.4258743206659952	5540	5233
TCTGAACTCGTACCCG-1	P10_T1	-0.03203738901350234	0.3044146893137978	0.7106387186050415	11908	10200
TCTGAAGCACGTGGTC-1	P10_T1	-0.0958453138669332	0.1359298192887079	-0.5237442064285278	10701	11920
TCTGAATTCCGTACAA-1	P10_T1	0.2456501090526581	0.2502558322747548	0.3792253088951111	11799	7717
TCTGAGCAATTGACTG-1	P10_T1	0.040167713065942134	0.20585673786344988	0.630976335008939	13775	11538
TCTGATGTATTCTGTC-1	P10_T1	-0.1092293898264567	0.32001235456693733	0.011369007428487232	10591	10964
TCTGCATACCTTGCTT-1	P10_T1	0.09831066038873462	0.25717773182051523	0.2908818038304646	12348	12875
TCTGCCAGAAACTGCA-1	P10_T1	0.1297285838921865	-0.15149723427636283	-0.676646683216095	10152	9054
TCTGCGTCCGGTTTCT-1	P10_T1	-0.03528436846203274	0.18986259460449217	1.106241648197174	4003	4087
TCTGGGAACCTTTGAA-1	P10_T1	-0.12913992643356323	0.38213456650575006	0.522790546019872	12238	8863
TCTGTCATACAAGAGC-1	P10_T1	-0.10197617361942926	0.20753796787489026	0.3808314216136932	6309	3131
TCTGTGCCATCATAGT-1	P10_T1	0.03725002613332537	0.02508816015152701	-0.8093904197216034	10261	7334
TCTGTGGCTACATTTC-1	P10_T1	0.027163655890358823	0.07477152279445104	0.8287634690602619	6638	1794
TCTTACAGAGGTACCG-1	P10_T1	0.30314619064331055	0.29570783353987196	1.094176560242971	6419	4087
TCTTACGGCATCCGAC-1	P10_T1	-0.010392911434173584	-0.07126567840576171	0.7140883350372315	4662	5997
TCTTACTTATGCCTCT-1	P10_T1	-0.06972812096277872	0.37346735891841704	0.09192105054855348	11689	9818
TCTTAGAGCTCCAATT-1	P10_T1	0.11643992039892409	0.11026292812256583	0.6244119358062745	13336	8863
TCTTAGAGTGAACTCT-1	P10_T1	-0.1113222058614095	0.36753092334384013	-0.5567354345321656	12348	9436
TCTTATGGGTAGTACC-1	P10_T1	0.15464969284004637	0.23812204729943054	1.2573568828900656	7187	1221
TCTTCCCATGGGCACA-1	P10_T1	0.14169108317957985	0.1990777245305833	0.7901369786262513	12018	7335
TCTTCGAATAGACGTT-1	P10_T1	0.6099845070309109	0.14966677313759214	-0.26024364471435546	9273	8672
TCTTCGATACCAATAA-1	P10_T1	0.11684559954537287	-0.03678559246517363	-0.33081550916035973	8724	7334
TCTTCGCGGTGAGAGG-1	P10_T1	0.23846094975868862	0.29197199692328774	0.9508455338080724	14214	12684
TCTTCTATAACCCGCC-1	P10_T1	0.04019718408584595	0.05456523798760915	0.6679019864400227	13226	9818
TCTTGATGCGTAGCGA-1	P10_T1	0.06723638984892104	0.2907209391820998	-0.8797483396530151	8944	7334
TCTTGGTAACACCAAA-1	P10_T1	-0.11955661495526632	-0.015909001997538974	0.4915947365760803	8615	5233
TCTTTAAGACTATGAA-1	P10_T1	0.15951616764068605	-0.02142381157193865	0.9358304039637249	12238	7717
TCTTTAGAGTCTAACA-1	P10_T1	-0.0659246999025345	0.09636602645828612	0.7645178087552387	13995	10773
TCTTTCCTTCGAGATA-1	P10_T1	0.02151063402493794	0.24069720841589431	0.48260191917419437	14653	12302
TGAAACTTATGCAAGC-1	P10_T1	-0.009639315141571903	-0.05371848716622307	-0.27734006841977443	9493	3322
TGAAAGGACCTGACTC-1	P10_T1	0.05778789096408421	0.2182921888714745	-0.24182415326436363	10591	7908
TGAATGTCAGCCGGCC-1	P10_T1	-0.05677734110090467	0.12681958607264926	0.6389855702718098	13446	10200
TGACATCGAGCGGACC-1	P10_T1	0.09996925009621513	0.10030797595069521	0.5126959760983785	12567	7908
TGACCCACGTTAGACA-1	P10_T1	0.0654978773328993	0.2624880747000376	-0.26259053071339933	6638	7526
TGACGATGCACTAGAA-1	P10_T1	0.0619910792509715	0.16153688294546947	0.36693257013956715	11908	8290
TGACTATAATCCTTTC-1	P10_T1	0.056198172569274896	0.3411169072559902	-0.227498607635498	8944	10009
TGAGAATGCTTTACCG-1	P10_T1	-0.04874262892537645	0.16081215312083558	0.4090665467580159	7407	4660
TGAGAGATTTACCACG-1	P10_T1	-0.019915096759796136	0.5183554955323537	-0.7342061924934388	11469	9054
TGAGATCAAATACTCA-1	P10_T1	0.25299436072508497	0.27338247563157764	0.32647213339805603	8395	2558
TGAGCAGTCGTGAAGT-1	P10_T1	0.22408831377824145	0.16802559758935653	0.34056208729743953	5760	2176
TGAGCGGAAAGTGTTC-1	P10_T1	0.2910663013988071	-0.1534259980065482	-0.40444565296173096	8615	11729
TGAGCTCAACTGTATA-1	P10_T1	0.029157462252510924	0.1554552431901296	0.7000363111495972	15093	12302
TGAGTAAATTAGCGTA-1	P10_T1	-0.09608677466710408	0.4510814986910139	0.3941864824295044	7736	10200
TGAGTGCCTCTTAAAT-1	P10_T1	-0.044521892070770265	0.09510712998253959	1.158999457359314	5979	9818
TGAGTGGTCCGTGACG-1	P10_T1	0.080024920768208	0.1490831239734377	0.3841697788238525	10701	6952
TGAGTTAAAGACATTC-1	P10_T1	-0.04538327912489573	0.2160949506504195	0.3840368815263111	13775	10391
TGATCGGTTTGACCCT-1	P10_T1	0.011476112604141234	0.25951765741620747	-1.0428831481933594	7407	6570
TGATCTATCACACTCT-1	P10_T1	0.03556397669845157	0.2585388470831372	0.4811335563659668	11579	14976
TGATCTCCGGCGCCAG-1	P10_T1	0.016699932151370583	0.23732228778657455	1.0054972553253174	6968	6570
TGATGTCAATTAAGTG-1	P10_T1	0.12443711787462236	0.18240772626229695	0.7553221408526103	12787	12493
TGATTCGTCTATCACT-1	P10_T1	-0.044135060442818536	0.46245800733566284	0.14568553368250536	5979	7143
TGATTTATTAGCTGTG-1	P10_T1	-0.10159290949503581	-0.11473940372467041	-0.45654127597808836	5211	8481
TGATTTCCTCCTGACG-1	P10_T1	-0.15381381849447887	0.16576644494420006	0.9771925759315491	5211	4278
TGCAACCCATCTGCGG-1	P10_T1	-0.14805279652277628	0.42722024281819665	0.20032896677653	11359	12684
TGCAACTACTGGTTGA-1	P10_T1	0.16432196464803484	0.15299465673310414	0.8323474188645681	11469	14403
TGCAAGAATGACGTAA-1	P10_T1	0.14963548286093606	0.19262333078043803	-0.18615617235501614	8066	6952
TGCAATCTAACACGGT-1	P10_T1	-0.10663751165072123	0.024503645669846308	-0.766991183757782	11359	13066
TGCACGAGTCGGCAGC-1	P10_T1	-0.17899020353953043	0.06787172885168169	0.472885663509369	8724	2367
TGCAGAGTACCGAGCA-1	P10_T1	0.29925803899765013	-0.0640595571200053	0.20629856427510584	6528	8481
TGCAGGATCGGCAAAG-1	P10_T1	0.0461270923084683	0.29841014453342984	-0.44654990752538043	9603	5806
TGCAGTTTCCTCCCAT-1	P10_T1	0.08163110812505087	-0.04288940055029733	0.3444605652491253	11359	8863
TGCATATGTCTGTCAC-1	P10_T1	0.04612015419536167	0.2886200504643576	0.8849743088086446	10810	7908
TGCATGGATCGGATCT-1	P10_T1	0.036879567835066046	0.06768630073184057	0.5726306184132893	8834	4851
TGCATGTGGTAATCTA-1	P10_T1	0.007803669406308084	0.08530788068260464	0.660795161128044	10371	6761
TGCCACCTGGCGAAAC-1	P10_T1	0.031011947658326905	0.3512000625474112	1.1574194105466207	9822	5042
TGCCAGTACGTGGAGA-1	P10_T1	-0.1179523527622223	0.13227886103448416	1.1422561971346537	9273	10964
TGCCCGTACCGTTAAA-1	P10_T1	-0.012264074749416765	0.003907216617039244	0.16428193251291923	9712	9818
TGCCGTGGATCGTCCT-1	P10_T1	-0.030369350910186766	0.15763139281954086	0.5737635040283203	8395	12111
TGCCTAATTGAAGATT-1	P10_T1	0.06321184933185578	0.06094703302496951	1.059915668964386	13006	11729
TGCCTGACATCGGTCA-1	P10_T1	0.16993182500203452	0.2524313637188503	1.4797441641489664	3674	4278
TGCCTGATCAAACGAT-1	P10_T1	-0.15072205901145935	0.49842286921682816	0.38889752229054764	9164	5042
TGCCTTGGCCAGGCAA-1	P10_T1	0.0005217830340067675	-0.0268358277706873	-0.11443476200103764	10481	11155
TGCGACACCCTAGTGC-1	P10_T1	-0.05600165605545044	-0.12274459838867187	-0.51847496509552	6528	10009
TGCGCAAAGCATTTGG-1	P10_T1	-0.11789259354273478	-0.005588409219469348	0.5372220993041992	8834	7143
TGCGCGATTAACGGAG-1	P10_T1	0.07181130064858329	0.3272498447554452	-0.2577693446477255	5979	6379
TGCGGAGTAAAGGTGC-1	P10_T1	-0.06185286045074463	0.14770190954208373	-0.45080675721168517	9164	5424
TGCGGCATAGTTCAAC-1	P10_T1	0.04236938658687803	0.1073530561441467	0.6077811108032863	7407	3514
TGCGGTGAAATTTCAT-1	P10_T1	0.02548155519697401	0.20480349285261973	0.14263307372728984	8724	3514
TGCGTAAGAACCTGAT-1	P10_T1	0.1577840264638265	-0.21941538538251604	0.08765974998474124	6199	9436
TGCGTACGGCTAATTG-1	P10_T1	-0.018220476044548878	0.12741283416748045	0.4998605314890544	12567	14021
TGCGTTTGTTGACACT-1	P10_T1	0.32671000401178996	-0.01588180451166063	-0.7263530945777893	9822	9245
TGCTAAGTGTCTATTT-1	P10_T1	-0.016924249794748075	0.24582100961889541	0.4816458344459533	11359	11155
TGCTATACAAACGGAC-1	P10_T1	0.06379730025927224	0.15090496554261162	0.9159062047799427	7517	2176
TGCTCCACAGTTCTTA-1	P10_T1	-0.056281844774881996	0.1780605983734131	-0.49411262035369874	11908	9818
TGCTCGGCGAAACCCA-1	P10_T1	-0.05112786293029785	0.16607838562556676	0.5796910619735718	8175	12111
TGCTGGTTGGACAATT-1	P10_T1	0.15376285036404927	0.14846732886064623	0.7108915527661641	5979	5233
TGCTGTTGAAGAACTC-1	P10_T1	-0.058556241194407145	0.0797894701503572	0.4851802841822306	8724	8481
TGGAAGAAGGGAACGT-1	P10_T1	-0.03889100392659505	-0.12241755758013044	-0.4429074907302856	5321	8672
TGGAAGACGAACACCA-1	P10_T1	0.03903870304425558	0.19327937141770407	0.5498355227708815	6528	3896
TGGAAGGATAAAGATG-1	P10_T1	-0.11460082292556763	0.10526784885497323	0.2770703681310017	8944	5042
TGGACTGTTCGCTCAA-1	P10_T1	-0.056396923065185546	0.08074174120312644	-0.005194964408874458	9493	8290
TGGAGCTAAAGTTCCC-1	P10_T1	0.07843326148059632	0.24887531073320474	0.3928929299116135	8944	2367
TGGAGTGATGCGATGA-1	P10_T1	0.05942070351706612	0.07799819049381077	-0.7651379156112671	5979	6761
TGGCAAACTAAATTAC-1	P10_T1	-0.11340360482533773	0.026526914664677215	0.9784340667724609	10042	10773
TGGCAATGGGACGGCG-1	P10_T1	-0.04595792588260439	0.14798424429836726	0.903673312664032	13116	11538
TGGCAGATTACGATCA-1	P10_T1	-0.137150422334671	0.3464253738380614	-0.40293705066045127	7846	9627
TGGCAGCAGTAATAGT-1	P10_T1	0.21230856577555338	-0.12073229040418353	0.2816227102279663	8175	8672
TGGCCAAACTGAAGTA-1	P10_T1	0.2337670596440633	0.17200285667464843	-0.9059298515319825	9822	6570
TGGCCGTATATTGACC-1	P10_T1	0.14779635296927557	-0.1425553812299456	-0.9679997634887695	5650	6188
TGGCGATCAAGTTATG-1	P10_T1	0.3258532004886203	0.44005794298081174	-0.5052213382720947	7517	10964
TGGCGGTGTGCGATTG-1	P10_T1	0.0005287346574995022	0.19834663839567274	0.656204350789388	6199	2558
TGGCTACACTCTACCT-1	P10_T1	0.2222736809651057	0.2043187116441273	-0.24398700992266342	12457	13448
TGGCTATGTGACATAC-1	P10_T1	0.39707650873396133	0.24130834863299414	0.628436819712321	10481	12684
TGGCTTTGGGTAGACA-1	P10_T1	0.10669009460343257	0.3308428280694144	0.5672926632563273	7077	4851
TGGGAAATGCCTTTCC-1	P10_T1	-0.030141465663909912	-0.1033855152130127	-0.3616975879669189	4442	5615
TGGGCAATAGTTGGGT-1	P10_T1	-0.15652743180592854	0.16792762222744168	-0.04471656719843542	13336	10009
TGGGCACAAACAGAAC-1	P10_T1	0.21231464498572877	0.27231010723681676	0.7133406333128611	6528	2749
TGGGCACGTTCTATGG-1	P10_T1	0.30690128167470293	-0.06963443040847778	1.2502828884124755	9493	4087
TGGGCAGGCCACCGCA-1	P10_T1	0.07634372711181642	0.22946023587669645	0.77790631155173	14214	11538
TGGGCCACAAGAGCGC-1	P10_T1	-0.07502582708994547	-0.038613033067612434	-0.23578025897343957	9383	4660
TGGGCCCATACTAATT-1	P10_T1	-0.01723336550924512	0.05007417610713413	0.2845365301767986	11250	10200
TGGGTGTAATAGATTT-1	P10_T1	-0.0795295790831248	0.5424058597996121	-0.22223436196645108	12677	14212
TGGTAGAATATATGGG-1	P10_T1	-0.10652439594268799	0.29919617176055907	-0.18326050758361812	12457	10391
TGGTATCGCATCCCAA-1	P10_T1	0.169188794195652	0.14920636422577355	0.5689436648289363	8944	2749
TGGTATCGGTCTGTAT-1	P10_T1	0.06543995420138041	0.09734137535095216	0.643526570002238	7956	2558
TGGTCCCACGCTACGG-1	P10_T1	-0.07391346613566081	0.0023125239780970863	-0.6018141460418701	9603	11155
TGGTCTGTTGGGCGTA-1	P10_T1	0.5925661669837105	-0.10643452235630581	-0.5720763969421386	4662	8290
TGGTTCAACGGGTAAT-1	P10_T1	-0.00834904895888433	0.1824760391598656	0.04427698214848841	9603	10773
TGGTTCGTAGCAAAGG-1	P10_T1	-0.05964445114135743	0.23737279874937872	0.2908488241831463	7517	5615
TGTACCTACACGAGGG-1	P10_T1	0.04578564114040798	0.3122153795333135	0.4744280433654785	11469	12493
TGTACGAACAAATCCG-1	P10_T1	-0.0438593864440918	-0.0002245537439982126	0.23664776643117275	7846	8481
TGTACTGTGCCAAAGT-1	P10_T1	0.16853822509447733	0.08747515583322157	0.9169398317734401	6199	2176
TGTAGCCATCCCATTC-1	P10_T1	-0.023137198752827104	0.14684533133393246	0.000898618698120135	13775	13066
TGTAGGAGAAATTTCC-1	P10_T1	0.10344829267925686	-0.023793804446856165	-0.03250088691711428	10920	7717
TGTAGTGATCTATAAT-1	P10_T1	-0.06670104344685872	0.26010418324243456	0.35747924963633215	5101	7908
TGTATAACAGATCCTG-1	P10_T1	0.027007454699940148	0.21715939033599124	0.199497348467509	10152	6761
TGTATCCTTATTCCAT-1	P10_T1	0.06415489269627464	0.28436058057206015	0.47023039261500044	6968	3131
TGTATGGCGCAGACAG-1	P10_T1	0.09066567381223044	-0.16874579906463624	0.6871711683273315	11689	9436
TGTCCACGGCTCAACT-1	P10_T1	0.029245602091153483	0.208016306417329	-0.07196560263633733	12567	13639
TGTCCCGACATAGCAC-1	P10_T1	0.08469994432396358	0.166028196201438	1.3086823823054634	7736	3322
TGTCCTAAGTCACCGC-1	P10_T1	-0.09906628767649332	-0.16287898472377232	-0.7040642070770263	4772	7717
TGTCTACAGTTTCTGT-1	P10_T1	0.041892117990387806	0.15176844156923747	0.4450397817293804	7297	3322
TGTGACTACGCCAGTC-1	P10_T1	0.08747532871034412	0.06914406742368426	-0.8369020438194275	9493	5233
TGTGACTAGAGTTTGC-1	P10_T1	-0.09222116390864055	0.32020800403186256	0.46654567400614433	13555	14212
TGTGCCGGTGCCGGAA-1	P10_T1	0.011006999280717633	0.19712235797019234	0.5704982328414917	12128	11346
TGTGGAGGAAGCTTAA-1	P10_T1	0.07492865701516471	0.17621041161673412	0.33805846452713006	7626	1603
TGTGGCAAAGCGTATG-1	P10_T1	0.04030245290862189	0.20793653979187915	0.6761966892083485	11030	6761
TGTGGCTCCCACCAAC-1	P10_T1	0.13206685649024116	0.19795183749425982	0.007695630391438835	14434	9627
TGTGTAGTAGCACGTG-1	P10_T1	0.07479357004165649	0.33189786556221196	0.25421778718630483	14214	12302
TGTGTCGCGAGTTGCA-1	P10_T1	0.15291570239596897	0.5806289176713852	0.700610860188802	5430	5806
TGTGTTCGTATCCAAG-1	P10_T1	-0.06476862112681071	0.19356245903741745	0.19133844057718907	3783	7143
TGTTATTGTATGTGGC-1	P10_T1	0.021670499444007868	0.23916417388688954	0.9240144395828247	10920	9627
TGTTCCGCTTCCATGA-1	P10_T1	0.19456517418225605	0.10593576028233487	0.0828708990414937	6309	8099
TGTTCGTATTGCGGTG-1	P10_T1	-0.054326047897338865	-0.10277560029711043	0.39011854171752924	8175	10582
TGTTCTTCCATTGACT-1	P10_T1	0.18845874130725862	-0.05282971384979429	0.6352801084518432	6199	7526
TGTTGTCAAGAAGTCT-1	P10_T1	0.19127689573499893	0.37246797152927946	0.6297029304504393	10481	5806
TGTTTCGGTACTTCTC-1	P10_T1	0.14908508323960834	0.10238569051027296	1.034666094581286	7626	4660
TGTTTGAGATCGTCAG-1	P10_T1	0.06052405152055951	0.17996792977764497	0.7690204270680745	14104	10582
TTAAACAGAGTCCCGC-1	P10_T1	-0.03503125508626302	0.1288649740673247	-0.5433001804351807	4442	2940
TTAAACCGGTAGCGAC-1	P10_T1	0.11296576344304615	0.17262349594207038	0.448917854030927	7187	2749
TTAAACTCGAATTCAT-1	P10_T1	0.03118452307250766	0.18912096504654202	0.7079461534818012	11908	7143
TTAAAGTAAGTCGCCA-1	P10_T1	0.24576295428805883	0.23720062448864893	-0.6974713373184204	13006	14403
TTAACACCTCGAACAT-1	P10_T1	0.26572306738959417	0.17447225877216882	0.40351059754689533	3893	5806
TTAACCAACCCTCCCT-1	P10_T1	0.0059965038299560625	0.06978629529476166	0.41099912047386167	7517	4851
TTAACGTCGCAAGACC-1	P10_T1	-0.055171960790952046	0.28913258592287694	0.6482008391618728	7407	3131
TTAAGATAGGATTGAC-1	P10_T1	0.0762396702501509	0.12459827360652745	0.9504517245292664	12567	9436
TTAAGCCGACAACTTC-1	P10_T1	0.12249144607120094	0.25317256995609827	-0.21595285097757982	9932	3705
TTAAGCGCCTGACCCA-1	P10_T1	-0.03591329190466139	0.2247016003018334	-0.10865780194600427	6309	6952
TTAAGGATACGGAGGT-1	P10_T1	-0.06819696913162868	0.20464661586852295	0.721372732122739	5760	2558
TTAAGTATTGTTATCC-1	P10_T1	0.031379433605406	0.1967795497462863	-0.05062307039896641	11359	13448
TTAATCAGTACGTCAG-1	P10_T1	-0.06698927958806355	0.024227187292916424	0.6756481170654297	9822	4660
TTAATGTAGACCAGGT-1	P10_T1	0.004758995771408092	0.019169869139080947	-0.08657778501510616	8944	6952
TTAATTTCAGACGCGG-1	P10_T1	0.054034614430533506	0.3160910350368137	0.6489002362887065	9054	4469
TTACAACTACGCATCC-1	P10_T1	-0.08452386710378859	0.08393548278581525	0.4914115190505981	7187	5806
TTACACGATCTGCGAC-1	P10_T1	-0.040341948138342965	-0.008617112863631482	0.23632297277450565	13555	13066
TTACATCGTGGCCTGG-1	P10_T1	0.08348608705732556	-0.14403651237487794	-0.13638298352559408	5430	5042
TTACATGCCACAACTA-1	P10_T1	-0.12360939661661784	-0.2326809515271868	0.7156991545359295	12787	9054
TTACCATTGATTACCC-1	P10_T1	-0.03831004460652669	-0.09409929275512695	1.6644378105799358	4552	7717
TTACCCTAACAGTCCT-1	P10_T1	-0.05555520534515381	0.11054296845481511	-0.24334635734558105	4113	5806
TTACCGCCTTAGGGAA-1	P10_T1	-0.09641439278920491	0.41449369396482194	0.8558501974741619	3783	3322
TTACGGATGGTTCGAG-1	P10_T1	-0.0678229096200731	0.050987238827205794	0.3310396178563435	11689	7526
TTACGGTGTCACCGAG-1	P10_T1	0.11555847424599863	0.024609119473468666	0.7714093030492466	5540	2176
TTACGTATCTATGACA-1	P10_T1	-0.009087106784184756	-0.10270835189592273	0.7056725478172302	14214	13448
TTACTAAAGGACTTTA-1	P10_T1	-0.04448759833971659	0.2249897993178595	0.7158032882213593	10042	10391
TTACTCCGGCCGGGAA-1	P10_T1	-0.11910740534464519	0.13950467200506303	-0.36155196984608967	10042	7717
TTACTGGGATATTTCA-1	P10_T1	0.07510533703698052	0.23228780814579555	-0.07896554311116544	7407	9627
TTAGAAGAACATGACT-1	P10_T1	0.4201837748951382	0.22923386142367408	0.12932147661844884	8505	11155
TTAGACGAGTCACCTC-1	P10_T1	-0.10306307315826416	-0.014008409125464305	0.6183899863560993	10261	10391
TTAGAGTTTAGAAGGA-1	P10_T1	0.035523744689093695	0.2819629156021845	1.0315362612406414	10920	10009
TTAGATAGGTCGATAC-1	P10_T1	-0.17261942148208617	0.24827839709463578	0.68465389808019	3783	3705
TTAGCAACATGGATGT-1	P10_T1	0.17308873719639248	0.2449629995368776	1.3569844341278077	4552	5042
TTAGCTGATTTGCCGT-1	P10_T1	-0.007589233848783683	0.27646621658688497	0.6178625710805257	11799	8481
TTAGTAAACCTGCTCT-1	P10_T1	0.2905354667372174	0.2476916616019748	0.9599463315804801	11799	13066
TTAGTAGGGCGGCGGG-1	P10_T1	-0.026551775932312012	0.33490338961283367	0.4392183526357015	4332	7717
TTAGTTATTCGTGGCA-1	P10_T1	-0.17093235850334168	0.45846015424955455	0.2028033622105916	11469	10200
TTATAGATGCACATTA-1	P10_T1	0.050061432222525265	0.2095168646602404	0.8213000587622326	7297	2176
TTATATACGCTGTCAC-1	P10_T1	-0.11687892119089763	-0.008379958811260413	0.36046992460886634	9603	8481
TTATATTTGGCAATCC-1	P10_T1	0.04312378830379911	0.44416016033717565	0.8191102170944213	8505	6188
TTATCCAATCGAACTC-1	P10_T1	0.2097900100549062	0.17969940747533525	0.9738464283943177	5101	3705
TTATCCGGGATCTATA-1	P10_T1	0.10454189115100437	0.1975543731167203	0.4740161617596943	11030	10964
TTATCTGTATCATAAC-1	P10_T1	0.11312927405039466	0.05533119025684535	0.5169252856572468	8066	5424
TTATGAATGAAAGGGA-1	P10_T1	0.11808278481165567	0.1669086325736273	0.04850826740264891	8395	9054
TTATGACAAACTGGAT-1	P10_T1	-0.009268645445505779	0.09402322144735425	-0.5825849533081054	5321	6379
TTATGATCTTAACGAA-1	P10_T1	0.0920287987920973	-0.17304540021078926	-0.08103909333546955	10481	8481
TTATGCGTCCCGGTCC-1	P10_T1	0.023768223126729326	0.21947859196435843	0.3581573049227398	6419	2558
TTATTAGAGCGTGTTC-1	P10_T1	-0.1029866623878479	-0.007807735602060939	0.41763161977132157	9164	10009
TTATTAGGGAAGCATC-1	P10_T1	0.12712607079082067	0.22540352389926005	0.6551046951611836	7956	4087
TTATTATCTGGAAGGC-1	P10_T1	-0.09510191520055135	0.02568064859935215	-0.2054561603069306	14763	11729
TTCAAAGTCTCTAGCC-1	P10_T1	0.2449058797624376	0.040989712079366025	0.09124407450358074	9713	7908
TTCAACGACCCGACCG-1	P10_T1	0.13474522037638562	0.14574322760105135	0.658611131509145	6748	5042
TTCAAGCCGAGCTGAG-1	P10_T1	-0.03926854372024536	-0.01808765644118901	-0.5787679743766785	9713	3705
TTCAATACTCTGAATC-1	P10_T1	-0.10092310706774393	0.34798663105283467	-0.6641367673873901	10920	8481
TTCACGAAAGGATCAC-1	P10_T1	-0.05524211035834417	0.261442993311655	-0.007016925811767605	7407	8481
TTCACTCGAGCACCTA-1	P10_T1	-0.054402276674906415	0.2158387549718221	0.12422563234965	9054	11729
TTCAGCCCTGGTCCAC-1	P10_T1	-0.1494773499170939	0.1165557775043306	0.3139377355575561	10810	10200
TTCAGCTGGCGTGCCC-1	P10_T1	0.018147510025236346	0.4354562504518599	0.7602975718180339	11908	11729
TTCATGGCGCAACAGG-1	P10_T1	-0.09927291949590047	0.0073201110249473955	-0.5711320924758911	9713	4851
TTCCACACAGATTTGA-1	P10_T1	-0.023116540908813477	-0.08427106312343052	-0.3602966499328613	6528	10773
TTCCATCGACAGCGTG-1	P10_T1	0.06912755343649121	0.10810596065861838	0.5149307513237	13226	12875
TTCCGCGTGAGGCGAT-1	P10_T1	0.03216453539000619	0.14586712479591368	1.2079467932383219	8505	10009
TTCCGGTTACCCACTT-1	P10_T1	-0.14751801490783692	0.3626778095109122	0.6974680145581562	11030	9818
TTCCTCGAGGGTGTCT-1	P10_T1	0.06058333781030445	-0.04742245305152168	0.45286084175109864	6858	5233
TTCCTCGGACTAACCA-1	P10_T1	0.013742121060689297	0.3055396175952184	1.0481802590688067	10920	10773
TTCCTTTCTGTGTTGC-1	P10_T1	0.07679853598276774	0.2696438033240182	-0.294021463394165	4223	3322
TTCGACAGAGCCCGTG-1	P10_T1	-0.08951432943344116	-0.12164026600973947	-0.5314526653289795	8944	11155
TTCGACGGGAAGGGCG-1	P10_T1	0.045967220465342185	0.16549763475145612	0.7095524621009827	6309	5806
TTCGCACTCGCGTGCT-1	P10_T1	-0.09160508394241333	0.11331686127753487	0.7474394392967224	6419	5997
TTCGCATCCGGAAGCA-1	P10_T1	-0.033686395088831575	0.12138014546462467	0.7930339868863423	3564	3322
TTCGGCTAGAGATGGT-1	P10_T1	0.022165333429972317	0.07267131090164186	1.2224991385142006	4113	4660
TTCGGGACTAATCGCG-1	P10_T1	0.15460129605399237	0.21470635834194363	-0.6941358232498169	9383	8099
TTCGGGTTGCCACGGG-1	P10_T1	0.2297331476211548	0.2850097908860161	0.8699626723925273	14324	12875
TTCGGTGGAGACGCCC-1	P10_T1	0.434485756026374	0.22530493015334718	0.23824296951293944	14763	10200
TTCGTACTCCAGAACG-1	P10_T1	0.09972973770565456	-0.08494475183032807	-0.23281326452891027	4662	6761
TTCTAACCGAAGCTTA-1	P10_T1	-0.010543891191482524	0.2399466864551817	0.03605706612269077	11359	7717
TTCTACTTGCGAGGGC-1	P10_T1	0.1314816572931078	-0.026456086522056943	1.2885860045750936	4991	5424
TTCTAGGCCAATTGTG-1	P10_T1	0.06521858400768704	0.20390645393303464	0.36601282159487414	6309	5424
TTCTGACCGGGCTCAA-1	P10_T1	-0.09218567689259848	0.009974020549229218	-0.13503429412841794	10701	11155
TTCTGCCGCGCCTAGA-1	P10_T1	-0.09927021900812785	0.09597012587956019	0.2750204229354858	9054	10582
TTCTGCGGGTTAGCGG-1	P10_T1	0.0667319819662306	0.10748632272084552	0.5107698186238606	10261	8863
TTCTTAGTGAACGGTG-1	P10_T1	-0.09990062952041626	-0.184029951776777	0.7567517948150635	5211	4660
TTCTTAGTGGCTCAGA-1	P10_T1	0.07227484040790133	0.04145364193689255	0.6965289831161499	8175	4469
TTCTTATCCGCTGGGT-1	P10_T1	-0.11413296858469645	0.1525138565472194	0.170166343053182	12567	10582
TTCTTGAGCCGCGCTA-1	P10_T1	-0.029488074779510497	-0.10413926328931536	-0.2492365312576294	5979	10200
TTCTTGGAGTAATGAG-1	P10_T1	-0.09278269092241923	0.3240485257194156	-0.09396830717722571	10152	5233
TTCTTGTAACCTAATG-1	P10_T1	0.23106606165568036	0.7518760055587406	1.4992025391260781	5321	5615
TTGAACGAATCCTTTG-1	P10_T1	0.18227623992496067	0.3078053349540347	0.11202596346537264	3783	4851
TTGAACGACGTGCTGA-1	P10_T1	0.20716413603888617	0.29693571090698245	-0.5463505125045777	11140	12684
TTGAAGAATTCCCAGG-1	P10_T1	-0.1705247962474823	0.11863468391554693	0.05405974149703985	6968	7334
TTGAATATGGACTTTC-1	P10_T1	-0.08105347355206807	0.07014326436179025	-0.07580580472946163	9822	7717
TTGAATTCACGTGAGG-1	P10_T1	0.0645955444706811	0.17886650482813518	-0.143436172803243	12128	8672
TTGACAGGAGCTCCCG-1	P10_T1	-0.09840405941009521	0.21593623308908377	0.7658229128519695	12348	10200
TTGACCAGGAACAACT-1	P10_T1	-0.08672248363494874	0.15640298321133567	0.5322787443796793	10261	13448
TTGACCATGTTCTCCG-1	P10_T1	-0.060387368202209475	-0.1373166581562587	0.5765535847345988	10042	5806
TTGACGATTCAGCACG-1	P10_T1	0.07556511706776087	0.08895350376764938	0.015844525893529138	7077	2940
TTGACGCTCCATGAGC-1	P10_T1	-0.11092056870460511	0.2794082001845042	0.3606765826543171	12567	9054
TTGACTACCATATGGT-1	P10_T1	-0.10278026103973388	0.2564061102412996	0.7862111536661784	5979	9436
TTGACTATTGTCCGGC-1	P10_T1	0.03973133736186557	0.005112120537530795	1.3785505453745523	12897	10009
TTGAGAAGTTTAGCAT-1	P10_T1	0.02395818034807841	0.24212788144747419	0.19618851105372115	11030	11729
TTGAGAGTACTGCTAA-1	P10_T1	0.3921559429168701	0.2616298116956438	0.9673432159423828	5650	9627
TTGAGCAGCCCACGGT-1	P10_T1	0.2830853152275085	0.26667738395077845	0.07120786666870127	14214	9627
TTGATCTAACTTTGTC-1	P10_T1	-0.10827908118565878	0.12340402273904708	-0.7889547967910766	6638	6761
TTGATTATGCAGATGA-1	P10_T1	0.28471694734361436	0.7251972508430481	0.724364045461019	5101	6379
TTGCACAATTCAGAAA-1	P10_T1	-0.12049294273058574	0.25064356826600576	0.3792498246828716	7736	9436
TTGCACGGAGCAGCAC-1	P10_T1	-0.04700520873069765	0.09447950014046261	0.07416905283927921	7956	5233
TTGCCAAGCAGAACCC-1	P10_T1	0.07793682999081081	0.42645116669791083	0.7104155802726746	13995	9627
TTGCCCTGATCACGGG-1	P10_T1	-0.05580296834309896	0.03170427708398729	0.2667169030507406	5211	8099
TTGCCTTCTCGCCGGG-1	P10_T1	0.11606349945068359	0.26381682055337086	-0.8552482461929322	12897	14212
TTGCGCTTGATCAATA-1	P10_T1	-0.14832716345787048	0.10167330338841396	1.0330118743578593	12567	14403
TTGCGTAGTTTGAGGA-1	P10_T1	0.19789812035030788	0.48989733151027137	1.3568644523620605	3564	5997
TTGCTCATAGTACGTG-1	P10_T1	-0.10921226978302002	0.3055827280453273	1.4028511428833008	13226	14021
TTGCTCCCATACCGGA-1	P10_T1	0.2708600989977519	0.2043657214300973	-0.8849077367782592	9383	5424
TTGCTGAAGGAACCAC-1	P10_T1	0.1880703115463257	0.04181108264696026	0.8104072984059651	7736	4851
TTGCTGATCATGTTCG-1	P10_T1	0.009211579031414452	0.10597931112561906	-0.15667385021845492	7736	7526
TTGCTGCACCTATCCA-1	P10_T1	0.025125424928135354	0.558195437561898	0.34937737345695496	3674	5424
TTGGACCATCTGGCAA-1	P10_T1	-0.08902511437733969	0.19618330762499858	0.680269010066986	13006	10964
TTGGACCTATAACAGT-1	P10_T1	-0.15723238666852316	-0.03906942855744136	-0.4046824622154236	10920	11920
TTGGAGTCTCCCTTCT-1	P10_T1	-0.019236188266012394	0.1997975582168216	0.3352811725934346	6309	2749
TTGGATATCGTCTACG-1	P10_T1	-0.04367046356201172	-0.10294624941689627	0.2449928331375122	7187	10391
TTGGATCGACTTCTGG-1	P10_T1	-0.035337616834375585	0.13128811960419018	0.3399489983916282	8066	3131
TTGGATTGGGTACCAC-1	P10_T1	0.1305084169904391	0.17682732170536403	0.1515093002716701	7517	4469
TTGGCCATCTTGCGCT-1	P10_T1	-0.03225939704312218	-0.15527702785673594	0.7335743681589764	3783	4469
TTGGCTCAATATGTGT-1	P10_T1	-0.1964220968882243	-0.011028617393402829	0.5165993897120159	13885	13639
TTGGCTCGCATGAGAC-1	P10_T1	0.11971420049667358	0.27715796618234545	1.2737093194325764	5540	5615
TTGGGACACTGCCCGC-1	P10_T1	0.019014661047193737	-0.06181302638280958	-0.7597045111656189	9164	6570
TTGGGACGTAAGAGTT-1	P10_T1	-0.0351660160223643	0.14601243984131584	0.8303305665651958	13446	10964
TTGGGCGGCGGTTGCC-1	P10_T1	0.1719972176022	0.4597317041669573	-0.4198799987634023	9822	6952
TTGTAAGGCCAGTTGG-1	P10_T1	0.08496743771764967	0.3400184497946785	0.46467074076334647	10371	6379
TTGTAATCCGTACTCG-1	P10_T1	0.09856091777483622	0.11155740420023602	0.12452510436375941	7517	7908
TTGTATCACACAGAAT-1	P10_T1	-0.08756956020991008	0.22669602110272363	0.9494846367835998	9603	3514
TTGTCGTTCAGTTACC-1	P10_T1	-0.044382745954725494	0.42964891867978233	0.38220402479171756	7846	5424
TTGTGAACCTAATCCG-1	P10_T1	0.06682775391472709	0.13099688972745624	0.7403424406051635	11359	11920
TTGTGATCTGTTCAGT-1	P10_T1	-0.07669943332672119	0.2746026200907571	0.0645909921328226	13665	14403
TTGTGCAGCCACGTCA-1	P10_T1	0.28832784228854713	0.1660983547710237	-0.56537832736969	9603	12684
TTGTGGCCCTGACAGT-1	P10_T1	0.21336226052708093	0.15426228540284292	0.8307785113652546	8066	4660
TTGTGGTGGTACTAAG-1	P10_T1	0.03488779154088764	0.13101373794532956	0.8538066005706787	11908	13257
TTGTGTTTCCCGAAAG-1	P10_T1	-0.04579940478006999	-0.06081895623888288	0.73279047648112	7956	10964
TTGTTAGCAAATTCGA-1	P10_T1	-0.10489436030387879	0.30062542960757305	1.05792799393336	6089	5424
TTGTTCAGTGTGCTAC-1	P10_T1	0.31831818090544806	-0.22853278023856027	-0.6885377216339111	8505	5806
TTGTTGTGTGTCAAGA-1	P10_T1	0.014113866355684068	0.22644025961558026	0.5785846138000488	9932	7143
TTGTTTGTGTAAATTC-1	P10_T1	-0.005294916762246027	0.0775002549659638	0.5082979015509288	7077	2558
AAACCGGGTAGGTACC-1	P11_T1	0.01368081876966687	0.20307956181943362	-0.28544498332823165	4503	9281
AAACCGTTCGTCCAGG-1	P11_T1	-0.06422253521283469	0.12037495191368244	-0.48720232946704134	6041	11192
AAACGAGACGGTTGAT-1	P11_T1	-0.1991894221835666	0.07691315707413493	0.3702187465898918	10103	7942
AAACTGCTGGCTCCAA-1	P11_T1	-0.12066685212983025	0.2622674797673167	0.8318252828386096	8786	9853
AAAGGCTCTCGCGCCG-1	P11_T1	-0.15381066703796387	-0.18852664952974948	0.601768024039991	7469	11765
AAAGGGATGTAGCAAG-1	P11_T1	-0.12265957355499267	0.07789365126045977	0.9341572294331562	8236	5841
AAAGTAGCATTGCTCA-1	P11_T1	-0.20660820484161377	-0.11645774171823758	0.5667304607352825	4394	11001
AAATACCTATAAGCAT-1	P11_T1	0.0677233250935872	0.28374157150017154	0.43093688560254645	9006	10236
AAATAGGGTGCTATTG-1	P11_T1	-0.2951266884803772	0.13687895883120232	0.1059759783022331	10104	11382
AAATCGTGTACCACAA-1	P11_T1	-0.06789710301823088	0.12673996857864694	0.6060578275208522	7578	9663
AAATGGTCAATGTGCC-1	P11_T1	0.012373389138115753	0.32258676702677924	-0.5926773114637895	7028	7561
AAATTAACGGGTAGCT-1	P11_T1	0.14175368844138253	-0.04179437656343382	0.33245222375850486	7797	7752
AAATTGATAGTCCTTT-1	P11_T1	0.19280478837754988	0.08153433194019277	0.680806718691431	4833	11765
AAATTTGCGGGTGTGG-1	P11_T1	-0.14721346282958983	-0.1367231658673218	0.6212355632974644	5052	10236
AACAACTGGTAGTTGC-1	P11_T1	-0.15172423362731935	-0.07921495205351821	-0.32428181773484355	6040	6606
AACAGGATGGGCCGCG-1	P11_T1	0.22024768352508545	-0.07436818106468222	-0.2460646340341279	4832	6797
AACCAAGACTTCTCTG-1	P11_T1	-0.3226206932067871	0.04322664677356697	0.6219324415380305	4063	8135
AACCGAGCTTGGTCAT-1	P11_T1	-0.15677937984466553	0.03540651772060957	1.7350346632678098	9114	5841
AACCTTTAAATACGGT-1	P11_T1	-0.13816682787736256	0.17611975512452205	0.6173714992373881	8896	11573
AACGATAATGCCGTAG-1	P11_T1	0.01825812400711907	0.1792387440302538	0.8292058935069074	9445	11382
AACGATATGTCAACTG-1	P11_T1	-0.09276214599609375	0.12787103652954102	1.1211919832711268	9773	5840
AACGCGGTCTCCAGCC-1	P11_T1	0.25627907435099284	-0.10420216188731371	0.750088222099073	8565	5650
AACGGCCATCTCCGGT-1	P11_T1	-0.027387216567993165	0.18331374872721368	-0.21431439091460874	5711	10236
AACGTACTGTGGGTAC-1	P11_T1	0.012255883640713144	0.16020748101765467	-0.4309345640317358	6041	10427
AACGTGCGAAAGTCTC-1	P11_T1	-0.0007541545761955981	-0.033690832263533005	0.3085679381784767	9554	8134
AACTAGGCTTGGGTGT-1	P11_T1	0.08459538414743212	0.2870418060759532	0.7050057143876047	8127	11764
AACTCAAGTTAATTGC-1	P11_T1	0.007189984957377105	0.12036862548124025	-0.5368625094192196	6260	8516
AACTCTCAATAGAGCG-1	P11_T1	0.03897815079159206	0.2558054323979754	0.6651994748549028	11641	7942
AACTCTCAGTGTGCTC-1	P11_T1	-0.17121867116292316	0.30682714623617	-0.5732373998622702	5931	11383
AAGACCCAACTGAACA-1	P11_T1	-0.19356095886230468	0.06039581531098373	0.45879197843147046	7359	12720
AAGACTGCAAGCTACT-1	P11_T1	-0.14684471893310547	0.14056043945957392	0.3412679132789072	8895	8134
AAGAGCTCTTTATCGG-1	P11_T1	-0.2544248811933729	0.2402477360614278	0.7281959803417476	9884	7942
AAGAGGATGTACGCGA-1	P11_T1	-0.11915341758728028	-0.16843256431186096	0.40242009933548745	4613	8708
AAGAGGCATGGATCGC-1	P11_T1	-0.022471013307571397	0.06092162369087756	0.3253915388174732	10213	8133
AAGCATACTCTCCTGA-1	P11_T1	0.057028687106238485	0.251017708477227	0.6527346992733501	9006	11382
AAGCGTCCCTCATCGA-1	P11_T1	-0.14467877960205078	-0.10694009731697147	-0.26151446862654254	5272	12147
AAGCTAGATCGAGTAA-1	P11_T1	-0.07971083007918467	0.1830217615837354	0.4853326864916868	8896	10809
AAGCTCGTGCCAAGTC-1	P11_T1	-0.0020877938800387963	0.21241117955506586	0.6339844128098151	9444	7942
AAGGAGCGGTTGGTGC-1	P11_T1	-0.1528740768962436	0.23373701362919555	-0.4038592059202869	6699	6606
AAGGCTGTGCTCATCG-1	P11_T1	-0.16187974272833933	0.11133726927475807	-0.5773412302286938	6479	6988
AAGGTATCCTAATATA-1	P11_T1	-0.28291148853302	0.05565251986413425	0.5071579085456001	10322	6031
AAGTAGTGACGCGAGG-1	P11_T1	-0.07036094077428182	0.06735206243814235	-0.6406332748104827	4832	7561
AAGTGACGACCGAATT-1	P11_T1	-0.2093286018371582	0.029763704896997922	0.4847083356645372	4173	9090
AAGTGAGTCGGGTTTA-1	P11_T1	-0.08396481323242187	0.1122261823191456	-0.28813458211494214	6700	13102
AAGTGCGTTAGAATCT-1	P11_T1	-0.1300791006088257	-0.14051629069199875	1.3565036817030474	4393	10619
AAGTGTTTGGAGACGG-1	P11_T1	0.12279910230636598	0.05029624905490601	1.1401062950943457	10214	11191
AAGTTCGGCCAACAGG-1	P11_T1	-0.17794174194335938	0.050538038455995915	-0.4482441984041773	5162	10045
AATAACAACGCTCGGC-1	P11_T1	-0.2584105634689331	-0.00748275600395093	-0.362817574029017	4722	8135
AATAACACTAGAACAA-1	P11_T1	-0.21418672943115236	0.1160964402223385	-0.45633701844648883	5602	11192
AATAGAACAGAGTGGC-1	P11_T1	0.17004558096991645	-0.06025323969131441	0.09282804498768815	6480	11192
AATAGTCCGTCCCGAC-1	P11_T1	-0.13355279541015624	-0.1422112063213884	-0.42960354776093457	7688	12147
AATATTGGAGTATTGA-1	P11_T1	-0.05846869283252293	0.15426535421934373	0.2464734665071121	3844	8135
AATCGCCTCAGCGCCA-1	P11_T1	0.061129067367977574	0.005925127462534652	0.4774208707038803	10103	8707
AATGACAGCAATGTCT-1	P11_T1	0.06666765689849855	0.22156689194348617	0.4035703076256646	4723	10428
AATGACGTAGGATGTC-1	P11_T1	0.2341369867324829	0.14914784544176904	1.0045371103768397	9994	9662
AATGCAACCGGGTACC-1	P11_T1	-0.24305393600463868	0.08314073040241726	-0.43025230879735465	7907	6032
AATGTGCCCGAGGTGT-1	P11_T1	0.23600629446241594	0.3561070350202471	-0.29899298542677755	4394	11765
AATTAAAGGTCGGCGT-1	P11_T1	0.05805526849958631	-0.19352748742417825	0.4167842961320973	6919	8898
AATTAACGGATTTCCA-1	P11_T1	0.23398550547493827	0.1378094844569905	0.3314317801986078	8677	12338
AATTAGCGCTGCAGCG-1	P11_T1	-0.01035668283038671	0.09685632380111628	0.2126282020048662	8347	11000
AATTCTAGAGTTAGGC-1	P11_T1	-0.2842104892730713	0.22831121978012858	0.44250192545881173	8347	10618
AATTGAACGCTCTGGT-1	P11_T1	-0.0007681642638312502	0.1227532786876675	0.7436178272420709	10543	9853
ACAAATGGTAGTGTTT-1	P11_T1	-0.03394303094016182	0.08952227502406612	0.1013640213494349	10653	9662
ACAACAGCATGAGCTA-1	P11_T1	0.009550568262736037	0.2872559012064164	-0.04997236800916266	9334	7369
ACAAGCAGTGCCTAGC-1	P11_T1	0.03263254144456648	-0.20181265396511658	-0.46529080169369474	4283	6988
ACAAGGAAATCCGCCC-1	P11_T1	0.07987034323480391	0.0807225168776034	0.5753231512175667	9665	10618
ACAAGGACAAGAGGTT-1	P11_T1	0.09858479764726424	0.08182992076691609	-0.3296662075350983	5491	6797
ACAAGGGCAGGCTCTG-1	P11_T1	-0.05377713267008466	-0.03319876310135367	0.31756643574647225	9774	9662
ACAATAGTCGTACGTT-1	P11_T1	0.12958869043986004	0.09273334714266496	0.44837063490742385	3624	9281
ACAATCCATTTAAACC-1	P11_T1	0.32029763788647125	-0.16319508402258756	0.4074277733311509	4942	8135
ACACAAAGACGGGTGG-1	P11_T1	-0.29552301406860354	0.22900836452941384	-0.5661504340894294	7577	5841
ACACACCAGGACCAGT-1	P11_T1	-0.17640517711639403	-0.17682615187243267	-0.2872797359119762	11312	9662
ACACCCAGCATGCAGC-1	P11_T1	-0.23483055257797242	0.04632950358541099	-0.5408062597717902	6918	5841
ACACGAGACTCCTTCT-1	P11_T1	-0.22683970451354982	-0.19086127021592805	-0.2826525273949209	9225	7178
ACACGGGAACTTAGGG-1	P11_T1	-0.16189553833007814	-0.14029252904875572	-0.2971308640759401	9224	6414
ACACTGATCAAGGTGT-1	P11_T1	0.2649547332922617	0.39280076346288095	0.5249949031405978	6700	11192
ACAGAACTGAGAACAA-1	P11_T1	0.10517350122663713	0.08545338025862757	0.8099488128315318	4064	11192
ACAGGTGGAGGTGAGG-1	P11_T1	-0.04343387370639379	-0.03369995134721626	0.08760030823524556	5711	11001
ACATAATAAGGCGGTG-1	P11_T1	-0.09323055171966553	0.17426444369491895	0.6711202004943231	8346	5268
ACATCCCGGCCATACG-1	P11_T1	-0.18139952659606934	0.2911449357682222	-0.2773973725058816	7688	11765
ACATCGATCGTTTACC-1	P11_T1	0.09243207176526386	0.20449953754686012	0.8371656278167109	8237	9280
ACATCGGTCAGCCGCG-1	P11_T1	-0.12838453006744385	0.0841045176402204	0.6362654560744161	5491	9090
ACATCGTATGCAATGG-1	P11_T1	-0.11565051947699656	0.07830511590015807	0.8583899507618914	10323	9853
ACATTAGTTTATATCC-1	P11_T1	-0.2112930154800415	0.11300348256356169	-0.455057548754143	8127	11000
ACCAACGCTTATTTAT-1	P11_T1	-0.22068581199645995	0.15965876700543402	0.826257246913332	6810	11383
ACCACAAGTTTCTATC-1	P11_T1	-0.15985756778717042	0.1869132372460825	-0.3310586924504752	7358	6988
ACCACGTGCAGCTATA-1	P11_T1	0.3120431934992472	-0.05037744361782712	0.5043863672198672	9774	10426
ACCATATCCGCAATAA-1	P11_T1	0.1628664387596978	-0.16711183673672828	0.2606639308158798	7578	8516
ACCATCGTATATGGTA-1	P11_T1	-0.1165819320678711	-0.10658068643258431	0.5895393328233198	6040	9281
ACCCAACGCCCGTGGC-1	P11_T1	-0.1472105991045634	-0.010114472113912643	-0.10142978754910553	10872	6987
ACCCATCTTGAGGGTA-1	P11_T1	-0.25721649169921873	-0.16400563955990155	-0.2727653667180225	5491	8326
ACCCGGAAACTCCCAG-1	P11_T1	-0.01741180536482073	0.04694361550646273	0.6432576926067621	8567	12146
ACCCGGTTACACTTCC-1	P11_T1	-0.0565482939084371	0.11462588771935747	0.5434858726732659	6699	9281
ACCCGTGTCATCAGTA-1	P11_T1	-0.16259713554382324	-0.15929435317359203	0.6541166835361056	7359	12338
ACCCTATGCCATATCG-1	P11_T1	-0.12840792798995973	-0.06671582619235303	-0.3995452011474455	5821	11956
ACCGACTGAGTCCCAC-1	P11_T1	-0.1078108777999878	-0.16775711696264053	0.5433519633129389	8675	6605
ACCGATGGTAGCATCG-1	P11_T1	-0.17260710430145262	0.295537891337842	0.4293122002572724	11531	8133
ACCGCAATAACTGCCT-1	P11_T1	0.08379612901475691	0.09798226022333217	0.8632328251395563	10104	11000
ACCTAAGTACCTTTCA-1	P11_T1	0.08028965451982287	0.02195110777615364	0.8556409411960179	4723	10810
ACCTAATCGACTTCCT-1	P11_T1	-0.14247252082824707	0.28065120513482444	-0.3158835859009714	4722	7370
ACGATCATACATAGAG-1	P11_T1	-0.1820780334472656	0.09076738727582331	-0.2044730017883609	8346	6032
ACGATGCATATGTTAT-1	P11_T1	-0.17840811109542848	-0.00806398386600024	0.1578349332616787	6150	8325
ACGCATTCGTGAGTAC-1	P11_T1	-0.13015594402949013	-0.02826665283501889	0.8120366912899596	8126	7561
ACGCCGCTAGACGACC-1	P11_T1	-0.05726242478688559	-0.21038109115338258	0.16935286618242362	9225	9471
ACGCGAAGTCAGACGA-1	P11_T1	0.20494972281985813	0.17088037381996513	1.1901203622721663	7908	10618
ACGCGCTACACAGGGT-1	P11_T1	-0.2383407974243164	-0.18253492079354972	0.3716267913278907	4832	9090
ACGCGGGCCAAGGACA-1	P11_T1	0.028039450645446773	-0.1403635477268252	0.22478088706430766	8236	7752
ACGGCACTTGCTTGGG-1	P11_T1	0.0405774362352159	0.039372235963542696	1.2425664783728243	8018	11191
ACGGCCAACATGGACT-1	P11_T1	0.15837044747670492	0.13875446028103683	0.04111685656537922	7468	11382
ACGGCGACGATGGGAA-1	P11_T1	0.14969491121504042	0.068305616847879	0.24408442083031245	9884	10618
ACGGGAGTGTCGGCCC-1	P11_T1	-0.1652373504638672	-0.168511325786995	-0.37021416124671397	4174	10237
ACGTAGATTGCTGATG-1	P11_T1	0.28877172035641147	-0.08350764640536668	1.0933824067163949	8785	7560
ACGTTAATGTCGAAGA-1	P11_T1	0.026266340838538293	0.10118832589334381	0.6343093375967006	9005	9089
ACGTTAGATTTGCCCG-1	P11_T1	-0.18756375026702882	-0.017214370661956885	-0.43987990629793416	5711	8708
ACTACCAGCTCTCTGG-1	P11_T1	-0.11191153526306152	-0.06389190406034191	-0.31341868217545327	5930	6032
ACTACGCGTTAGAATT-1	P11_T1	0.09534030871921115	0.018578330846547836	-0.2763493831711586	7579	12720
ACTATTTCCGGGCCCA-1	P11_T1	0.1260177110036214	0.03400811766485087	-0.4356010080587984	5931	12529
ACTCAATAAAGGCACG-1	P11_T1	0.12544302712546457	0.24229492151748594	0.24638323470799606	9005	6032
ACTCCCTAATGCTAAA-1	P11_T1	-0.2457965659565396	0.10324516076925488	0.6925737141358731	9006	12146
ACTCCCTAGAATAGTA-1	P11_T1	0.20942818397945834	0.01639743344262315	0.12740679220719775	9116	10427
ACTCGTAACCCGTCCT-1	P11_T1	0.13953898249732125	0.1087146125299769	1.595289697550764	3954	10619
ACTCGTCAGTAATCCC-1	P11_T1	0.025613799307081464	0.05448445265022139	0.5480690122854829	9994	8133
ACTCTCTGACTTAGGT-1	P11_T1	0.21582183660401238	0.05834528726259636	0.20974665097516	9994	9280
ACTCTTGTATAGTAAC-1	P11_T1	-0.17941521453857423	-0.19237098447914452	0.4964154200120406	9115	8134
ACTGTACGATACACAT-1	P11_T1	-0.04928517593277826	0.19293157918576181	0.8912587671568899	9993	6987
ACTGTAGCACTTTGGA-1	P11_T1	-0.08432953834533691	-0.06349839522025646	-0.3795915661436139	5710	6415
ACTGTCCAGGATTATA-1	P11_T1	-0.2197788610458374	0.48095336752839624	0.41209441001969155	7468	7561
ACTGTCTTCTTTAGAA-1	P11_T1	0.07019003518422445	0.005184173954022764	0.6001447005705399	8456	6987
ACTTATACTTACCCGG-1	P11_T1	-0.20752092838287353	0.12386161606997224	0.29176313949353766	11311	8133
ACTTATTAGGATCGGT-1	P11_T1	0.09521754052903914	0.019099505491903424	0.3631330451580009	7138	8516
ACTTCGCCATACGCAC-1	P11_T1	-0.0783618271085951	-0.07698341370084338	0.08972717776443023	9664	6414
ACTTGACTCCCTCTTT-1	P11_T1	0.0009363004896376093	0.20959283893975966	0.20621700298906576	9335	9280
ACTTGGGACCCGGTGG-1	P11_T1	-0.03504754977756075	0.22797832196825663	-0.47187041363330806	6809	6797
ACTTTCCTATAGCTTC-1	P11_T1	0.0822576536602444	0.2859920107304993	1.3467023300402092	8236	6605
AGAACGTGGTACATTC-1	P11_T1	0.22203844833374023	0.08070776780218655	0.4574058429159299	9444	6414
AGAAGGTTGCCGAATT-1	P11_T1	-0.1616811046600342	0.038246626897208896	-0.3716187525277186	6260	9281
AGACCCACCGCTGATC-1	P11_T1	-0.08687616602579754	0.25232848695834253	0.38205534159535115	8566	10618
AGACCCGCCCTCCTCG-1	P11_T1	0.11485032410091822	-0.1506958164936492	-0.4108391193428425	7577	6223
AGACCGGGAAACCCTG-1	P11_T1	-0.15350725746154786	0.1912684816913368	-0.2961063842580776	3295	9090
AGACGACGATGCCGCT-1	P11_T1	-0.2306415729522705	0.007615872930091333	-0.41814327962470776	5053	11383
AGACTAGCCTTCCAGA-1	P11_T1	-0.21417486582862005	0.12890215196718802	-0.5412954971043751	6479	6606
AGAGAAGGAGTACAAT-1	P11_T1	0.187543781598409	-0.10716512756566264	-0.366714080174764	5163	12338
AGATAACTTCAGGGCC-1	P11_T1	0.14172899982664322	-0.024972573420835198	0.2502346833546957	6260	7370
AGATACCGGTGTTCAC-1	P11_T1	-0.13739751148223878	0.1898038141365379	-0.45457504975675334	5601	8899
AGATACTCAAGATCGA-1	P11_T1	-0.17371018218994141	-0.11663339267829086	1.0652796812731808	10433	10044
AGATCTCAGGTGTGAT-1	P11_T1	-0.016635876337687205	0.1180450468543835	0.7288643043450634	9664	6796
AGATGACTCGCCCACG-1	P11_T1	-0.15810418128967285	-0.05635180514316504	-0.36323360963301227	7467	5268
AGATTATAGGACGTTT-1	P11_T1	0.07056424215104845	0.010948591097947408	-0.3854789806134773	7358	8134
AGCAAAGGCCGCTAGT-1	P11_T1	-0.2988850393295288	0.426063453171975	-0.37630361980862087	9336	12720
AGCACCAGTACTCACG-1	P11_T1	-0.22117037349277074	0.24504453248371938	1.028963090193392	8566	6414
AGCACTTAAGGACGCC-1	P11_T1	-0.18159632205963136	0.17701362427804396	0.15473912942289098	5271	7179
AGCAGCCAGATGAATA-1	P11_T1	-0.21951809978485107	-0.1526243727664893	-0.4675133517294219	7798	11956
AGCCCATACATGTAAG-1	P11_T1	0.014237956047058103	0.016480159708285397	0.9291873772939045	4283	9281
AGCGACAGGAACGGTC-1	P11_T1	0.3091931684282091	0.07874918678542375	-0.531209692810521	5492	11001
AGCGACCAACGATATT-1	P11_T1	-0.32069001507759093	0.18755026834855906	-0.5283437907093703	7467	6032
AGCGCATAATGAATCG-1	P11_T1	-0.10474026203155518	-0.09590195926349279	-0.3884274092587558	7469	12147
AGCGTGGTATTCTACT-1	P11_T1	0.0976208776368035	0.22308988398102886	0.3365753094355265	9225	9853
AGCTCTAGACGTTCCA-1	P11_T1	-0.04800404715538026	0.08768577120821025	0.465194942373218	9774	8516
AGCTCTTTACTCAGTT-1	P11_T1	-0.10646949423684016	0.10683054099110273	-0.496766402263834	6370	9090
AGCTTGATCTTAACTT-1	P11_T1	0.037513694763183586	-0.003997976083126992	-0.4970883167151249	3954	9090
AGGAAGCTGTCCGCCG-1	P11_T1	-0.040576242526372264	0.015953833032701814	-0.6286663924804842	8567	12911
AGGACAGTCGAATCCC-1	P11_T1	-0.08892769214842053	0.22458402480869602	0.6371559771624479	10763	9471
AGGACGACCCATTAGA-1	P11_T1	0.008846622255113346	-0.013251938018325166	0.4711692092394588	6370	9472
AGGATAAAGTCGGGAT-1	P11_T1	0.1343800073862076	0.18736985901507636	0.33598609705163973	8567	11382
AGGCAGGGAGCGTACT-1	P11_T1	-0.13239244079589843	0.09562988495302976	0.7041825333026925	6810	12529
AGGCCACCCGTTATGA-1	P11_T1	-0.06630203723907471	0.46509367700064874	-0.2747033316679675	5600	6606
AGGCCCTAGAACGCCA-1	P11_T1	-0.2578757219314575	-0.21198373401062537	0.5204634232954546	4174	9855
AGGCTTCCCGAAGAAG-1	P11_T1	0.16287032477060956	0.14478459034858712	-0.0008359942773376039	6041	10809
AGGGACTCTACGCGAC-1	P11_T1	-0.13130577659606935	0.07086170118198923	-0.23891239936905678	7249	11765
AGGGCTGCAGTTACAG-1	P11_T1	-0.15512616062164306	0.037940720090893415	0.44647350455775403	8566	7943
AGGGTCGATGCGAACT-1	P11_T1	-0.19986810493469237	-0.12226137664051658	0.7261846691671043	12080	8324
AGGGTGCTCTCGAGGG-1	P11_T1	0.1096625368330214	0.46382417292854505	0.4295478974929963	11531	7751
AGGGTTTAGTTCGGGA-1	P11_T1	0.06543686962127684	0.1786522021607888	-0.35991899654118703	8346	7561
AGGTAGGTACAAAGCT-1	P11_T1	-0.12135439833005271	0.2568178870986503	-0.657677442136437	4832	7944
AGGTTTCACACACCTT-1	P11_T1	0.13909008921517263	0.07825426832766569	0.7714753343601418	8786	9089
AGTACGGGCACCTGGC-1	P11_T1	0.1719376099904378	0.06372272712111815	-0.3491967735868512	10103	6031
AGTATTTGGCACGACC-1	P11_T1	-0.09652452087402344	0.08842491021925994	-0.10490788835467714	7139	12338
AGTCAACACCACCATC-1	P11_T1	-0.25879837036132813	0.14795518339875777	-0.5042345391379462	6589	9090
AGTCGACGGTCTCAAG-1	P11_T1	-0.20404807090759278	0.08644576747870603	0.30842149378073336	11311	8515
AGTCGGCTCAACTTTA-1	P11_T1	-0.18045859336853026	-0.14569676844643317	0.41977448896928266	3954	10237
AGTCTTCTCCTCAAAT-1	P11_T1	-0.2093729944229126	0.510649666574418	0.5166573500392413	8675	5841
AGTGACCTACTTTACG-1	P11_T1	0.028995979203118194	-0.23815204147623056	1.6232434523226034	7139	9663
AGTGAGACTTCCAGTA-1	P11_T1	-0.2161075019836426	-0.18204878462761384	0.5022087097167969	10982	7942
AGTGATATGAGTAGTT-1	P11_T1	-0.09005751789940725	0.11759997484449444	0.41596200971892383	6809	9854
AGTGATTCAAGCAGGA-1	P11_T1	-0.125222562789917	-0.17845711393820865	0.6871278310062909	10982	7560
AGTGCGTAGCTCGTAA-1	P11_T1	-0.20348130893707275	0.24652482217681215	-0.4903166534924748	6041	10045
AGTGCTTGCACGAATA-1	P11_T1	0.1686561649110582	0.5598272008904983	1.0918349111923062	11202	9089
AGTTAAACACTTGCGA-1	P11_T1	-0.036432365099589	0.21235390043076494	-0.5608179978650025	6260	8899
AGTTCCTACAGAATTA-1	P11_T1	-0.038933451573054	0.14395355062475634	-0.2844505960291082	6918	6988
AGTTCCTATTTATGTT-1	P11_T1	-0.08505824822849695	0.06931033149831273	0.9256182872887813	8566	9471
AGTTTGCACCTGCCTC-1	P11_T1	0.182723867310418	0.041905018411142636	0.9257837136586506	9555	12337
AGTTTGGCCAGACCTA-1	P11_T1	-0.19859047889709472	0.03753495956446404	0.5984915723704329	4833	10237
ATAAACGGACCCGTAA-1	P11_T1	-0.03091552077399362	0.19168308311797602	0.2721376948886447	8127	10236
ATAAAGGCTCGGTCGT-1	P11_T1	-0.14833037662506104	0.38726048466127716	-0.2559040194810039	6919	7752
ATAAATATTAGCAGCT-1	P11_T1	-0.011951803207397471	0.006235667747207907	-0.4425680492863511	4503	8517
ATAACGCCGGAGGGTC-1	P11_T1	-0.11229402009646097	0.029864745401379733	-0.15838109182588977	10323	7942
ATAACGGAGTCCAACG-1	P11_T1	-0.09487880420684815	-0.13728580502179427	0.5597966849201859	9664	6032
ATAAGGTGGAGAACAT-1	P11_T1	0.011697963966263658	0.17925228595150117	0.9722398164296391	9335	10809
ATAAGTTACCGCGACG-1	P11_T1	-8.366288079153517e-05	0.08620438550411236	0.7843404740396173	7139	10045
ATAATAGCTGTTGAAT-1	P11_T1	-0.22586593294143678	0.10670942147800552	0.7309808249425407	8347	10236
ATACAGGCCCTCCAAT-1	P11_T1	-0.2524525537490845	0.42083216197397333	0.47487955623202854	9336	11955
ATACCACGGGCAACTT-1	P11_T1	-0.15326666376325818	0.13135914494565476	-0.5613915438603874	4612	7944
ATACCTAACCAAGAAA-1	P11_T1	-0.12713225046793616	0.10201390151649628	0.28222579667062475	8457	12338
ATACGCCGGCGAAACC-1	P11_T1	-0.019404425594541808	0.2127403134289762	0.6820867495103317	9994	8898
ATACTAGCATGACCCT-1	P11_T1	-0.10816571998596192	-0.10789981885762474	-0.2351083466500947	8126	5268
ATAGACGAAGAGAAAG-1	P11_T1	-0.04139741092258031	-0.1445763336553273	-0.4811451266510318	6369	7561
ATAGAGTACTGGGACA-1	P11_T1	-0.26091957245932684	0.16200649075089124	-0.5687839021586408	6699	6223
ATAGGCGGCTATAGAA-1	P11_T1	-0.10080863285064698	0.29665768954906446	0.5427266732610837	5052	9472
ATAGGTTGGGCAGATG-1	P11_T1	-0.26288547515869143	0.008765435093567253	0.8396806211182566	8456	6605
ATAGTGAAGCGTTCTC-1	P11_T1	0.2817016458378898	0.20010710022311728	0.4407545538863751	7688	9089
ATATAAAGCGCTCGTG-1	P11_T1	-0.016928665955861427	-0.06786437302742443	0.6910735079736421	8896	12337
ATATAAATGTAGCTGC-1	P11_T1	-0.06163733334011501	0.19801116339798303	0.7325859117989587	9555	11573
ATATCTTAGGGCCTTC-1	P11_T1	-0.11967507457733154	0.11796621680828995	-0.4002507720330749	8127	7943
ATATTCAGTTAAACCT-1	P11_T1	-0.1675890054702759	0.41644489474829427	-0.30191674376979016	5821	9663
ATATTCCACATAGTGA-1	P11_T1	0.01258640321095783	-0.11594279481893283	0.9571720241296171	9884	11000
ATATTTAACCCTCAAG-1	P11_T1	-0.07359749984741211	-0.09026791987924658	-0.36899524987345994	7468	7179
ATCAAACGAAGGTTTG-1	P11_T1	-0.17392094135284425	0.1137091354631535	0.5412105117181334	5052	10619
ATCAATCTGGGCTGCA-1	P11_T1	0.572188466389974	0.19139286104337078	0.3569656189041909	8566	7560
ATCACGTGCTAATTAA-1	P11_T1	0.279151909298367	-0.02288984165036803	-0.343008583242243	5382	10045
ATCAGACGGCACGCCG-1	P11_T1	-0.13761879634857177	0.1988568221714344	-0.48570503128899467	6040	9663
ATCATCCAATATTTGT-1	P11_T1	-0.23677369117736816	0.11907339602737282	0.1461791859732734	7907	8707
ATCCAATGGAGGGTCC-1	P11_T1	-0.21685359811782837	0.05247244033909118	0.6685100589135681	4393	9472
ATCCAGAGCAACAACC-1	P11_T1	0.2712428669399685	0.22369774387581867	1.3098532575549502	7139	10809
ATCCAGGATTCGTGAA-1	P11_T1	-0.15934302433331807	0.23869156231169714	-0.5720770642010853	6480	8899
ATCCTACCTAAGCTCT-1	P11_T1	-0.14028243255615233	0.09172765368376899	0.8334747926153319	6699	9663
ATCCTGAATCGCTGCG-1	P11_T1	-0.1290060329437256	0.1568909840233119	-0.4097100797325674	4283	8517
ATCCTGCGTGGAATGG-1	P11_T1	-0.22600014400482177	0.04956415537549069	1.0413092025602706	6590	9854
ATCGACCCAATACAGA-1	P11_T1	0.13657351019647385	0.18783849667056818	0.6895648451766582	8347	9471
ATCGACTCTTTCCGTT-1	P11_T1	0.07380809360080295	-0.0776573252199714	-0.43481120437082615	8126	5650
ATCGCACGCCGGGAGA-1	P11_T1	-0.2787902822494507	0.45544562122314	-0.36676394578182336	7687	6032
ATCGGAGACAGACGGC-1	P11_T1	0.061894224166870127	0.07329907424128843	0.5173281876727789	9775	11191
ATCTAATATCCTACGG-1	P11_T1	-0.10337818119261	0.062049784826571974	0.4578124621901849	8786	11764
ATCTGGTTAAGACTGT-1	P11_T1	0.14372660446166993	-0.11508020835482971	0.3050857433164963	9773	6223
ATGATGCAATGGTACA-1	P11_T1	0.4811869710816277	0.010501042335741617	0.6178383767002761	6919	9663
ATGCACTACCGCATTG-1	P11_T1	-0.16032961511611937	-0.006480278434817188	-0.4216436942418416	6369	6415
ATGCATGATCCAGGAT-1	P11_T1	-0.24960164403915405	0.07360463309766227	-0.4268224600589637	8565	6032
ATGCCATTTGCGACCA-1	P11_T1	-0.19031261348724365	-0.16942657918848075	-0.34916280977653735	11421	9471
ATGCCGGTCTTGCATA-1	P11_T1	-0.24902118645773996	0.16270802597717204	0.2587269014782375	9664	7178
ATGCGACAGTCCCATT-1	P11_T1	0.07693442916870116	-0.15388279111474154	0.3523509767320421	9225	7943
ATGGAGCAGGCCGTGA-1	P11_T1	-0.11084258556365967	0.04069784776073701	0.7879860304822826	8676	8134
ATGGATTGACCAAACG-1	P11_T1	-0.02919599925147165	0.19556732260850693	0.34667153791947797	8126	6414
ATGGGCCTCGGCCTCT-1	P11_T1	-0.09447171020507812	-0.0980570651057115	-0.3887892515972407	11422	9853
ATGGTCGCGTGGTTTC-1	P11_T1	-0.09508595334159003	-0.23954143291899674	0.9153423092582009	10763	9853
ATGTGGACATCTTGAT-1	P11_T1	-0.0826023669772678	0.05640220277744354	1.0425882014361294	9225	10236
ATTAAACATGCGGACC-1	P11_T1	-0.1151612326039208	0.07237509046721252	0.5969082863643916	7907	9471
ATTAATACTACGCGGG-1	P11_T1	-0.12116477870941163	-0.10363511916217968	-0.31651481233461937	8675	5459
ATTACGCGCTGGCAGG-1	P11_T1	-0.038605517705281533	-0.149060224052145	-0.3890090759354408	4722	8899
ATTAGGCGATGCTTTC-1	P11_T1	-0.15894256189134384	0.38104958628742835	-0.06820603091307359	9225	8325
ATTCACTGATGTTGGA-1	P11_T1	-0.2134135797686047	0.06628164709496748	0.5426566152259557	8896	11955
ATTCATATACTGTCCA-1	P11_T1	-0.1769959497451782	0.3000394211799162	0.5240816660601684	8017	10045
ATTCGACGCCGGGCCT-1	P11_T1	0.031075870619879847	0.11242722616723981	-0.4311075403232767	4283	8135
ATTGAAGATCTTAGTG-1	P11_T1	-0.3636820719242096	0.10025376350456117	-0.5597524823564471	6809	7179
ATTGCTGCTCCTCCAT-1	P11_T1	0.3052334558698866	-0.01512867297689005	0.24492926308602997	6150	7943
ATTTACAGTTTACTGG-1	P11_T1	-0.2331051549911499	-0.009721774027932784	-0.34684562923932316	5601	6988
ATTTCCGGGTTCTGCG-1	P11_T1	-0.12497765159606934	-0.07160958656267313	-0.3616538095955897	5272	11765
ATTTGTCTTGGGAGCT-1	P11_T1	-0.33469180387920805	0.13242932490883497	0.6411163517923066	10653	8898
CAAACGAGTATCGCAG-1	P11_T1	0.096318288008372	-0.07795288444362372	0.8892173146960712	6590	10236
CAAACGGTCGCACTTT-1	P11_T1	0.015503471268547897	-0.08519874420639667	-0.5758419783428462	5820	6988
CAAATGTCCTTCCGTG-1	P11_T1	-0.04109986787372166	0.040833596769923125	1.0142048501005076	7248	9854
CAACTGCTCATCCGAT-1	P11_T1	-0.134417724609375	0.02620421758467739	-0.30923382922856496	7469	12529
CAAGAGGGCGGAGTAC-1	P11_T1	-0.31497629356384277	0.11450102296235343	1.0072143463173298	9555	10044
CAAGATATTATAACGT-1	P11_T1	-0.19513525772094725	0.09173242826061012	-0.3277059950009741	11202	9853
CAAGCAACGTCGGAGT-1	P11_T1	-0.1313262062072754	0.06427314288295101	-0.3139812560996624	5601	7370
CAAGCGGCACATAATT-1	P11_T1	0.07486966456307304	0.23445385982706757	0.9091064671073298	9335	11573
CAAGGATCGCATGTTC-1	P11_T1	0.13587517563501994	0.2539966006219786	0.7186817376300542	8896	8898
CAAGTGTGGTTGCAAA-1	P11_T1	0.31621380615234373	-0.16870232297902804	0.7567203068974042	11751	8897
CAATAAACCTTGGCCC-1	P11_T1	-0.21926662254333495	-0.14869362645299525	0.614258202639493	9554	6223
CAATATTCTTGACCTA-1	P11_T1	-0.11792652193705241	-0.03363250672760301	-0.5615837357260964	5821	11574
CAATGGATCTCTACCA-1	P11_T1	-0.02497539472579957	-0.1951090029112589	-0.3627611290324818	10872	6605
CAATTAAGGGTGATGA-1	P11_T1	-0.15933645725250245	0.20344535327572535	0.41900941819855664	8566	6796
CAATTTCGTATAAGGG-1	P11_T1	0.09950074842241072	-0.1584038912054461	0.45501997013284706	8346	8325
CACAATGAGCTGCTAT-1	P11_T1	0.06641312885284423	0.03701640712497567	0.3229571592928183	6919	9281
CACACGCGCTGTCTTA-1	P11_T1	0.06556974358028836	0.04046695217589824	-0.3632853368316034	11201	7560
CACAGCACCCACGGCA-1	P11_T1	-4.32542165120231e-05	0.03112028233187475	0.590023336988507	7907	7178
CACAGGGCCGTTGTCA-1	P11_T1	0.0016760472191704456	-0.0454017071350484	0.10159953676088884	8018	13102
CACATATTAGCAGGAT-1	P11_T1	0.1646509035958184	-0.14790663814817936	0.1577303216914938	9445	10235
CACATGATTCAGCAAC-1	P11_T1	-0.2531825122833252	0.2991290937863653	0.41548939305122456	8456	8516
CACCCGGTTTGTGACT-1	P11_T1	0.04520523887210423	0.02525357080849444	-0.42834406428866917	5711	11383
CACCGCCAGAAGGTTT-1	P11_T1	-0.18640544033050538	0.003877854108127271	-0.44029845372594967	7907	6414
CACCGTTAGGGATCAC-1	P11_T1	0.07136253272162546	0.38162145539477765	-0.36353324158023104	5492	11383
CACGAAAGTTAGTCCC-1	P11_T1	-0.12481415934032863	0.13950664496695073	-0.5340718440335206	4612	7561
CACGCACAGCGCAGCT-1	P11_T1	-0.07888084983825684	-0.1392418135886206	-0.18899879551897145	9334	5841
CACGCAGCGAGGCTTT-1	P11_T1	0.3938078708648681	-0.005961200967786878	-0.39635367826981976	6150	7179
CACGTCGGCAACCTCT-1	P11_T1	0.01424220810996163	-0.05010744189236885	-0.41818130979634294	5492	10619
CACGTTCGTGCTCTAG-1	P11_T1	-0.16540918419096204	0.18418239932347164	0.039780531266722985	10323	8324
CACTAAAGTTGCCTAT-1	P11_T1	-0.22895817852020264	0.3457430855592547	-0.26203274726867676	7028	7943
CACTCAAGAGCTATGG-1	P11_T1	-0.2350577507019043	0.13879893291759401	-0.49530824386712274	7687	8707
CACTCCTATGTAAGAT-1	P11_T1	0.13428878455691867	0.05471873141063774	-0.2901235662325464	5382	11956
CACTCGAGCTGAACAA-1	P11_T1	0.10487598843044704	0.5836479337930451	0.16483627425299746	9555	10427
CACTTAATCAGACGGA-1	P11_T1	0.5351428254445394	0.18629880598190296	0.309518621425436	6699	7752
CAGACACCGATCGCTG-1	P11_T1	0.1698945555686951	0.264567288423336	0.3740517695744833	7029	11383
CAGACGAACCTGATAC-1	P11_T1	0.0603969808154636	-0.028581204648915087	1.0858702153870554	6919	10809
CAGAGACGGTCACCCA-1	P11_T1	-0.1322727270126343	0.05849285026675993	1.130371291228015	7688	11000
CAGAGCATGAGCTTGC-1	P11_T1	-0.41583327054977415	0.25551486638692184	0.5215324440387765	9115	6223
CAGAGGCGATGCATGA-1	P11_T1	-0.21789158248901366	-0.051229621983758605	0.45187647414929943	6700	11574
CAGCAGCCCGTTCCTT-1	P11_T1	-0.08392935085296632	0.32508153503239445	0.32379490197306926	9993	6605
CAGCGATTCCCTTCAA-1	P11_T1	-0.01891110584470959	-0.13318931786014337	0.7602368003190166	6151	11383
CAGCTCACTGAGACAT-1	P11_T1	-0.0069121627807617325	-0.1357225200166675	0.21308643047255704	7907	7561
CAGCTTAGTAGGTAGC-1	P11_T1	-0.14587759780883788	0.26925647919134743	0.5263612125859116	4502	7370
CAGGATATATCGTTGT-1	P11_T1	0.17363683674070574	0.15330481076650426	0.4971458737296288	8017	9663
CAGGCCGTTTGGGTGT-1	P11_T1	0.24685961437225343	0.09594967030522475	-0.4364473313996286	6150	8708
CAGGCGCACGGTGGTC-1	P11_T1	-0.04987493419647217	0.20538787308941597	1.9996713195184264	4504	11956
CAGGCGCCATGCTAGG-1	P11_T1	0.18790932563940682	0.26523124767821404	0.3791444673381671	9445	10618
CAGTCTGTATACTGGG-1	P11_T1	0.15133789914184143	0.18483607612600073	0.8867847248159274	8676	9280
CAGTGAATAAATGACT-1	P11_T1	0.26539442380269374	0.1890107963693176	0.9839984503659335	10542	6031
CAGTTCAAATTGACAC-1	P11_T1	-0.3643067088127136	0.29885856568130176	-0.3651065976932796	7028	6797
CATAACGGACAGTCGT-1	P11_T1	-0.0985221242904663	0.06335359134327945	0.6432663334740533	11751	8133
CATAAGAAGCTTGGCT-1	P11_T1	-0.1072662597232395	0.033387904977843996	0.010811591389203401	9336	12337
CATACACGGTTCCCAC-1	P11_T1	-0.06223872873518202	0.05089622240695024	-0.5103807160348603	7469	12911
CATACCCGTACCCAGT-1	P11_T1	0.14836097166273332	0.19577646767854007	-0.4856605288958309	4832	8326
CATACGGCGTCTGGGC-1	P11_T1	0.010980858008066807	0.19936834368232104	0.6189269008058489	8346	8707
CATACTATGTAATTGT-1	P11_T1	-0.23937767481803893	-0.022211947678494937	-0.5355834057836821	6699	8134
CATAGCGTTGCCCACC-1	P11_T1	-0.16012649059295656	0.03619083551531649	-0.5042930203254776	6041	11574
CATAGTCCACAAGAAC-1	P11_T1	0.052800016085306795	0.43820159636800815	0.6075011600147594	4833	9854
CATATAGGTACAGTCA-1	P11_T1	-0.14740622591972352	0.10665612763866655	0.7611729833814832	7468	9472
CATATGTCAGGCTACG-1	P11_T1	-0.12776447868347168	0.08008599321161324	-0.2865792187777432	4064	10428
CATCGGACGGGTTAAT-1	P11_T1	-0.14397382344139947	0.1712544366589248	0.574439904906533	7797	9280
CATGCCAACTCGCAAA-1	P11_T1	-0.24620595741271972	-0.06269039459875228	0.6994787177654227	3734	9472
CATGGTAAGTAGCGTT-1	P11_T1	0.008474492496914343	0.26375064275867044	0.7033428004895798	9445	9853
CATGGTCTAGATACCG-1	P11_T1	0.001621607753965637	0.1540353142486488	0.7553436858485443	8675	6223
CATTACGTCGGCCCGT-1	P11_T1	-0.05662973785400391	0.2727194976670011	-0.2886455227630307	8565	4885
CATTATGCTTGTTGTG-1	P11_T1	-0.026470527331034388	0.26538872955066317	-0.15318453191506748	7138	6223
CATTTGAGTGGTACGT-1	P11_T1	-0.006608882745107014	-0.025448163208100727	0.4535100965788871	6700	10809
CCAACGATGCACTGAT-1	P11_T1	-0.26494579982757566	0.28702897465331506	0.3453350934115323	5491	7179
CCAAGAAAGTGGGCGA-1	P11_T1	0.16538475799560548	-0.141398173007036	0.6646852421038079	7139	11191
CCAAGACTTCTGCGAA-1	P11_T1	-0.09675463771820068	-0.08811813780776409	-0.14645784792273936	8236	5077
CCAAGCGTAACTCGTA-1	P11_T1	-0.23688120651245118	0.11515540721423304	0.6399875385592684	9225	7560
CCAATAGTGCCGTCGA-1	P11_T1	0.1572852183447944	0.036466940312353674	-0.35812212481643213	6040	7752
CCAATGTCACAGCAAG-1	P11_T1	-0.0913139437569512	-0.015651760322202835	-0.012262962081215634	6809	8325
CCACACTGAGATATTA-1	P11_T1	0.07916711685392591	0.1582256214552645	-0.38449339673976707	6809	8707
CCACCAACTTTACTGT-1	P11_T1	-0.1446501098208957	-0.02109979831728348	-0.2794800593395425	5821	11192
CCACCCAAGGAAAGTG-1	P11_T1	-0.11017921446429357	0.12826079202757185	0.8772616398454917	9664	8325
CCACTGGTGGCTGGTT-1	P11_T1	-0.14108419677946302	-0.14677745453949304	1.1607481397763646	3734	8708
CCAGAAAGCAACTCAT-1	P11_T1	-0.21432613849639892	-0.042646550118866255	0.04834662061749079	5382	11192
CCAGATAGTTGAGTGA-1	P11_T1	0.1239905744128757	0.2880276778024384	0.17282627327273592	10652	6605
CCAGCCTGGACCAATA-1	P11_T1	-0.2385761709213257	0.2382869682885856	-0.3786766601331306	8566	8325
CCAGCTGATGGTACTT-1	P11_T1	-0.21622604751586913	0.04403712517210952	0.1886002704350635	3734	8326
CCAGGGACGTGGCCTC-1	P11_T1	-0.20685919676886666	0.49484240083662584	-0.6632757608336631	7248	6414
CCAGTCTTGTCATAGA-1	P11_T1	0.3994395434061686	0.3039255910753179	-0.3900934493902958	7908	12529
CCATCGCAGTTAAACT-1	P11_T1	-0.09394477505154081	0.1452962374163448	0.2821513402341592	8237	10809
CCATCTCACCAGTGAA-1	P11_T1	-0.12761431121826172	0.09625787032481706	0.756641944249471	12190	8515
CCATGCCTGTTTAGTA-1	P11_T1	-0.13078566551208495	0.031116793467640985	-0.4274903523801553	7248	7943
CCATTAGCGATAATCC-1	P11_T1	-0.14298856163024903	-0.17002453230171968	0.34028723745635064	6040	7370
CCATTCCCTGCCCACA-1	P11_T1	-0.1687433090209961	0.02107002559796675	-0.3015693823496501	5711	7561
CCATTTCTACCTATTA-1	P11_T1	0.06714389022191364	-0.13247538384302754	1.0721451104289355	9226	11764
CCCAAACATGCTGCTC-1	P11_T1	-0.24942840242385864	-0.20230736944258726	0.5911591570786756	11092	7751
CCCAACATACGTCGCG-1	P11_T1	-0.14701610565185547	0.11116016594250086	-0.28311004542341134	5272	9472
CCCAATGAGATTTGCA-1	P11_T1	-0.16268423461914064	-0.16376096676277227	-0.47944084321609653	5822	12720
CCCAATTTCACAACTT-1	P11_T1	-0.24183577346801757	-0.07357490113949708	0.5395795576500171	5052	8708
CCCAGTTAAGGCGCCG-1	P11_T1	-0.0766566451390584	0.08584817626300945	0.4231403000427014	10433	9280
CCCGCAGCGCGAACTA-1	P11_T1	-0.12446027543809682	0.03235747707151981	-0.007151447161279523	8786	10618
CCCGTAAGTCTAGGCC-1	P11_T1	0.1302036310831706	0.06559555902863642	-0.41308776296750466	4503	8899
CCCGTAGCTGGGAAGA-1	P11_T1	-0.10790800762176514	-0.07539600424233685	-0.21221034213750048	5712	12147
CCCGTCAGCGTCTGAC-1	P11_T1	-0.18475660022099813	0.4865160875926159	-0.5380368040065573	7028	5650
CCCTGAAATGAGTTGA-1	P11_T1	-0.24777694129943847	0.021429418151221513	0.2904588285118642	5710	7179
CCCTGCGCTACGCATA-1	P11_T1	-0.0948554391860962	-0.15684065914427311	0.6362860299120046	4063	7753
CCCTTTGACAGGTCTT-1	P11_T1	-0.12008560371398926	0.22093624166909467	0.9349655189899483	7578	10809
CCGAACACTGGGCCTC-1	P11_T1	-0.13628082370758057	-0.12232724848312772	0.49464114747866234	3405	9664
CCGAACCTTCCCGGCC-1	P11_T1	0.0783844863043891	0.26202041739037524	0.31739616695076533	9225	10618
CCGCACAAAGACCAAC-1	P11_T1	-0.25062880984942115	0.28939902243038074	0.8122888460303799	9774	8133
CCGCATGTGGTACGAT-1	P11_T1	-0.1567551605436537	-0.010967841291837477	0.7654200647816513	8677	11955
CCGCGGAATGCGTCAC-1	P11_T1	0.032835096041361506	0.14785811911339747	0.5924846837014863	6370	11000
CCGCGGGTACGAAGAA-1	P11_T1	-0.21592237949371337	-0.11169401759062934	-0.30487595182476623	4283	7370
CCGCTATCAGCACCAG-1	P11_T1	0.08887631005711027	0.19009436437826333	0.6005871350114996	8347	9854
CCGCTTACCTCACTCT-1	P11_T1	-0.14431099700927735	0.09258692044811012	-0.2787526376319654	5272	10236
CCGGAGCGTACTTTCT-1	P11_T1	-0.12703734970092773	0.08145878222746972	-0.19109682603315872	7579	12338
CCGGGCGGTCTCGTCA-1	P11_T1	0.07762175485822892	0.4042119133893717	-0.42848806429390957	9774	7369
CCGGGCTGCTCCATAC-1	P11_T1	0.020767731878492568	0.14670362877868534	-0.4754418170813358	10872	8133
CCGGGTTCGAGGTTAC-1	P11_T1	0.025568246417575408	0.047832985092826186	0.39442769927207866	4942	8517
CCGGTTTGTAATTGTG-1	P11_T1	0.049580331484476714	0.26244615996123044	0.3876543141374684	6041	11956
CCGTAAGTTGGTCCCA-1	P11_T1	-0.3608336277008057	0.31753816975791227	0.3737490887593742	9884	7560
CCGTGTTAAATTCCAT-1	P11_T1	0.2232927858564589	0.4312408588677218	-0.279765425306378	5382	10427
CCGTTCCGAATCTCGG-1	P11_T1	0.04542072465684677	-0.12381638838431896	-0.3606356827899663	3844	8899
CCTAAATTAACGGTTC-1	P11_T1	0.12558303977383506	0.21593335665826469	0.7941282171793658	8896	9280
CCTACATTCACAGACG-1	P11_T1	-0.18665378665924073	0.04721256979557026	-0.43219772252169525	5052	11001
CCTACTGCTTACACTT-1	P11_T1	-0.32207789897918704	0.35380127960540275	-0.5185664470749672	6808	6414
CCTAGGCGTAGCGATC-1	P11_T1	0.03965546788109672	0.05859166856253842	0.662898215380582	11092	8133
CCTATACCGTCCTGTC-1	P11_T1	-0.08421898153093124	0.053573212058860675	0.1202931548609878	6370	11765
CCTATGGGTTACCGTC-1	P11_T1	-0.17371208953857423	0.024501597414499476	-0.3543944503321792	9005	6796
CCTCCGACAATTCAAG-1	P11_T1	-0.26106833420859443	0.048518816316936164	-0.33604856091316304	5052	7561
CCTCGCGCTGTGCGAT-1	P11_T1	-0.1957038745880127	-0.03528670623628091	0.35736150452584936	7908	12147
CCTCGGACCGGGATAG-1	P11_T1	-0.1047880463865068	0.17610785696004388	0.7673117953418481	10762	9089
CCTCTCTCCCATCTAG-1	P11_T1	0.06735718711217242	0.15452684901846855	-0.4539635109178948	5381	7752
CCTCTGTACTATTCTA-1	P11_T1	-0.2254607620239258	0.17297476746405208	-0.04530454284012919	8127	11382
CCTGAACGATATATTC-1	P11_T1	0.246609482606252	0.3961688598338604	0.7524648362940007	10762	8324
CCTGAATATTTACATA-1	P11_T1	-0.07475746059417725	-0.08819890568796065	0.933602841213496	9224	5650
CCTGACCACCGATGGT-1	P11_T1	0.04798745695749923	0.06432886277934768	0.9816612462804775	8127	9854
CCTGCTATTTGAGAAG-1	P11_T1	-0.2566110598776076	0.18012772472050492	-0.6421673478502216	6918	6223
CCTGGCTAGACCCGCC-1	P11_T1	0.0071245238516065845	-0.22035275660135	-0.513086654923179	6150	6797
CCTGGTCGAATGTGGG-1	P11_T1	-0.17341665172576903	0.06083711563345355	0.2852207867786138	9006	12529
CCTGTAAGACATGATA-1	P11_T1	-0.2513333683013916	0.1518930327698745	0.1774299794977362	5930	8325
CCTGTACTCACGCCCA-1	P11_T1	-0.14295075893402098	0.2618651885357832	-0.405963907338152	4064	8899
CCTGTCACCCGGGCTC-1	P11_T1	-0.16265576934814452	-0.08026731048409098	0.7310955018708201	8785	6796
CCTGTCGCCCGTAAAT-1	P11_T1	-0.18332015991210937	0.07738459406290721	0.549566964910488	8236	8134
CCTTTAAGGGAGCACT-1	P11_T1	-0.1258895492553711	-0.0999999469877314	1.0645614778152621	6920	12338
CGAAACGCAATTCATG-1	P11_T1	-0.20939240074157714	-0.16887926372211096	0.42539260122511124	5052	9090
CGAACCCGCATGCGTC-1	P11_T1	-0.03908284473419191	-0.2414083180249933	0.5452462133735116	6809	10618
CGAAGTTGCTCTGTGT-1	P11_T1	-0.15980310440063478	0.04726060402313642	-0.23578549394703874	5271	7561
CGACAGTTCGCGTTAT-1	P11_T1	0.03897584915161134	-0.003208382423422751	-0.08825165334374019	6040	8134
CGAGACCCTAGAGTGT-1	P11_T1	-0.04712811173333059	0.024385714919485157	0.046451015905900395	8127	9471
CGAGAGATGTGAACCT-1	P11_T1	-0.36214050674438475	0.22122372916002098	0.7483270746288878	9444	6796
CGAGGCTAAATATGGC-1	P11_T1	-0.21268968200683594	-0.14945365706282565	0.5546081306958439	9224	6796
CGAGGGACTGCGGTCG-1	P11_T1	-0.06519227319293552	-0.03642295433320425	0.2971092017010004	9994	8516
CGAGTACTAAAGAGGA-1	P11_T1	0.08202964581383598	0.1606538345843354	-0.41888798126066573	5272	9854
CGAGTTCTGTCCCACC-1	P11_T1	0.17555133718914462	0.07141690939636375	0.8557945176808521	10762	6413
CGAGTTTATCGGACTG-1	P11_T1	-0.13993860721588136	-0.1400390190518005	1.45553622823773	11641	8324
CGATACCTCGCGGACA-1	P11_T1	-0.25764314842224123	-0.073449517958713	-0.06900236100861518	6699	8899
CGATCCGACCCAGTGC-1	P11_T1	-0.2083450789451599	-0.2043073368619028	-0.38910257334661	6919	8516
CGATCTGTTGGAGGAC-1	P11_T1	-0.23896951866149901	0.26961115329973795	0.20922398567199701	4064	10046
CGATTAAATATCTCCT-1	P11_T1	0.13295055770874026	0.053566288384462146	-0.2907678262151853	8237	11955
CGATTCGCCTGGCTGC-1	P11_T1	-0.018046930683983692	0.22312723181309194	0.3358923136585891	9445	12146
CGCAATTAGGGTAATA-1	P11_T1	-0.18812951760821872	-0.014165626299756984	-0.23350761635134926	6259	6606
CGCACATGTCCACTAC-1	P11_T1	-0.22665889692306518	-0.0809133129964699	0.3881012971955116	10982	8706
CGCATGGTGCGATGCT-1	P11_T1	-0.10941689957512746	0.13232137608664768	0.33876643518004745	8676	8898
CGCATTAGCTAATAGG-1	P11_T1	-0.1514487190246582	-0.1800771715989427	0.2557285434067851	7687	6414
CGCCATCCGATTATGA-1	P11_T1	-0.16652727699279785	-0.18925651233312393	-0.3479249188394258	10213	5840
CGCCCAGCACGCCTAG-1	P11_T1	0.26177012549506296	-0.12352039684197282	-0.21045130431050002	7029	12529
CGCCGCCCATGCCTGT-1	P11_T1	0.03561521471871271	-0.015521675832178172	0.5293346342414317	10543	8707
CGCCTCCCTCCTCTAT-1	P11_T1	-0.0002842972543504185	0.12715174637756238	0.02186497534164278	9445	9471
CGCCTGGCCTACGTAA-1	P11_T1	-0.18146340370178224	0.20454399439985682	0.3191004112513378	4393	9090
CGCGCATGTTTGATTG-1	P11_T1	-0.17072935867309572	-0.17827554008680632	-0.44635765721099546	7359	10809
CGCGTTCATGAAATAC-1	P11_T1	0.022005885442097972	0.2112791297428929	-0.549397395114706	7028	6414
CGCTACGGGACATTTA-1	P11_T1	-0.30427147483825684	0.2520965296195139	-0.3489440137689764	6699	8516
CGCTATTCTTAGGCTC-1	P11_T1	-0.15275198554992675	0.23448242453472204	0.6925822604786267	8017	8516
CGCTCTCCGTAGATTA-1	P11_T1	-0.1444111156463623	0.2824515187410138	-0.3623991783219154	5491	7561
CGCTGTGTGGATGTTG-1	P11_T1	0.25272129355536566	-0.205344426939344	0.3058129633315885	6151	12529
CGCTTATTCCCGGTCG-1	P11_T1	0.004321290281083856	-0.15928043198790454	-0.41484191441776774	4723	9281
CGCTTTCTTGCATTCG-1	P11_T1	-0.021972048971388075	0.22615612908101923	-0.4017322978588066	10762	7178
CGGAAAGAATCAAACG-1	P11_T1	-0.14982355308532716	0.1080308984093361	-0.3853972319400672	6700	12338
CGGAACGTAAACATAG-1	P11_T1	0.030168165637387168	0.16075767075719444	0.7061782149654445	6370	10236
CGGAGCAATTTAATCG-1	P11_T1	0.06249063393804766	0.07299801648915555	1.0410501926836342	8018	11573
CGGAGCATGGCGATCC-1	P11_T1	-0.052254344728257934	-0.016486072323953077	0.5968170695834689	8786	8707
CGGAGTTTGAGAGACA-1	P11_T1	-0.1190389814376831	0.23277364624263905	-0.3661431977243135	5161	6988
CGGCAAACATCGTGCG-1	P11_T1	-0.01901496182547674	0.07147881148139296	0.5145183873899056	8676	11191
CGGCCACGCACAAAGT-1	P11_T1	-0.2112391881942749	0.20691670114468025	-0.389606981566458	7907	7943
CGGGAATTTATGTAAA-1	P11_T1	-0.028831726551055925	0.07318554139752104	0.5960164166460135	8566	9853
CGGGATCAATGTAAGA-1	P11_T1	0.14635896237691243	0.11677278386146087	-0.2527965680517332	7906	5650
CGGGCAGCTAAACCGC-1	P11_T1	-0.28643546962738037	-0.01651221468204983	0.03376250556021032	7577	7370
CGGGCCTTCTTTGTAA-1	P11_T1	-0.09526169814003838	0.21781421305456955	0.12743184422001697	7468	9089
CGGGTGTACCCATTTA-1	P11_T1	-0.1570026559829712	0.12635687753600855	0.18285140726301408	10872	7369
CGGTACTAGAATCAAA-1	P11_T1	-0.013771510654025598	0.17950972900463497	-0.00010056447501138877	10543	9471
CGGTCAAGTGGGAACC-1	P11_T1	-0.24541030597686767	-0.18387291083021629	0.32614076257956154	10213	6223
CGGTGCAGATAGAACG-1	P11_T1	0.13075449498494465	0.10136099690580322	0.5631617969936795	5381	9281
CGGTGCGCGTTGGTCC-1	P11_T1	-0.19458617258071897	0.10131635422237506	-0.18756566625652893	5711	10618
CGGTTGACCTGGCATA-1	P11_T1	-0.24276256084442138	0.12921668146492302	-0.4729819418203951	4173	8708
CGTACCTGATAGGCCT-1	P11_T1	0.32638413524627685	-0.13572279703309678	0.8436572070073599	8895	5459
CGTATTAAGAGATCTA-1	P11_T1	-0.2046852035522461	0.032820042475360606	-0.33941569231977364	7358	7370
CGTCACGTCCATTGGT-1	P11_T1	-0.1313114516470167	0.1756329003440389	0.37363004263001265	7029	10236
CGTGAAGTTAATTCAC-1	P11_T1	0.1331827335357666	0.005164314392302999	0.3215983985650419	7578	8898
CGTGCAGACTGGGACA-1	P11_T1	0.0871288555992974	0.08257576091697133	0.4223456479082204	9554	8898
CGTGCATTGTCGACGC-1	P11_T1	-0.22399290561676025	-0.2089542338363079	-0.27507325615545714	4832	8708
CGTGCCCTCCCGAAGA-1	P11_T1	-0.048653565194871684	0.3149467334934042	0.8352812925974528	9884	9471
CGTGTCCCATTCGCGA-1	P11_T1	-0.04632168960571289	0.20950767235632956	-0.17217968449448096	5820	6606
CGTTGAGCGACCGTCG-1	P11_T1	-0.22084447344144184	0.1732890239873156	0.26457518881017505	9555	9662
CGTTGTTTCAATTCCC-1	P11_T1	0.030174689504835345	0.025170225582468925	0.3224287177577163	5820	7752
CGTTTCGCTCATTACA-1	P11_T1	0.023613742086622452	-0.08359324263182843	-0.3473622196852559	6809	7943
CGTTTGTGTAGAGGGT-1	P11_T1	0.05127326848771835	0.1416946837417034	-0.443990454529271	5931	11765
CTAAAGAATGCCTACT-1	P11_T1	-0.28542165422439575	0.07672112354690275	0.10546296774738961	5381	8134
CTAAAGGGAAATAGGA-1	P11_T1	0.16223695386118364	0.19141215151095803	0.6549674415528172	8237	9662
CTAAATCCTATTCCGG-1	P11_T1	-0.16074958282046847	0.20892204621801402	0.23947841832132055	10652	6222
CTAACCGCGCGCCCGT-1	P11_T1	0.09090073786841499	0.02635792065714243	0.3497372540560636	5271	8326
CTAACTGGTCCGGTTC-1	P11_T1	-0.007046636475457085	-0.03109312154274388	-0.3952239185872704	5382	10810
CTAAGGGAATGATTGG-1	P11_T1	-0.11301413981119793	-0.02075955075315894	0.5730308884322042	9335	9662
CTACAAGAAATAACCC-1	P11_T1	-0.2221802897453308	0.00042998514635403384	-0.43251743701973344	5821	12338
CTACCCTAAGGTCATA-1	P11_T1	0.1898535599178738	-0.09179169059141318	-0.298517036919642	11421	7178
CTACGACTAGCTATAA-1	P11_T1	-0.18656011581420898	0.47211816312021143	0.5059145219398268	4063	8517
CTACGCACGGAGTACC-1	P11_T1	0.3184001617431641	0.020676771515078407	-0.35193744813553013	7687	7943
CTACTCAAGGTATAGT-1	P11_T1	-0.19962104415893556	0.11808055422936833	-0.45208084703695894	6041	12720
CTACTCTAGGCCCGGC-1	P11_T1	-0.18370002555847167	0.7351403491431002	-0.3767480898385096	4173	7179
CTACTGCCACCTGACC-1	P11_T1	0.18053570842742922	0.6805710279042081	0.4237454286729446	8346	6414
CTAGATTTACGACGGC-1	P11_T1	0.21263407707214355	0.46494271836057666	1.0032102050203267	9555	9280
CTAGCATAGTATAATG-1	P11_T1	-0.18647035503387452	-0.06577233077803452	0.8971808751424153	8676	7752
CTAGGTTCGGACGTGA-1	P11_T1	-0.02483988486395944	-0.18108571771222745	0.168581678409769	9116	12337
CTAGTCACGTCTTAAG-1	P11_T1	-0.17871607971191406	0.17549240350040118	0.683215411022456	9005	8325
CTAGTGAAGGACAGGA-1	P11_T1	0.013339648352728967	0.12457098535047678	-0.45474545883409906	5601	7752
CTAGTTACAACCCGGT-1	P11_T1	0.007817531506220499	0.06505712566838567	0.38689046240214153	8786	11382
CTAGTTGGGCCCGGTA-1	P11_T1	0.5104855983522203	0.28425128412110073	0.4286656716857294	8895	6223
CTATCGGGTCTCAACA-1	P11_T1	-0.1790927858352661	0.08913267188222497	-0.34333190532645796	9005	7943
CTATGTCACTAGCCCA-1	P11_T1	-0.171458966255188	0.07650445667811542	0.5135253414963231	8675	6987
CTATGTGAGTCACGGC-1	P11_T1	0.4120323560502794	0.1022173321121857	-0.33278644927824386	3295	9855
CTATTCATGTGTCCCA-1	P11_T1	0.029963833332061762	-0.025864579103737628	0.37810362107826	8237	11191
CTATTTGGTTACGGAT-1	P11_T1	0.027444788085089822	0.2273052022245347	0.5215082806770247	10433	8133
CTCACTTGGCTGGTAA-1	P11_T1	0.08452820173899334	0.15866258048737972	0.5583335245498503	4283	8899
CTCATGGTAATTTGCG-1	P11_T1	0.1055830439461602	0.29835232747887697	-0.35472831340751265	4284	10810
CTCATTTGATGGGCGG-1	P11_T1	-0.15145651626586915	-0.11350654531003411	-0.3374103271599972	8236	5459
CTCCGCCCACATGAGG-1	P11_T1	-0.1232799301147461	0.3373636734861357	0.5057278666833435	5711	9472
CTCGAGGTCGAACAGT-1	P11_T1	-0.2078893699645996	0.055747606806677646	0.4427984314735489	7907	6796
CTCGCACCTATATAGT-1	P11_T1	0.291814662721422	0.1335611347938108	0.9405582794035323	8895	5841
CTCGCCGAATGTAGGG-1	P11_T1	-0.006439320882161481	0.22581653378071279	-0.4648781918516063	8457	12720
CTCGGTACCACTGCTC-1	P11_T1	-0.12030232625537451	0.16081717489385106	0.6969285908371511	10323	9089
CTCTATTTGGCTGCAG-1	P11_T1	0.13996052996317548	0.07014684144268746	-0.3786834418171584	8896	10427
CTCTCACAATCGATGA-1	P11_T1	-0.17744351768493652	-0.1547428878467199	0.8297959891232578	9115	7369
CTCTGGACGCCTGGTG-1	P11_T1	-0.10002556117375691	-0.23353281335366147	0.46294280856546727	8236	7369
CTCTTGTCCCGCTTGG-1	P11_T1	0.02209458944532605	0.18984280399971043	-0.28976753022935653	7798	11573
CTGAAAGAGATCCGAC-1	P11_T1	-0.03935985374450684	-0.08765930296015262	-0.20559677210721103	9004	4885
CTGAATCCGAGACCTC-1	P11_T1	0.15051632318231795	0.24386971892918874	1.0097903202880514	7249	10236
CTGCACAACTACATAT-1	P11_T1	-0.002802917506959657	0.23677261048481363	0.4178791214721371	9775	10809
CTGCACTCCAGTACAG-1	P11_T1	-0.020988083097669863	0.096577935917045	1.1174338884425885	9116	11573
CTGCCATGCATCACAT-1	P11_T1	-0.09605222508642414	0.03477799187929376	0.4233613429647505	8237	8898
CTGCTGAGGCCACGAA-1	P11_T1	0.7701772158940634	0.33229413870526364	-0.3715057373046875	5272	10619
CTGCTTGGCGATAGCT-1	P11_T1	-0.03594602611329817	0.25819464467658015	0.4974649349848429	9665	11382
CTGGAAATGGATGCTT-1	P11_T1	0.01751770750681564	0.2924996858681512	-0.46387280839862244	7248	6796
CTGGATTTACACTTGA-1	P11_T1	0.4371116971969604	0.10852536123598203	1.098539660675357	7468	10618
CTGGCGCACAGGTCTG-1	P11_T1	0.08075532711876762	-0.17849203713643857	0.49689908461137255	11202	8324
CTGGCTGGTTGTCAGT-1	P11_T1	0.08320374298095704	-0.00739797104395562	0.4943620123044409	7578	11573
CTGGGATAAATAATGG-1	P11_T1	-0.043598578559027795	-0.12864196220806015	0.6312607948226159	10653	8515
CTGGGCCTGCTATATC-1	P11_T1	-0.18053124237060547	-0.13616057316689914	1.6917343235979174	4723	9663
CTGGGTAGGCAGTTAA-1	P11_T1	-0.23707236997286477	0.11909162626737851	0.5318584887668341	10104	9471
CTGGTTTCGAGCAAGA-1	P11_T1	0.39320191563500295	0.4609914662844814	0.8158967061476274	11092	10044
CTGTACTTCTTAGCAT-1	P11_T1	-0.13798205661773683	0.28006949021686456	-0.3359066259981406	7029	8707
CTGTAGCCATCTCACT-1	P11_T1	0.030993758731418186	0.17163355052186513	-0.41887789302402073	6480	11956
CTGTGCAGGGTAGGTC-1	P11_T1	0.19966664399041067	0.08798046124015632	0.6166894423841225	9115	9280
CTGTTACCCAATCTAG-1	P11_T1	0.011925709194607198	-0.03603123391710697	1.1113820292732934	7798	10427
CTTACACGGTATTCCA-1	P11_T1	-0.2440735902786255	-0.0776360570644353	-0.425879215953326	6369	7179
CTTCATTGTCAGTGGA-1	P11_T1	-0.16974651336669921	0.2221405442373573	0.48443254557522863	8017	8134
CTTCCGCTCCGTGAAG-1	P11_T1	-0.14024389553070069	0.24314018397982504	0.6853817472554217	6920	11956
CTTCGTAGATAGGTGA-1	P11_T1	-0.2688158230781555	0.12873846750774035	-0.5163446399900649	6370	8708
CTTCTATGTTGAAGTA-1	P11_T1	0.09804037019941542	-0.11391765203721885	0.3183562683336662	4503	10046
CTTCTATTAATGCTAG-1	P11_T1	0.14159399742550322	0.21040452602599616	0.915924700823697	6590	11000
CTTGAGTTAGGGTAAT-1	P11_T1	-0.25792842674255373	0.07695117014982411	0.3002610182521319	11641	8706
CTTGCCCAGGCTCTAC-1	P11_T1	-0.006125525368584517	0.07413007486914036	0.7006425923771329	7468	9854
CTTGGCCAAGCTGGGA-1	P11_T1	-0.18975927352905272	0.1256337596215628	-0.37188056502679384	7688	12911
CTTGTCAACATTCGAG-1	P11_T1	-0.2603609013557434	0.1086380350214021	-0.35796382330884835	8676	10809
CTTGTTGCTGAGTCAA-1	P11_T1	-0.15269100030263263	0.20194033508428305	0.48014998195147274	10213	8516
CTTTAACTTTCAAAGG-1	P11_T1	-0.24559890079498292	0.09869297003905435	0.5442750863354615	8785	5650
CTTTAATATTGGTCGA-1	P11_T1	-0.008463099108801941	0.3147613287911374	0.6494655440552066	9445	11000
CTTTAGGAACACTGTT-1	P11_T1	-0.16015786732567677	0.0681013238065678	0.1671019539688572	10982	9089
CTTTAGTGCTATTATT-1	P11_T1	0.12657436937756011	0.13373177835171635	0.7003691964077228	8456	9662
CTTTCTGTGCGGGCTT-1	P11_T1	-0.057382435719172176	0.09365886841200599	0.45259233797439413	8677	11573
CTTTGGCTTTAGTAAA-1	P11_T1	0.03648355319764879	0.2397303325911306	-0.3833601667423441	5820	7370
GAAACAGATGACCACC-1	P11_T1	0.1284365481270684	0.04220695220069193	0.7246053941322095	11531	8897
GAAACCGAATTACCTT-1	P11_T1	0.17674714634153582	0.2089842061486376	0.9999935795562435	7029	9854
GAAACCTATACAAATG-1	P11_T1	-0.127326602935791	0.12208536964660616	-0.2588198859282214	7139	12720
GAAAGCAGTGCACTTT-1	P11_T1	-0.11241987514495849	-0.15489804437303953	1.817777804654054	7359	11956
GAAAGCCCTTTGGACC-1	P11_T1	-0.18804799365997316	-0.020181611393789156	-0.48508232169681126	3734	7944
GAAATGGCGGTGTTAG-1	P11_T1	-0.1671909120877584	0.09101061191349338	-0.13466591786856608	7138	6988
GAAATTGTCTCTATAA-1	P11_T1	-0.17923850364155242	0.21234167180065894	1.5017946145751258	7248	9472
GAACAGATTACTAAAT-1	P11_T1	0.11282104958428274	0.1636337910591133	0.450592293883815	9226	12146
GAACCCTCTGTGTTCT-1	P11_T1	-0.2689184741973877	0.20388108042158623	0.2425270971625742	8787	12529
GAACGACCGAATGATA-1	P11_T1	-0.08719469738006592	0.1885909580455696	-0.2201886297476412	8346	4885
GAACGTCTCATGGTCG-1	P11_T1	-0.2392286548614502	0.29719442237300203	0.18443626586837003	10982	7178
GAAGCCTGCACATTCC-1	P11_T1	-0.21307221412658692	0.15737027425137495	0.7243609187578914	8128	12911
GAAGCGTGAGGAATTT-1	P11_T1	0.11081779522365992	-0.07465579616192305	0.14917598830329043	8017	7752
GAAGCTTGCTGACCGC-1	P11_T1	-0.1010326566696167	0.1454712882310636	-0.14682511368183174	5271	6797
GAAGTCAGTTGCACTA-1	P11_T1	-0.22157151412963866	0.031992171874132835	0.4679953016415991	7798	11191
GAAGTCTCCCTAGCGA-1	P11_T1	0.05797572231292725	0.4149151984121875	1.1164650218655365	11421	8324
GAAGTGATTTATCGTG-1	P11_T1	-0.30360471118821036	0.26092517511152374	-0.3396208779980438	6589	8707
GAAGTTTCCACTCAAT-1	P11_T1	-0.07388708633846705	0.0911058188623321	0.2488437866923785	6479	8134
GAATAGTGCTCGATTA-1	P11_T1	-0.07962387657165527	-0.08942314751851867	-0.10053519769148393	5382	12720
GAATCTGAACATTCTC-1	P11_T1	-0.03551350466410319	0.19817998202619036	0.9641123106985381	8456	9280
GAATGTGGTCCGGATT-1	P11_T1	-0.13892477724287247	0.14921445704804448	0.4735170072979398	10323	9471
GAATGTTGGGTAATCT-1	P11_T1	-0.25922108459472654	-0.1151944778027029	-0.2846576517278498	9005	5650
GAATTATAGTGAAAGG-1	P11_T1	-0.22649501609802247	0.1448474315198809	-0.4037561199881814	8895	7752
GAATTCACCCGGGTGT-1	P11_T1	-0.28676446951760187	-0.014549529455680443	0.9383168936979892	7468	10236
GAATTTCTCGCTGCAG-1	P11_T1	-0.13459664344787597	-0.10327729044807675	-0.27358421653208104	4722	6606
GACAACGACCATTGAA-1	P11_T1	-0.21129631519317627	0.09637347344796544	0.6509825605334657	9883	6032
GACACAAGGGAAGAAA-1	P11_T1	0.2745481629901462	0.024974597786991737	-0.33662082932212134	9334	6987
GACACTGAGTTCAGTG-1	P11_T1	0.028049920399983747	-0.20294594559765136	0.2939332567080103	6480	9663
GACAGCCAGACCTGAC-1	P11_T1	-0.13533328506681655	0.32683108623184925	0.5067012069201229	10872	9280
GACAGGCACACACTAT-1	P11_T1	-0.20547468090057372	0.3710179342581413	-0.44446827907754916	3844	8517
GACATCGATTTATAAC-1	P11_T1	-0.3236396164894104	0.15405048818506278	0.3275923488116024	6919	11191
GACCAGAGCCCTGTAG-1	P11_T1	-0.15877705176671345	0.09328177138636426	-0.4933376131635724	6589	7179
GACCGTGCTGACGGTG-1	P11_T1	-0.18337475109100343	0.04906992066327798	0.4119524811253403	7138	8898
GACGACGATCCGCGTT-1	P11_T1	-0.17919791825612388	0.1874957131052883	0.6589551200770369	9116	11191
GACGCCGTAAAGGCTA-1	P11_T1	-0.24526936292648316	0.22393760346979213	0.6309376112138383	7359	11574
GACGCTTGCTTCTAAA-1	P11_T1	0.23919114992353654	0.2166527810843649	0.1677977147728506	5381	8517
GACGGGTTGGCCCGTA-1	P11_T1	-0.0772345962524414	-0.07958053107931143	-0.2519613853608719	7030	12911
GACTGCACCAGCCCAG-1	P11_T1	-0.21076527976989745	0.041458954556054334	0.3791985776689317	10214	10044
GAGACTGATGGGTAGA-1	P11_T1	-0.16258297538757324	0.0683342944243576	0.4343207099220969	7577	6605
GAGACTTCGCGACCGA-1	P11_T1	-0.16482846546173097	-0.16048735397251424	0.44715201011811845	7688	11382
GAGAGGGCGCGAGGTT-1	P11_T1	0.16369583437177873	0.4093199512052218	-0.48140249228236653	5821	8517
GAGATCTGCTTGGCAT-1	P11_T1	-0.22813504791259764	0.18579360834165426	-0.5181007481584645	6260	7752
GAGATCTGTCACTCCG-1	P11_T1	0.1471553240882026	-0.042160647931048845	0.32584990756680265	9554	6987
GAGATCTTCCATGACA-1	P11_T1	-0.22657889652252197	-0.23583675933772308	0.476442019144694	9884	9853
GAGATGGGAGTCGACA-1	P11_T1	-0.09778787321514554	0.08843709914140052	0.8345624942972203	9335	11191
GAGCTAAGGGCATATC-1	P11_T1	-0.22173750305175782	-0.19122525477477678	-0.3828493994895858	10542	6796
GAGGCTATCAAAGTCG-1	P11_T1	0.08226932144165039	-0.1296106395885391	0.3368375469939877	4393	7944
GAGTAGATACTAGTTG-1	P11_T1	0.01380087984932793	0.20064341301790506	-0.4331143865681658	8457	13102
GAGTATGCCCGCCTTG-1	P11_T1	-0.21079133987426757	0.2631449848840435	-0.3986666515620068	6150	10618
GAGTCAGACCAGAATC-1	P11_T1	-0.2591379609107971	0.21083830193097863	1.0711006492075295	6700	11956
GAGTCCGCTTACCGGA-1	P11_T1	-0.16535053099526298	0.3011325738662294	0.3274555338753594	7798	10045
GAGTGTGCGGTACCCA-1	P11_T1	0.07106025282541914	0.28947030302446686	0.570876530926637	11092	9662
GATAACTCGCACTGTG-1	P11_T1	-0.03033854389190674	0.0888416032736486	0.6476834711402353	11202	8706
GATACGATGGGAGTCA-1	P11_T1	-0.05415408219231499	-0.013073890518891629	1.0092067441554984	6370	9854
GATAGGTAACGTTGAC-1	P11_T1	-0.25628487396240235	0.30507801454638794	0.5217733744418982	8017	10427
GATATGAGACACTAAC-1	P11_T1	-0.10616825601789684	0.04618871021293522	0.8092685841550731	10323	8707
GATCATTCCAAACATT-1	P11_T1	0.06912960571712917	0.04663378364604889	-0.3972244479439475	7577	6987
GATCCCTTTATACTGC-1	P11_T1	-0.15717929363250732	0.0965780114262243	-0.28609619959436283	8016	6605
GATCCGGGAATTAACA-1	P11_T1	-0.10080390416251289	-0.06708536235172635	0.3683808981770217	9445	8707
GATCCTCGACACTGGC-1	P11_T1	0.02772229470147025	0.07444830826610867	-0.37651398928478513	4943	10810
GATCGACACTATCTGA-1	P11_T1	-0.11459877241982352	-0.06768279963145397	-0.48906974358992145	6589	6414
GATCGCGGGCTCTCCA-1	P11_T1	-0.016382607142130523	-0.05687348967295322	0.12457319582351528	7138	8134
GATCGGTGGCCATAAC-1	P11_T1	0.6284851398468018	-0.1274349054156197	-0.2788423937980575	8895	6605
GATCGTGACTGATATC-1	P11_T1	0.28856475443310214	0.1723030571894295	0.8081019225746694	9335	8516
GATCTTGGAGGGCATA-1	P11_T1	0.1259912865426805	-0.12000453594534764	0.3165478971269396	9115	9662
GATCTTTGCAGGGTAT-1	P11_T1	0.09567848110198976	0.08949465088994592	-0.1494479877780182	5601	8134
GATGACAAGTAGGGCA-1	P11_T1	-0.1190791368484497	0.13331775525237904	-0.3351949224568377	5053	12147
GATGCGTCCTGCATTC-1	P11_T1	0.0743365960650974	0.06321896124478169	0.35553643679378005	7687	8325
GATGCTGTATTTCATC-1	P11_T1	-0.18467539024353025	0.012542972677416664	0.1672808871124729	9664	9471
GATGTTCAATCCACGA-1	P11_T1	0.041458538479275164	0.18717940192964952	0.5928258823625969	6150	9090
GATTACTGAATTTGGG-1	P11_T1	-0.20490311431884767	0.1894512850552826	0.29266039048782505	5711	9090
GATTCCCTTGTCGCAG-1	P11_T1	0.0851486177179549	0.1923265376314165	0.7311034497588572	8785	6032
GATTCGACGGTTCACG-1	P11_T1	0.000985793431599935	0.2683753579029495	0.37816090294809046	9225	9089
GCAAACCTTGGCCATA-1	P11_T1	-0.2504828157689837	-0.2169494434066807	0.9435000443699383	8786	12146
GCAAATATTACGCTTT-1	P11_T1	-0.1523891389634874	0.06453060207189326	0.043806640788762286	5930	7943
GCAACCACGGCCGCGT-1	P11_T1	-0.1786002836227417	0.17185785942341789	-0.4332837335991137	4613	9472
GCAAGAATTCCTTGGC-1	P11_T1	-0.18988432502746583	0.06342486574633871	-0.44771045145362315	5382	9663
GCACGCCTACTTAGAT-1	P11_T1	0.07780665312872995	0.07121552647924925	-0.40039841334025067	5711	11765
GCAGATTAGGGATATC-1	P11_T1	-0.15836662006378174	0.06406833033620912	0.47132660162569295	8127	8325
GCAGCACACAGCCCAG-1	P11_T1	-0.04938516648610433	0.052857960363513756	-0.01854003800286186	6040	8517
GCAGGACTATAGAATA-1	P11_T1	0.006738365703158916	-0.12023068020883468	-0.35501028311373006	5491	7943
GCATAGAGCACTCAGG-1	P11_T1	-0.1608058500289917	0.41131910946444317	0.34820780609593244	7907	8325
GCATTGTAATTCATAT-1	P11_T1	0.04956638272603353	0.001536008621696755	-0.48564971336210616	3734	9090
GCCACAATTTAAGGAC-1	P11_T1	-0.19281471061706543	0.21205972959114008	-0.4303512621407557	5711	9854
GCCATCGAGCTGCGTG-1	P11_T1	-0.11711894782384238	0.047521360054854134	0.18282356888356838	6590	11383
GCCCGACTTCTTCCCG-1	P11_T1	-0.1694524221420288	0.2287835890379198	-0.334628675923203	4174	10619
GCCCGATCTGTGGTCG-1	P11_T1	-0.1967241970565584	0.17292030590453827	0.620369723047873	8347	11382
GCCCGCGCGTAAACGG-1	P11_T1	-0.2340571994781494	-0.0038764723847907467	-0.431521637271149	5931	10618
GCCCGTAATACCTTCT-1	P11_T1	-0.030501290533277714	0.09170132818513527	0.4097737712089462	10103	6414
GCCGAAATTCCTACGT-1	P11_T1	0.23624381436241995	-0.1728936751455837	0.19175980307839136	6370	7943
GCCGATTGGCCAAGCT-1	P11_T1	-0.04926418834262425	0.22877862838869906	0.25574518815435543	8127	9089
GCCGCTTGTGAGAAAC-1	P11_T1	-0.2300542974472046	0.12576924399637335	-0.4277440466061987	5820	8134
GCCGGGTTAGGGTCGC-1	P11_T1	-0.264735384411282	0.0798648816979034	0.7882358106699857	7907	9089
GCCTCTATACATAGCA-1	P11_T1	-0.09763588746388754	0.24557188873418534	0.9435685042178992	9665	11764
GCGAAACTTAACTGGA-1	P11_T1	0.08511113678084481	0.07653694197805927	0.4186894917728925	10433	9662
GCGAAGCCATACCCGT-1	P11_T1	-0.11051170746485392	0.04060759075847031	-0.12810727321740345	8126	7178
GCGACGATAGTTGTAC-1	P11_T1	-0.2012140385309855	0.13128452568022317	1.0012617713273173	7358	10427
GCGAGGCCCGAGCAGA-1	P11_T1	-0.06301944012112087	0.45235449491280433	-0.48155339077265574	6589	8325
GCGAGTTCTGCAAAGA-1	P11_T1	-0.25403036499023435	-0.13683961387350088	-0.3680599169297652	8346	7943
GCGATTGTTAACGTTA-1	P11_T1	-0.039514950633048995	0.1255336244232106	0.7484557920634144	9884	8325
GCGCCGTTCCACGATA-1	P11_T1	0.03741134234269461	0.12180703938889753	0.5495016671190357	8566	9089
GCGCTAATTGAATAGA-1	P11_T1	0.30903466690911185	-0.19031150839731822	0.8058784345183709	9115	7751
GCGCTATGCCGAGGCA-1	P11_T1	-0.26421376371383665	0.06019643173973793	1.8934635321299234	6590	9472
GCGGACCGCGTTGTGG-1	P11_T1	-0.06342979929182266	0.147011709930562	-0.05891355119570335	6151	11001
GCGGAGAAACTTCGCA-1	P11_T1	-0.09168062496185303	-0.1224237110006775	-0.32848257729501434	5053	11765
GCGGAGAGGGAGAACG-1	P11_T1	0.06895983982086182	0.217573289201731	0.6619462051776924	9994	10044
GCGGCTCTGACGTACC-1	P11_T1	-0.15835818237728544	0.22234361171153122	-0.45520950327015886	5601	8517
GCGGGCGAGCCTTACC-1	P11_T1	-0.23812536811828613	-0.1518079319109548	0.312012417147858	7029	11765
GCGGTTCCCTATCATG-1	P11_T1	-0.11394291098912557	-0.010179280836238369	0.5436245118728793	6809	10236
GCGTCGCCAGGGTGAT-1	P11_T1	-0.18681612865130107	0.24051049025773769	0.7430019101711235	8237	11573
GCGTCTCTGCATTGGG-1	P11_T1	-0.1876535611152649	-0.2182022527842262	-0.4972954843983506	5930	8708
GCTAAGTAGTTTCTCT-1	P11_T1	-0.0036056379742092637	0.08151083851612059	0.005784694594566264	10213	7751
GCTACGACTTATTGGG-1	P11_T1	-0.17547994944784376	0.11827815398787361	0.3981403317114319	9005	9471
GCTAGCTTGAATAGCT-1	P11_T1	-0.04064340559641519	0.0039354635628497114	0.6414096837091927	6260	11192
GCTAGTAGAGCTTGTA-1	P11_T1	-0.16906181017557778	0.043831045784718	0.8023212437677866	8566	8707
GCTCAATCCGTTTATT-1	P11_T1	0.11016625213623046	0.3253352430283511	-0.28472117703370375	5272	11383
GCTCAATGTAATACCG-1	P11_T1	-0.13899163150787353	0.024485354892617744	0.6990418939879446	7798	13102
GCTCCTGACATACTGG-1	P11_T1	-0.09985737895965577	-0.10146956457449577	-0.24875453987506904	4943	11956
GCTCTAAACCCTGACG-1	P11_T1	-0.0387544110880958	-0.008952005644468547	-0.4270597618035596	7797	5841
GCTCTATGTTACGTGC-1	P11_T1	-0.13110529899597168	0.15330487780038127	-0.2724482435168642	5820	6224
GCTCTCGGGTACCGAA-1	P11_T1	-0.15110857105255127	0.3065661802219001	-0.3919144832726681	7797	6223
GCTGAGGCGTGAGTAT-1	P11_T1	0.10904115745756365	0.18050730847526758	0.7287984153237006	8456	8898
GCTGCACGGTTTCTTA-1	P11_T1	-0.1724745930035909	0.04818390197375899	0.5745604893173835	9445	9089
GCTGCTAAGTAGTCGA-1	P11_T1	-0.12106477165222168	-0.10235304955425098	0.8279991727886777	7578	11956
GCTGCTACTGCGTAGC-1	P11_T1	-0.00908042558034261	0.09104435074693717	0.7750504630984683	9665	11000
GCTGCTCTCCGGACAC-1	P11_T1	0.18667442629072403	0.027740975050211197	0.1301713302882031	8346	7178
GCTGGCATATTCACCT-1	P11_T1	-0.1775945816040039	0.07371957242887364	-0.23296134158818407	4832	7179
GCTGGCGGCGCATGCT-1	P11_T1	-0.07393237759007348	0.1577241685394457	0.564690659744571	8457	11573
GCTGTATTACTGGCCC-1	P11_T1	-0.13984523677825927	-0.1582491104104116	0.3556849113618485	5601	10045
GCTGTTGCTACCGAAC-1	P11_T1	-0.28845657634735106	-0.012353997460522875	0.4483408205436938	11861	8706
GCTTAATGTAACTAAC-1	P11_T1	-0.11649246621131898	0.07010726195180994	0.8104995597492564	10653	9280
GCTTATGAAGCAGGAA-1	P11_T1	-0.1731704158782959	-0.17534572005613486	-0.5380360911590885	11201	7942
GCTTCCGTCCCTAGAC-1	P11_T1	0.02760404936472577	0.29147425456170023	0.36259145688528965	9883	6796
GGAACCGTGTAAATTG-1	P11_T1	-0.1769535844590929	0.13653819765379688	0.8920616862749813	6590	10618
GGAATGCGCTAGCGTG-1	P11_T1	-0.07077883354822795	-0.002364901667451902	0.44550399346785113	10433	7369
GGACCAACAGGATAAC-1	P11_T1	-0.0249296778043111	0.20259736328890127	0.30973664919535315	8786	11000
GGACCTCTAGGCCGCC-1	P11_T1	-0.1117273178100586	0.14807409042387548	-0.22621416804766414	4723	12338
GGAGACGACACCTTTG-1	P11_T1	0.09917468643850752	0.1783823703968081	0.7726037297585997	8786	9471
GGAGGGCTTGGTTGGC-1	P11_T1	-0.048128004868825236	0.12969301707878955	-0.24746344667492487	9993	7369
GGATCCGGAATATACT-1	P11_T1	0.017759064780341255	0.4668673444272454	0.42206384196425933	10433	7751
GGATGACGCGAGTTTA-1	P11_T1	-0.030530276351504848	0.1279509241738087	-0.023490324164881893	6370	8325
GGATGCTGGCGTTCCT-1	P11_T1	-0.021005501243803237	0.09730386825095161	0.17137414638442228	3514	8708
GGATGTCCTTACCGCA-1	P11_T1	0.03622596995035807	0.23217896848148467	0.41047703617750997	11421	7942
GGATTTCACTTCTATA-1	P11_T1	0.38440021408928765	0.20484061255951438	0.9827809815454964	10542	7178
GGCAAAGGCGCCAATA-1	P11_T1	-0.11530957126617432	0.12955243340422112	-0.2911857860256927	5162	11574
GGCAAATTACTTTACT-1	P11_T1	-0.034936345471276165	-0.12676851837090797	0.490421520339118	7248	9089
GGCAAGGCGAAATAGC-1	P11_T1	0.10510467020670577	0.13835937032385337	0.8409718058326027	9006	9853
GGCAATAGTCAATGAG-1	P11_T1	-0.2294768762588501	0.06433012201997818	-0.3177101395346902	9115	6987
GGCACTCCACTGGGCA-1	P11_T1	-0.2057741708755493	0.32109333450951344	0.18213957969588457	6479	7752
GGCATACAGGTAGCGG-1	P11_T1	-0.1568867070939806	-0.09067574971726428	-0.5617040299405955	4942	7752
GGCCCTCACCCACTTA-1	P11_T1	-0.19822957134246827	0.2868088087584706	0.2717005941602919	3954	8326
GGCCGTTTGGGTTTCA-1	P11_T1	-0.22614038276672363	-0.10248729797238496	-0.6058738725353973	6371	12529
GGCGAAATCTAACTTG-1	P11_T1	0.15979541709687972	0.11445697712237876	0.2030545003486402	10982	9471
GGCGCAGGACATCTTC-1	P11_T1	0.04432943407694498	0.044642109583988565	-0.5072643708701086	4393	8326
GGCGCATGAATTGATG-1	P11_T1	0.10749743223190306	0.1343403461512886	0.7735110361768741	7358	9281
GGCGCGTTCGAGTTTA-1	P11_T1	-0.2573650484085083	0.557696966239124	0.5664356525498206	7907	10236
GGCGGAGTAATATTAG-1	P11_T1	0.02510814279980128	-0.18092594652257882	0.0656313101450603	6479	7370
GGCGGTAGGATCATTG-1	P11_T1	-0.19054483222961427	0.04889232893727913	0.9471979863715894	9005	7178
GGCGTCCTATCCGCTG-1	P11_T1	0.13303776751624213	0.030469318060159928	-0.35619737885215064	5052	7179
GGCTATTAAGTTGTAT-1	P11_T1	-0.24101576137542724	0.3210910718671003	-0.40023028970968844	5930	7561
GGCTCTGCTCCAACGC-1	P11_T1	-0.19170827770233154	-0.13612327739639063	-0.20442212230027323	9334	6223
GGCTGAAATAGCAAAG-1	P11_T1	-0.2652677912712097	0.3914755492861656	0.7227693976777972	10104	10617
GGCTTTCAATAAGGGT-1	P11_T1	0.11324533303578693	0.03056847417252112	-0.3130372967382874	8238	12720
GGGAACGGGAGGTTAG-1	P11_T1	-0.2066947660446167	-0.04439188325074933	-0.41242366126089386	5491	8708
GGGACCCGTATATCTT-1	P11_T1	0.23023226398891872	-0.17129122356972243	-0.19270146976817737	7249	12147
GGGACTGCATAGATAG-1	P11_T1	-0.09506057357788084	-0.01912990468620912	0.2934848551798349	8017	7370
GGGAGAACTCACAGTA-1	P11_T1	-0.2718696985244751	0.12098505811226742	0.7877479105284719	8456	7369
GGGAGGATGCCCGAAA-1	P11_T1	-0.2441650686264038	-0.04923713998557733	0.3147706840977524	7029	8325
GGGAGTTAATGAGGCG-1	P11_T1	-0.16024304458830094	0.37435627629786533	0.5556134864537403	9664	7560
GGGATGGTCGTAACCG-1	P11_T1	-0.2732942390441895	0.3553447547478116	1.169924279656073	6150	10236
GGGCAGAGCAATCGTT-1	P11_T1	0.012081398752000594	-0.028607377122443628	0.7495710801596593	8018	12338
GGGCCCGTCTTAAACA-1	P11_T1	-0.04927748566203649	0.04926964570879366	0.6226151856509122	7139	9281
GGGCCGGCCGAAGTAC-1	P11_T1	-0.24838100576400757	0.18650449344171377	0.5708579186237219	10652	8133
GGGCGATATGTGTGAA-1	P11_T1	-0.15927069854736328	0.06010672811564652	0.5313980314466689	7797	6605
GGGCGGCAAATGAATT-1	P11_T1	0.020610473367902976	0.020357239411462447	0.3547889162795712	6370	10618
GGGCGGGTTCCCTACG-1	P11_T1	-0.11295166110992431	-0.08432404496266713	-0.34759413834774133	5491	9472
GGGCGTCACCACGTAA-1	P11_T1	-0.0960216514269511	0.1578488225524724	0.22650543728260075	6919	10427
GGGCTATGATCGATGG-1	P11_T1	-0.04079633988274467	0.06988038334714422	-0.08614850044250488	7029	12147
GGGCTGCCTAGGGCGA-1	P11_T1	-0.14718309783935546	-0.18023869096378883	0.6900655597147315	9005	7560
GGGCTGGTTAGTCGCG-1	P11_T1	-0.11710810216267906	0.2788143277509848	-0.2119940724035706	7028	7179
GGGTACTTCATGAACT-1	P11_T1	0.13006619050767684	-0.1740532058016277	-0.29995737172136405	5711	8325
GGGTCACCGTGACGGT-1	P11_T1	-0.1976587429046631	0.16057869288163062	-0.37231519246342204	6589	7943
GGGTGACACCTTAACT-1	P11_T1	-0.08376417628924054	0.05007820222758064	0.5753972921708617	7578	10045
GGGTTAACATTTGAGT-1	P11_T1	-0.01065710343254933	0.043192209748848354	-0.4596747364660706	6919	11574
GGTACAAACATGCTAT-1	P11_T1	0.0657566538916694	0.2700967461923929	0.4026155206892226	7358	8898
GGTACATCTGGGACGA-1	P11_T1	-0.07601401175392997	0.21409330398214355	-0.5932910273773502	3405	8517
GGTAGAAGACCGCCTG-1	P11_T1	-0.10692101706398854	0.17962355194426538	0.4938290745320947	9226	11382
GGTAGACCGTTGGGCG-1	P11_T1	0.007022995471954341	-0.09697493466743426	1.068914203932791	7249	11382
GGTAGTGCTCGCACCA-1	P11_T1	-0.034968905713823134	-0.06271081886751492	0.343115817416798	9335	7751
GGTATTGCCGAGTTTA-1	P11_T1	-0.23791758155822754	-0.1675639717831653	0.2614864749137802	7248	7561
GGTCAGTGGGTCCCAC-1	P11_T1	-0.1703522162437439	0.15190795516557884	0.30171997378570864	8237	10427
GGTCGGCCAGGAGCTT-1	P11_T1	-0.21226054525375365	-0.024933420456127564	0.6531076154323538	10652	7369
GGTCGGTCGTCCACAG-1	P11_T1	-0.12235730648040771	0.3152537777407919	0.8817119502057933	7139	11956
GGTCTCTGAATGGACT-1	P11_T1	-0.1384169340133667	-0.03178652998597256	0.3251006145669956	5162	11192
GGTGATAAGGAGCAGT-1	P11_T1	0.09564462057749434	0.1635771373281506	0.25987526623889645	10103	8324
GGTGCTGGTACACATT-1	P11_T1	-0.21159228324890136	0.010976508444792449	-0.49670256267894397	6480	9281
GGTTACCACCCTCGGG-1	P11_T1	-0.11761753845214844	0.03192810570499163	-0.3688074073406181	5052	9854
GGTTTACAATCTCAAT-1	P11_T1	0.13714652220408124	0.11842594583943102	-0.4097110454482262	9444	6032
GGTTTCAATCGGTCAG-1	P11_T1	-0.06789314079284668	-0.11417891439530774	-0.3827377280803642	11421	7560
GTAAGCGGGCAGTCAG-1	P11_T1	0.17682687017652726	-0.12963274488476423	-0.42905041665741894	8346	5650
GTAAGTAACAGTCTGG-1	P11_T1	-0.13071227506796523	0.12051419226351301	0.4529109741702224	10433	8898
GTAATCTGATTCTTCG-1	P11_T1	-0.18633941316604613	0.13032176902779194	0.8340062095661356	6260	10809
GTACACTTACCTGAAG-1	P11_T1	-0.1210609130859375	-0.17709325446098786	-0.35773601194824833	8456	8134
GTACAGAGGCAAGGGT-1	P11_T1	-0.2901741418838501	-0.19515471472098014	0.40530681128453727	10543	8324
GTACGAGATTGCGACA-1	P11_T1	-0.08815802001953126	-0.08059058148403223	-0.229449541881831	7687	5268
GTACGCTTCATTGCAC-1	P11_T1	-0.025243322107527	0.12711639487413193	0.2443870558883205	9335	10044
GTACGTTTGCCCGTCA-1	P11_T1	0.20677656351195445	0.18575773354701575	0.25134175504096834	8896	9662
GTACTAAGATTTGGAG-1	P11_T1	0.28716686264673874	0.019960144614763448	-0.41131498958125257	7467	6414
GTACTCCCTTATCGCT-1	P11_T1	-0.20944428634643555	-0.13809389712817347	0.4578441826984136	4503	8135
GTACTGGAGTTAGACC-1	P11_T1	0.015411364475886036	0.15367693765713358	0.7871520287460751	10323	7560
GTAGCCAAACATGGGA-1	P11_T1	0.0625542930695746	0.2940317251094205	0.7233377374482878	9116	10809
GTAGCGGCTATACACT-1	P11_T1	0.3708309540748596	0.017087057730985344	0.6274893524670841	9005	8707
GTAGCTTCCTCTTGTT-1	P11_T1	0.14627659575144453	-0.21827169270775038	-0.5037522773550014	11201	7178
GTATAGGACTCAGTAG-1	P11_T1	-0.06214066123962402	0.21059795471180476	-0.29413994394167503	7796	5077
GTATCTTTCATAACCA-1	P11_T1	0.25632305071089007	0.026212435112527827	0.8680155506037701	8676	10045
GTATGTGGGTCTAGTT-1	P11_T1	0.12963104014926488	-0.14039198443677842	-0.24943409062395192	11531	8515
GTATTCTGAGAAACGA-1	P11_T1	-0.17889366722106934	0.20040904485052158	-0.3846162738222064	5601	10427
GTCAAGCGGACTCGGG-1	P11_T1	-0.24535141738255817	-0.08998782433206509	0.21688185556970463	9884	8707
GTCAGAATAGTCTATG-1	P11_T1	0.29426073816087506	-0.08245562960561845	-0.22527014125477185	4942	6988
GTCATGCACCTCCGTT-1	P11_T1	-0.1719073257446289	0.10197913641005099	-0.24595959258802008	8126	6796
GTCATGGACATGACTA-1	P11_T1	-0.1932617654800415	0.10509106815715233	-0.34984331419973663	8236	6223
GTCATTAGAGCGAACG-1	P11_T1	0.03674667612711591	-0.15004922120823902	1.1079127788543701	8786	8325
GTCCCAACGTAAAGTA-1	P11_T1	-0.23703637218475343	0.07083698432561661	0.4102687209543556	9444	7560
GTCCGGCTGAATTGCG-1	P11_T1	0.22382826354768537	0.09735861861831024	-0.06319433992559265	7138	6605
GTCGCCGTTGTGTGTT-1	P11_T1	0.06594210375679865	0.10911695256388065	-0.5665800764103128	6151	12147
GTCGCGTAACCCGTTG-1	P11_T1	-0.37147576713562014	0.17334134286089864	0.4388781424724695	9664	8707
GTCGGATATCTCAGAC-1	P11_T1	-0.19765654373168945	0.182614369942329	-0.42940485718274357	5381	7370
GTCGGGAAGCAGAAAC-1	P11_T1	-0.008362285190158414	0.3048786375789041	0.2007072862952647	8567	12529
GTCGTACCATCTCGGG-1	P11_T1	-0.09063831377029419	0.3091427252023928	0.5396100836570816	8237	10045
GTCGTTATTCGCTTAT-1	P11_T1	0.09834895568423802	0.0017220515120906221	0.5002194727310025	9774	10044
GTCTATCTGAGTTTCT-1	P11_T1	-0.16657587385177614	0.003722705295684803	-0.3616878203671388	6040	8899
GTCTCAAGGCCCGGCT-1	P11_T1	-0.09917431312137182	0.05320119766701717	0.07538535619022874	8677	12720
GTCTGGGCGGTCGAGA-1	P11_T1	0.24277721055348717	0.13038061532159023	0.8968752959761958	6260	10045
GTGACCGCACACTACG-1	P11_T1	0.2996265188852946	-0.031014051854098085	0.2859793889402139	11421	8706
GTGACTTCAGTAGTGC-1	P11_T1	0.1389773392677307	0.23249689256905826	0.611841447425611	6919	10045
GTGAGCGTGCTGCACT-1	P11_T1	-0.22183827209472656	0.0316962016232262	-0.3058482227903424	4173	7562
GTGAGGACACTTAAGG-1	P11_T1	-0.2264237120681339	0.14920665222685336	0.9854314501839454	9884	9089
GTGAGTGGTACAACGC-1	P11_T1	-0.13786272048950196	0.30523701577154705	0.6121741497155392	7578	11191
GTGATCATAGATCTGC-1	P11_T1	0.08373745436138574	0.07929951726764067	0.6058883158245472	7688	9854
GTGATTCGCCGCTCAA-1	P11_T1	-0.06312474033567642	0.3105208088413464	0.06348198110407055	5821	10427
GTGCCATCACACGGTG-1	P11_T1	0.14337337070041234	0.08031131180560122	-0.3226256322379064	5162	9281
GTGCCCGTTCGGATTC-1	P11_T1	-0.034386401785744536	0.24045000849389525	0.7891231751201128	10762	8706
GTGCCGCTTCAAAGGT-1	P11_T1	-0.020929931004842084	0.15877572148895996	0.8016780542604851	6260	9663
GTGCGAAATCGAACAC-1	P11_T1	0.042503913349575456	-0.0344272748902511	0.3693400513042103	6150	9854
GTGCGTGTATATGAGC-1	P11_T1	-0.15974451790915595	0.21183688944310608	0.9059548612796898	10543	9089
GTGCTCAAGTACTGTC-1	P11_T1	-0.138667085647583	0.4352267476754066	-0.36312310141746446	7138	7752
GTGGACCAACCCGATT-1	P11_T1	-0.22956371593475342	0.3072721520945814	0.6255771174575344	4613	9854
GTGGACGCATTTGTCC-1	P11_T1	-0.004220925172169987	0.07856747320183369	0.24536473582489315	8457	11955
GTGGAGTCGGCGGTTG-1	P11_T1	-0.14293306112289428	0.11084325479231455	-0.449665327264805	5602	11574
GTGGCGGTCCCAGCGT-1	P11_T1	-0.18999295139312744	-0.14625110393950455	-0.3960975444678104	3624	8899
GTGGGCTTAGACACAC-1	P11_T1	0.0819808581670125	-0.13527766544702743	0.4391969550739635	5710	6797
GTGGTATAGTCTGCCG-1	P11_T1	-0.2407372727394104	0.0560567685845019	-0.4844779029037013	5931	12147
GTGGTGGCCAAGTGAA-1	P11_T1	-0.01306028662787545	-0.0604261845321801	0.5492367937107279	10104	9853
GTGGTTTCCGCCTTTC-1	P11_T1	-0.15584903526306151	-0.1448909676177454	0.5399681414016569	4942	9281
GTGTACCTTGGCTACG-1	P11_T1	0.06868658023410373	0.10625669328849886	-0.3221903425274473	9993	6223
GTGTCGTATAGCGTTC-1	P11_T1	-0.12351159980561996	-0.018435748267310398	0.4207174555219786	9775	11573
GTGTGAATAACTTAGG-1	P11_T1	-0.252648904800415	0.07664526408358541	0.3122007798666906	10542	7560
GTGTTACTATGCGTCC-1	P11_T1	-0.08607313346862794	0.09872985501002446	0.7081019444899126	9664	9089
GTTAACATCACTTAAA-1	P11_T1	0.03287816280788847	0.27237921714099567	0.40137305283787283	9445	11764
GTTACAATTGGTGACG-1	P11_T1	-0.11734562301635743	0.07382824985664461	0.4788809280202846	5052	8326
GTTACCTACAACTTGC-1	P11_T1	0.14477347310384114	0.025152123703086726	0.3784551415780578	8786	10236
GTTACTTTGGGCCTAG-1	P11_T1	0.05258592340681287	0.5560429494724802	1.586973977811409	7029	9472
GTTATATTATCTCCCT-1	P11_T1	-0.2672965812683106	-0.1785444048550887	0.9860333541426995	7578	10427
GTTCACAGGAGTCTAG-1	P11_T1	-0.20690475606918335	-0.2291855586633983	-0.455537873085099	5161	7370
GTTCGCCATAAGTGCC-1	P11_T1	-0.20941330289840698	-0.07749754284377769	0.12983687839122732	7248	8325
GTTGAACCGGTTCCAT-1	P11_T1	-0.1853957986831665	-0.033628754879934164	-0.333908326698072	5821	9281
GTTGAGTCCCGCCGGT-1	P11_T1	-0.1884941841761271	-0.10023275419087668	0.9158708808398006	9994	11191
GTTGGATTGAGAACAC-1	P11_T1	-0.21467527294158936	0.17434786748294046	0.2540936734941271	11092	7369
GTTGGATTTGCGTTGG-1	P11_T1	-0.21625575828552246	0.014992406170142747	0.07735633850097656	6919	8134
GTTGGTCATGCTATCC-1	P11_T1	0.15913706853654647	0.16646836226967937	0.568399578332901	8347	11764
GTTTACGTTCCATCTG-1	P11_T1	0.053800270610385476	0.0369087906257243	0.8700647667200879	8457	10427
GTTTCATATCGTCGCT-1	P11_T1	0.016676611688401954	0.3345068655587882	0.31397482120629516	4393	8708
GTTTCCTGGAGGGTGA-1	P11_T1	-0.1547923548221588	0.2081371825597576	-0.6392024586899112	6808	6032
GTTTCTGCAGTCTCCC-1	P11_T1	0.1585733609199524	0.3261170556489468	1.3356894892875595	9335	8898
GTTTGACCAAATCCTA-1	P11_T1	-0.24697987174987793	-0.21940293284746842	0.2905801065040357	7797	6987
GTTTGGCCCAAGTTAT-1	P11_T1	-0.02388320946693423	0.19406574862051146	0.5727710570349837	10213	9280
GTTTGGGCTTGTGAGC-1	P11_T1	-0.06709908808602227	0.06797455053388676	0.7359837739154544	8567	11000
GTTTGGTAGGGTCAAC-1	P11_T1	0.003940370559692374	-0.018099454207543303	0.17299857524910356	7908	11382
TAAACCCAGGAGGGCA-1	P11_T1	0.10559173848893905	-0.12473697512061002	-0.28121190360098175	5382	11574
TAACATACAATGTGGG-1	P11_T1	0.222893699672487	0.18114391961263948	0.6266905286095359	9115	8516
TAACTCATCCGCGCGG-1	P11_T1	-0.18348647689819336	-0.2059987759521834	0.5242549096695099	6809	9472
TAAGGCAACATAAGAT-1	P11_T1	0.05116883426242405	0.3239588099313898	0.6653140891682019	9224	6032
TAAGGCATAACATCAA-1	P11_T1	-0.13124837112426757	0.03296286391437678	0.6586575917523316	6810	12147
TAAGTAACATCTTGAC-1	P11_T1	-0.15282493782043458	-0.2133188104219628	0.4029928722766915	5821	10045
TAAGTCGCCGAGTATC-1	P11_T1	-0.13091165447235106	-0.1042221542074209	-0.2836190136996182	4943	11574
TAATAGAACAGAGTTA-1	P11_T1	-0.20501502323150636	-0.002916265353773928	0.18687142988648076	5601	10810
TACAACGCACAACTCA-1	P11_T1	-0.22040906715393066	0.17105288195860535	0.21237356253344608	6809	9090
TACAAGTCTCGTGCAT-1	P11_T1	-0.175947491645813	0.08031725023856248	-0.23791546773428868	4393	7179
TACATAGGCATACACC-1	P11_T1	-0.27521916580200195	0.15144712433090865	0.9384169265477345	8017	8898
TACATTTCTAACGTGC-1	P11_T1	0.02305781152513292	0.02997056808262183	0.6062969872445771	7468	8707
TACCAAATAGCCCAGA-1	P11_T1	-0.017307244724697524	-0.20930439968163783	0.5519301746830796	8128	12529
TACCAGAAGTAGGTTC-1	P11_T1	-0.09235518423716224	-0.025252845191682305	0.041727169595583535	7029	10618
TACCGGCTCACTGCCC-1	P11_T1	0.09651559623082476	0.17157407393883614	0.3863743037888498	8566	10236
TACCGGTCGTTTCCAT-1	P11_T1	-0.07898063182830811	0.1568352487276254	-0.33002185580706356	5162	9663
TACCGTAGGTTAACTA-1	P11_T1	-0.16750612926483155	-0.1298267247000533	-0.42187480011371653	7688	12529
TACCGTGCCTCGGACC-1	P11_T1	0.0626063483821021	0.27248581040583	0.5586745118854022	9006	11000
TACCTACTCCCAGTAT-1	P11_T1	0.16824749183654786	0.3004296444207003	0.38646532790829435	8237	12338
TACCTCAGTTGTCTGT-1	P11_T1	-0.10703467655181885	-0.12961537585217495	0.5452457052288633	6920	12720
TACGAACACGACTTCA-1	P11_T1	-0.1280238128768073	0.4464672305180897	-0.031019776758521467	7248	7179
TACGACGCTTGCTGCG-1	P11_T1	0.015328658256265892	0.16133961869259617	0.6010979057261439	7358	10045
TACGACTGCCTCTTAG-1	P11_T1	0.0822840505573485	0.20303233592649134	0.4744724884177699	8676	9662
TACGAGAACTTCACGT-1	P11_T1	-0.0969435396194458	-0.12062255769199491	-0.3503473527503736	5711	7943
TACGATGTTGATCATC-1	P11_T1	0.28769223970837066	0.3331162441084241	-0.3677281249653209	5271	7943
TACGCAGTTCTTTCCT-1	P11_T1	-0.2149012155532837	0.24074798566222533	0.29281694238836115	7029	9090
TACGCCATATTCTAAT-1	P11_T1	-0.3080673875808716	0.24316872942413506	0.648959518683077	7797	8898
TACGCCGAGGGTACCC-1	P11_T1	-0.13802190017700194	0.2865312056190761	-0.27699235713843146	5162	11956
TACGCCTCCATTCCGA-1	P11_T1	-0.11164133008321128	-0.09953011106966561	0.4043762250380083	7908	11764
TACGTTTACCGGCAAT-1	P11_T1	-0.18907111072540284	-0.01594018469339567	-0.35390828595016943	4942	8899
TACTATGGTTCCTCAG-1	P11_T1	-0.10900751304626465	0.07601437590297563	-0.30588723192311296	6590	12147
TACTCTTTCGTCTTCA-1	P11_T1	-0.13175606918334962	-0.12178924773688986	-0.4009881236336448	6480	12338
TACTGAACAGATTTAG-1	P11_T1	-0.20274380599127878	0.12477119467661513	-0.6029400271598739	6261	11956
TACTGGACAGCTCGGC-1	P11_T1	-0.14242215538024902	0.3344515632649433	-0.31098277159411497	4173	7944
TACTTGTTAGTAGTCC-1	P11_T1	-0.0578869278166029	-0.0884625037852764	-0.4006329931394018	10982	8324
TAGACGCCCGTACCGG-1	P11_T1	0.08070287746853297	0.008902271417856461	-0.4240292491334857	11311	7369
TAGAGTCTAAGCGAAC-1	P11_T1	-0.13935275268554687	-0.1496710155618225	-0.39400056155041013	7467	6796
TAGATATGGACTGGAA-1	P11_T1	0.01849719105826486	0.04744565139641166	1.2967919641070895	7249	10618
TAGCCGGCGGTCAGCG-1	P11_T1	-0.21817245864868165	0.11453336471586767	1.2319548491275671	10762	7560
TAGCGTCCGGTGTGGT-1	P11_T1	-0.011527314927842897	0.1742671039293466	0.6355007007868603	9884	11382
TAGCGTTGGGTCTTAC-1	P11_T1	0.19003370687696672	-0.008092843302113711	0.6071504222022162	8895	8516
TAGCTAAGTCCGGGAG-1	P11_T1	-0.14416284656524658	0.21816812499774105	-0.5634173913435503	7687	6796
TAGCTAGAAGGCATGA-1	P11_T1	0.058754048983256035	-0.1543618567010393	1.2366663976149126	7029	11000
TAGCTAGTGATGATGG-1	P11_T1	-0.16790535354614258	0.25012347122090367	-0.30428154059130735	6700	12720
TAGCTCGCCTGATAAC-1	P11_T1	-0.18328181076049804	0.3996188712894291	0.6180530027909712	7798	10809
TAGGGAGCTTGGGATG-1	P11_T1	0.14308512338002521	-0.16203304074896782	0.5069674963902946	11970	8133
TAGGTGCTCGCCTAGC-1	P11_T1	0.007140297386381389	0.10561897327417175	0.38386059830887154	10872	8898
TAGGTGTTCCACAGAT-1	P11_T1	-0.12040177631378174	-0.19237134928006497	-0.3782537681887848	8018	12720
TAGGTTCGAGTTCGTC-1	P11_T1	0.34019173389010954	-0.12969590463064462	1.29681691978917	8785	7943
TAGTCCGCAGAGAATG-1	P11_T1	-0.20558308410644532	0.28086655307294306	0.538465268684156	7248	8707
TAGTCTAACAACGAGA-1	P11_T1	-0.2048175745010376	0.11796256168296254	-0.45210366056422996	5162	8899
TAGTGCCCTCCAGAGT-1	P11_T1	-0.060554326693216975	0.27076403369705454	-0.44001995192633736	7138	7370
TATACACAGACGCCTT-1	P11_T1	-0.035509988837771955	0.026047579510050267	-0.36381172652196403	8017	10809
TATACGCGTCATCACT-1	P11_T1	-0.08963460747400917	0.09005934170802207	0.4010400844342781	8896	12720
TATAGGGTACTCATGA-1	P11_T1	-0.06037441592746312	0.3113760853679042	-0.5161652179679486	3624	8135
TATCCGCACCGTCGGG-1	P11_T1	-0.14090540409088134	0.4628530458939451	1.0159709116425177	7249	12529
TATCTACCACAGCGGG-1	P11_T1	0.11341094459427725	0.1729337147293824	0.6153841491299447	8017	9280
TATGCTCCCTACTTAC-1	P11_T1	0.1696391529507107	0.460136417530783	0.2953941978589453	8126	6032
TATGGATGTGCTACGC-1	P11_T1	-0.08127078082826403	0.42410095558353234	-0.4960950721393932	7357	6223
TATGGCCCGGCCTCGC-1	P11_T1	-0.0295847110748291	-0.09376561675850505	-0.18677216587644635	4722	6988
TATGGGACCGAGCAGG-1	P11_T1	0.10314897081587052	-0.15616619894361086	-0.3299368993200437	7578	8134
TATGGGTACGTATCGT-1	P11_T1	0.049701063791910804	-0.15206323636637037	0.2838221294711335	7797	7370
TATGGTCTGAGTAACA-1	P11_T1	0.6248979558944703	0.11844368957858373	0.5854522098194469	7797	8134
TATTAACCTGACCGCG-1	P11_T1	-0.21681405507193674	0.07248186649542943	-0.5335833002822568	6370	12147
TATTACCATCCTGCTT-1	P11_T1	-0.1686696262359619	0.06073561615338183	1.546954875040536	11970	8515
TATTCAATTCTAATCC-1	P11_T1	0.13399591732025146	0.3158751887259534	1.0126005134197196	9554	7751
TATTCCACTCAGCTCG-1	P11_T1	0.06529329246944851	0.20106055583972077	0.5195391683867484	7688	10618
TATTCCTCCGCCCACT-1	P11_T1	-0.14237366485595704	-0.12389829097299658	0.8080201558392457	4942	10428
TATTCGTGCCAGAATA-1	P11_T1	0.13518720637427437	0.05405076515594892	0.5557625992129548	8456	7752
TATTTGTTACCCTTTA-1	P11_T1	-0.14025152969360352	0.3359920244731557	-0.34727267785505816	6479	5841
TCAAACAACCGCGTCG-1	P11_T1	-0.17739341735839845	0.04862107520117118	0.5422927008734809	8016	5841
TCAAACTTAGATTGTT-1	P11_T1	-0.17545242929458615	0.08887894467273666	0.09027707095098014	8566	7178
TCAACATAGCGCCCTA-1	P11_T1	0.027301004409790053	0.04076033489068803	-0.52356536099405	6261	12338
TCAACCATGTTCGGGC-1	P11_T1	-0.019162684228685167	0.2282402964296405	-0.6666780637972283	7028	6032
TCAACGAGGAGACAAA-1	P11_T1	-0.02860307926601835	0.0645981183650956	0.31314582776541666	7578	9280
TCAACGCAGGAAATAA-1	P11_T1	0.10916326056586373	-0.15024258140848154	-0.4172786558517302	4833	10619
TCAACGCGACCGGCAG-1	P11_T1	-0.15705471515655517	0.2169935103530756	-0.33395506757678406	3954	8708
TCACAGCAAACTCGAA-1	P11_T1	-0.1487833586798774	0.14551737389341352	0.29112255934512976	6809	11000
TCACAGGAGAATAAGA-1	P11_T1	-0.06523694048987494	0.2926156292842931	0.2002384686710858	6810	11765
TCACAGGGAATCGCAA-1	P11_T1	-0.18380679035186767	0.07070448866546325	0.32233276752510454	10104	10235
TCACAGGTTATTGGGC-1	P11_T1	0.10391833188798688	-0.052190560381414786	-0.5415373498743231	6699	7370
TCACCCTCTTAAGATT-1	P11_T1	0.40841177405251394	-0.01080162585521724	0.3863371514310741	7907	9854
TCACGATGTCCGTGGA-1	P11_T1	-0.1902001190185547	0.04126390789163148	0.579123773960152	4503	11192
TCACGCATTGTAGATC-1	P11_T1	-0.0528547248840332	0.10099171874857904	-0.3723276937850798	6809	7561
TCACGTGCCCGATTCA-1	P11_T1	-0.16266006851196288	-0.14232048537464742	0.5858324441042813	8237	8516
TCAGACGCTATAGAAG-1	P11_T1	-0.06766997294955784	-0.053705062685176774	-0.11468479127594916	9335	10427
TCAGCAAATGCATCTC-1	P11_T1	0.10905899323357474	-0.040120170587796544	0.05230138036939824	9444	7178
TCAGCAGTAGGCCCTG-1	P11_T1	-0.11614770889282226	-0.05182667789623184	-0.2864967644816697	5931	12911
TCAGGGTGTAACGTAA-1	P11_T1	-0.12409427457385591	0.08739068312881784	0.4562575636488019	9334	6605
TCAGGTTCTTTGAGAA-1	P11_T1	-0.18878847694396972	-0.05014212684280664	-0.38225406709343496	6040	6988
TCAGTAGGGACTATAA-1	P11_T1	-0.2626419858932495	-0.02714617022356766	0.4911789243871516	6699	10045
TCCAACTTTAAATTCT-1	P11_T1	-0.2624400300979614	-0.033114047367001215	0.49607225379558517	5821	8899
TCCACAATGGTTTACG-1	P11_T1	-0.11372709502114187	0.3130640341422619	-0.4286739874367762	5381	6988
TCCACCTCTAGCCTTT-1	P11_T1	0.06271312708324855	0.6243328495660962	-0.032842237539965735	7249	12911
TCCACTTTATCTAGGT-1	P11_T1	0.009199041234122407	0.3239632804932317	0.9624054636618103	10103	7178
TCCAGAGCACCGGTTC-1	P11_T1	0.09628433974583944	0.20390386977646618	0.8367618719736735	9115	8898
TCCAGGCGAGTACGGT-1	P11_T1	-0.24534360790252685	-0.07953530014870613	0.7640647093454997	7687	7179
TCCAGGGTATATACGA-1	P11_T1	-0.18640319975217182	0.15272623542500546	-0.30140801331009526	8347	12911
TCCCAAAGACGAAGGA-1	P11_T1	0.13424955304463704	-0.14619798509985807	-0.37775541315175065	8016	6223
TCCCAGCTTTAGTCTG-1	P11_T1	-0.17621821689605713	-0.22134263809225962	-0.4211468624346184	7577	7752
TCCCAGGCTTAGCTAA-1	P11_T1	-0.3057009787559509	0.12690370469403017	-0.35033881543862705	6699	6988
TCCCGCGTACTCCTGG-1	P11_T1	-0.19277328395843507	0.1080287585058094	0.8511888234302252	9005	6414
TCCCGGGTGTGCTGCT-1	P11_T1	-0.0630257469813029	0.09257097930826225	-0.4411448962760694	5161	7752
TCCCGTGTGCAATTTG-1	P11_T1	-0.20034375312593247	0.3296432019475538	0.6347024838129679	10214	9662
TCCCTGGCTCGCTGGA-1	P11_T1	-0.21704374504089355	0.18624483024721045	-0.32265958641514636	4393	7561
TCCGATGGTGCGACAT-1	P11_T1	-0.2971251517401801	0.3694755372937338	-0.3280994874058348	7248	6032
TCCGATTACATTGCCG-1	P11_T1	0.05465694830152723	0.01697837190618942	-0.3782309016796074	4942	7370
TCCGCCTGTCTACAAG-1	P11_T1	0.4210990640852187	0.3761710044078408	1.0991552791210137	9555	11955
TCCGCGGCAGCATCTG-1	P11_T1	-0.1527245542738173	0.036381235436928644	0.3856665172962227	10652	7751
TCCGCTGTCATCCCGG-1	P11_T1	-0.1739887056350708	0.2849305400761857	0.2654731466312601	10323	10235
TCCGCTTATCCCATTA-1	P11_T1	-0.24034292697906495	0.04208741801743748	0.5448695336929474	8457	10809
TCCGGTTCGTCCGGTC-1	P11_T1	-0.0684758415222168	-0.1550142382482403	0.511080720207908	7249	11000
TCCTAAATTGGGAAGC-1	P11_T1	0.31910692056020107	0.18615429244273712	1.0437339050601229	9116	11955
TCCTAACCGTCGGGCA-1	P11_T1	-0.11696169185638428	0.12294758390902107	-0.3309301800198025	6481	13102
TCCTACATCCACGGCC-1	P11_T1	0.5554278729756673	0.01698840216670361	1.9537803187514795	10653	10044
TCCTAGCAAAGAAGCT-1	P11_T1	-0.15824520301818848	0.1623534943335605	0.24727278526383212	5931	9090
TCCTCGGGCTGGGCTT-1	P11_T1	-0.025479085485140496	0.10037393132162414	0.7103703009961831	9774	8898
TCCTGCGTTGATACTC-1	P11_T1	-0.19049333572387694	-0.040510131243648384	-0.16527787001446037	4722	8517
TCCTTTCTTACGCTTA-1	P11_T1	-0.20398315811157228	0.21512253100004441	-0.42414468707460345	8236	6987
TCGAAATTTAGGACCA-1	P11_T1	-0.2702625093460083	0.022578299387136624	-0.5017053478896015	6369	6797
TCGAGACCAACACCGT-1	P11_T1	-0.16235551977157592	0.06759611651685654	0.2566222145099833	7468	8325
TCGCAAAGATGCATTT-1	P11_T1	0.024743269178602423	0.39923605183361827	-0.4781233854968138	9665	10235
TCGCACCAGGAGGCAG-1	P11_T1	0.1918542625639174	0.42587817455317256	0.15852964526475077	10214	10809
TCGCCGAAGTTGCGTC-1	P11_T1	-0.0010907834370930958	0.16694620926264023	-0.31771788693437675	5491	9854
TCGCCGGTCGATCCGT-1	P11_T1	-0.0917555809020996	0.23278286554979616	0.9979761586044773	8126	4885
TCGCGTCCAGAAGGTC-1	P11_T1	-0.14083929538726805	-0.11833369219542232	-0.3670561337711835	4612	7179
TCGCTCGATATATTCC-1	P11_T1	-0.20180300426483155	0.14611866082480213	-0.5143646784503051	8346	6796
TCGCTGGGCGGATTGT-1	P11_T1	0.07228799253039891	0.15523075104585232	0.22182122896416023	9554	6605
TCGGACGCCCAGCCCA-1	P11_T1	-0.36252679586410524	0.21468373122620604	1.395451580635225	10103	7560
TCGGAGAGTATCGGGA-1	P11_T1	-0.2099080114364624	0.03878915218819634	0.45447291509069576	3954	9855
TCGGAGTACATGAGTA-1	P11_T1	0.01829056877560087	0.30594818708206656	-0.33892920643392244	9554	7369
TCGGGCCGTCGTGGTA-1	P11_T1	0.29249279721577964	0.2679651780934593	0.9570458284532182	11092	8897
TCGTAAGACGACATTG-1	P11_T1	-0.21939928245544432	-0.14535776250341903	0.6579814149875833	9883	6414
TCGTATTACCCATTGC-1	P11_T1	-0.15740437030792237	0.016068791079316247	-0.49261799484792385	4173	8326
TCGTCAAGTACGCGCA-1	P11_T1	-0.11209340572357178	-0.0959770214933379	0.590750186130254	5602	11956
TCGTGTCACGCTGACA-1	P11_T1	-0.08175203704833985	-0.11906144817100897	-0.21327713282421382	3954	9472
TCGTTAGGAGTCCCTA-1	P11_T1	0.08683106168111163	0.07044047612515425	0.6524910083924882	7359	11191
TCGTTGCTATCCGGTC-1	P11_T1	0.10275456534491645	-0.16996834954423	-0.3118625289261943	6480	11574
TCTACCGTCCACAAGC-1	P11_T1	-0.18093090438842774	0.17434992945069003	1.064044415348708	8785	6414
TCTAGCAATCTCCGCC-1	P11_T1	-0.2554724979400635	-0.14948318749239248	0.3895414333150844	4723	10045
TCTAGCATGCCCAGAA-1	P11_T1	-0.20756181621551514	-0.015543113237579537	0.6437047780162157	8676	10427
TCTAGTTATCAGAAGA-1	P11_T1	-0.23547507953643798	-0.16505983975691918	0.2342144142497669	7358	7752
TCTATCGGTCGCAACA-1	P11_T1	-0.07502234172821044	-0.09951118206909529	0.694571868337766	8455	5459
TCTATTACTAGAGGAT-1	P11_T1	0.14424855422973631	-0.10531984700856031	-0.44469453590084806	3075	9090
TCTGAATTCCGTACAA-1	P11_T1	-0.2320757303237915	0.0470794733069346	0.4938324412914238	11751	7751
TCTGCCAGAAACTGCA-1	P11_T1	-0.06773766401078962	0.20643636696005047	0.45874686072571114	10104	9089
TCTGGGTAGCGCTCAT-1	P11_T1	0.05601216464572484	0.013393822349358875	-0.3279571629533864	5381	8899
TCTGTGCCATCATAGT-1	P11_T1	0.007228339195251454	0.40718111190891537	0.10537715873332942	10213	7369
TCTGTTACCCAGCATA-1	P11_T1	0.10797796895768905	0.10653142453150855	-0.30135263818683045	5272	11001
TCTTCGAATAGACGTT-1	P11_T1	-0.09212403159671362	0.0784741489371461	0.5252360671457619	9225	8707
TCTTCGATACCAATAA-1	P11_T1	0.09579356749852502	0.18048678873660112	0.19957008506312524	8676	7369
TCTTGATGCGTAGCGA-1	P11_T1	-0.15739137739605374	0.22938608078583148	0.8468159340848826	8895	7369
TCTTGGTAACACCAAA-1	P11_T1	-0.10682868957519531	-0.11413060491611077	-0.27842918068471584	8565	5268
TGAAAGGACCTGACTC-1	P11_T1	0.27514870611826575	0.10659902860920206	0.4266534212863807	10543	7942
TGACCCACGTTAGACA-1	P11_T1	-0.14605183696746826	0.12143030162071655	-0.44963690728852246	6589	7561
TGACGATGCACTAGAA-1	P11_T1	-0.18135452365875243	0.40345500089377595	0.569382364099676	11860	8324
TGACTATAATCCTTTC-1	P11_T1	-0.2998000917434692	-0.006072470172883926	0.3857445126832134	8896	10044
TGAGAGATTTACCACG-1	P11_T1	-0.2215245704650879	-0.19128651195405888	-0.38510184336190273	11421	9088
TGAGCCATACAGTCTC-1	P11_T1	-0.1686324110031128	0.292991019137837	-0.37923300145852445	5601	9281
TGAGCGGAAAGTGTTC-1	P11_T1	0.21119198980596326	0.1862333379507976	0.5102023160216783	8567	11764
TGAGGAGTGCCAGCTT-1	P11_T1	0.06577036719852025	-0.16426328260099307	0.8711478373016974	7798	12338
TGAGTAAATTAGCGTA-1	P11_T1	0.05628763024012248	0.24673228687406612	1.021374402624188	7688	10236
TGAGTGCCTCTTAAAT-1	P11_T1	-0.16342240047454834	0.13470444262540102	0.2994372074050133	5931	9854
TGAGTGGTCCGTGACG-1	P11_T1	0.11801768536037868	-0.11570676008404839	0.7773613544425579	10652	6987
TGATACATTTAGCCGT-1	P11_T1	-0.21699154949188232	0.24584850631903324	-0.5116209345634537	6151	11765
TGATCAGGGAACTGCT-1	P11_T1	-0.21498405933380127	0.18304858377351002	-0.4010759110402579	4064	9281
TGATCGGTTTGACCCT-1	P11_T1	0.02566849178738065	0.20854056872064541	-0.4064651739717734	7358	6605
TGATCTCCGGCGCCAG-1	P11_T1	-0.027114399883482243	0.2000289168119886	-0.6003226631819599	6918	6605
TGATTCGTCTATCACT-1	P11_T1	-0.2289740357398987	0.035821120968976244	-0.4588930101105661	5930	7179
TGATTCTGTCGCCGGT-1	P11_T1	-0.26978526592254637	-0.2118462088456468	0.9812139477392641	6260	10427
TGATTTATTAGCTGTG-1	P11_T1	0.13493193255530464	0.013211350386327175	-0.3822426458801886	5162	8517
TGCAAGAATGACGTAA-1	P11_T1	0.06056933101018269	-0.03565672651972221	-0.4963863305371217	8017	6987
TGCAGAACTATATCGT-1	P11_T1	-0.23493954277038573	0.14313568085175873	-0.5681159399976634	3844	9281
TGCAGAGTACCGAGCA-1	P11_T1	-0.2290502347946167	0.29220924552782673	-0.0690981787864608	6479	8516
TGCAGATCGTCCTAGG-1	P11_T1	0.2374866717656453	0.17291896305658072	0.7722572437440507	3405	9281
TGCAGCTACGTACTTC-1	P11_T1	0.4107183623843722	-0.1556280356081987	-0.3531772560543484	3185	9282
TGCAGGATCGGCAAAG-1	P11_T1	-0.16779796028137206	0.06276861171895476	0.49132938096017553	9554	5841
TGCAGTTTCCTCCCAT-1	P11_T1	-0.22994276332855224	-0.06050829297605875	0.18447844187418622	11312	8897
TGCATATGTCTGTCAC-1	P11_T1	0.05493067423502607	0.058190212948843745	0.9953350611407347	10762	7942
TGCATGGATCGGATCT-1	P11_T1	-0.1176394386291504	0.20677100735384735	0.8695333268907336	8785	4885
TGCCAAAGTCAGACTT-1	P11_T1	0.22011944092644584	-0.09185922794833908	-0.28039036375103576	3515	9473
TGCCAATGGGTACTCT-1	P11_T1	-0.25152029609680177	-0.16566884825086184	0.714101882896038	7139	11574
TGCCAGTACGTGGAGA-1	P11_T1	0.021615104781256778	0.292254106932406	0.8128879166612721	9225	11000
TGCCCGTACCGTTAAA-1	P11_T1	0.12024559182590916	0.008561839973118157	0.46726401526518535	9664	9853
TGCCGTGGATCGTCCT-1	P11_T1	-0.10471555116441514	0.008783508053026329	0.6253927404230292	8347	12147
TGCCTTGGCCAGGCAA-1	P11_T1	-0.15803916947046917	-0.09293465855697733	0.6436723988465588	10434	11191
TGCGACACCCTAGTGC-1	P11_T1	0.13227041782273186	0.2768439523726275	0.5778175803145977	6480	10045
TGCGAGAATATTACCC-1	P11_T1	-0.19979354906082153	0.17309858879819867	-0.36227993290833754	5821	10810
TGCGCAAAGCATTTGG-1	P11_T1	-0.17671553993225098	0.15317499802697812	0.3490802386794427	8785	7178
TGCGCGATTAACGGAG-1	P11_T1	-0.12849574089050292	-0.059305741657158705	-0.27500682647782143	5930	6415
TGCGGAGTAAAGGTGC-1	P11_T1	-0.13172556686401368	0.09448390009296204	0.7271907690799598	9114	5458
TGCGTAAGAACCTGAT-1	P11_T1	-0.14645097446441652	-0.18516848490367988	0.6344177819261647	6150	9472
TGCGTTTGTTGACACT-1	P11_T1	0.07691243256462943	0.37007660584554525	1.058748732913624	9774	9280
TGCTCGGCGAAACCCA-1	P11_T1	-0.10569132868448891	-0.039505199181430084	0.5081464810804888	8128	12147
TGCTGTTGAAGAACTC-1	P11_T1	0.18132716655731201	0.0004545974526500851	1.2214602460764876	8676	8516
TGGAAGAAGGGAACGT-1	P11_T1	-0.20390119695663453	-0.007122004299701223	-0.3781530230936378	5272	8708
TGGACTGTTCGCTCAA-1	P11_T1	-0.34911274623870847	0.058294202559543096	0.4753400027149855	9444	8325
TGGAGTGATGCGATGA-1	P11_T1	-0.17162592029571533	-0.11240285378814086	-0.34275334531610663	5930	6797
TGGCAAACTAAATTAC-1	P11_T1	-0.11975888050927053	0.19725414956879822	0.8624444260741725	9994	10809
TGGCAGATTACGATCA-1	P11_T1	-0.3200185647010803	-0.2230890121421249	0.4809661477503151	7798	9663
TGGCAGCAGTAATAGT-1	P11_T1	-0.22566476726531984	0.02286151259312086	0.2970898223645759	8127	8707
TGGCCAAACTGAAGTA-1	P11_T1	-0.024953259547551454	0.26197613825542987	0.3428198297818501	9774	6605
TGGCGACTGCTCCAAA-1	P11_T1	-0.2960791940689087	0.1787207396460809	0.09281580616729435	6590	11765
TGGCGATCAAGTTATG-1	P11_T1	-0.17423522758483886	0.22818356849174903	0.43715384512236627	7468	11000
TGGTCCCACGCTACGG-1	P11_T1	-0.24752988386154173	0.04420300703335628	1.0277590619193182	9555	11191
TGGTCTGTTGGGCGTA-1	P11_T1	-0.2628827285766602	0.2847029381745638	-0.4159891027392763	4613	8326
TGGTTCAACGGGTAAT-1	P11_T1	0.15239677712652422	0.18675160622926928	0.5705868090041959	9555	10809
TGTACGAACAAATCCG-1	P11_T1	-0.19774347019195557	-0.034894331876960616	0.5392818499093104	7797	8516
TGTAGGAGAAATTTCC-1	P11_T1	0.018845778571234817	-0.013040152297434382	-0.37521373623549337	10872	7751
TGTAGTGATCTATAAT-1	P11_T1	-0.1869106273651123	0.45171389060580625	0.24875493362696482	5052	7943
TGTCCTAAGTCACCGC-1	P11_T1	-0.07312865018844605	0.22168384052620915	-0.5119983885023329	4722	7752
TGTGAGACTAGCCCAA-1	P11_T1	-0.25277142524719237	-0.0684630350488191	-0.3516726012181754	8347	12529
TGTGGCAAAGCGTATG-1	P11_T1	-0.14931531620025634	0.21756959815421556	-0.5118999119960901	10982	6796
TGTTATTGTATGTGGC-1	P11_T1	-0.18809257390764025	0.1411526614182772	0.2361683147122161	10872	9662
TGTTCCGCTTCCATGA-1	P11_T1	0.031807956324683306	-0.2604057095453869	0.07298224140899351	6260	8134
TGTTCGTATTGCGGTG-1	P11_T1	-0.2443967251777649	0.04988267673348515	0.3946792308730309	8127	10618
TGTTCTTCCATTGACT-1	P11_T1	-0.02815502654181587	-0.20378913612966892	0.89582517773214	6150	7561
TGTTGTCAAGAAGTCT-1	P11_T1	-0.13786823654174804	-0.1992712116514714	0.7208570759705824	10432	5840
TTAACTTCAGGTAGGA-1	P11_T1	-0.17876518630981444	-0.034582736214343546	-0.35550526898316664	4283	10046
TTAAGCGCCTGACCCA-1	P11_T1	-0.10385292996300588	0.20165817483676082	-0.4039760274116439	6259	6988
TTAATGTAGACCAGGT-1	P11_T1	-0.15388704681396484	0.12794529845174882	-0.3556043162490382	8895	6987
TTACAACTACGCATCC-1	P11_T1	-0.08910738097296822	0.36728682032401144	-0.15573661014287155	7138	5841
TTACCATTGATTACCC-1	P11_T1	-0.1811306810379028	0.3591970600109501	-0.48171426792337435	4503	7753
TTACCCTAGGGATTGG-1	P11_T1	-0.2556150817871094	0.10759719975698301	0.12173709243234965	7798	12720
TTACTAAAGGACTTTA-1	P11_T1	0.09074323389265271	0.17269149983396045	0.2588055398729112	9994	10426
TTACTCCGGCCGGGAA-1	P11_T1	-0.057178223609924306	0.07509815328556124	1.1844262552983835	9993	7751
TTACTCTGGTACGTAC-1	P11_T1	-0.12401225852966309	0.08722394568189168	-0.3731423628450644	4832	9472
TTACTGGGATATTTCA-1	P11_T1	0.13057574436399672	0.05378201606735916	0.5459630910796348	7358	9663
TTAGAAGAACATGACT-1	P11_T1	0.03870279301537405	-0.037058656670530266	0.48567530542913107	8457	11191
TTAGACGAGTCACCTC-1	P11_T1	-0.17416068267822266	0.4149857783385881	0.6410566773077454	10214	10426
TTAGAGTTTAGAAGGA-1	P11_T1	-0.18784180164337158	-0.1537316303198522	-0.23227127874740447	10873	10044
TTAGCTGATTTGCCGT-1	P11_T1	-0.16064242458343506	-0.15569112977189115	-0.41411670049031574	11751	8515
TTAGTAGGGCGGCGGG-1	P11_T1	-0.17305712699890136	0.27076396161073035	-0.3123907272261803	4283	7753
TTATATACGCTGTCAC-1	P11_T1	-0.26423711464140154	-0.0017599512137109752	0.41312691539224955	9554	8516
TTATATTTGGCAATCC-1	P11_T1	-0.3280948214530945	0.29931527766138455	0.13487489656968554	8456	6223
TTATCTGTATCATAAC-1	P11_T1	-0.11709088897705078	-0.0914864594751921	-0.409636155523435	8016	5459
TTATGAATGAAAGGGA-1	P11_T1	0.26086498909526395	0.32160016773366423	0.8299110206690701	8346	9089
TTATGATCTTAACGAA-1	P11_T1	0.02812173700332643	0.048790327229722985	0.41575075761236324	10433	8515
TTATTAGAGCGTGTTC-1	P11_T1	-0.2952023167610168	0.01107661749139327	0.3233304011701333	9115	10044
TTCAAAGTCTCTAGCC-1	P11_T1	-0.31811554765701294	0.03268011132079074	0.6121720147855354	9664	7942
TTCAATACTCTGAATC-1	P11_T1	-0.25419168281555177	0.029695711595850438	0.26551956118959374	10872	8515
TTCACGAAAGGATCAC-1	P11_T1	-0.17920565605163574	-0.010085731033153966	0.5424640010101627	7358	8516
TTCACTCGAGCACCTA-1	P11_T1	-0.029034841325547955	0.2096800210938185	0.7580637149136475	9006	11764
TTCCAATCTGGCTATC-1	P11_T1	-0.05017609908845688	0.18239356644287952	0.4719068618735881	6480	10427
TTCCACACAGATTTGA-1	P11_T1	-0.042924080000983356	0.18082972982437584	0.515155756112301	6480	10809
TTCCGCGTGAGGCGAT-1	P11_T1	-0.1224335186216566	0.005668950513531862	0.10489221534343679	8457	10045
TTCCGGCCTTGAGGCT-1	P11_T1	0.007225818316141747	-0.18095179581027318	0.19808230737243038	6261	11574
TTCCGGTTACCCACTT-1	P11_T1	-0.18290587997436522	0.33347328355911243	1.4289234936839403	10982	9853
TTCGACAGAGCCCGTG-1	P11_T1	-0.15485759822527564	0.09632464265584262	0.22833991411960486	8896	11191
TTCGACGGGAAGGGCG-1	P11_T1	-0.22663142204284667	-0.18304714159159402	-0.5005174742804633	6259	5841
TTCGCACTGTACGACA-1	P11_T1	0.17473441208733453	-0.1260464539842141	0.22770057302532776	7908	12911
TTCGCGCGCCATACGA-1	P11_T1	0.1252327630784776	-0.16154741079554516	1.086252337754375	6590	12529
TTCGGGACTAATCGCG-1	P11_T1	0.2878272571563721	0.35511190348163374	0.303590957564537	9335	8134
TTCGGGCGCTAGTCTT-1	P11_T1	-0.15780717372894287	-0.12824060855417332	-0.4092171408913352	5492	11765
TTCGTACTCCAGAACG-1	P11_T1	-0.03200440311431885	-0.04781895039074742	-0.22871612057541357	4612	6797
TTCTAACCGAAGCTTA-1	P11_T1	-0.14653472900390624	-0.12455282238629622	-0.3438599543137984	11311	7751
TTCTAGAAAGTCTTAT-1	P11_T1	-0.15867540740966796	0.508528784671736	0.7326053224428737	6480	12720
TTCTGCCGCGCCTAGA-1	P11_T1	0.15472361548741664	-0.022897804406789124	0.3704431195451756	9006	10618
TTCTGCGGGTTAGCGG-1	P11_T1	-0.020998344898223886	0.06477155552780273	0.9528444571928544	10213	8898
TTCTTGAGCCGCGCTA-1	P11_T1	0.07828300031026206	-0.16815218611228092	0.29449638212570034	5931	10236
TTCTTGGACGATCTGC-1	P11_T1	-0.18914820671081542	0.020006753710643838	-0.30340528006505485	4943	11192
TTGAAGAATTCCCAGG-1	P11_T1	-0.0030863186518351182	0.0025867144323693525	-0.6541297652504661	6918	7370
TTGAATATGGACTTTC-1	P11_T1	-0.022556033134460446	0.32029810488053245	0.4116285979145705	9774	7751
TTGAATTCACGTGAGG-1	P11_T1	-0.16345160293579103	-0.11258705912483456	0.48550694879859385	12080	8706
TTGACATGAACGTGGA-1	P11_T1	-0.14503576278686522	0.1136635165046029	1.0796257847487325	4942	9663
TTGACCATGTTCTCCG-1	P11_T1	-0.17179881477355957	0.12794207758070064	0.963158764020361	9993	5840
TTGACCGTGTTAATGA-1	P11_T1	-0.15849859958224827	0.3677361209333342	-0.25908376231338043	5162	10810
TTGACTACCATATGGT-1	P11_T1	0.16698587640126544	0.05746513844219525	1.3400953129084423	5931	9472
TTGAGAGTACTGCTAA-1	P11_T1	0.0794652066760593	-0.1386794155853184	0.44362815221150714	5601	9663
TTGATCTAACTTTGTC-1	P11_T1	-0.18611218897501627	0.23358249660036967	-0.6228625094047701	6589	6797
TTGATTAGCTGTTTCT-1	P11_T1	-0.1609026460647583	0.10461779253302922	-0.23556586467858517	5162	10428
TTGCACAATTCAGAAA-1	P11_T1	-0.041132787704467766	0.06921304322587041	0.748637206626661	7688	9472
TTGCACGGAGCAGCAC-1	P11_T1	-0.12812568283081055	0.18647781757365667	1.2841280156915837	7906	5268
TTGCATGCTGATCACG-1	P11_T1	-0.18786176586151124	0.01648853774740225	1.092147470724703	5272	9090
TTGCCATAGCCCGCTC-1	P11_T1	-0.133548433303833	-0.0704050296357163	-0.3693839419971813	4064	11574
TTGCCCTGATCACGGG-1	P11_T1	0.11610157362620038	0.1356953819137362	0.0693901235407049	5162	8135
TTGCGGCATCAGAAAG-1	P11_T1	0.013826628367106103	-0.17519209992919746	0.4233315400402955	6370	11383
TTGCGTCGGCCAACCG-1	P11_T1	-0.11517429410086738	0.14301193776649868	0.1495557686295172	5931	11001
TTGCTGATCATGTTCG-1	P11_T1	-0.23520238971710206	0.17017707322593406	-0.5760444824141685	7687	7561
TTGGACATGTGGCTTA-1	P11_T1	-0.1727895231246948	0.14190516795219413	-0.44241807677529077	4613	9090
TTGGATATCGTCTACG-1	P11_T1	-0.2537288530667623	0.09554433233416865	0.45055613734505384	7139	10427
TTGGGACACTGCCCGC-1	P11_T1	0.09738584306504988	0.10512764480075272	0.4216612637645067	9115	6605
TTGGGCGGCGGTTGCC-1	P11_T1	-0.30261417865753176	-0.20531181483009142	0.16466653708255652	9774	6987
TTGGTCACACTCGTAA-1	P11_T1	-0.2678414134979248	-0.11786727494815473	0.503776663481587	6700	10427
TTGTAAGGACCTAAGT-1	P11_T1	-0.10546338081359863	0.07607546457246928	0.48019726830299453	4942	10045
TTGTAATCCGTACTCG-1	P11_T1	0.0038111298878987787	0.2927544759132801	-0.37339826786156854	7468	7943
TTGTGTATGCCACCAA-1	P11_T1	-0.13792820040384926	0.056187040570130686	0.1334898363460194	8018	11956
TTGTGTTTCCCGAAAG-1	P11_T1	-0.2057347011566162	-0.0417931207385423	-0.37389493229413273	7908	11000
TTGTTCAGTGTGCTAC-1	P11_T1	0.1302272351582845	-0.12592531275271004	-0.3009382498384726	8456	5841
TTGTTGTGTGTCAAGA-1	P11_T1	-0.3294630928039551	0.18705484450375795	0.4871045435317838	9883	7178
TTGTTTCACATCCAGG-1	P11_T1	-0.19685988473892213	-0.10493175134617827	0.3309235295864067	6041	12338
