	defense_score	reader_score	epi_score	lepidic_sig	acinar_sig	sample	region
AACACCTACTATCGAA-1	-0.09991	-0.09619	-0.40020	0.22117	-0.12033	LEP	stroma-rich
AACACGTGCATCGCAC-1	0.06474	0.03484	1.03021	0.40503	0.27199	LEP	tumor-rich
AACACTTGGCAAGGAA-1	-0.09991	-0.11841	-0.54815	0.07836	0.03152	LEP	stroma-rich
AACAGGAAGAGCATAG-1	-0.02768	0.13631	0.17931	0.44787	0.09630	LEP	tumor-rich
AACAGGATTCATAGTT-1	-0.03621	0.06992	-0.09791	0.17765	0.06351	LEP	stroma-rich
AACAGGCCAACGATTA-1	0.07436	0.05267	0.57981	0.10753	0.30321	LEP	tumor-rich
AACAGGTTATTGCACC-1	-0.18353	0.00425	-0.49427	0.04434	-0.04159	LEP	stroma-rich
AACAGGTTCACCGAAG-1	0.01778	0.05349	-0.29302	0.13911	-0.03127	LEP	stroma-rich
AACAGTCAGGCTCCGC-1	-0.14748	0.00247	-0.06160	0.26083	-0.00556	LEP	stroma-rich
AACAGTCCACGCGGTG-1	0.20471	0.11876	-0.08886	0.50530	0.04432	LEP	stroma-rich
AACAGTCGTGTCGCGG-1	-0.10326	0.00410	0.47788	-0.01863	0.11916	LEP	tumor-rich
AACATACTCATATGCG-1	-0.13715	0.06425	1.49239	0.04068	0.02049	LEP	tumor-rich
AACATAGTCTATCTAC-1	-0.03894	-0.02584	0.53307	0.09998	0.19609	LEP	tumor-rich
AACATATTCTTGCGAA-1	-0.13411	-0.02033	-0.75141	0.24504	-0.04404	LEP	stroma-rich
AACATCGCGTGACCAC-1	-0.06336	-0.09293	-0.20959	0.32491	0.08052	LEP	stroma-rich
AACATCTAATGACCGG-1	0.00482	-0.05327	-0.08432	0.37323	0.12778	LEP	stroma-rich
AACATCTTAAGGCTCA-1	0.03928	-0.03678	-0.07505	0.53300	0.05382	LEP	stroma-rich
AACATGACGCAGCGTG-1	0.13110	0.03810	0.17131	-0.11760	0.27059	LEP	tumor-rich
AACATGACTTGGCTGC-1	0.37369	-0.11397	0.49804	-0.52350	0.00354	LEP	tumor-rich
AACATGCGCAAGTGAG-1	-0.07028	0.11138	0.65346	0.03526	0.06136	LEP	tumor-rich
AACCAAGCGTGGCCTC-1	-0.09873	-0.07169	-0.28118	-0.34473	-0.06269	LEP	stroma-rich
AACCAAGGTATCAGGC-1	-0.19610	0.00210	-0.37568	-0.46835	-0.07227	LEP	stroma-rich
AACCAATCTGGTTGGC-1	-0.01583	0.09109	1.00096	-0.20557	0.19854	LEP	tumor-rich
AACCACTAACATGATT-1	0.08754	0.09952	0.78097	0.18631	0.15815	LEP	tumor-rich
AACCACTGCCATAGCC-1	0.08762	0.28209	-0.16426	0.66798	0.13612	LEP	stroma-rich
AACCAGAATCAGACGT-1	0.03862	-0.02890	0.34262	0.16699	0.14164	LEP	tumor-rich
AACCATAGAATTCGAA-1	0.08775	-0.17377	-0.70599	0.45015	0.05300	LEP	stroma-rich
AACCATCGGAAGCGAC-1	-0.10941	0.16206	0.10247	0.41141	0.09695	LEP	tumor-rich
AACCATGAATTGCCTT-1	-0.12263	-0.05962	0.33474	0.10846	0.10421	LEP	tumor-rich
AACCGCATGTATGTTA-1	-0.01851	0.10571	-0.42618	0.11989	-0.14215	LEP	stroma-rich
AACCGCCAGACTACTT-1	-0.03628	-0.02451	-0.74153	0.30354	-0.09589	LEP	stroma-rich
AACCGCGGTAACTACA-1	-0.10337	-0.13129	-0.03746	0.62781	-0.22853	LEP	stroma-rich
AACCGTGCTTATGTTG-1	0.05120	0.06960	0.37962	0.12828	0.28375	LEP	tumor-rich
AACCTAAGATACTGAG-1	-0.05497	-0.00465	-0.33249	0.20144	-0.06371	LEP	stroma-rich
AACCTACAGAGGTAGT-1	-0.11063	-0.07613	-0.34241	0.56570	-0.06377	LEP	stroma-rich
AACCTACCTACCGGTT-1	-0.09103	-0.09687	-0.57938	0.20494	0.11883	LEP	stroma-rich
AACCTACTGTAACTCA-1	-0.15877	-0.11117	0.63720	-0.49841	0.02132	LEP	tumor-rich
AACCTGACAGTGCCGC-1	-0.06281	0.09895	-0.76740	0.03064	-0.13101	LEP	stroma-rich
AACCTTAGCGTCCGGT-1	-0.01185	0.06489	0.65877	0.42396	0.16195	LEP	tumor-rich
AACGAAGCGTGGAAGT-1	0.07775	0.04606	0.48847	-0.02118	0.17974	LEP	tumor-rich
AACGAATTGACCGGTT-1	0.09044	0.44155	-0.18302	0.45340	0.16095	LEP	stroma-rich
AACGACATTAAGATGG-1	0.02061	0.14151	-0.38232	-0.05501	-0.01702	LEP	stroma-rich
AACGACCATTCGAATC-1	-0.08919	0.06260	-0.34587	0.13291	-0.00153	LEP	stroma-rich
AACGAGCCTCTTCGGC-1	-0.07547	-0.08041	-0.28181	0.20095	-0.00847	LEP	stroma-rich
AACGAGCTAATAACTA-1	-0.10657	0.05118	-0.05071	0.41574	-0.01559	LEP	stroma-rich
AACGCACTGGTGCTCG-1	0.11840	0.06312	-0.13871	-0.07539	-0.03142	LEP	stroma-rich
AACGCATGCCTCAATA-1	-0.06598	0.03900	-0.10755	0.11686	0.08850	LEP	stroma-rich
AACGCTTCGAGTAACT-1	0.05719	0.03495	-0.32922	0.09945	-0.01640	LEP	stroma-rich
AACGGCACAGAATATT-1	0.07113	0.15646	1.14520	0.39117	0.13593	LEP	tumor-rich
AACGGTAATCGACCTG-1	-0.12620	0.02272	-0.49048	-0.06958	0.16390	LEP	stroma-rich
AACGTCGCGACAAGGT-1	0.25358	0.07026	-0.68310	0.41796	0.04038	LEP	stroma-rich
AACGTGACGGTCCACC-1	-0.03059	-0.00170	-0.59260	-0.02091	0.05765	LEP	stroma-rich
AACTAACGAACTAGAT-1	0.05531	0.03714	0.72947	0.06122	0.27930	LEP	tumor-rich
AACTAGCACTGTTCGA-1	-0.08339	0.02070	-0.02744	-0.29098	0.16408	LEP	stroma-rich
AACTAGCATCACGTAC-1	0.04118	0.05690	0.79585	0.11334	0.27602	LEP	tumor-rich
AACTAGCCTAATAGCA-1	0.00353	0.13915	-0.54560	0.02723	0.18561	LEP	stroma-rich
AACTAGCCTTGCAATA-1	-0.09467	0.16187	1.11829	-0.25146	-0.04322	LEP	tumor-rich
AACTAGCGCTCCAGTT-1	0.05220	0.03542	0.64242	0.28285	0.17293	LEP	tumor-rich
AACTAGGCCTGACACC-1	0.13819	0.09533	-0.58387	0.48595	-0.14300	LEP	stroma-rich
AACTATCGTCATAGTC-1	0.16706	0.05421	0.25371	0.56511	0.16036	LEP	tumor-rich
AACTATCTAGCAGTAT-1	0.07792	-0.03929	0.47383	-0.12426	0.23377	LEP	tumor-rich
AACTATGCTGCATTCG-1	0.18100	0.09207	0.93673	0.45415	0.20367	LEP	tumor-rich
AACTATGTGCTTGTTA-1	-0.20929	0.10699	0.04988	0.22432	-0.04281	LEP	tumor-rich
AACTATTCTGCGGCCT-1	0.30570	-0.14229	-0.42239	-0.06234	0.04189	LEP	stroma-rich
AACTATTGGCGGATTC-1	-0.03893	0.03537	0.45881	0.33794	0.20528	LEP	tumor-rich
AACTCAACCTTGACCA-1	0.02035	0.01466	0.32994	-0.12930	0.12823	LEP	tumor-rich
AACTCAACTTGACAGC-1	-0.19134	-0.09407	-0.08061	-0.02308	0.06794	LEP	stroma-rich
AACTCACCGAACTTAT-1	0.04246	0.02185	0.12103	0.22401	0.11576	LEP	tumor-rich
AACTCACCTCGGTGTT-1	0.06516	0.01235	0.09635	-0.09268	0.21725	LEP	tumor-rich
AACTCACGGAGTACGT-1	0.13320	0.07681	0.22417	-0.00711	0.12585	LEP	tumor-rich
AACTCAGATCCATGCC-1	0.33045	0.03740	-0.35133	0.42257	0.04072	LEP	stroma-rich
AACTGCAACGTCCTGG-1	-0.13526	-0.11117	-0.26484	-0.40525	0.04730	LEP	stroma-rich
AACTGCAATACGGATT-1	-0.15937	-0.15701	-0.47260	0.82750	-0.10525	LEP	stroma-rich
AACTGCCGGAGTAACA-1	0.05978	0.03118	0.66433	0.13538	0.21255	LEP	tumor-rich
AACTGCCTCGATAGGT-1	0.01580	0.05170	0.58776	-0.00129	0.01413	LEP	tumor-rich
AACTGCGAACCTTACC-1	-0.02441	0.13498	-0.28419	0.00615	-0.05823	LEP	stroma-rich
AACTGCGATCGACTAA-1	0.00451	0.04632	-0.79992	0.31538	-0.01010	LEP	stroma-rich
AACTGCGATGAATAGG-1	0.02315	0.00655	0.77926	0.25959	0.14329	LEP	tumor-rich
AACTGCGGTCCGAAGC-1	-0.24609	0.02419	-0.14765	0.16152	0.06850	LEP	stroma-rich
AACTGCTACCTCGATA-1	-0.09420	0.00459	0.15509	0.17399	0.11437	LEP	tumor-rich
AACTGGATACTTCACT-1	-0.01231	0.09631	0.11951	0.29163	0.14181	LEP	tumor-rich
AACTGGTCATGTGGTT-1	-0.25093	-0.01600	1.40956	-0.34592	-0.02756	LEP	tumor-rich
AACTTAACAGTGAGGA-1	0.01101	0.17749	0.68806	0.41638	0.21212	LEP	tumor-rich
AACTTATGATACGTAC-1	0.06050	0.06619	0.68462	0.12294	0.26569	LEP	tumor-rich
AACTTCAAGGATAATC-1	-0.02207	0.04112	0.23748	0.04523	0.12835	LEP	tumor-rich
AACTTCACAATAACTG-1	0.25674	0.02930	-0.40511	0.39359	0.01659	LEP	stroma-rich
AACTTCAGATACTACC-1	0.06337	0.03862	-0.68522	0.43837	-0.01677	LEP	stroma-rich
AACTTCAGCATGGCCG-1	-0.11381	0.04216	0.37213	0.15990	0.12835	LEP	tumor-rich
AACTTCATCTTCTGGT-1	-0.20862	0.18973	-0.62166	0.00683	0.03069	LEP	stroma-rich
AACTTCGCTTAGTCAG-1	-0.12663	0.15817	0.17627	-0.07858	0.13368	LEP	tumor-rich
AACTTGCAACTTGGAC-1	-0.09771	0.01569	-0.48380	0.14340	-0.02530	LEP	stroma-rich
AACTTGCTCGTAACCG-1	0.09625	-0.00350	-0.48975	-0.12092	-0.11589	LEP	stroma-rich
AACTTGGTTAATACTA-1	0.00015	0.05991	-0.35338	0.18645	-0.09829	LEP	stroma-rich
AACTTGGTTACATAAC-1	-0.18089	-0.09401	-0.52393	0.05381	-0.05020	LEP	stroma-rich
AACTTGTTGACCGATA-1	0.03110	0.03195	-0.18360	0.09019	-0.01851	LEP	stroma-rich
AAGAATTCTGGCTGCA-1	-0.07145	0.01317	0.62690	-0.14597	0.18084	LEP	tumor-rich
AAGACAATCTCCTGCA-1	0.14865	0.10932	0.71786	0.46836	0.23921	LEP	tumor-rich
AAGACTAAGGAGATCC-1	0.12569	0.17844	0.28884	0.51299	0.14022	LEP	tumor-rich
AAGACTCAAGGCTCCA-1	-0.07236	0.10075	0.24414	0.30520	0.02520	LEP	tumor-rich
AAGACTGCTACTTCCT-1	-0.01540	0.06174	0.43379	0.29519	0.23967	LEP	tumor-rich
AAGACTGTCATAGTGC-1	0.10822	0.02646	0.19322	0.01702	0.01027	LEP	tumor-rich
AAGAGCAGATGTGCCA-1	0.10249	0.02987	0.26069	-0.13430	0.24267	LEP	tumor-rich
AAGATACAGGCGAACG-1	0.01248	0.10304	0.82565	0.36423	0.17005	LEP	tumor-rich
AAGATAGGCTTGCTTA-1	0.00863	0.00926	0.50516	0.23784	0.17829	LEP	tumor-rich
AAGATAGTCGACCTTG-1	-0.03012	0.06608	0.48006	0.30350	0.17747	LEP	tumor-rich
AAGATATTGGACGTCC-1	0.04508	-0.00183	0.02906	0.15791	0.09877	LEP	tumor-rich
AAGATCTGTAACTTGT-1	0.09485	0.20011	0.56544	-0.56406	0.17214	LEP	tumor-rich
AAGATGAAGGTCATCG-1	-0.13159	0.08576	-0.52193	-0.33444	0.21326	LEP	stroma-rich
AAGATGCACTATACTT-1	-0.02562	-0.01369	0.32803	0.71526	0.02756	LEP	tumor-rich
AAGATGGCCGCTAGTT-1	0.08506	0.05453	0.88153	0.15842	0.26730	LEP	tumor-rich
AAGATTAGGCTGTCTA-1	0.25067	0.15731	0.65940	0.53100	0.14164	LEP	tumor-rich
AAGATTATCTAGCATA-1	0.00447	0.09917	0.20808	-0.17941	0.21791	LEP	tumor-rich
AAGATTCTGGTCGCGA-1	-0.16032	0.08016	0.50369	0.37754	0.13873	LEP	tumor-rich
AAGATTGACACTCGAT-1	0.03986	-0.08395	-0.35392	0.42510	-0.03035	LEP	stroma-rich
AAGCAAGAGCGTGATC-1	0.20350	0.16623	-0.17859	0.10481	0.08451	LEP	stroma-rich
AAGCACTCAGGAATGT-1	-0.08703	0.13426	-0.04449	0.29206	0.14415	LEP	stroma-rich
AAGCAGCCTACTAAGC-1	-0.11948	-0.06224	-0.39001	-0.31839	-0.02165	LEP	stroma-rich
AAGCAGCGGACACGTG-1	0.05373	0.09871	-0.14983	0.11231	0.11523	LEP	stroma-rich
AAGCAGTATCAGAATC-1	-0.12756	0.11433	-0.64812	-0.20929	-0.07241	LEP	stroma-rich
AAGCAGTGAGTGCGAC-1	0.14139	-0.14997	0.21756	0.11626	0.12475	LEP	tumor-rich
AAGCAGTGGCATCACT-1	-0.04786	0.08629	-0.28755	0.14638	0.12476	LEP	stroma-rich
AAGCAGTGGCTCATCC-1	-0.12738	-0.12455	-0.60739	0.09631	-0.04522	LEP	stroma-rich
AAGCAGTGTACACCGC-1	0.04353	0.02141	0.80993	0.13994	0.27495	LEP	tumor-rich
AAGCAGTGTAGAATCT-1	0.07435	-0.02611	0.12206	0.10858	0.12164	LEP	tumor-rich
AAGCATCAAGCGTGAT-1	0.05717	0.11003	1.02803	0.24260	0.21831	LEP	tumor-rich
AAGCATTGAGTGGTTG-1	-0.12549	0.13598	-0.65842	0.18318	-0.09521	LEP	stroma-rich
AAGCCACCATTCAAGA-1	-0.13795	0.07973	-0.48056	-0.11754	-0.12354	LEP	stroma-rich
AAGCCACGCATAATGA-1	-0.08825	0.14201	-0.30302	-0.26115	-0.11344	LEP	stroma-rich
AAGCCACTATGTCTAA-1	-0.02618	0.00191	-0.29026	0.35406	-0.00984	LEP	stroma-rich
AAGCCAGATATCAGAA-1	0.16899	0.10174	0.93919	0.31702	0.26456	LEP	tumor-rich
AAGCCAGATCCAACAT-1	0.02155	-0.01363	0.71096	0.47337	0.22038	LEP	tumor-rich
AAGCCAGGCCGACGTG-1	-0.16640	0.01438	0.16408	-0.14856	0.12931	LEP	tumor-rich
AAGCCAGGCTGCTTGA-1	-0.14369	-0.02613	0.57683	0.34118	-0.01186	LEP	tumor-rich
AAGCCAGGTTACGAAC-1	-0.10494	0.23486	-0.30109	0.49761	0.01104	LEP	stroma-rich
AAGCCATCCGTGCTAT-1	-0.00967	-0.04182	-0.47773	0.89814	-0.13590	LEP	stroma-rich
AAGCCATCGCGATATG-1	-0.04077	0.08163	0.41918	0.17981	0.17412	LEP	tumor-rich
AAGCCATTATCGAAGG-1	-0.12921	0.05696	0.44106	0.10353	-0.00472	LEP	tumor-rich
AAGCCATTATCTGCCA-1	0.10325	-0.00667	0.64243	0.85032	0.17301	LEP	tumor-rich
AAGCCGGTTACAAGGC-1	-0.07234	0.10013	0.48018	0.41752	0.25527	LEP	tumor-rich
AAGCGACGAACCGCCT-1	-0.18070	-0.00245	-0.50360	0.41969	-0.15789	LEP	stroma-rich
AAGCGAGCCGTCCGCT-1	0.06727	-0.12219	-0.55162	-0.45221	0.00709	LEP	stroma-rich
AAGCGAGGAAGTGAAC-1	-0.12588	0.14830	-0.34108	-0.00022	-0.11422	LEP	stroma-rich
AAGCGTTCGTCTGTCC-1	0.19872	0.04930	-0.53160	0.35672	-0.02149	LEP	stroma-rich
AAGGACATAACCGCAC-1	0.04486	0.04546	0.53359	0.27346	0.13144	LEP	tumor-rich
AAGGACCAACATGGCT-1	-0.05645	-0.08388	-0.45379	-0.63487	-0.01162	LEP	stroma-rich
AAGGACCTGCAAGCAT-1	-0.09470	0.06209	0.10022	0.12604	0.16852	LEP	tumor-rich
AAGGAGGCACTCAATT-1	-0.00384	0.03434	0.11580	0.17709	0.16767	LEP	tumor-rich
AAGGAGTGGCTACCAA-1	-0.02719	0.08607	0.93536	0.05583	0.24817	LEP	tumor-rich
AAGGCAGTCTGATCAC-1	0.10043	-0.04974	-0.54881	0.04186	-0.05007	LEP	stroma-rich
AAGGCATGAACAGCTC-1	-0.04635	0.00368	0.03058	0.15065	0.17661	LEP	tumor-rich
AAGGCCAATTCAATAA-1	-0.01644	0.09270	-0.03523	0.22213	0.03672	LEP	stroma-rich
AAGGCCAGCAATCGCC-1	-0.05255	0.14583	-0.00433	0.20663	0.17965	LEP	stroma-rich
AAGGCCAGTCGCAATT-1	-0.01509	-0.01180	0.54880	-0.54159	0.10515	LEP	tumor-rich
AAGGCCGACCTACCTG-1	0.20596	-0.01401	-0.67072	-0.32572	-0.10457	LEP	stroma-rich
AAGGCCGACTATGTAA-1	0.03538	0.13650	-0.34780	-0.14124	-0.15100	LEP	stroma-rich
AAGGCCGATTCTGAGC-1	-0.00626	0.01007	-0.47946	0.07689	-0.02701	LEP	stroma-rich
AAGGCCTCGCGAGGAA-1	-0.00879	0.08195	-0.49284	0.33805	0.01285	LEP	stroma-rich
AAGGCGAACAGCATAA-1	-0.06889	0.14797	-0.15499	-0.24231	0.03603	LEP	stroma-rich
AAGGCGAACTAGTAGA-1	-0.01899	0.07566	-0.04668	-0.30209	0.26928	LEP	stroma-rich
AAGGCGACGGTGTCGG-1	0.03134	0.09439	0.79398	0.06372	0.26036	LEP	tumor-rich
AAGGCGAGGTTCATGT-1	-0.04364	0.04948	-0.73595	-0.15603	-0.12487	LEP	stroma-rich
AAGGCGCCGACAATCT-1	0.04190	0.04642	0.75877	0.30558	0.21301	LEP	tumor-rich
AAGGCGCCTAACATAG-1	-0.08857	-0.05268	-0.24102	0.47204	-0.01552	LEP	stroma-rich
AAGGTGATCCGTGACG-1	-0.07780	0.07609	0.11745	0.03554	-0.09264	LEP	tumor-rich
AAGGTGCCGCTAAGGT-1	0.12421	0.07347	0.36509	0.41540	0.12095	LEP	tumor-rich
AAGGTGGATATGATCG-1	0.08170	0.23496	0.15905	0.48463	0.32420	LEP	tumor-rich
AAGGTGTCCATTAAGA-1	-0.19721	-0.16836	-0.46501	-0.10965	-0.04116	LEP	stroma-rich
AAGGTTACTATGACGC-1	0.36529	0.08366	-0.22581	-0.39590	0.08275	LEP	stroma-rich
AAGGTTCATGCGGTGC-1	-0.06054	0.02077	-0.47499	0.49625	-0.06850	LEP	stroma-rich
AAGGTTGCAGAAGCAG-1	0.25988	0.01312	0.54352	0.37805	-0.01642	LEP	tumor-rich
AAGGTTGCTGAGTTGA-1	0.05261	0.09347	0.28949	0.07315	0.07821	LEP	tumor-rich
AAGTACTAAGGTTACG-1	-0.03846	0.02492	0.66577	0.01864	0.15410	LEP	tumor-rich
AAGTACTACAGTAGAA-1	-0.23351	-0.05520	-0.65498	0.38285	-0.13717	LEP	stroma-rich
AAGTACTGGATGCGCA-1	0.00340	-0.03249	-0.83506	0.61230	-0.12939	LEP	stroma-rich
AAGTATTGTAGGTCGC-1	0.04670	0.02554	0.31326	0.02427	0.20975	LEP	tumor-rich
AAGTCGCTATCCTGTC-1	0.15020	-0.02875	0.34936	0.55820	0.10728	LEP	tumor-rich
AAGTCGGACACTTCAG-1	-0.01388	0.11449	-0.07257	-0.11932	0.28323	LEP	stroma-rich
AAGTCTACCGGTTGGA-1	0.01960	0.10344	0.02280	0.32566	0.12675	LEP	tumor-rich
AAGTCTACGCACTCGG-1	-0.02638	0.01641	0.18676	0.06378	0.20155	LEP	tumor-rich
AAGTCTGTCAATTCTT-1	0.26554	0.07848	0.19694	0.02945	0.34057	LEP	tumor-rich
AAGTCTTAAGTTGCCA-1	0.05776	0.02741	0.43808	-0.20206	0.09064	LEP	tumor-rich
AAGTCTTAATAGAACT-1	-0.02112	0.04457	-0.57330	-0.01521	-0.07598	LEP	stroma-rich
AAGTGAGCCTGTTACA-1	-0.05342	0.04317	-0.55047	0.13127	-0.03714	LEP	stroma-rich
AAGTGATCCACGAGCG-1	0.11491	0.02922	0.29220	0.15289	0.10306	LEP	tumor-rich
AAGTGGACGAATCTAC-1	-0.17970	0.04417	-0.42918	0.32248	0.03108	LEP	stroma-rich
AAGTGGCGAAGTTAAT-1	-0.03746	0.05022	0.05725	-0.20535	0.08688	LEP	tumor-rich
AAGTGGCGAGTGTACA-1	0.00071	0.02382	0.34597	-0.01004	0.14689	LEP	tumor-rich
AAGTGGTTCCTCGCGT-1	0.00443	-0.01035	-0.41736	0.16964	-0.05670	LEP	stroma-rich
AAGTTAAGCACTATAA-1	-0.17757	-0.15352	-0.38918	-0.07973	-0.04564	LEP	stroma-rich
AAGTTACTATTACATC-1	0.12320	-0.06416	-0.20011	0.08512	0.10403	LEP	stroma-rich
AAGTTCCTATTGCTGG-1	0.06969	0.04985	-0.31932	-0.45829	0.08704	LEP	stroma-rich
AATAACATGTGCTATG-1	-0.14866	0.00856	0.40251	0.32051	0.01418	LEP	tumor-rich
AATAACATGTTACGTC-1	-0.01874	0.04625	0.35848	0.17882	0.16539	LEP	tumor-rich
AATAACGTAACTGTGA-1	0.05430	-0.05045	0.12382	-0.08908	0.10000	LEP	tumor-rich
AATAACGTATTGAACA-1	0.04269	0.05650	0.98728	0.21401	0.28493	LEP	tumor-rich
AATAACTCTAATACAG-1	0.02578	0.05595	0.66817	0.30607	0.17635	LEP	tumor-rich
AATAACTCTACGATGT-1	0.08722	0.06211	-0.16569	-0.08331	0.19293	LEP	stroma-rich
AATAACTTCATACGGA-1	-0.17618	-0.04303	-0.53226	-0.19136	-0.10751	LEP	stroma-rich
AATACAATGCGAGCAG-1	0.07890	0.08252	0.65241	-0.40116	-0.01496	LEP	tumor-rich
AATACGAGAACACTCG-1	-0.01054	0.02520	-0.73119	0.10217	-0.01148	LEP	stroma-rich
AATACGAGCAAGCCAG-1	0.06243	0.09738	-0.25819	-0.34209	-0.15192	LEP	stroma-rich
AATACGCATATCCAGA-1	0.10435	0.01674	-0.37378	0.20884	-0.01301	LEP	stroma-rich
AATACGGTACGGCCTA-1	0.18103	0.10941	-0.28168	-0.16450	0.09933	LEP	stroma-rich
AATACGTAGACAGTTA-1	0.16330	0.05163	-0.48316	0.27609	0.06724	LEP	stroma-rich
AATACTAACCACTTAT-1	-0.20162	0.23046	-0.42883	0.39168	-0.09462	LEP	stroma-rich
AATAGATAGCCTAACC-1	-0.21784	-0.14538	-0.60643	0.09851	0.20279	LEP	stroma-rich
AATAGCACGGAAGCGA-1	0.10617	-0.01464	0.33669	-0.13796	0.17225	LEP	tumor-rich
AATAGTATAGTTGTCG-1	0.02279	0.00988	-0.17070	-0.09581	0.00733	LEP	stroma-rich
AATAGTCGTTATCTAG-1	-0.05423	-0.05636	0.00000	0.51837	0.03643	LEP	stroma-rich
AATAGTCTGGAACAAT-1	0.06212	0.07188	-0.28451	0.11921	0.01647	LEP	stroma-rich
AATAGTGCTCATAGAA-1	-0.09157	0.03197	-0.09663	-0.13470	0.04303	LEP	stroma-rich
AATAGTGGAAGAGCAT-1	-0.11862	0.08927	-0.09389	0.52914	-0.05809	LEP	stroma-rich
AATAGTTGGTGCTCAG-1	0.06047	0.03699	0.23356	-0.11893	0.12376	LEP	tumor-rich
AATATTAGGCTTCTGG-1	0.01407	0.02601	1.09363	0.43850	0.05833	LEP	tumor-rich
AATCCGACCACGGTCC-1	0.03781	-0.15615	-0.44335	-0.03342	0.13252	LEP	stroma-rich
AATCCGCCGACCTGAG-1	0.13961	-0.02084	0.02056	0.23661	0.13898	LEP	tumor-rich
AATCCGCCTGGTCAAT-1	0.08432	0.12019	0.52593	0.18591	0.08900	LEP	tumor-rich
AATCCGGAGCTTGTCT-1	0.02272	0.03613	-0.05234	-0.05346	0.08125	LEP	stroma-rich
AATCCTCGTCACAGGC-1	-0.07961	0.07279	-0.57420	0.35830	-0.03228	LEP	stroma-rich
AATCGAACGGACGGAG-1	0.14124	0.06398	0.73954	0.54470	0.11822	LEP	tumor-rich
AATCGAATGTAACAGT-1	-0.10080	0.00336	-0.65233	-0.08560	0.02640	LEP	stroma-rich
AATCGACTATCGCTAG-1	0.04785	0.05476	0.71739	0.06483	0.29538	LEP	tumor-rich
AATCGGCGCCAACGGT-1	-0.02155	0.07247	-0.00109	0.37270	0.15819	LEP	stroma-rich
AATCTATCTAACCGAG-1	0.05787	0.20728	-0.39139	0.29092	-0.06894	LEP	stroma-rich
AATCTGCGAGACGTTC-1	0.31781	0.05119	-0.27312	0.50712	0.07801	LEP	stroma-rich
AATCTGCGTTCCTTAC-1	-0.08036	-0.04041	0.13470	-0.01996	0.20737	LEP	tumor-rich
AATCTTAGCCTCTGTC-1	-0.11390	-0.00377	0.54415	0.38410	0.00449	LEP	tumor-rich
AATGAACTACGTCCAG-1	0.03966	0.23976	0.95409	0.33132	0.09335	LEP	tumor-rich
AATGAAGACGGTTCAG-1	-0.00139	0.12227	0.26358	-0.31051	0.23618	LEP	tumor-rich
AATGAAGAGGATGTAT-1	0.23393	-0.03053	0.03962	0.74303	0.13901	LEP	tumor-rich
AATGAATCGGAAGGCA-1	-0.21218	-0.02302	0.01973	0.47502	-0.02858	LEP	tumor-rich
AATGATCTTGACAGCG-1	0.13130	-0.08694	-0.37246	0.16131	-0.08612	LEP	stroma-rich
AATGATTACAACCTAA-1	-0.04343	-0.02661	-0.61077	0.37550	-0.06692	LEP	stroma-rich
AATGCAATCACTGTCG-1	0.10200	0.07612	-0.05950	0.34328	0.09597	LEP	stroma-rich
AATGCCGACGAGCAAC-1	-0.03113	0.04327	0.41646	0.46350	0.20567	LEP	tumor-rich
AATGCCGCGATTGAGC-1	0.03162	0.04125	-0.10615	0.14020	0.03256	LEP	stroma-rich
AATGCGAACCTCGCGT-1	-0.14239	0.05887	-0.55154	-0.25104	-0.01931	LEP	stroma-rich
AATGGACATCCTACTC-1	0.01532	0.05247	0.31925	-0.05354	0.05916	LEP	tumor-rich
AATGGAGGACCTGGTG-1	-0.19620	-0.11855	-0.49542	0.14209	-0.09549	LEP	stroma-rich
AATGGCATAGTATCAT-1	-0.04344	0.09092	0.00939	-0.15076	0.23423	LEP	tumor-rich
AATGGCTCCACGAATT-1	-0.07972	-0.08702	-0.30190	-0.23294	-0.13863	LEP	stroma-rich
AATGGTCGAACGTGAA-1	0.13702	0.03718	0.29934	0.46501	0.14110	LEP	tumor-rich
AATGGTCGATACTCGG-1	0.00507	0.11631	0.19590	0.06731	0.13657	LEP	tumor-rich
AATGGTCTCGAGCGCT-1	-0.00635	0.03203	-0.38828	0.16612	0.02289	LEP	stroma-rich
AATGGTGCGTCCTAAC-1	-0.18665	0.15691	-0.52547	0.31984	0.11023	LEP	stroma-rich
AATGGTTATTCTAGCT-1	-0.04100	-0.06039	0.63302	0.09359	0.04877	LEP	tumor-rich
AATGGTTGAGTCGGAA-1	-0.03352	0.02034	0.29507	-0.02701	0.15614	LEP	tumor-rich
AATGTACTTAACATCA-1	-0.16467	-0.06753	-0.17495	-0.03158	-0.12283	LEP	stroma-rich
AATGTAGTCTTACGAG-1	0.19576	-0.05070	-0.19721	0.37234	0.18807	LEP	stroma-rich
AATGTCAGGTCATTAC-1	-0.05669	0.02966	0.25132	-0.19427	0.06989	LEP	tumor-rich
AATTACCAACTCCGTA-1	-0.11288	-0.00791	0.05067	0.04633	0.18760	LEP	tumor-rich
AATTAGCAACCGTTCC-1	-0.22096	0.04297	0.09862	-0.39339	-0.00282	LEP	tumor-rich
AATTAGCTTAGGTGTA-1	-0.04170	-0.01393	-0.22055	0.43676	0.18991	LEP	stroma-rich
AATTATACCTCAATGA-1	0.12821	0.13993	1.23456	0.48514	0.25479	LEP	tumor-rich
AATTATCTAGATAACC-1	-0.14274	-0.09364	-0.37821	-0.41722	0.00584	LEP	stroma-rich
AATTCTAACATCGTGC-1	0.08049	-0.03375	0.11812	0.29799	0.08564	LEP	tumor-rich
AATTCTCAGACGCAAC-1	-0.13745	-0.00868	-0.05266	-0.16654	0.18752	LEP	stroma-rich
AATTCTCGCACCAGTA-1	-0.13772	-0.01780	-0.11126	-0.11926	-0.02965	LEP	stroma-rich
AATTCTTGCATTGGTC-1	0.06702	0.05858	-0.65390	0.62562	0.02087	LEP	stroma-rich
AATTCTTGGATACGGA-1	0.22437	0.03495	1.02339	0.08145	0.23828	LEP	tumor-rich
AATTGAATTCACTAGA-1	0.01388	0.05517	0.25512	0.55854	0.14024	LEP	tumor-rich
AATTGCATTGAAGAAT-1	-0.10620	0.01657	0.83205	0.10744	0.21677	LEP	tumor-rich
AATTGCGGTGCTAATA-1	-0.07799	0.12911	0.00104	-0.21902	0.08785	LEP	tumor-rich
AATTGCGTCAGACACT-1	0.07247	0.15210	0.06773	0.10385	0.20009	LEP	tumor-rich
AATTGGACGGCATCGT-1	0.13830	-0.14123	0.22728	0.36039	0.05229	LEP	tumor-rich
AATTGGAGACATGGAG-1	0.09364	-0.02627	0.19905	-0.13136	0.16210	LEP	tumor-rich
AATTGGCTTGAGTTGC-1	0.12916	0.03818	-0.16122	-0.17521	0.16328	LEP	stroma-rich
AATTGGTTATGATACA-1	-0.03985	0.12263	-0.56119	0.45873	-0.09597	LEP	stroma-rich
AATTGTAGAATCCTAG-1	0.08478	0.02169	0.07674	0.31976	0.14821	LEP	tumor-rich
ACAACCTTGGTGTCAA-1	0.12931	-0.08861	-0.02124	-0.00518	0.09645	LEP	stroma-rich
ACAACGAGCGATCTGA-1	0.01119	0.00530	0.08862	0.32354	-0.05726	LEP	tumor-rich
ACAACGCCGATAGTAT-1	0.15648	0.08017	-0.46216	0.02746	-0.15087	LEP	stroma-rich
ACAACGTGAATTCACG-1	-0.04052	0.01620	-0.36712	0.40713	-0.04699	LEP	stroma-rich
ACAACGTGGAGCTACT-1	-0.01341	-0.01878	0.06183	0.15865	0.10315	LEP	tumor-rich
ACAACTAACCAGTGGA-1	0.00651	0.06040	0.29628	0.09590	0.17452	LEP	tumor-rich
ACAACTAAGGTGTTAT-1	-0.03569	-0.03270	-0.04611	-0.09256	0.06737	LEP	stroma-rich
ACAACTAAGTGGCGCT-1	0.05538	0.07297	-0.45279	0.19766	0.00151	LEP	stroma-rich
ACAACTGAATCCAGTC-1	0.00736	0.04539	0.29979	0.17222	0.28700	LEP	tumor-rich
ACAACTGTCGTGGATA-1	-0.15043	-0.09934	-0.22146	0.20970	-0.04118	LEP	stroma-rich
ACAAGTAGTTCCGGTA-1	-0.07537	-0.04325	-0.24668	-0.16087	-0.08228	LEP	stroma-rich
ACAATACAATCCTTAA-1	-0.06742	-0.03316	-0.22065	0.49640	0.01005	LEP	stroma-rich
ACAATACACTTCCATC-1	0.02848	0.29047	0.55912	0.16292	0.23690	LEP	tumor-rich
ACAATACAGGCGCCGT-1	-0.06944	-0.04175	-0.36454	0.38712	-0.01464	LEP	stroma-rich
ACAATACGCCTTATTC-1	0.04692	0.07852	0.28758	0.15578	0.16411	LEP	tumor-rich
ACAATAGGATCCAACC-1	-0.06854	-0.05546	-0.20126	0.50746	0.02637	LEP	stroma-rich
ACAATATCATCCGGTA-1	-0.06550	-0.06929	-0.35903	-0.24046	0.00271	LEP	stroma-rich
ACAATATGAATCATGA-1	0.11173	-0.06835	-0.76990	0.47563	-0.09886	LEP	stroma-rich
ACAATTGGTCGCGTAA-1	-0.23099	0.08850	-0.60107	0.62824	-0.17938	LEP	stroma-rich
ACAGAAGTGATCAATC-1	0.10482	0.12290	0.35100	0.40801	0.17848	LEP	tumor-rich
ACAGAATAAGAACCAT-1	-0.09039	-0.08792	-0.50238	0.34894	-0.04891	LEP	stroma-rich
ACAGAATAAGATAGTG-1	-0.11007	0.14836	0.01704	0.06481	0.00146	LEP	tumor-rich
ACAGAATACATACTAA-1	-0.14658	-0.12156	-0.42393	0.02073	0.09140	LEP	stroma-rich
ACAGAATCCGTTGCTT-1	-0.05431	0.05063	-0.03927	-0.11166	-0.00168	LEP	stroma-rich
ACAGAATCTTGATAAG-1	-0.15886	0.21817	0.38785	-0.09169	0.09633	LEP	tumor-rich
ACAGAATGTCTTATTG-1	-0.07262	0.11716	0.28764	0.05202	0.06603	LEP	tumor-rich
ACAGAATGTTGAGTCC-1	0.09533	0.07530	0.37615	0.10293	0.15292	LEP	tumor-rich
ACAGATCTGAAGTATC-1	-0.08710	-0.05933	-0.26400	0.19247	-0.08218	LEP	stroma-rich
ACAGCCAGGCATAAGC-1	-0.02027	-0.03716	0.43136	0.29863	0.07304	LEP	tumor-rich
ACAGGAACTACAGAAC-1	-0.15752	-0.19447	-0.60961	-0.19187	-0.06799	LEP	stroma-rich
ACAGGACTGAGCCGAT-1	0.01800	0.01506	0.06989	0.00337	0.09457	LEP	tumor-rich
ACAGGAGTCATAATGT-1	-0.09081	-0.04131	-0.09162	-0.26683	-0.08409	LEP	stroma-rich
ACAGGATACCGGATTC-1	-0.08621	0.09572	-0.12019	-0.17402	0.03598	LEP	stroma-rich
ACAGGCACGCGAGGAT-1	-0.05009	0.04505	-0.77724	0.12834	-0.00477	LEP	stroma-rich
ACAGGCATTGAACCAT-1	-0.08097	0.02518	0.24398	0.22287	0.06828	LEP	tumor-rich
ACAGGCCTTCTAATGC-1	0.01142	-0.04561	-0.71537	-0.04693	-0.00191	LEP	stroma-rich
ACAGGTACCAAGGAAG-1	0.23509	-0.07709	-0.28851	-0.14529	-0.14380	LEP	stroma-rich
ACAGGTGGACGACCTC-1	0.06021	0.09177	0.54470	0.29494	0.24001	LEP	tumor-rich
ACAGGTTCAGTGAACG-1	0.01501	0.12116	0.46048	0.32333	0.20849	LEP	tumor-rich
ACAGTACGCACTACCT-1	-0.12667	0.06094	-0.34351	0.36260	0.00124	LEP	stroma-rich
ACAGTATGCCTGGATG-1	0.06833	0.09839	-0.20065	0.26040	0.15956	LEP	stroma-rich
ACAGTCACAATATTAG-1	0.12489	0.10867	-0.27593	-0.29706	-0.09672	LEP	stroma-rich
ACAGTTGAGGCTAATG-1	-0.02984	0.08105	0.56899	0.05724	0.25694	LEP	tumor-rich
ACATAACCTCTGCCTT-1	0.08725	0.09235	0.31559	0.24785	0.21926	LEP	tumor-rich
ACATAAGACGCATATG-1	-0.02355	0.02258	0.53007	0.18370	0.20676	LEP	tumor-rich
ACATAAGCAATGCGGT-1	-0.21103	-0.18046	-0.67906	-0.10986	-0.05412	LEP	stroma-rich
ACATCACTGGCGTTCG-1	0.03633	0.00872	0.88914	0.43530	0.27290	LEP	tumor-rich
ACATCGAAGTGATTAA-1	0.08715	-0.04580	0.57162	0.14629	0.21639	LEP	tumor-rich
ACATCGAATGCGAACC-1	0.02758	0.08972	-0.24617	0.69226	0.11793	LEP	stroma-rich
ACATCGCCACAAGAGG-1	-0.08516	0.02850	-0.54827	0.24834	0.09537	LEP	stroma-rich
ACATCGCCTAGTATGT-1	-0.02873	0.01081	0.50050	-0.10857	0.05383	LEP	tumor-rich
ACATCGGCTTACAAGG-1	-0.04566	-0.00540	0.15248	0.06336	0.15235	LEP	tumor-rich
ACATCGTAGACAGGTT-1	0.05939	-0.04291	-0.01320	0.17911	0.13150	LEP	stroma-rich
ACATCGTCGGTCTACC-1	-0.07725	0.12283	-0.12945	-0.10639	0.12501	LEP	stroma-rich
ACATCTACCTGTTCTA-1	0.09994	0.06674	1.43735	0.40801	0.37559	LEP	tumor-rich
ACATCTATCCGAACCA-1	0.09160	0.06750	0.75558	0.12957	0.27995	LEP	tumor-rich
ACATCTCAGTATTGCA-1	-0.15267	-0.12266	-0.32267	0.14389	0.05414	LEP	stroma-rich
ACATCTCGACAACCAC-1	-0.17958	0.15765	-0.37568	0.08858	-0.21551	LEP	stroma-rich
ACATCTCGCATAGAAT-1	-0.01681	0.18426	0.74912	0.11220	0.10334	LEP	tumor-rich
ACATCTGACCTTGTCT-1	0.02159	0.12066	-0.40968	0.05920	0.06721	LEP	stroma-rich
ACATGGATGCGTAAGC-1	0.02544	-0.02170	0.21880	0.28437	0.19543	LEP	tumor-rich
ACATGTTCACCGGCAG-1	-0.04908	-0.05081	0.71886	0.41179	0.13835	LEP	tumor-rich
ACATGTTCCACTGATA-1	-0.12489	0.32573	0.61071	0.45796	0.14147	LEP	tumor-rich
ACATGTTCCAGGACGT-1	0.01319	0.05979	-0.15058	0.08966	0.21485	LEP	stroma-rich
ACATGTTGCTTGATCT-1	-0.10459	0.23311	0.52881	0.68610	0.00392	LEP	tumor-rich
ACATTCCTGAGTTCCG-1	0.07548	0.06034	0.85205	0.31260	0.25612	LEP	tumor-rich
ACATTGAACTAAGCTA-1	-0.09323	-0.03234	-0.12909	-0.19364	-0.06560	LEP	stroma-rich
ACATTGAAGGCGGTGC-1	0.02080	0.07146	0.30348	-0.40642	0.21272	LEP	tumor-rich
ACATTGAATACGCATA-1	0.13384	0.08745	0.72350	0.57780	0.17723	LEP	tumor-rich
ACATTGATCGTAATCC-1	-0.03767	0.07968	0.15854	-0.09633	-0.07705	LEP	tumor-rich
ACATTGCAGTTCGGCA-1	0.05805	0.00841	0.83192	0.34456	0.34219	LEP	tumor-rich
ACATTGGTTCACAGTG-1	0.05748	-0.03886	-0.14314	0.24252	0.02025	LEP	stroma-rich
ACATTGGTTCTGCCGT-1	-0.11703	0.10680	-0.45895	0.22247	-0.16274	LEP	stroma-rich
ACATTGTACATTCTTG-1	-0.17986	0.11347	-0.49381	-0.05674	0.07800	LEP	stroma-rich
ACCAAGCACTTGCGCA-1	0.05815	0.13072	-0.05749	0.40142	-0.00099	LEP	stroma-rich
ACCAAGGCTTCGCTAG-1	0.00505	-0.05735	0.61672	0.17156	-0.02557	LEP	tumor-rich
ACCAAGTGATGGTGAG-1	0.01386	-0.01293	0.49851	0.19691	0.02260	LEP	tumor-rich
ACCAAGTGGCTGTATG-1	0.14450	0.10073	0.46407	0.17574	0.12369	LEP	tumor-rich
ACCAATCATGGTTCAT-1	-0.04091	0.06601	0.63402	-0.15537	0.25478	LEP	tumor-rich
ACCAATGAGCCTCATC-1	0.05059	-0.02719	0.18730	-0.19455	0.15970	LEP	tumor-rich
ACCAATGATCGCGGCC-1	0.04757	-0.00146	0.45752	0.06981	0.36481	LEP	tumor-rich
ACCACGGAAGTTAATT-1	-0.06621	0.11332	0.02138	0.15140	0.11623	LEP	tumor-rich
ACCACGGATCCGGATA-1	0.14737	0.03323	0.68273	0.19747	0.24023	LEP	tumor-rich
ACCACGGCCTCGCACC-1	-0.14347	0.10645	-0.41736	0.38812	-0.11996	LEP	stroma-rich
ACCAGCACTCCAATAC-1	-0.14495	0.19319	0.21550	0.19157	0.18308	LEP	tumor-rich
ACCAGTATGAAGTTCC-1	-0.19366	-0.16273	-0.58689	0.14797	0.12652	LEP	stroma-rich
ACCATAACTCCTCGTA-1	-0.00663	0.05286	0.67630	0.13890	0.29958	LEP	tumor-rich
ACCATCCGTTCGAGTG-1	0.08101	0.09841	0.82122	0.33072	0.30972	LEP	tumor-rich
ACCATTAGATCGTGGC-1	-0.08378	0.01269	0.30994	0.12855	-0.01081	LEP	tumor-rich
ACCGAAGATGTCGGCA-1	-0.18064	0.07339	0.19763	0.08291	0.02527	LEP	tumor-rich
ACCGAAGCCGAATTAA-1	0.04228	-0.12159	-0.41954	0.28661	-0.00059	LEP	stroma-rich
ACCGAGAACGTGTTGG-1	0.08722	0.09813	0.99770	0.17969	0.31738	LEP	tumor-rich
ACCGAGGTGATACCGA-1	0.04202	0.20841	-0.39035	0.18539	0.07805	LEP	stroma-rich
ACCGATTCCGGATACT-1	-0.12570	0.02903	-0.66993	0.06760	-0.05963	LEP	stroma-rich
ACCGATTGAGGATCTG-1	-0.05884	0.17820	2.71160	-0.22615	0.07844	LEP	tumor-rich
ACCGCAGGTCGAGTTG-1	-0.08941	-0.08428	-0.19792	0.34898	-0.13560	LEP	stroma-rich
ACCGCTTGCTAAGCAG-1	0.10874	0.22978	-0.45146	0.02994	-0.07494	LEP	stroma-rich
ACCGGACGCCAAGCGT-1	0.06395	-0.00249	0.23291	0.05772	0.11875	LEP	tumor-rich
ACCGGCACCATACTGC-1	0.23045	-0.03951	0.09632	-0.20403	0.24428	LEP	tumor-rich
ACCGGCACGTACGAAC-1	-0.16989	0.07276	0.41981	-0.32432	-0.09869	LEP	tumor-rich
ACCGGCCGACCTGCAC-1	-0.02031	-0.09134	0.02111	0.04140	0.08257	LEP	tumor-rich
ACCGGCCTCAGGAGTT-1	0.02703	-0.12088	-0.26421	0.11597	0.02107	LEP	stroma-rich
ACCGGCTATCGTGCGG-1	-0.14880	0.21148	-0.56954	-0.08304	-0.04481	LEP	stroma-rich
ACCGTACACGACCGTC-1	0.00169	0.11891	0.25372	-0.25427	0.15403	LEP	tumor-rich
ACCGTACTATCGGAGG-1	0.16051	0.07812	-0.29678	0.39151	0.03829	LEP	stroma-rich
ACCGTAGGCGGAGGTT-1	0.11067	0.01880	-0.52262	0.41876	0.04932	LEP	stroma-rich
ACCGTCGAGTATACTC-1	0.21872	0.08662	0.17294	0.70736	0.09632	LEP	tumor-rich
ACCGTGTTATAAGTCG-1	-0.06394	0.14304	-0.29966	0.44886	-0.06542	LEP	stroma-rich
ACCTAACAATCTTCAA-1	-0.19643	-0.06421	-0.69922	-0.26404	0.00407	LEP	stroma-rich
ACCTAAGTAGAACAGA-1	-0.05190	0.04162	1.02190	0.32425	0.21249	LEP	tumor-rich
ACCTAAGTGATAATCA-1	0.16624	-0.10751	-0.66887	0.55585	0.00863	LEP	stroma-rich
ACCTAATGTTACCAAT-1	-0.06434	0.02513	-0.73131	0.13942	-0.08386	LEP	stroma-rich
ACCTAATTGTCGCTGA-1	-0.07731	0.03125	-0.67732	0.17336	-0.02026	LEP	stroma-rich
ACCTATAACGAACTAC-1	-0.20360	-0.02799	-0.54849	0.19596	-0.06932	LEP	stroma-rich
ACCTATGCTACCGGAT-1	-0.09176	-0.04545	-0.22021	0.43382	0.01181	LEP	stroma-rich
ACCTCCACAGAACTCA-1	-0.00192	0.08477	-0.27004	0.20049	0.03083	LEP	stroma-rich
ACCTCCACAGCTACGT-1	0.02224	0.02743	-0.24644	0.00335	-0.05972	LEP	stroma-rich
ACCTCCGATTATAAGA-1	-0.17480	0.19230	-0.78471	0.88921	0.07252	LEP	stroma-rich
ACCTCCTAGAGGCATG-1	0.09391	0.09604	-0.05544	-0.15332	0.29208	LEP	stroma-rich
ACCTCGCACTAAGAGC-1	-0.01371	0.01542	0.23311	-0.32479	0.21662	LEP	tumor-rich
ACCTGAGCAGGACCGC-1	0.07499	0.07480	1.10648	0.64312	0.31582	LEP	tumor-rich
ACCTGCACTAGATGGC-1	0.02602	0.13040	-0.44536	0.39195	-0.09658	LEP	stroma-rich
ACCTGCCACTATCAAT-1	0.09315	-0.13877	-0.46142	0.27127	-0.10360	LEP	stroma-rich
ACCTGCCACTGCGGTT-1	-0.04267	0.01939	0.06504	0.31721	-0.02281	LEP	tumor-rich
ACCTGCCAGAGGATCT-1	-0.12586	-0.05490	-0.26345	0.52958	-0.00662	LEP	stroma-rich
ACCTGCTTATAGTTCG-1	0.04358	0.14598	-0.04045	0.31905	0.03945	LEP	stroma-rich
ACCTGCTTCCACATTG-1	0.03987	0.08706	0.13117	0.60265	0.12704	LEP	tumor-rich
ACCTGCTTGAGCCTGG-1	-0.03941	-0.00444	-0.81191	0.23380	-0.09522	LEP	stroma-rich
ACCTGCTTGCTACGAC-1	-0.07540	-0.04410	-0.41304	0.01909	0.13213	LEP	stroma-rich
ACCTGTAACCGAATAA-1	0.08608	0.03831	0.54310	0.04326	0.31590	LEP	tumor-rich
ACCTGTCTGCGGTTGT-1	0.09756	0.02376	0.72211	0.16386	0.16653	LEP	tumor-rich
ACCTGTGGCGCTGCAA-1	0.02367	0.06730	0.84859	0.48521	0.27385	LEP	tumor-rich
ACCTGTGGTCACCTCG-1	-0.01997	0.04884	-0.22115	-0.19496	0.11246	LEP	stroma-rich
ACCTTCAGACCTCGGT-1	-0.02111	0.13837	0.09564	0.17501	0.06060	LEP	tumor-rich
ACCTTCGGTGCTACGA-1	-0.09570	-0.09419	-0.64381	-0.32414	-0.09873	LEP	stroma-rich
ACCTTGGCTCTGTAAG-1	0.07793	0.10392	0.51908	-0.16217	0.23489	LEP	tumor-rich
ACGAACATAGGATCGG-1	0.00382	0.06965	-0.65779	0.16242	-0.08858	LEP	stroma-rich
ACGAACGCACGAGCAC-1	0.08310	0.19328	-0.35722	-0.13937	-0.09139	LEP	stroma-rich
ACGAAGATCGAATTGA-1	0.12243	0.12012	1.38223	0.47886	0.28348	LEP	tumor-rich
ACGAAGCCACCTGAGG-1	-0.05615	-0.07283	-0.19382	0.37554	0.12178	LEP	stroma-rich
ACGAAGCTCATCCTCG-1	-0.04784	-0.00105	-0.29092	0.13612	0.02550	LEP	stroma-rich
ACGAAGTTCCAGCACC-1	0.09317	0.03154	-0.46707	0.35451	0.07249	LEP	stroma-rich
ACGACAAGCACTTCAC-1	0.02974	0.06339	0.21019	0.11652	0.11472	LEP	tumor-rich
ACGACTGAAGACTTAC-1	0.01912	-0.13721	0.48828	-0.44550	0.32581	LEP	tumor-rich
ACGAGGACAACTCACC-1	-0.04639	-0.05512	-0.29820	0.79947	-0.09633	LEP	stroma-rich
ACGAGGACCTGCTAGT-1	0.41945	0.09359	0.78263	1.34197	0.06476	LEP	tumor-rich
ACGAGGCTAGGTGGCT-1	-0.00493	0.00342	0.31171	0.11403	0.18879	LEP	tumor-rich
ACGAGGCTTAATCACG-1	-0.13643	0.01619	-0.26276	0.00215	-0.06961	LEP	stroma-rich
ACGAGTGCGTGCGTTC-1	0.01311	0.09242	0.70102	0.24170	0.23850	LEP	tumor-rich
ACGATGACTATTAGAT-1	0.14403	0.06476	-0.67692	-0.05287	-0.08345	LEP	stroma-rich
ACGATGCGAAGGAGCA-1	0.06460	0.06527	-0.38534	-0.05831	-0.01101	LEP	stroma-rich
ACGATGCTCCAATACA-1	0.22827	-0.07237	-0.11816	-0.20678	0.20376	LEP	stroma-rich
ACGATGTCGCACAATC-1	-0.03253	0.00081	0.29725	-0.01576	0.18776	LEP	tumor-rich
ACGATGTCGTTGCCAA-1	-0.04417	-0.03952	-0.21091	0.31384	-0.16703	LEP	stroma-rich
ACGATGTTACCTCATT-1	0.04720	-0.09275	-0.25396	0.15559	-0.01305	LEP	stroma-rich
ACGCAACGAAGAGTAT-1	-0.04850	0.10210	0.15907	-0.08231	0.09602	LEP	tumor-rich
ACGCAACGTGTAATTG-1	-0.11211	0.08340	-0.41530	-0.41380	-0.12518	LEP	stroma-rich
ACGCAAGCTCCGCTTA-1	-0.18033	0.02314	-0.39785	-0.05167	0.05289	LEP	stroma-rich
ACGCAAGGCATAAGTC-1	0.20090	0.11009	0.08106	0.00813	0.20891	LEP	tumor-rich
ACGCAAGGCGTCCAAT-1	-0.02190	0.14596	-0.12732	0.30192	0.24287	LEP	stroma-rich
ACGCAATAGTATACGA-1	0.03753	0.09994	0.36365	0.00813	0.18194	LEP	tumor-rich
ACGCACATTGTAAGTA-1	-0.10290	0.13340	-0.13501	0.26683	0.41989	LEP	stroma-rich
ACGCATCGTCGAGCAG-1	-0.17806	0.24806	-0.68687	0.11884	-0.08169	LEP	stroma-rich
ACGCCGGCATAGTCAG-1	0.01094	0.03113	0.31058	0.64277	0.08465	LEP	tumor-rich
ACGCCGGCATCACTGG-1	-0.07691	-0.06592	0.10953	-0.20078	0.01059	LEP	tumor-rich
ACGCCTCCGATGTTCC-1	-0.14547	-0.09686	-0.18356	-0.30774	-0.01155	LEP	stroma-rich
ACGCGGAAGAGTTCCG-1	0.08643	-0.05472	-0.25203	-0.48092	-0.00738	LEP	stroma-rich
ACGCGGCTCAAGTTCA-1	-0.03948	-0.07094	-0.21388	0.11468	0.07954	LEP	stroma-rich
ACGCGTAGACTCAACT-1	-0.22150	-0.00932	1.23568	0.16667	-0.01607	LEP	tumor-rich
ACGCGTCGGTGAGGTT-1	-0.07957	0.03123	0.10756	-0.02521	0.17866	LEP	tumor-rich
ACGCGTTCCAGCCTTC-1	0.09006	-0.00291	-0.12881	0.05981	-0.01259	LEP	stroma-rich
ACGCGTTCGCGATCAT-1	-0.18536	-0.00554	0.08858	0.42517	0.08891	LEP	tumor-rich
ACGCTCAGTGCACCGT-1	-0.12165	-0.02739	-0.60192	0.23881	-0.13097	LEP	stroma-rich
ACGCTCAGTGCTATTC-1	-0.12407	-0.12501	-0.23095	0.05625	-0.10278	LEP	stroma-rich
ACGCTGCGATTAACGA-1	0.04972	-0.03392	-0.09701	0.11347	0.13683	LEP	stroma-rich
ACGGCCGGAACGCTAG-1	-0.18988	0.14443	-0.55116	0.34526	-0.02935	LEP	stroma-rich
ACGGCCGTCAACGTAT-1	-0.01095	-0.00168	0.00716	-0.08809	0.05810	LEP	tumor-rich
ACGGCCGTGACATTAA-1	0.05750	0.11707	0.52740	0.40747	0.12510	LEP	tumor-rich
ACGGCCTGGCTAAGTT-1	0.03859	-0.02427	0.17759	0.19589	0.22105	LEP	tumor-rich
ACGGCCTTGCCAGAAC-1	0.02647	-0.09020	-0.22524	0.72758	0.08141	LEP	stroma-rich
ACGGCTATGGCATACC-1	0.06484	0.02560	0.12033	-0.03258	0.17971	LEP	tumor-rich
ACGGCTTAACGATAGT-1	-0.05708	0.02000	0.18856	0.15197	0.19061	LEP	tumor-rich
ACGGCTTACGTATGCC-1	-0.11481	0.07482	0.39509	0.07669	0.22241	LEP	tumor-rich
ACGGCTTATTGGTATG-1	0.23520	-0.07462	-0.05040	0.35236	0.28928	LEP	stroma-rich
ACGGCTTCAGGTACCG-1	-0.20621	-0.08629	-0.67931	-0.00471	0.14445	LEP	stroma-rich
ACGGCTTCCATCGGAA-1	-0.05914	0.01008	0.30900	-0.17435	0.08855	LEP	tumor-rich
ACGGCTTCGATTAAGC-1	0.00842	0.09019	0.62611	0.29621	0.22732	LEP	tumor-rich
ACGGCTTGTTCAATCG-1	0.10773	0.01843	0.23587	-0.18157	0.22546	LEP	tumor-rich
ACGGTCGCATCTAGAA-1	-0.06387	-0.05064	-0.28080	0.64504	-0.09831	LEP	stroma-rich
ACGGTCGGACAGGCGA-1	-0.18789	-0.02114	0.23508	0.35067	-0.02823	LEP	tumor-rich
ACGGTGATAATGTTAC-1	-0.14162	0.02008	-0.41997	0.01707	0.09232	LEP	stroma-rich
ACGGTGTACGGTGCCA-1	0.18881	-0.00124	-0.16346	-0.05365	0.04960	LEP	stroma-rich
ACGGTTACATCCGAAG-1	0.21510	0.07005	-0.04919	0.53362	0.11243	LEP	stroma-rich
ACGGTTCACCTTCCGG-1	-0.08178	0.14020	0.20916	0.00551	0.21526	LEP	tumor-rich
ACGGTTCGCAAGTAAC-1	0.10130	0.05417	0.81074	0.21281	0.30758	LEP	tumor-rich
ACGGTTCGTACAGTTG-1	0.02733	0.05116	-0.25088	0.13618	0.09819	LEP	stroma-rich
ACGGTTCGTCCGACCG-1	0.01879	-0.06617	-0.00526	0.34201	0.12473	LEP	stroma-rich
ACGTCAGATTACTTCG-1	-0.23638	0.14690	-0.84538	0.32738	-0.11995	LEP	stroma-rich
ACGTGAAGGTCGCCTC-1	0.01520	0.06160	0.04841	0.49971	0.03631	LEP	tumor-rich
ACGTGCAATTATTCGG-1	-0.11094	-0.04585	-0.70304	0.25287	0.03852	LEP	stroma-rich
ACGTTAATACAATGAC-1	-0.11651	0.06774	-0.65632	-0.22043	-0.01077	LEP	stroma-rich
ACGTTACGCAGACAGC-1	-0.04689	-0.05638	-0.21101	0.72096	0.04472	LEP	stroma-rich
ACGTTAGGCTCAAGCC-1	-0.11194	0.06488	-0.55318	0.25361	-0.07588	LEP	stroma-rich
ACGTTAGTACTGGACA-1	-0.09641	-0.06407	-0.31968	-0.29404	-0.15629	LEP	stroma-rich
ACGTTCACATGATCTG-1	0.30298	-0.12547	0.62612	-0.00703	0.22835	LEP	tumor-rich
ACGTTCACGACTAGGT-1	-0.01115	0.02326	0.08463	0.20839	0.10514	LEP	tumor-rich
ACGTTCACTAGTTGTA-1	-0.11381	0.02241	0.17055	0.14274	0.03955	LEP	tumor-rich
ACGTTCCATTACCTCA-1	-0.07420	-0.06558	-0.35699	0.49040	-0.03026	LEP	stroma-rich
ACGTTCGTCCGCCTAT-1	-0.00569	0.07439	0.48009	0.02189	0.05938	LEP	tumor-rich
ACGTTCTATGCACGAC-1	-0.03259	0.06541	0.04781	-0.12902	0.28328	LEP	tumor-rich
ACGTTCTGCCATAATC-1	0.41335	0.04037	-0.56408	0.41571	0.05448	LEP	stroma-rich
ACTAATAGTCAACATA-1	-0.02449	-0.03104	0.74249	0.05801	0.13342	LEP	tumor-rich
ACTAATCGGCCACCGA-1	-0.14037	0.24141	-0.36478	-0.38280	-0.01509	LEP	stroma-rich
ACTAATGCCTTGCATC-1	0.15252	0.07631	0.07142	0.64402	0.10367	LEP	tumor-rich
ACTAATTCTATGCGCA-1	0.03045	0.08042	0.10088	0.32853	0.12128	LEP	tumor-rich
ACTACAATGACCGTAA-1	0.08236	-0.06202	-0.69891	0.12484	0.00813	LEP	stroma-rich
ACTACCAACTGTGGCT-1	-0.12838	-0.09961	-0.41937	0.03104	0.01781	LEP	stroma-rich
ACTACCTTGGTTGACC-1	0.00654	0.15676	-0.52057	-0.06298	0.16232	LEP	stroma-rich
ACTACGCCTCATGATT-1	-0.14137	0.10312	-0.42514	0.30072	-0.09147	LEP	stroma-rich
ACTACGTCTAATGGCC-1	-0.02981	0.04161	0.25898	0.40636	0.16386	LEP	tumor-rich
ACTAGATCTGAAGCGG-1	-0.15337	0.08005	0.55174	-0.02513	0.21703	LEP	tumor-rich
ACTATCAAGGACGGAA-1	0.04184	0.18064	0.98428	0.41590	0.21101	LEP	tumor-rich
ACTATGAGGTTCTGTC-1	0.24969	-0.05259	-0.29929	1.12449	-0.05820	LEP	stroma-rich
ACTATTACCAGGTGCT-1	0.04401	-0.04870	0.11118	0.24890	0.23057	LEP	tumor-rich
ACTATTAGACAGGCTG-1	-0.21251	0.04145	-0.82732	0.05597	-0.16357	LEP	stroma-rich
ACTATTAGCCTAATCG-1	-0.00898	0.26009	-0.60480	-0.20791	-0.02523	LEP	stroma-rich
ACTATTGCGAGCTAGA-1	0.08963	0.05705	0.20584	0.52384	0.02563	LEP	tumor-rich
ACTATTGTTCGCACAG-1	-0.00699	0.08160	-0.54535	-0.20602	0.00904	LEP	stroma-rich
ACTCAGCGGTAGATTG-1	0.03783	-0.00697	-0.18914	0.22073	-0.06033	LEP	stroma-rich
ACTCAGCTCGAGTGTC-1	-0.00315	0.00422	-0.76550	0.05214	-0.10685	LEP	stroma-rich
ACTCAGCTTCTGAGAC-1	0.01983	0.14931	0.38308	0.17130	0.07537	LEP	tumor-rich
ACTCAGGCCTGCAACT-1	-0.06875	0.05634	-0.65847	0.21056	-0.11014	LEP	stroma-rich
ACTCAGTAGATACAAT-1	0.08701	0.09166	1.19877	0.49016	0.20434	LEP	tumor-rich
ACTCAGTGAGCCTCCA-1	0.13457	0.00917	0.18691	0.44096	0.19957	LEP	tumor-rich
ACTCCACGTTCGCTAC-1	0.26013	-0.14270	-0.45802	0.29341	-0.02243	LEP	stroma-rich
ACTCCAGGCCGAAGAC-1	-0.21334	0.10174	-0.79761	0.06521	-0.06649	LEP	stroma-rich
ACTCCAGTAGCTCCAG-1	-0.05261	-0.04954	0.65420	0.23171	0.07804	LEP	tumor-rich
ACTCCTATGTTCCTAC-1	0.18739	-0.01393	-0.21499	0.18871	0.13224	LEP	stroma-rich
ACTCCTGACCACTGAG-1	-0.07150	-0.08562	-0.39600	0.56441	0.14305	LEP	stroma-rich
ACTCCTGCGGCAACCA-1	0.10222	0.07278	0.18427	0.33658	0.13380	LEP	tumor-rich
ACTCCTTGTCCAGACC-1	0.00444	0.09394	0.55596	0.61109	0.17582	LEP	tumor-rich
ACTCGAACGTTCGTTA-1	0.20223	0.10177	0.32601	0.37380	0.01847	LEP	tumor-rich
ACTCGACGTACACGCC-1	0.03813	0.11231	0.38694	0.24836	0.16621	LEP	tumor-rich
ACTCGAGTCCAAGTTG-1	0.18016	0.12034	1.16456	0.29128	0.27082	LEP	tumor-rich
ACTCGATAAGACCAGG-1	0.19758	0.14482	0.98739	0.42774	0.20650	LEP	tumor-rich
ACTCGATTGATATCCA-1	0.15254	0.19891	0.29380	0.23039	0.14867	LEP	tumor-rich
ACTCGTATTGTCAGAA-1	0.14877	0.16999	-0.20688	0.36824	-0.12213	LEP	stroma-rich
ACTCGTTCCTGATACA-1	-0.04541	0.06950	0.07255	0.35395	0.10165	LEP	tumor-rich
ACTCTAAGCTTGCGCC-1	-0.23280	0.09746	-0.40561	0.27051	0.02806	LEP	stroma-rich
ACTCTACTTCCGCATT-1	0.18385	0.06764	-0.49430	0.07516	-0.06856	LEP	stroma-rich
ACTCTGACCTTACTGA-1	0.06950	0.09009	0.57850	0.11057	0.28143	LEP	tumor-rich
ACTCTTGCGGAGAACC-1	-0.15829	0.04198	0.26975	0.32123	0.08741	LEP	tumor-rich
ACTGACGGCCATGTCT-1	0.00871	0.02215	0.64281	0.46666	0.23148	LEP	tumor-rich
ACTGACGGCGAATAGT-1	-0.08267	0.09974	0.49911	0.25545	0.10231	LEP	tumor-rich
ACTGACGTGATATTGG-1	-0.16728	0.21594	-0.33753	0.32849	0.03379	LEP	stroma-rich
ACTGACTCTGCTGGCC-1	0.21343	0.05756	-0.56553	0.37062	0.02533	LEP	stroma-rich
ACTGACTGTCATCTAC-1	0.04531	0.12740	1.29505	0.34920	0.21751	LEP	tumor-rich
ACTGAGACCTTAGCAC-1	0.09787	0.08366	0.82544	0.02884	0.29365	LEP	tumor-rich
ACTGAGCAAGAACACG-1	0.00498	0.09507	0.08970	0.26194	0.15832	LEP	tumor-rich
ACTGAGCGATTACTAA-1	-0.03377	0.01312	-0.42746	0.17689	-0.12418	LEP	stroma-rich
ACTGAGCGCAACTCAT-1	0.11707	0.07208	0.57980	0.35378	0.27980	LEP	tumor-rich
ACTGAGGATAGGCGCT-1	0.03004	0.02323	0.37169	-0.40287	0.29468	LEP	tumor-rich
ACTGATACAGAACGTC-1	-0.06490	0.01045	0.51315	0.18772	0.01213	LEP	tumor-rich
ACTGATACCTTCACTA-1	0.08511	0.03535	0.99551	0.39243	0.23837	LEP	tumor-rich
ACTGATACTCCATTAC-1	0.23391	0.06220	0.60016	-0.03021	0.32413	LEP	tumor-rich
ACTGATAGCACGGTCT-1	0.00893	0.08822	0.56115	0.07524	0.16992	LEP	tumor-rich
ACTGATGTCCACTCGC-1	0.17704	-0.04179	-0.69215	-0.08187	0.14541	LEP	stroma-rich
ACTGCAACTTCAGTCA-1	-0.04953	-0.00944	0.21997	0.46596	-0.00601	LEP	tumor-rich
ACTGCAAGGCTTCTCG-1	-0.04156	0.16444	0.63008	0.78780	0.15162	LEP	tumor-rich
ACTGCATCTTGTTCCA-1	-0.04516	0.36228	-0.05080	0.52784	-0.04318	LEP	stroma-rich
ACTGCCGTTGGTGAGC-1	-0.19624	-0.04415	0.07312	-0.49290	-0.00401	LEP	tumor-rich
ACTGGTAAGGCCTCAG-1	-0.06330	-0.06176	0.53352	0.01381	0.18742	LEP	tumor-rich
ACTGGTGATTCCGATC-1	-0.12538	0.06177	-0.61559	0.13920	-0.14252	LEP	stroma-rich
ACTGGTTCTGAACGAT-1	0.14239	0.01532	0.25838	-0.48422	0.23470	LEP	tumor-rich
ACTGTACAATTCTACT-1	0.08296	0.05384	0.77070	-0.16467	0.34411	LEP	tumor-rich
ACTGTACATCCGATAC-1	-0.18519	-0.01387	-0.64132	0.30959	0.04099	LEP	stroma-rich
ACTGTAGACAAGGAAT-1	-0.02464	0.23230	-0.22949	0.55895	-0.03136	LEP	stroma-rich
ACTGTAGAGTGCCGGC-1	0.17530	0.08698	-0.41003	0.57292	0.05371	LEP	stroma-rich
ACTGTAGCAGCTTCTG-1	0.06253	-0.17787	0.08778	-0.07722	0.02270	LEP	tumor-rich
ACTGTATGATCCTCAT-1	0.03375	-0.01597	0.46326	0.33007	-0.03120	LEP	tumor-rich
ACTGTATTCTAGTCCA-1	0.12961	0.10228	-0.76578	0.13552	-0.17435	LEP	stroma-rich
ACTTAAGCCAGTAGGA-1	0.10017	0.10504	0.10520	0.62364	0.06389	LEP	tumor-rich
ACTTCGACGGATCATT-1	0.14376	-0.03785	0.61298	-0.04180	0.11278	LEP	tumor-rich
ACTTGAAGCGAGCGGT-1	-0.03884	-0.14037	-0.46154	0.08602	-0.00365	LEP	stroma-rich
ACTTGAATGTATTGGA-1	-0.01535	0.12788	-0.41221	0.59296	-0.04412	LEP	stroma-rich
ACTTGAATTAACTTAG-1	-0.22779	-0.04260	-0.57083	-0.27770	-0.09302	LEP	stroma-rich
ACTTGAATTAGCCGGT-1	-0.11541	0.06686	0.57592	0.50825	0.16439	LEP	tumor-rich
ACTTGACTGAGCACGA-1	-0.12107	-0.07113	-0.36736	-0.34265	-0.16707	LEP	stroma-rich
ACTTGAGCACGAACAT-1	-0.16327	-0.00825	0.26011	0.42859	0.22006	LEP	tumor-rich
ACTTGAGCCGTTCTTA-1	-0.17151	-0.00744	-0.50062	0.06089	-0.11404	LEP	stroma-rich
AGAACAGGAGCATGGA-1	-0.07144	0.07538	-0.63473	-0.08779	-0.09691	LEP	stroma-rich
AGAACATACTGGTCGT-1	0.13154	0.09465	0.89053	0.35227	0.25581	LEP	tumor-rich
AGAACTTCGATGCGTA-1	-0.10131	0.20502	-0.76243	0.01869	0.12430	LEP	stroma-rich
AGAAGCAATGAGGAAC-1	-0.13530	0.12327	-0.65908	0.15101	-0.06027	LEP	stroma-rich
AGAAGCAGCCTAAGCT-1	0.06500	0.04845	-0.42058	-0.05751	0.13534	LEP	stroma-rich
AGAAGCGATGTTCTAA-1	0.00370	0.13863	-0.69013	0.04190	-0.09412	LEP	stroma-rich
AGAAGCTGGCCTAGTG-1	-0.06255	0.15169	-0.25587	0.42844	0.00729	LEP	stroma-rich
AGAAGCTTGCCTCCGC-1	-0.15357	-0.02346	-0.02771	0.20700	0.17341	LEP	stroma-rich
AGAAGGATGGTATGAA-1	0.07038	0.07476	-0.82056	0.22037	-0.15694	LEP	stroma-rich
AGAAGGCGTAGAATAG-1	-0.01147	0.00340	0.35734	0.08005	0.06531	LEP	tumor-rich
AGAAGTTAACCAGAGC-1	-0.07866	-0.06963	-0.47277	0.34818	0.06481	LEP	stroma-rich
AGAAGTTGAGCGCAAG-1	0.11626	0.03721	-0.80271	0.71430	0.08964	LEP	stroma-rich
AGAATTCTGTTGACAA-1	-0.03373	0.03916	0.26663	-0.10934	0.10530	LEP	tumor-rich
AGACAAGACGTATCGC-1	-0.11273	0.00730	0.24656	0.11708	-0.03414	LEP	tumor-rich
AGACATCTTAGCACCT-1	-0.09597	-0.04594	-0.20326	0.22935	0.05655	LEP	stroma-rich
AGACCGAACCGATGTC-1	-0.17664	0.09179	-0.39851	0.31995	0.00999	LEP	stroma-rich
AGACCGAAGACTACTC-1	-0.06348	0.05211	-0.24609	0.49611	0.19547	LEP	stroma-rich
AGACCGACCGCAGACA-1	-0.00356	-0.11653	-0.36469	-0.05543	-0.05123	LEP	stroma-rich
AGACCGCCAAGTTCAA-1	-0.08339	0.15976	-0.13831	0.88227	-0.11691	LEP	stroma-rich
AGACCGCCGGCCAATG-1	-0.07680	0.01312	-0.16538	0.05270	0.10365	LEP	stroma-rich
AGACCGGACTGTCCAT-1	0.07109	-0.02566	-0.44473	0.64372	0.01113	LEP	stroma-rich
AGACCGGAGCAACGCT-1	0.04811	0.07379	0.53476	0.32490	0.23852	LEP	tumor-rich
AGACCGGTATCCGTGG-1	-0.04534	0.04602	-0.02931	0.44339	-0.01527	LEP	stroma-rich
AGACCGTCACTGAGCT-1	0.01845	0.08853	0.02452	0.05017	0.16071	LEP	tumor-rich
AGACCGTCATTAGTTA-1	-0.04921	0.02206	1.01209	0.28855	0.20965	LEP	tumor-rich
AGACCTATCCTTATAG-1	0.21630	0.08062	0.15353	0.58930	0.12116	LEP	tumor-rich
AGACCTCAGCGAGGTG-1	0.07509	-0.07605	-0.22201	-0.40678	-0.07960	LEP	stroma-rich
AGACCTGATAACAGTG-1	-0.09932	0.01970	-0.63377	0.36909	-0.05575	LEP	stroma-rich
AGACCTTCGCGTGAAC-1	0.02031	0.04142	0.83544	0.20801	0.22559	LEP	tumor-rich
AGACGAGTATACGGAA-1	-0.03166	0.07054	0.25910	0.40286	0.11958	LEP	tumor-rich
AGACGATGCTGATAAT-1	0.07930	0.04771	0.51505	0.29709	0.21680	LEP	tumor-rich
AGACGCGTGATGCATC-1	-0.14063	0.06746	-0.20676	0.31257	-0.01029	LEP	stroma-rich
AGACGCTTGGCCTCAC-1	-0.12257	-0.08866	-0.46105	0.15483	0.05656	LEP	stroma-rich
AGACGGCCTTACGGAG-1	-0.03028	0.01680	0.39640	-0.22785	0.18938	LEP	tumor-rich
AGACGTAGGCGGACCG-1	-0.24607	0.04769	-0.80095	-0.04087	-0.09294	LEP	stroma-rich
AGACGTGGCGTTGAGT-1	-0.02436	0.08187	-0.22836	-0.30098	0.23026	LEP	stroma-rich
AGACGTTGCACCGCCA-1	-0.11308	-0.04795	-0.14355	-0.22502	-0.04672	LEP	stroma-rich
AGACTACGTGCTCCAT-1	-0.04897	0.09461	-0.37110	0.38114	-0.03214	LEP	stroma-rich
AGACTCAGACAGATAA-1	-0.08102	0.19276	-0.22944	0.37878	-0.02912	LEP	stroma-rich
AGACTCATGACCTGGC-1	-0.07885	-0.17514	-0.59424	0.21064	0.12552	LEP	stroma-rich
AGACTCATTGCGGACA-1	-0.13416	0.09228	-0.33490	0.16709	-0.07294	LEP	stroma-rich
AGACTCCGCTTCGTAT-1	-0.15563	0.00916	-0.31215	0.23997	0.27905	LEP	stroma-rich
AGACTCCTGTATGGCG-1	-0.12211	-0.13469	-0.58890	0.06936	-0.06961	LEP	stroma-rich
AGACTCCTTATCATAC-1	0.13374	0.06357	-0.37896	0.03164	-0.01380	LEP	stroma-rich
AGACTCGACTCCTAAT-1	-0.15425	0.12646	0.47736	0.07878	0.03956	LEP	tumor-rich
AGACTCTATTAGCGCT-1	-0.11145	-0.07825	-0.23493	0.28362	-0.15743	LEP	stroma-rich
AGACTGGAACCGTTGG-1	-0.07217	0.05221	-0.83993	0.43663	-0.02810	LEP	stroma-rich
AGACTGGTAAGGAGGT-1	0.16700	-0.00215	0.21032	0.26102	-0.05541	LEP	tumor-rich
AGATAACCAATACGCC-1	-0.02671	0.10679	-0.19624	-0.02988	-0.02327	LEP	stroma-rich
AGATAAGCCACTCATA-1	0.14705	0.21472	-0.70289	0.13599	-0.07441	LEP	stroma-rich
AGATAAGTGCTACGAC-1	-0.06051	-0.03410	-0.13614	-0.15654	-0.07400	LEP	stroma-rich
AGATACAAGGATGGTG-1	-0.02661	0.09281	0.84266	0.37088	0.16755	LEP	tumor-rich
AGATACATCTACGCAC-1	-0.03104	-0.00347	-0.42693	-0.06172	-0.16922	LEP	stroma-rich
AGATACTAATCAGGCG-1	-0.04272	0.08615	-0.06091	0.09854	0.14552	LEP	stroma-rich
AGATAGGTGAATTGCC-1	0.05367	0.00900	-0.37486	0.22079	0.01505	LEP	stroma-rich
AGATAGGTGACCGCGT-1	0.10060	0.11946	1.09904	0.32138	0.30987	LEP	tumor-rich
AGATCAACTCGCTATG-1	0.23747	0.04874	-0.38792	-0.04949	0.06226	LEP	stroma-rich
AGATCAAGCATCTACT-1	-0.13067	-0.08584	-0.49281	0.12872	0.11374	LEP	stroma-rich
AGATCAGTCGATAGAA-1	-0.08105	-0.08651	-0.78299	0.01384	-0.12172	LEP	stroma-rich
AGATCATTCACGCTGT-1	0.03425	0.02642	0.76831	0.37621	0.14250	LEP	tumor-rich
AGATCTAACGAGCTCA-1	-0.01125	0.07621	0.71623	0.43617	0.20204	LEP	tumor-rich
AGATCTAACGTAATGT-1	-0.07667	0.00022	0.31284	0.39597	0.01170	LEP	tumor-rich
AGATCTCCGCCTTATT-1	0.02246	0.01066	0.11116	0.10276	-0.02146	LEP	tumor-rich
AGATGAGGCGCCTCCA-1	-0.21176	0.10762	0.35581	0.39073	0.00948	LEP	tumor-rich
AGATGCACGTAGGTGC-1	0.00973	0.02552	0.82022	0.32537	0.21672	LEP	tumor-rich
AGATGCGGCTAGTGAC-1	0.19693	0.17302	-0.31990	0.08441	-0.02415	LEP	stroma-rich
AGATGCTCCGTCATCT-1	-0.00409	-0.04725	0.67571	0.07218	0.04566	LEP	tumor-rich
AGATTGAGTTAGGAAC-1	0.11133	-0.00116	0.21269	-0.18944	0.11958	LEP	tumor-rich
AGATTGCGCCTCGCTC-1	0.02924	-0.00964	-0.06294	-0.16856	0.11542	LEP	stroma-rich
AGCAACAGTATGTCGC-1	-0.07435	0.36810	-0.14662	-0.18923	-0.02508	LEP	stroma-rich
AGCAATAACAATTCCA-1	-0.05001	0.09256	-0.42866	0.17087	-0.02821	LEP	stroma-rich
AGCACCTCCAATCACG-1	-0.01953	-0.07828	0.15165	0.16916	0.12926	LEP	tumor-rich
AGCACGAGATAACGGT-1	-0.12086	0.09238	0.76145	0.16320	-0.08560	LEP	tumor-rich
AGCACGATACCTAAGC-1	0.10366	0.17331	0.55854	-0.14231	0.19962	LEP	tumor-rich
AGCACGCTCGATCTAA-1	-0.13570	-0.11910	0.76063	-0.32184	-0.07835	LEP	tumor-rich
AGCACGGAGGCAGTCA-1	0.42537	0.10380	-0.49210	0.26856	0.07430	LEP	stroma-rich
AGCACGTGCACCTCTG-1	-0.02001	0.07076	0.06747	0.35410	0.17351	LEP	tumor-rich
AGCACGTGCACTGTAA-1	0.31865	-0.05209	-0.54414	-0.07337	-0.17592	LEP	stroma-rich
AGCACTCATACAGAAC-1	0.02126	0.05797	0.01123	0.06533	0.08627	LEP	tumor-rich
AGCACTGCATCCTAGC-1	-0.14324	-0.11474	-0.46508	-0.03191	-0.01132	LEP	stroma-rich
AGCAGGATAGGTCTCC-1	-0.12384	-0.07985	-0.26139	0.20443	0.06961	LEP	stroma-rich
AGCAGGTAAGTATCTG-1	-0.05352	-0.00795	0.38541	0.05595	0.14938	LEP	tumor-rich
AGCAGGTATGCCATTG-1	-0.07734	-0.03931	0.35171	0.09116	0.13217	LEP	tumor-rich
AGCAGGTGCAATGGTT-1	-0.03543	-0.06522	-0.67447	0.39024	-0.05973	LEP	stroma-rich
AGCATAATTCCAGATA-1	-0.16075	-0.12255	-0.27098	0.02926	-0.10239	LEP	stroma-rich
AGCATCCTGACAGCCG-1	-0.00547	-0.11923	-0.63972	0.30094	-0.11471	LEP	stroma-rich
AGCATGAGCGAATATT-1	0.21959	-0.06361	-0.52564	0.33310	0.00034	LEP	stroma-rich
AGCATGCACCGCGTCA-1	0.07568	-0.00293	0.30035	0.51715	0.14906	LEP	tumor-rich
AGCATTAGACGGATTG-1	-0.20808	0.12190	-0.66462	0.10804	-0.04694	LEP	stroma-rich
AGCCAGATACTCGAAC-1	-0.18597	0.10358	-0.55305	0.33068	-0.07706	LEP	stroma-rich
AGCCAGATCAAGATTC-1	-0.05853	0.07442	-0.75443	0.18535	-0.19866	LEP	stroma-rich
AGCCAGCGGCAAGCGT-1	-0.08077	-0.09321	0.90437	0.11281	-0.02197	LEP	tumor-rich
AGCCAGCGTTACAGTC-1	-0.20566	0.09078	-0.61907	0.28590	0.05017	LEP	stroma-rich
AGCCATCCGTCAACTC-1	-0.06354	-0.11251	-0.72405	0.33781	-0.08924	LEP	stroma-rich
AGCCGACCGATGTACA-1	-0.07308	-0.04745	-0.15786	-0.28147	-0.13511	LEP	stroma-rich
AGCCGATGTTCTACTC-1	0.42226	0.30958	0.35546	-0.39198	0.01360	LEP	tumor-rich
AGCCGGCCTATTCCAG-1	0.12711	0.05273	0.02905	0.13904	-0.08120	LEP	tumor-rich
AGCCGTAGACTCTGAA-1	0.03054	0.08916	0.94924	0.36016	0.20092	LEP	tumor-rich
AGCCGTAGTGGAGTGC-1	0.09847	0.08160	0.59905	0.33970	0.22401	LEP	tumor-rich
AGCCGTATCTTCGTCT-1	-0.11897	0.19199	-0.03582	-0.22780	-0.05765	LEP	stroma-rich
AGCCGTATTCAACCGT-1	-0.13935	0.06022	0.50768	0.49894	-0.03205	LEP	tumor-rich
AGCCGTTGCATCCTAG-1	-0.01822	0.06453	0.44615	0.37457	0.12149	LEP	tumor-rich
AGCCTACGGTGACCAA-1	0.10242	0.09304	0.79407	0.39058	0.21590	LEP	tumor-rich
AGCCTCCGAACTACCA-1	0.01126	0.00102	0.20798	0.01684	0.20526	LEP	tumor-rich
AGCCTCGCATGGTCCT-1	-0.11961	0.02896	-0.76187	-0.45024	-0.06323	LEP	stroma-rich
AGCCTCTATGCAGCAA-1	-0.16444	-0.12673	-0.39583	-0.09411	0.02987	LEP	stroma-rich
AGCCTCTGTTCCGATG-1	0.22375	0.04582	-0.14269	0.40076	0.03351	LEP	stroma-rich
AGCGACAGCTACATCG-1	0.25922	0.05727	0.60765	0.16821	0.25178	LEP	tumor-rich
AGCGACATCCTTCTAA-1	-0.01808	-0.07873	-0.54431	0.09494	-0.06436	LEP	stroma-rich
AGCGACATTCGATCTG-1	-0.14091	0.05206	-0.31455	-0.08972	-0.12972	LEP	stroma-rich
AGCGACCGTTCTATAC-1	0.19671	-0.06768	-0.21689	1.32802	-0.05340	LEP	stroma-rich
AGCGACTATGTATCTT-1	0.11291	0.05901	0.77373	0.23867	0.29318	LEP	tumor-rich
AGCGAGAACAGATTCT-1	-0.07070	-0.14463	0.08283	-0.21355	0.29598	LEP	tumor-rich
AGCGAGGAACTGGTCC-1	0.07437	0.09569	0.21102	0.28651	0.03453	LEP	tumor-rich
AGCGCAGATGAGGTGC-1	-0.11069	0.03922	-0.06530	0.14442	0.07521	LEP	stroma-rich
AGCGCATCGTGGTCGA-1	0.15922	0.06004	0.26045	0.63968	0.09497	LEP	tumor-rich
AGCGCTAGGTACGCAA-1	-0.01952	0.10643	0.47007	0.37148	0.23411	LEP	tumor-rich
AGCGGAATGTCGCTGT-1	-0.13046	0.09466	-0.39418	0.05730	0.14594	LEP	stroma-rich
AGCGGATCGCGGACAG-1	-0.08504	-0.01773	0.12959	0.40782	0.04017	LEP	tumor-rich
AGCGGCGAATAATCTT-1	0.01346	0.04044	0.85982	0.38782	0.21719	LEP	tumor-rich
AGCGGTACGCCGAGAA-1	-0.23118	-0.05246	-0.64358	0.05942	0.05215	LEP	stroma-rich
AGCGGTACGGCGCATC-1	0.07920	0.10887	0.87403	0.15747	0.28586	LEP	tumor-rich
AGCGGTGAGTGACATG-1	-0.03106	-0.07824	-0.41248	-0.02663	-0.00866	LEP	stroma-rich
AGCGGTGCACCAAGCC-1	-0.04467	0.10094	0.09023	0.31131	0.08472	LEP	tumor-rich
AGCGGTGCAGGCATCT-1	-0.09013	-0.04265	-0.10640	0.42709	0.16430	LEP	stroma-rich
AGCGGTTAATCGAAGT-1	-0.00486	0.07708	-0.31059	0.24910	-0.07693	LEP	stroma-rich
AGCGGTTACAATACGC-1	0.08309	-0.12139	-0.62011	0.66038	-0.01655	LEP	stroma-rich
AGCGGTTAGACTCGCC-1	0.03192	0.04323	0.88773	0.62713	0.10262	LEP	tumor-rich
AGCGTGCCTGTATGCC-1	-0.03478	0.33972	0.49774	0.69554	0.17084	LEP	tumor-rich
AGCGTGCGCCTGATCG-1	0.02138	0.00246	-0.11870	-0.19556	0.04075	LEP	stroma-rich
AGCGTGCTTCGCTCAT-1	-0.03195	0.04236	-0.06634	0.59893	-0.09634	LEP	stroma-rich
AGCGTGGCACCGACAA-1	0.03865	-0.04978	-0.04005	0.19916	-0.04306	LEP	stroma-rich
AGCGTGTATGTACGGT-1	0.07018	-0.05092	-0.39857	-0.23494	-0.04378	LEP	stroma-rich
AGCGTTACAGTCCTGG-1	0.27131	0.03946	-0.49519	0.26805	0.07858	LEP	stroma-rich
AGCGTTATACCTGTTG-1	-0.03897	-0.02235	0.21170	0.34189	0.18587	LEP	tumor-rich
AGCGTTATAGCGCACT-1	0.00693	0.07615	0.52752	0.26626	0.16130	LEP	tumor-rich
AGCGTTGGCTCACGAT-1	-0.24705	0.08242	-0.14735	-0.07515	-0.07809	LEP	stroma-rich
AGCTACCAGCGTTACT-1	-0.15027	-0.12335	-0.30848	0.72824	0.02255	LEP	stroma-rich
AGCTAGCGTACAGTAA-1	0.01877	-0.01842	0.20331	-0.49583	0.01143	LEP	tumor-rich
AGCTATAAGTCCAGCA-1	-0.15766	0.01288	-0.35146	0.37692	-0.05346	LEP	stroma-rich
AGCTATAGAATAGTCT-1	-0.14220	0.35518	0.54366	0.04721	-0.03990	LEP	tumor-rich
AGCTCAACATCGTCCG-1	-0.10039	0.10525	-0.41360	0.17710	-0.00491	LEP	stroma-rich
AGCTCACTATGCAGTT-1	0.19413	0.08691	0.03390	-0.13204	0.04060	LEP	tumor-rich
AGCTCATTAACGAATG-1	-0.01432	-0.02666	0.48438	0.38044	0.16850	LEP	tumor-rich
AGCTCGACAGGCGATA-1	-0.02904	0.03161	0.32546	0.35223	0.12482	LEP	tumor-rich
AGCTCGCATTAGGATT-1	0.02215	-0.12201	-0.71443	0.23915	-0.08633	LEP	stroma-rich
AGCTGACGTAACGCTG-1	0.07371	0.03337	-0.11113	0.02443	0.18010	LEP	stroma-rich
AGCTGATCGGATTGTT-1	-0.10231	0.00776	0.49721	0.04228	0.31488	LEP	tumor-rich
AGCTGTACGCTGACTC-1	0.07874	0.01587	-0.43251	-0.32082	0.05186	LEP	stroma-rich
AGCTGTCCAGATGCTA-1	-0.00058	0.04476	0.63681	0.11337	0.01688	LEP	tumor-rich
AGCTGTTCCGGTGATT-1	-0.02643	0.06134	-0.13240	-0.08738	0.17432	LEP	stroma-rich
AGCTGTTGAAGGCCTT-1	0.12895	0.03911	0.93966	0.24707	0.17561	LEP	tumor-rich
AGCTTCGCTGCGGTCA-1	0.07933	-0.00210	0.64885	-0.04432	0.27757	LEP	tumor-rich
AGCTTGAGTCAGGCCG-1	0.21651	0.04992	-0.52832	0.34897	0.06903	LEP	stroma-rich
AGCTTGGATGCAAGCC-1	0.06735	-0.01250	-0.74945	0.24866	-0.03321	LEP	stroma-rich
AGGAATTACGGTGACG-1	0.03177	-0.00762	-0.07696	-0.06364	0.09930	LEP	stroma-rich
AGGACCAGTAACCTAA-1	0.05465	0.20942	-0.74061	0.19930	-0.02273	LEP	stroma-rich
AGGACCAGTGCGCCAG-1	0.02146	-0.02087	0.25813	0.45949	-0.00386	LEP	tumor-rich
AGGACCGCAATAGTTA-1	0.25345	0.15260	-0.39314	0.46638	0.07423	LEP	stroma-rich
AGGACCGTAGATGCTA-1	0.11131	-0.04834	0.65013	-0.28599	0.33170	LEP	tumor-rich
AGGACCTGTACCATTC-1	-0.05897	0.15315	-0.05750	-0.22226	-0.11471	LEP	stroma-rich
AGGACGAAGCCTCCTT-1	-0.01425	-0.01449	-0.57360	0.10783	0.19078	LEP	stroma-rich
AGGACGAATGCTTCAA-1	0.14487	-0.09323	-0.28973	-0.29928	-0.01471	LEP	stroma-rich
AGGACGTATCGCCGTA-1	-0.11146	0.03617	-0.12956	0.06296	0.01034	LEP	stroma-rich
AGGACGTCGGCACGAA-1	-0.02620	0.06839	-0.37860	-0.55539	0.18191	LEP	stroma-rich
AGGACTAGGACCGCAG-1	0.04746	0.02755	-0.68569	0.13527	-0.05407	LEP	stroma-rich
AGGACTGAAGTGCCTT-1	-0.13539	0.01058	-0.14399	-0.00580	-0.14227	LEP	stroma-rich
AGGACTGGATGAAGAC-1	0.25306	-0.04682	-0.48713	0.56738	0.10958	LEP	stroma-rich
AGGAGCAGAACATCTT-1	0.04440	0.11392	0.15402	0.28552	0.24378	LEP	tumor-rich
AGGAGCAGCGTTAATA-1	-0.03791	0.14643	0.16865	0.41117	0.06849	LEP	tumor-rich
AGGAGCATAATCCACT-1	-0.14655	0.13855	0.20674	-0.10554	-0.08166	LEP	tumor-rich
AGGAGCATCACTCAGC-1	-0.04591	-0.02731	-0.52234	0.14857	-0.02504	LEP	stroma-rich
AGGAGCATCTTAACTC-1	0.31338	-0.04127	1.11377	0.20279	0.04228	LEP	tumor-rich
AGGAGCCGCTGAGTAG-1	-0.02257	0.06499	0.35769	0.27852	0.12207	LEP	tumor-rich
AGGAGCCTCGAACGTT-1	-0.00260	0.01861	0.98852	0.38312	0.24264	LEP	tumor-rich
AGGAGCCTTCGCCTTA-1	0.05648	0.02038	0.45173	0.45138	0.06277	LEP	tumor-rich
AGGAGCGAATGCGTTA-1	0.21642	-0.00241	-0.27420	0.53698	0.07435	LEP	stroma-rich
AGGAGCTATGAACACT-1	-0.02217	-0.09497	-0.50978	-0.06936	-0.02013	LEP	stroma-rich
AGGAGCTGCAAGGACT-1	-0.06953	0.12771	-0.18857	0.37967	-0.01483	LEP	stroma-rich
AGGAGTACAGTGCATA-1	-0.20733	-0.15400	-0.61296	0.40470	0.03183	LEP	stroma-rich
AGGATAACCGGTCGGA-1	0.06016	0.15929	-0.35910	-0.15912	-0.11789	LEP	stroma-rich
AGGATACCTCCGAGCG-1	0.02602	0.27540	-0.01055	-0.23600	0.19485	LEP	stroma-rich
AGGATAGAGTTAATCA-1	-0.01265	0.17844	-0.75977	0.48013	-0.05830	LEP	stroma-rich
AGGATAGATAATTGGA-1	0.02028	0.09770	0.68775	0.37449	0.23866	LEP	tumor-rich
AGGATAGGCTCAGTTG-1	-0.11465	0.02583	0.83443	0.03177	0.10032	LEP	tumor-rich
AGGATATCGCGAATAC-1	0.21523	0.06474	-0.12480	0.46947	-0.02375	LEP	stroma-rich
AGGATCAACATTCGTT-1	-0.05027	-0.10643	-0.74889	0.11339	-0.17321	LEP	stroma-rich
AGGATCCGCTCGGTGC-1	0.05783	0.08120	0.57255	0.08486	0.26753	LEP	tumor-rich
AGGATCCGTAAGTAAT-1	0.06673	0.05853	-0.34863	0.24240	0.07071	LEP	stroma-rich
AGGATCCGTGAGGCGG-1	-0.11445	0.06230	-0.32562	0.40366	0.01790	LEP	stroma-rich
AGGATCGAGCACCGCC-1	-0.05391	0.04567	0.53726	0.27691	0.21879	LEP	tumor-rich
AGGATCTTAATGGTGA-1	-0.00261	0.00502	0.34642	0.07554	0.19631	LEP	tumor-rich
AGGATGAGTGCGTGCG-1	0.12947	0.07511	0.97066	0.30070	0.20010	LEP	tumor-rich
AGGATGCTCGACAGTC-1	0.03192	0.01001	1.01088	0.38480	0.18019	LEP	tumor-rich
AGGATTCCTTGCTGCG-1	0.13378	0.05770	1.03382	0.33489	0.21249	LEP	tumor-rich
AGGATTCTACGCCTAG-1	0.39712	-0.10472	1.03220	0.25770	-0.01446	LEP	tumor-rich
AGGCAACAGCGTTCGC-1	0.02452	0.00123	0.46411	-0.03664	0.26825	LEP	tumor-rich
AGGCAACAGTCTGGTT-1	0.05763	0.07527	0.57741	0.26265	0.22195	LEP	tumor-rich
AGGCAACTAGCGTACC-1	-0.02853	0.17487	-0.64221	-0.01853	-0.05202	LEP	stroma-rich
AGGCAATGTCAGCTGG-1	0.11160	0.07190	0.82106	-0.21122	0.16982	LEP	tumor-rich
AGGCATGCATGGAATT-1	-0.03635	0.04530	0.26002	0.25730	0.18652	LEP	tumor-rich
AGGCATTAAGTCTGGC-1	-0.11579	-0.10241	-0.30000	0.08716	-0.01951	LEP	stroma-rich
AGGCATTACTATAGTA-1	-0.01318	0.06590	-0.24623	-0.10729	0.08790	LEP	stroma-rich
AGGCCGCAGAATAACG-1	-0.09936	-0.01947	-0.31498	0.16046	-0.01486	LEP	stroma-rich
AGGCCTGTCTAGTGGC-1	-0.11314	0.08579	-0.30603	-0.34126	0.06967	LEP	stroma-rich
AGGCCTTGTCGTTGAT-1	-0.10556	0.00795	0.57950	0.31062	0.13094	LEP	tumor-rich
AGGCGATTCCACTTCT-1	-0.18962	0.11624	0.27024	0.51433	-0.14010	LEP	tumor-rich
AGGCTGCAGCTCAGGC-1	-0.08320	0.12818	-0.36161	1.07166	-0.02476	LEP	stroma-rich
AGGCTGCGCAGCAACT-1	0.06952	0.07267	0.66420	0.26493	0.28209	LEP	tumor-rich
AGGCTTAACCGATTGT-1	-0.21258	0.01176	-0.36872	-0.58055	0.02246	LEP	stroma-rich
AGGCTTAGCATTAACC-1	-0.14196	0.02296	0.59849	-0.13660	0.20167	LEP	tumor-rich
AGGTACAGCTATGATA-1	0.00350	-0.00477	0.03494	-0.00188	0.08723	LEP	tumor-rich
AGGTACCAGACGCCAG-1	-0.07133	0.02138	0.04792	0.32027	-0.03048	LEP	tumor-rich
AGGTACGGAAGTCAAC-1	0.04716	0.04097	1.04731	0.38664	0.23074	LEP	tumor-rich
AGGTACGTGATATCTG-1	-0.12441	-0.08265	-0.42773	0.11671	0.08928	LEP	stroma-rich
AGGTACTCTGCCACCG-1	-0.00710	-0.03561	0.96817	0.50439	0.05847	LEP	tumor-rich
AGGTCACCTCCGCCTC-1	-0.10590	-0.11533	0.66656	0.37431	0.13306	LEP	tumor-rich
AGGTCGAGGTCTAGGC-1	-0.03689	0.49349	-0.06640	-0.16939	0.07547	LEP	stroma-rich
AGGTCTCACGCCAATA-1	-0.14023	-0.14503	-0.41117	0.11321	-0.05417	LEP	stroma-rich
AGGTCTTCCATCGCCG-1	0.17640	0.01027	0.09447	0.25883	0.09340	LEP	tumor-rich
AGGTGAAGTGACGACT-1	-0.09584	0.09273	-0.34053	-0.11663	-0.15032	LEP	stroma-rich
AGGTGAATCCACAACC-1	0.01235	0.03995	0.96473	0.48137	0.23453	LEP	tumor-rich
AGGTGAGCAATGTCTT-1	-0.03949	0.09950	-0.19902	0.49052	0.03731	LEP	stroma-rich
AGGTGAGGTAGAATAC-1	0.01787	0.07663	0.67147	0.32617	0.11455	LEP	tumor-rich
AGGTGATTGGCGGTAT-1	-0.02603	0.10728	0.17745	0.14988	0.09408	LEP	tumor-rich
AGGTGGACTTGCCACC-1	-0.14505	0.04784	0.44026	0.54422	0.13325	LEP	tumor-rich
AGGTGGCACTTGTCAG-1	-0.13740	0.01214	-0.46986	-0.42198	0.00608	LEP	stroma-rich
AGGTGGCTGTCGCCAA-1	-0.03205	-0.04316	0.76440	0.04955	0.07594	LEP	tumor-rich
AGGTTACATTCCACGC-1	-0.10377	0.11972	0.16833	0.31209	0.13655	LEP	tumor-rich
AGGTTAGTGGCCATAG-1	-0.00325	-0.03005	-0.38729	-0.09092	-0.05338	LEP	stroma-rich
AGGTTCCACGCCGAAG-1	-0.14398	0.13893	-0.23434	2.00369	-0.01541	LEP	stroma-rich
AGGTTGAGTAGGAGAT-1	-0.19133	-0.02740	-0.55415	-0.05773	0.00610	LEP	stroma-rich
AGTAACCGCAGGTCAA-1	0.24502	0.12119	1.07697	0.42938	-0.17672	LEP	tumor-rich
AGTAAGCTCGGCCAAT-1	-0.00999	0.05431	0.47496	0.33027	0.13531	LEP	tumor-rich
AGTACATATGTAGGAA-1	-0.02597	-0.07251	-0.50071	0.01611	0.23564	LEP	stroma-rich
AGTACCGAACCGCAAT-1	0.09754	-0.00907	0.61558	0.02131	0.25250	LEP	tumor-rich
AGTACCGTTGTACGCC-1	0.03945	0.16974	0.35698	-0.28906	0.16491	LEP	tumor-rich
AGTAGACAGATAACGG-1	0.22886	0.14828	-0.29158	0.40759	-0.00475	LEP	stroma-rich
AGTAGACAGTAAGGAG-1	0.08689	0.05808	0.34370	0.03290	0.18204	LEP	tumor-rich
AGTAGAGCATGGACGT-1	-0.06554	-0.17407	-0.48140	0.29999	0.10815	LEP	stroma-rich
AGTAGAGTGCCGAATG-1	-0.02240	-0.02685	0.12543	0.36263	0.20921	LEP	tumor-rich
AGTATTACGGTATTCG-1	0.12522	0.12684	0.59122	-0.00301	0.18209	LEP	tumor-rich
AGTATTAGCTGATCGA-1	-0.00486	0.12624	-0.16110	0.06586	0.24239	LEP	stroma-rich
AGTATTCAGCTGAATG-1	-0.02560	0.00912	0.10529	0.22424	-0.01525	LEP	tumor-rich
AGTATTCGTCGGTATC-1	-0.12453	0.10115	0.85611	0.22944	0.10858	LEP	tumor-rich
AGTATTGATTGAGTCA-1	-0.05124	0.14628	0.97404	0.21128	0.09029	LEP	tumor-rich
AGTATTGGTATGTCTA-1	-0.08659	0.01713	0.65667	0.15906	0.14433	LEP	tumor-rich
AGTCACCATACCTCCA-1	0.12425	0.10715	0.44524	0.38949	0.25190	LEP	tumor-rich
AGTCACTTATTCAAGG-1	0.09550	-0.12199	0.15224	0.48156	0.06184	LEP	tumor-rich
AGTCCGTGATCACTAC-1	0.00271	0.09562	-0.18663	0.40135	0.08400	LEP	stroma-rich
AGTCGCAGGAACGAGT-1	-0.12717	-0.05979	-0.11231	-0.07520	0.07578	LEP	stroma-rich
AGTCGCCACTCGGCGA-1	-0.11625	0.05548	0.46320	-0.14774	0.10710	LEP	tumor-rich
AGTCGGACCGTGCTTA-1	0.06753	0.14611	-0.22463	0.04656	0.25093	LEP	stroma-rich
AGTCGGTCTAATCTGT-1	-0.09644	0.11776	0.22444	-0.00634	0.12832	LEP	tumor-rich
AGTCGGTTATACATAG-1	0.07190	0.01165	-0.56623	-0.13338	-0.09504	LEP	stroma-rich
AGTCGGTTGGTTGGCG-1	-0.02029	0.07757	0.25190	0.09905	0.02818	LEP	tumor-rich
AGTCGTTGCCGCCAAC-1	0.00541	-0.01818	-0.48105	0.68565	-0.04481	LEP	stroma-rich
AGTCGTTGCCTTACCT-1	-0.19620	-0.17069	0.61141	0.10490	0.02981	LEP	tumor-rich
AGTCTAGGATTGTCAC-1	-0.05166	0.04840	0.18805	0.00196	0.04891	LEP	tumor-rich
AGTCTGTTACAATAGT-1	0.11301	0.01941	0.58526	-0.04133	0.13333	LEP	tumor-rich
AGTGAGCGCCTGTCCT-1	-0.02613	0.00037	0.53686	0.28600	0.11152	LEP	tumor-rich
AGTGAGGTCTGTGCTC-1	-0.03624	0.03843	0.63759	0.02276	0.09564	LEP	tumor-rich
AGTGAGTATTCTAAGT-1	-0.02199	0.05009	-0.58741	-0.16505	-0.03761	LEP	stroma-rich
AGTGCAATAACTAACA-1	-0.06759	0.06876	-0.09691	0.28058	0.09049	LEP	stroma-rich
AGTGCAGCTTCATCGG-1	0.03636	0.00108	-0.54281	0.51130	-0.07303	LEP	stroma-rich
AGTGCCAGATGCTCTG-1	0.01107	0.03640	0.21564	0.11838	0.26966	LEP	tumor-rich
AGTGCGCAACATGCGT-1	-0.13383	-0.11094	-0.56143	-0.00527	0.29278	LEP	stroma-rich
AGTGCTAACTCCTGGA-1	-0.11924	0.03299	-0.31182	0.22786	-0.04881	LEP	stroma-rich
AGTGCTTCGCGGACGC-1	0.05444	0.01150	-0.00267	0.29805	0.02564	LEP	stroma-rich
AGTGGTATGTCCAAGT-1	0.26029	-0.08920	0.32545	0.17454	0.24057	LEP	tumor-rich
AGTGTAAGCCGAACAA-1	-0.10487	-0.08318	-0.42471	0.17572	0.05896	LEP	stroma-rich
AGTGTAAGCCTGCAAG-1	-0.01275	-0.06681	-0.32753	-0.02561	0.09151	LEP	stroma-rich
AGTGTAAGTCCATACA-1	-0.02896	0.03593	0.29377	-0.01414	0.15157	LEP	tumor-rich
AGTGTACCTCTGTATG-1	-0.19579	-0.15236	0.27716	0.76428	0.08459	LEP	tumor-rich
AGTGTAGCTCTTATCT-1	-0.01472	-0.03319	-0.13250	-0.06625	-0.09004	LEP	stroma-rich
AGTGTATGCGCTGCCT-1	-0.13564	-0.08279	0.71007	-0.35033	-0.06154	LEP	tumor-rich
AGTGTCATGGTTGTGG-1	0.07026	0.04976	0.18040	-0.11681	0.14562	LEP	tumor-rich
AGTGTCGTGGCATGTT-1	-0.18726	0.00338	0.49725	0.25372	0.07550	LEP	tumor-rich
AGTGTCTAGGCTAATA-1	-0.09095	-0.01142	-0.63189	-0.07964	-0.00340	LEP	stroma-rich
AGTGTCTGAACTGTGG-1	-0.06485	0.13445	0.52619	0.44521	0.21701	LEP	tumor-rich
AGTGTCTTAAGCTTGT-1	0.16722	0.04211	0.05610	-0.00855	0.15908	LEP	tumor-rich
AGTGTTCGAGGATGAA-1	-0.01651	-0.06878	-0.01591	0.25215	-0.04626	LEP	stroma-rich
AGTTAACGAGCCACTC-1	0.16889	0.10896	0.33594	0.33610	0.18969	LEP	tumor-rich
AGTTAAGACTGGCTCC-1	0.08093	-0.03858	0.29795	-0.03207	0.15945	LEP	tumor-rich
AGTTAAGGTAGATACT-1	-0.10441	-0.06646	-0.16582	-0.24491	-0.12351	LEP	stroma-rich
AGTTACCTCACCAGCA-1	-0.02629	-0.08128	-0.30095	0.29094	0.03243	LEP	stroma-rich
AGTTAGAAGGACGAAT-1	0.11357	-0.00812	0.18679	0.40163	0.14030	LEP	tumor-rich
AGTTATCCTGAACGAA-1	0.02147	-0.05222	-0.48552	-0.53215	-0.03340	LEP	stroma-rich
AGTTCAGTTCATACAT-1	-0.12170	0.01128	-0.62820	-0.18478	0.04142	LEP	stroma-rich
AGTTCGGCACATACGG-1	-0.08340	0.04628	-0.75235	-0.09771	-0.15946	LEP	stroma-rich
AGTTCGTCTAGTGCAG-1	-0.06968	0.10863	-0.37364	0.47935	-0.00568	LEP	stroma-rich
AGTTCGTGCAGACCTT-1	-0.06897	0.09909	-0.48575	0.31248	-0.04211	LEP	stroma-rich
AGTTCGTGCATGTCGA-1	-0.23938	0.10018	-0.34190	0.11933	-0.09092	LEP	stroma-rich
AGTTGGAAGAGTATTG-1	0.07109	-0.03610	0.50982	0.12886	0.17461	LEP	tumor-rich
AGTTGGACGTTGGTAT-1	0.00436	0.04655	0.13490	-0.07024	0.11912	LEP	tumor-rich
AGTTGGCAACGTTGTC-1	0.09607	0.06144	0.52040	-0.07074	0.18042	LEP	tumor-rich
AGTTGGCACCAGTTAC-1	-0.12972	-0.08145	1.43115	0.43316	0.10261	LEP	tumor-rich
AGTTGTACTTAATGGA-1	0.13482	-0.00334	-0.12714	-0.20879	0.13944	LEP	stroma-rich
AGTTGTCCACAGACCA-1	0.03021	0.13420	0.46633	0.14068	0.15737	LEP	tumor-rich
AGTTGTGAACCTGATG-1	0.15424	-0.12079	-0.55655	-0.20211	0.00909	LEP	stroma-rich
ATAACCTAGAACCTGC-1	-0.01880	-0.09137	0.78982	-0.17078	0.24812	LEP	tumor-rich
ATAACGAAGAGCACGC-1	-0.05097	0.07634	0.00590	0.16870	0.17640	LEP	tumor-rich
ATAACGCCTGTAGGCA-1	0.10128	0.06927	0.36870	0.28970	0.17485	LEP	tumor-rich
ATAACGGCAAGACTCC-1	-0.15639	0.09004	-0.35226	-0.40072	-0.14172	LEP	stroma-rich
ATAACGGCGTTACACT-1	-0.10131	0.13637	-0.21300	-0.24357	-0.02194	LEP	stroma-rich
ATAACTGAACTCCTGG-1	-0.08312	-0.04208	-0.15750	-0.20343	-0.05205	LEP	stroma-rich
ATAAGAATCATGCATC-1	-0.13492	0.21760	-0.47337	0.31156	0.05143	LEP	stroma-rich
ATAAGACCAATCGCGG-1	-0.11590	-0.07405	-0.16378	-0.07102	0.12819	LEP	stroma-rich
ATAAGGAATAGAACAT-1	-0.00513	0.03795	-0.67012	-0.11862	-0.16360	LEP	stroma-rich
ATAAGGAGCCGTGATG-1	-0.12756	0.07286	-0.68811	0.30707	0.07747	LEP	stroma-rich
ATAAGGCGGACAAGTT-1	-0.21694	-0.03360	0.10577	0.23365	-0.04102	LEP	tumor-rich
ATAAGGTTAGCTCACG-1	0.43285	-0.06584	-0.18774	-0.35746	0.01271	LEP	stroma-rich
ATAAGTACCACGAGTT-1	-0.10566	-0.07049	0.81846	0.23669	0.02613	LEP	tumor-rich
ATAATCCGTTCCGTTC-1	-0.17956	0.05023	-0.29074	0.32623	-0.02448	LEP	stroma-rich
ATAATCGTAGTTATTC-1	0.01921	-0.00131	0.86844	0.36687	0.15149	LEP	tumor-rich
ATAATTAGTTCTACGG-1	0.03494	-0.00760	0.88568	0.34802	0.22473	LEP	tumor-rich
ATAATTATCGACCACG-1	0.00592	-0.10154	-0.27317	0.17707	0.02337	LEP	stroma-rich
ATAATTCTCCGGTCGG-1	-0.05889	0.08770	-0.35312	0.18535	0.00449	LEP	stroma-rich
ATACAAGGTCAGTAGA-1	-0.00130	0.12596	0.89767	0.20243	0.14346	LEP	tumor-rich
ATACAATTGCGGTATT-1	-0.10818	-0.14874	-0.50177	0.34260	-0.15568	LEP	stroma-rich
ATACAGATAGATTGAC-1	-0.02055	0.01655	0.91348	0.40033	0.21160	LEP	tumor-rich
ATACATCAAGGATTGC-1	-0.06326	0.00896	0.36273	-0.09621	0.25085	LEP	tumor-rich
ATACATCACGCCTTCT-1	0.00857	0.08605	0.56016	0.47732	0.21277	LEP	tumor-rich
ATACATCACTGTCCGG-1	-0.01055	-0.05937	-0.39673	0.21839	-0.02443	LEP	stroma-rich
ATACATCATGCACCAA-1	-0.04955	0.03318	0.68854	0.34944	0.08858	LEP	tumor-rich
ATACATGCATGATCTG-1	0.21346	0.09585	-0.08962	0.30317	0.08922	LEP	stroma-rich
ATACATGCTGGTGCAG-1	-0.03554	0.10929	0.13462	0.09669	0.10287	LEP	tumor-rich
ATACCATAGCCAATCG-1	0.08389	0.16213	-0.08272	0.22296	0.11568	LEP	stroma-rich
ATACCGTTCCAGTCCA-1	0.04644	0.06022	-0.39628	0.18410	0.19104	LEP	stroma-rich
ATACGACATCTAGACC-1	0.10426	-0.00521	-0.54407	0.38352	0.09644	LEP	stroma-rich
ATACGCGGTGAAGCCG-1	0.12040	0.04982	0.77364	0.15635	0.30737	LEP	tumor-rich
ATACGCTGAGATCAGA-1	0.19413	0.02333	0.15998	-0.08036	0.17748	LEP	tumor-rich
ATACGGCACGTTACGA-1	-0.09696	0.01907	-0.59044	-0.00301	0.07859	LEP	stroma-rich
ATACGGCGACTGGTCT-1	0.03107	-0.09313	-0.22999	0.25037	0.00248	LEP	stroma-rich
ATACGGTCCTTGTCTT-1	0.01564	0.12059	0.59822	0.27066	0.18521	LEP	tumor-rich
ATACTAGCCACTTCGC-1	0.21181	0.09108	-0.14512	0.27458	0.02244	LEP	stroma-rich
ATACTAGCCATTAGTT-1	0.15469	0.04267	0.13718	-0.16886	-0.05462	LEP	tumor-rich
ATACTAGTAACTGAGT-1	0.31437	-0.15204	0.12663	-0.47701	-0.06250	LEP	tumor-rich
ATACTATCAACTTGTA-1	0.20848	-0.07705	-0.16196	1.04088	0.04144	LEP	stroma-rich
ATACTATCCGAACATA-1	-0.08526	0.00950	0.70896	0.25993	0.17428	LEP	tumor-rich
ATACTATGAATGTCTT-1	0.04791	0.05264	0.99297	0.63183	0.21187	LEP	tumor-rich
ATACTATGACTTCTTA-1	-0.03069	0.06352	-0.19488	0.48200	0.07770	LEP	stroma-rich
ATACTATGCCAGTGAG-1	-0.22796	0.21248	-0.46343	-0.47409	0.12051	LEP	stroma-rich
ATACTATGGTTACATT-1	0.11636	0.02761	0.03927	0.14669	0.12395	LEP	tumor-rich
ATACTCGTCCAACTGC-1	0.08614	0.06402	0.28345	0.13250	0.11960	LEP	tumor-rich
ATACTGACTTCGGCAC-1	0.14723	0.03701	1.03476	0.55510	0.19135	LEP	tumor-rich
ATACTGGACCACAGCC-1	0.03964	0.27415	0.30278	0.22603	0.25746	LEP	tumor-rich
ATACTGGAGGATAACG-1	-0.11363	-0.06964	-0.22726	-0.26230	0.03685	LEP	stroma-rich
ATACTGTCCACTACCG-1	-0.16212	0.15759	-0.56422	0.06172	-0.02930	LEP	stroma-rich
ATAGAACCTCTACCGA-1	-0.23078	0.01806	-0.63507	0.26307	-0.17920	LEP	stroma-rich
ATAGAACGTTCGATCT-1	0.30783	-0.05298	-0.03883	-0.16211	0.16866	LEP	stroma-rich
ATAGAAGGAGCAGTAG-1	0.18476	-0.04784	-0.61188	-0.04293	-0.03830	LEP	stroma-rich
ATAGAATTCTACTTGA-1	-0.05311	-0.06585	-0.35848	-0.15803	0.04039	LEP	stroma-rich
ATAGAATTCTAGGCCG-1	-0.08092	0.04432	0.47175	-0.26264	0.12605	LEP	tumor-rich
ATAGACATGGCTATGG-1	0.11244	0.00622	-0.38541	0.12496	0.10292	LEP	stroma-rich
ATAGATCGGCATCCGA-1	-0.08496	0.14084	-0.68015	0.11936	0.01625	LEP	stroma-rich
ATAGATGCCTAAGCAC-1	-0.03004	0.03687	0.49522	-0.01265	0.24869	LEP	tumor-rich
ATAGATTGAGTTCGAG-1	0.10049	0.00263	0.73089	0.17631	0.31535	LEP	tumor-rich
ATAGCACCTGCTGTCT-1	-0.11561	0.05309	-0.39717	0.35997	-0.13134	LEP	stroma-rich
ATAGCCGGCGACCGTC-1	0.00866	0.06985	-0.28960	0.56647	0.01568	LEP	stroma-rich
ATAGCGGCGAGTAATT-1	-0.00320	0.16108	-0.47243	0.01377	0.01160	LEP	stroma-rich
ATAGCTATTCGCACTC-1	-0.09293	-0.10637	-0.14353	0.01482	0.08724	LEP	stroma-rich
ATAGCTGCGGATAAGA-1	-0.15969	0.09875	-0.46673	0.10191	0.03514	LEP	stroma-rich
ATAGCTGTGAATCGGC-1	0.50913	0.05805	0.72140	0.06379	0.13896	LEP	tumor-rich
ATAGCTTCACAACCGT-1	-0.08368	0.14329	-0.33539	-0.31397	0.10023	LEP	stroma-rich
ATAGCTTCGTGGAACG-1	0.12380	0.11647	0.58552	0.22447	0.16976	LEP	tumor-rich
ATAGGCCGATAGAAGT-1	-0.25440	0.10623	-0.71929	0.12495	0.07220	LEP	stroma-rich
ATAGGCCGATGATCTA-1	-0.04511	-0.06586	-0.17862	0.16191	-0.05399	LEP	stroma-rich
ATAGGCCGGTAATTCT-1	0.13453	0.12283	0.81940	0.07546	0.29425	LEP	tumor-rich
ATAGTACTATGGTTCT-1	0.04422	0.06423	-0.50145	-0.14492	-0.12418	LEP	stroma-rich
ATAGTCCGCCGTTGGC-1	-0.03295	0.07599	0.01240	-0.18667	0.16807	LEP	tumor-rich
ATAGTCGAAGGAAGCT-1	0.17627	-0.16662	-0.57697	-0.02191	0.01283	LEP	stroma-rich
ATAGTCGAGTTGTCTG-1	0.02478	0.05242	0.56497	0.24512	0.25351	LEP	tumor-rich
ATAGTCGCTAAGGTAT-1	0.07087	-0.02580	-0.22526	0.38144	0.06790	LEP	stroma-rich
ATAGTGACGAATAGAT-1	-0.10787	-0.09728	-0.21574	0.46205	-0.04569	LEP	stroma-rich
ATAGTGAGTGAGGATT-1	0.01779	0.06730	-0.40388	0.03352	-0.27213	LEP	stroma-rich
ATAGTGTCAGATGTAG-1	0.16862	0.06226	-0.02061	0.24723	0.11017	LEP	stroma-rich
ATAGTTAAGCCTGCCG-1	-0.00462	0.08017	0.91122	0.48732	0.17593	LEP	tumor-rich
ATAGTTAAGGCACGAG-1	-0.02857	0.04661	0.33284	-0.10199	0.12192	LEP	tumor-rich
ATAGTTAGTCCTTAAT-1	0.05411	0.08093	0.34512	0.15259	0.32003	LEP	tumor-rich
ATAGTTCATCGGATCT-1	0.02515	0.01789	0.07144	-0.00895	-0.01112	LEP	tumor-rich
ATAGTTCCTAGGCCGG-1	0.03973	-0.01751	-0.58180	0.12415	-0.04987	LEP	stroma-rich
ATAGTTCGCAGCCGTG-1	-0.05534	0.03265	0.47451	0.14325	0.13127	LEP	tumor-rich
ATAGTTCGGTTCCAGA-1	-0.04370	0.02642	0.44133	-0.05419	0.13032	LEP	tumor-rich
ATCAACATAAGCGTAG-1	-0.10318	-0.08570	-0.29760	0.16662	-0.01351	LEP	stroma-rich
ATCAAGGAGCTTACAT-1	-0.12082	-0.06733	-0.25098	0.20147	0.01885	LEP	stroma-rich
ATCAAGTGGTGATGGC-1	-0.04941	-0.02917	-0.05558	0.52474	0.12048	LEP	stroma-rich
ATCAATCTGCAGGACC-1	-0.13211	-0.08910	-0.35361	-0.02287	0.08931	LEP	stroma-rich
ATCAATGGTTGTACCT-1	-0.07109	-0.15651	-0.61642	0.23445	0.01301	LEP	stroma-rich
ATCAATGTCAACTCGG-1	-0.02112	0.14174	0.22602	0.32536	0.12760	LEP	tumor-rich
ATCACCAGTTCGGCGA-1	-0.06090	0.05743	-0.73763	0.15561	-0.02944	LEP	stroma-rich
ATCACGTTCAATGATA-1	-0.06883	0.09089	1.22747	0.04523	0.17908	LEP	tumor-rich
ATCACTTAGGCCTTGT-1	0.06866	0.03511	0.73968	0.27446	0.22910	LEP	tumor-rich
ATCAGATACCAGCTGT-1	-0.15772	-0.08210	0.59011	0.06597	0.01862	LEP	tumor-rich
ATCAGTAAGCTCGCCG-1	0.07103	-0.01683	-0.48457	0.31054	-0.05183	LEP	stroma-rich
ATCATTCACCAGATTG-1	-0.09507	-0.07973	-0.37687	-0.42928	-0.06719	LEP	stroma-rich
ATCATTCCAACTTCGC-1	0.08195	0.03558	0.14532	-0.19164	0.15706	LEP	tumor-rich
ATCATTCCACTTAGCA-1	0.17075	-0.05348	-0.15496	0.34335	-0.03271	LEP	stroma-rich
ATCATTCGGACAACAG-1	-0.02938	0.07445	0.02942	0.35016	0.15938	LEP	tumor-rich
ATCATTGTCCATGCCA-1	0.03239	-0.00069	0.05149	-0.23544	0.15509	LEP	tumor-rich
ATCCAACGCATGGTAC-1	-0.07122	0.42404	-0.29858	-0.14597	-0.12625	LEP	stroma-rich
ATCCAACGCCACATCG-1	-0.00348	0.09634	0.41289	-0.03411	0.27340	LEP	tumor-rich
ATCCACATCACTGCCG-1	0.13920	0.06191	0.41255	0.70309	0.13985	LEP	tumor-rich
ATCCACATGTTGGACC-1	-0.08949	-0.05203	-0.74823	-0.03117	-0.03993	LEP	stroma-rich
ATCCACGAACGTTCGG-1	-0.04954	-0.04878	-0.17545	-0.23622	0.08530	LEP	stroma-rich
ATCCACGACACGAATG-1	0.08767	0.04093	0.85880	0.37070	0.31182	LEP	tumor-rich
ATCCACTCGTACTCGG-1	-0.08928	0.16292	0.22080	-0.06149	0.20389	LEP	tumor-rich
ATCCGAACAGGCTCGA-1	-0.17944	-0.16043	-0.37717	0.12802	-0.04774	LEP	stroma-rich
ATCCGAACGCAACCTT-1	0.13103	0.05805	0.69316	0.13244	0.11737	LEP	tumor-rich
ATCCGAGTACAGGAAT-1	-0.05594	0.01726	-0.20225	-0.01893	-0.03299	LEP	stroma-rich
ATCCGAGTACCACGTG-1	0.09472	0.04636	0.31978	-0.05211	-0.02763	LEP	tumor-rich
ATCCGAGTCACTTGTA-1	-0.14206	0.20838	-0.23571	0.73475	0.30287	LEP	stroma-rich
ATCCGATGACCTCGGA-1	0.24298	0.02663	-0.46656	0.38184	-0.03242	LEP	stroma-rich
ATCCGATGTCTGTCAC-1	0.01676	0.05473	0.60075	-0.22810	-0.01735	LEP	tumor-rich
ATCCGATTATCTACGT-1	-0.04372	0.11342	0.02453	0.28379	0.14552	LEP	tumor-rich
ATCCGGATCGCCGTAT-1	-0.06043	0.05028	0.17899	0.23385	0.16840	LEP	tumor-rich
ATCCGGATGACGTAAC-1	-0.01850	0.00916	-0.30471	0.10383	0.11017	LEP	stroma-rich
ATCCGGATTACCGGTC-1	0.01093	-0.09315	0.52769	-0.21700	0.02811	LEP	tumor-rich
ATCCGGCGTAGTCTGA-1	0.09777	0.10558	1.14967	0.42303	0.15540	LEP	tumor-rich
ATCCGGTACCGTCCTT-1	-0.14318	0.03565	-0.59355	0.04812	-0.05951	LEP	stroma-rich
ATCCGGTATCACAAGT-1	0.06122	-0.02698	-0.00561	0.12154	0.13192	LEP	stroma-rich
ATCCGTAGCTTCAGTA-1	0.06385	0.10338	-0.13288	0.12032	0.18608	LEP	stroma-rich
ATCCGTAGTGTCGCTC-1	0.11472	0.09448	-0.49065	0.13109	-0.01141	LEP	stroma-rich
ATCCGTGGAACTTCAA-1	-0.04646	0.05513	-0.21799	0.22047	0.04714	LEP	stroma-rich
ATCCGTTATCGAAGGC-1	0.08358	0.04739	0.71528	0.54744	0.14054	LEP	tumor-rich
ATCCTCCAGCCATTGT-1	0.03750	0.00101	0.75357	0.17680	0.22326	LEP	tumor-rich
ATCCTCGTTCCAGGCC-1	0.24702	0.22510	-0.56507	-0.58365	0.45601	LEP	stroma-rich
ATCGAACATGCTAAGC-1	0.10113	-0.04118	0.07285	0.45787	0.00528	LEP	tumor-rich
ATCGAACTCGTCCGGC-1	-0.03892	-0.04258	-0.22369	-0.01675	0.23609	LEP	stroma-rich
ATCGAATCTAGCAGAC-1	-0.04423	0.09133	-0.36589	0.02298	-0.00039	LEP	stroma-rich
ATCGACAGCGGCAACA-1	-0.01562	-0.02057	-0.56443	0.43430	0.02914	LEP	stroma-rich
ATCGACCGGAGTATCG-1	0.02840	0.06137	0.97803	0.03496	0.22374	LEP	tumor-rich
ATCGACTAAGTACTGC-1	0.08711	-0.02328	0.28360	-0.00194	0.26343	LEP	tumor-rich
ATCGATGTCAGATAGA-1	-0.08174	0.05202	-0.31907	0.16833	-0.05147	LEP	stroma-rich
ATCGCAATGCACTAAC-1	0.02636	0.09249	-0.36067	0.05465	0.13052	LEP	stroma-rich
ATCGCAGTAACTTATT-1	0.16098	0.02456	0.17509	-0.17123	0.17883	LEP	tumor-rich
ATCGCAGTAATATCAG-1	0.07659	-0.04377	-0.63568	0.25217	-0.03444	LEP	stroma-rich
ATCGCAGTCTATGGCA-1	-0.24864	0.09915	-0.90965	0.01202	-0.12121	LEP	stroma-rich
ATCGCATCACGCATCT-1	0.03720	0.05295	0.67941	0.31287	0.24699	LEP	tumor-rich
ATCGGCTCTATGCCTC-1	0.15635	0.03161	0.48278	-0.25641	0.11272	LEP	tumor-rich
ATCGTAACTACCTCTT-1	0.34978	0.14764	0.90409	0.07308	0.35121	LEP	tumor-rich
ATCGTAATCCACATGC-1	-0.06201	0.01208	0.41493	-0.28295	0.18843	LEP	tumor-rich
ATCGTACAACTGGCTA-1	-0.16686	-0.03890	0.59960	0.20279	-0.00096	LEP	tumor-rich
ATCGTACACCTATGCC-1	-0.08909	-0.00444	-0.37966	-0.17661	0.09339	LEP	stroma-rich
ATCGTACCGCGTACGC-1	-0.08918	0.12076	0.03484	0.30023	-0.08404	LEP	tumor-rich
ATCGTAGCATGTAGAT-1	-0.07213	-0.15941	-0.40573	-0.07156	-0.11671	LEP	stroma-rich
ATCGTATTACTCGGAG-1	0.03614	0.06453	0.21714	0.22155	0.30185	LEP	tumor-rich
ATCGTATTGGAATCCT-1	-0.04252	0.04427	-0.63602	0.19075	-0.01208	LEP	stroma-rich
ATCGTCACCATGTCAC-1	-0.17113	-0.06828	-0.67960	-0.13326	-0.07807	LEP	stroma-rich
ATCGTCAGTTAGTCCA-1	0.19154	-0.03140	0.36844	-0.02839	0.32840	LEP	tumor-rich
ATCGTCCTAGTACGAA-1	-0.04641	-0.04186	-0.17902	-0.18570	0.01233	LEP	stroma-rich
ATCGTCTATGATGCCG-1	-0.09604	-0.05196	-0.17287	-0.22471	-0.08244	LEP	stroma-rich
ATCGTCTTAACGAAGG-1	-0.14983	-0.00931	-0.63819	-0.45673	-0.01986	LEP	stroma-rich
ATCTACAGGAGTGCAC-1	-0.00179	0.06525	-0.23712	0.39940	-0.00508	LEP	stroma-rich
ATCTACCATATTCCAG-1	0.06124	-0.02379	-0.34275	-0.13793	0.09124	LEP	stroma-rich
ATCTACGACAGCTCTT-1	0.36740	0.12165	-0.54047	0.38771	0.05019	LEP	stroma-rich
ATCTACTCACATCTCC-1	0.17177	-0.03557	0.15253	-0.06936	0.25030	LEP	tumor-rich
ATCTCCTTGCGATACA-1	-0.09303	0.01195	-0.48224	0.15680	-0.02652	LEP	stroma-rich
ATCTGAAGTATGCACG-1	0.01472	0.08177	0.50491	0.49665	0.14381	LEP	tumor-rich
ATCTGACCGGAGTCCT-1	-0.05619	0.00339	-0.72362	0.34750	-0.11840	LEP	stroma-rich
ATCTGAGGAACGGTTG-1	-0.15356	0.05308	0.48309	0.33189	0.20598	LEP	tumor-rich
ATCTGATACTTCATTA-1	-0.08933	0.05178	-0.29815	0.56163	-0.05821	LEP	stroma-rich
ATCTGCCGTCTACAGC-1	0.09130	-0.06732	-0.02693	-0.20344	0.18211	LEP	stroma-rich
ATCTGGATCCTCAGAC-1	-0.08587	-0.17853	0.02417	0.29454	-0.13146	LEP	tumor-rich
ATCTGTACGCGTCTCC-1	-0.02654	0.00341	-0.25075	-0.24015	0.13288	LEP	stroma-rich
ATCTTAAGCTCCTTGA-1	-0.02236	0.10187	-0.26521	0.64570	-0.02779	LEP	stroma-rich
ATCTTAGACGCCTACT-1	-0.08549	0.07332	0.11413	0.00606	-0.05666	LEP	tumor-rich
ATCTTAGACTTGATCT-1	-0.08155	0.01371	0.17571	0.26579	0.10204	LEP	tumor-rich
ATCTTAGATAGGTTCA-1	0.02295	-0.03056	0.31921	0.33288	0.21819	LEP	tumor-rich
ATCTTAGTGGCATGGA-1	-0.21051	-0.08903	-0.58043	-0.06875	-0.06364	LEP	stroma-rich
ATCTTATCAGCAATAC-1	0.14438	0.08545	0.00328	-0.05541	-0.02120	LEP	tumor-rich
ATCTTCGGACATACTA-1	-0.08596	0.02250	0.42029	0.10470	0.06306	LEP	tumor-rich
ATCTTGGCTTCGTCCT-1	0.39169	0.05023	-0.55519	0.43747	0.01804	LEP	stroma-rich
ATGAACAATCGATGCG-1	-0.10132	0.03078	0.08344	0.72871	0.13454	LEP	tumor-rich
ATGAAGCTGAATCCAG-1	0.03451	0.02986	0.41375	0.21791	0.08097	LEP	tumor-rich
ATGAATGTATCGTGGT-1	-0.08825	-0.05994	-0.52974	0.22949	-0.08291	LEP	stroma-rich
ATGACACTAATCGCAC-1	0.11863	0.09551	0.60307	0.12320	0.28103	LEP	tumor-rich
ATGACCAGACGGCCGG-1	0.31323	-0.10520	-0.36578	0.11420	0.02410	LEP	stroma-rich
ATGACCTCACGCACTG-1	-0.01379	0.03773	0.01025	0.44460	0.26188	LEP	tumor-rich
ATGACCTCACTTAACC-1	0.07838	0.05185	0.14308	-0.10783	0.25807	LEP	tumor-rich
ATGACGAGATCATTAA-1	0.03104	0.01150	0.93281	0.25353	0.20735	LEP	tumor-rich
ATGAGCATGGCATTCT-1	-0.02537	0.06470	0.36899	0.50738	0.13847	LEP	tumor-rich
ATGAGCTACATGGAAG-1	-0.17717	0.06185	-0.70620	-0.20913	-0.09511	LEP	stroma-rich
ATGAGCTACTGGACAT-1	0.03206	0.15344	0.47431	0.14452	0.23632	LEP	tumor-rich
ATGAGCTATTCGAAGA-1	-0.08736	0.18675	-0.16282	-0.36934	0.19395	LEP	stroma-rich
ATGAGGAACGACCAGC-1	0.08911	0.07148	0.93386	0.33573	0.23057	LEP	tumor-rich
ATGAGTACGCTTCCTA-1	0.00842	-0.04635	-0.28818	-0.14359	0.07649	LEP	stroma-rich
ATGAGTAGCGTGTTAG-1	0.19312	-0.07464	-0.14898	-0.29665	-0.05126	LEP	stroma-rich
ATGAGTATCAGATCTG-1	0.06174	0.31771	-0.38302	0.44265	0.00199	LEP	stroma-rich
ATGAGTCCTGAAGTGG-1	-0.05861	-0.08457	-0.46296	-0.24129	-0.05379	LEP	stroma-rich
ATGAGTCTAGATACTC-1	-0.15557	-0.11211	0.19864	0.54178	0.11861	LEP	tumor-rich
ATGAGTCTTAGGAAGG-1	0.12449	0.02714	-0.03349	0.33793	0.10374	LEP	stroma-rich
ATGAGTTACAGATAGA-1	-0.10169	-0.04651	-0.27363	0.42461	-0.03256	LEP	stroma-rich
ATGATAATGCACGCAC-1	0.08209	0.07740	-0.59304	0.56920	-0.03895	LEP	stroma-rich
ATGATAATTCCTTGCG-1	0.33243	-0.07783	-0.49517	-0.37031	-0.03186	LEP	stroma-rich
ATGATATCTAGTCTTA-1	-0.02605	-0.04536	0.09159	0.01711	0.14029	LEP	tumor-rich
ATGATTGATTCCGAAT-1	0.05882	0.05303	0.64195	0.53830	0.24733	LEP	tumor-rich
ATGCATCCTGACTCAC-1	0.02103	-0.00449	-0.19442	-0.06718	0.23880	LEP	stroma-rich
ATGCATGCCTGCGATG-1	0.06487	0.18093	0.22655	0.29102	0.01174	LEP	tumor-rich
ATGCATGGTTCCGCCT-1	-0.05559	0.07045	0.33770	0.39680	0.09321	LEP	tumor-rich
ATGCATGGTTGCTGTA-1	0.29100	0.02658	-0.38090	0.39629	0.04238	LEP	stroma-rich
ATGCATGTATGTGAGT-1	-0.17011	0.08741	0.08169	0.31763	0.04680	LEP	tumor-rich
ATGCATGTCACTCGTG-1	0.07629	0.14374	0.53174	-0.57937	0.05666	LEP	tumor-rich
ATGCATGTCGATGTGG-1	0.15463	0.12264	-0.34729	0.17125	0.19602	LEP	stroma-rich
ATGCATTAGATATCCA-1	0.05031	-0.00215	0.55083	-0.02141	0.26242	LEP	tumor-rich
ATGCCAGCTGCCATCT-1	0.02474	0.01731	1.78494	-0.03227	0.00555	LEP	tumor-rich
ATGCCGTCGATAAGAC-1	-0.18140	-0.09921	-0.18850	0.65791	-0.01601	LEP	stroma-rich
ATGCCGTTGTGAAGCG-1	0.14210	0.03765	-0.56219	0.97955	-0.10155	LEP	stroma-rich
ATGCCTTCGTAAGTTA-1	0.10122	-0.11032	-0.48894	0.13885	0.05384	LEP	stroma-rich
ATGCTACTGAATAGTA-1	0.17030	0.12540	0.40114	0.38879	0.08024	LEP	tumor-rich
ATGCTCATGCCTGCCT-1	0.07003	0.05649	0.42683	0.36127	0.17851	LEP	tumor-rich
ATGCTCCAACCTGGCC-1	-0.13121	-0.09124	-0.28972	0.13637	0.08528	LEP	stroma-rich
ATGCTCCGTTCTACTG-1	0.14407	0.02707	0.97952	0.13546	0.33569	LEP	tumor-rich
ATGCTCGCCTCCAATT-1	-0.07762	0.14881	-0.81085	0.32322	-0.09599	LEP	stroma-rich
ATGCTGAATGCAATAG-1	-0.10649	-0.00539	0.04752	0.19606	0.02574	LEP	tumor-rich
ATGCTGACAGTTACAT-1	-0.07165	0.02519	-0.83092	0.10801	-0.11741	LEP	stroma-rich
ATGCTGACGACTCGCT-1	0.22559	-0.03589	0.24399	-0.01014	0.17440	LEP	tumor-rich
ATGCTGCCGGCATACT-1	0.21739	0.30303	1.24112	-0.45262	0.11762	LEP	tumor-rich
ATGCTGCCTACTGCAT-1	-0.22843	-0.19307	0.69013	0.09711	-0.06509	LEP	tumor-rich
ATGCTGCGCTGTTGCA-1	0.04849	0.07067	-0.37516	0.32343	0.05178	LEP	stroma-rich
ATGCTGCGGAACTACC-1	0.06713	-0.04410	0.26737	0.32905	0.20584	LEP	tumor-rich
ATGCTGCGGATGGTTG-1	-0.00309	0.00537	0.23415	0.08602	0.09763	LEP	tumor-rich
ATGCTGGCTTACTACA-1	0.02793	0.04970	0.00919	0.49997	-0.01301	LEP	tumor-rich
ATGCTTACTCTAGGAA-1	-0.02219	0.00727	0.19284	0.23132	0.10977	LEP	tumor-rich
ATGCTTGGACGAACTT-1	-0.10214	0.01822	-0.35657	-0.37496	0.00862	LEP	stroma-rich
ATGGAACGATAGTGAT-1	-0.04742	0.17287	-0.10670	-0.29663	-0.11731	LEP	stroma-rich
ATGGAGCGCACTCGGT-1	0.01909	0.07263	-0.81520	0.13958	-0.02054	LEP	stroma-rich
ATGGAGCGGACCGATT-1	0.12366	0.10519	1.19682	0.13328	0.32832	LEP	tumor-rich
ATGGAGGCCACGGCTT-1	0.13243	0.10277	0.54042	0.48465	0.09843	LEP	tumor-rich
ATGGAGGCCGCTATCC-1	-0.13793	-0.01745	-0.24843	-0.41834	-0.05064	LEP	stroma-rich
ATGGAGGTTCACCGGT-1	-0.01215	0.11759	0.43211	0.05866	0.22280	LEP	tumor-rich
ATGGAGTAATCGGACC-1	-0.05544	0.18951	0.13047	-0.16266	0.25190	LEP	tumor-rich
ATGGAGTCTTCGCAGT-1	0.03746	0.18192	-0.23430	-0.42075	0.11884	LEP	stroma-rich
ATGGCATTATGGCTCG-1	-0.05927	0.07361	-0.35983	0.31746	-0.04775	LEP	stroma-rich
ATGGTAACGGACCGGA-1	-0.06182	-0.06070	-0.29640	-0.33410	0.09593	LEP	stroma-rich
ATGTAAGAGCCACCTC-1	-0.13013	0.21039	0.72696	0.08031	-0.01348	LEP	tumor-rich
ATGTAATTGTCGTTCG-1	0.07926	-0.03326	0.35771	0.07797	0.26852	LEP	tumor-rich
ATGTACAGTGCCTATG-1	-0.17707	-0.05509	-0.56602	-0.10438	-0.07351	LEP	stroma-rich
ATGTACATCGTGGTTA-1	-0.04587	0.19250	0.25501	0.04858	0.06618	LEP	tumor-rich
ATGTACATGAACTCCG-1	-0.10585	0.04746	-0.82048	-0.00213	-0.08387	LEP	stroma-rich
ATGTACCAGTTACTCG-1	-0.06955	-0.12008	-0.73794	0.02189	-0.00921	LEP	stroma-rich
ATGTACCATTATTGTC-1	0.07667	0.05194	0.42903	0.21783	0.22305	LEP	tumor-rich
ATGTACCGATCCAGAA-1	0.01787	0.05291	-0.16096	-0.12543	0.15822	LEP	stroma-rich
ATGTACCTTCACATTA-1	-0.05321	-0.06169	-0.20523	-0.14020	-0.09491	LEP	stroma-rich
ATGTACGGTGGCGTAT-1	-0.12974	-0.01993	-0.48348	0.29646	0.06864	LEP	stroma-rich
ATGTACTACCGACTTC-1	0.06398	-0.00475	0.11767	0.07134	0.24240	LEP	tumor-rich
ATGTACTAGAGGAATT-1	0.00643	-0.00323	0.02890	0.22423	-0.00193	LEP	tumor-rich
ATGTACTCGTGGCTGT-1	0.21026	0.00971	0.63862	-0.51358	0.01024	LEP	tumor-rich
ATGTACTCTGCAGCAC-1	0.03022	0.00542	-0.50897	0.28218	0.18221	LEP	stroma-rich
ATGTACTGGTCGAAGC-1	0.04963	-0.00951	-0.32738	0.07305	-0.13763	LEP	stroma-rich
ATGTAGAAGCGAATAG-1	-0.09165	0.07402	0.58870	0.34250	0.00796	LEP	tumor-rich
ATGTAGCCGACCAAGG-1	0.07429	-0.01276	0.27929	-0.04231	0.06392	LEP	tumor-rich
ATGTAGGTAACCGTAC-1	0.05099	0.03405	0.22193	0.16048	0.28511	LEP	tumor-rich
ATGTAGGTGGTCTAAC-1	0.05416	-0.11499	-0.14944	-0.32955	-0.13601	LEP	stroma-rich
ATGTAGGTTGGCGAGG-1	0.07544	0.01852	-0.71119	0.17893	0.04725	LEP	stroma-rich
ATGTAGTCCAGAACAT-1	0.17182	0.08770	0.45884	0.55168	0.10578	LEP	tumor-rich
ATGTATCCAAGGTGGC-1	0.06099	0.01355	-0.72802	-0.01895	-0.12344	LEP	stroma-rich
ATGTATCCATAAGTTG-1	-0.05610	0.10395	-0.33410	-0.06199	-0.06725	LEP	stroma-rich
ATGTATCGGAATACGG-1	-0.05518	-0.03849	-0.31751	0.12036	0.00188	LEP	stroma-rich
ATGTATGAGTACCGGA-1	-0.11844	-0.07833	-0.62640	0.47620	0.12992	LEP	stroma-rich
ATGTATGTACTATCTT-1	-0.01098	0.06392	0.74187	0.10127	0.16599	LEP	tumor-rich
ATGTATGTTATTGAAG-1	0.17073	0.09430	-0.39687	0.30434	-0.05697	LEP	stroma-rich
ATGTCATACTTAGACC-1	0.06472	0.03685	0.62219	0.09133	0.20826	LEP	tumor-rich
ATGTCATCAGGTTATG-1	0.08892	0.10736	0.42252	0.32039	0.16907	LEP	tumor-rich
ATGTCGCATGCCATAC-1	-0.06456	-0.04852	-0.24209	-0.22436	-0.05475	LEP	stroma-rich
ATGTCGCATTGATTGC-1	-0.02385	-0.13718	-0.26984	0.25417	0.02804	LEP	stroma-rich
ATGTCGGACTGAAGTA-1	-0.08725	0.10439	-0.48270	0.24851	0.15699	LEP	stroma-rich
ATGTCGGATAAGCCGA-1	-0.06838	0.04927	0.49145	0.25143	0.20007	LEP	tumor-rich
ATGTCGGCTGTCGTAA-1	-0.12200	-0.11529	-0.43920	-0.10673	0.28416	LEP	stroma-rich
ATGTCGTTACCAGACG-1	0.05335	-0.15512	-0.49326	-0.45292	0.16248	LEP	stroma-rich
ATGTCTAACTGGCGAA-1	0.05048	0.03184	1.25643	-0.18879	0.09932	LEP	tumor-rich
ATGTCTGCGTTGCAGC-1	-0.04304	-0.00285	-0.55399	-0.13539	-0.16679	LEP	stroma-rich
ATGTGAATCCATACGA-1	0.02170	-0.01190	0.17609	0.01792	0.12555	LEP	tumor-rich
ATGTGAATTGCTGACC-1	0.50056	-0.01632	0.26610	-0.08988	0.26548	LEP	tumor-rich
ATGTGACATAGAGTCC-1	-0.05121	-0.02639	-0.19754	-0.25367	-0.08104	LEP	stroma-rich
ATGTGATCCGTCTAAC-1	-0.08355	0.15231	-0.20052	0.41427	-0.13431	LEP	stroma-rich
ATGTGCCGGTGACAGA-1	-0.06736	0.15442	0.93307	-0.31240	-0.03849	LEP	tumor-rich
ATGTGCGTCTGAACAG-1	0.01080	0.05553	0.43852	-0.03235	0.22643	LEP	tumor-rich
ATGTGCTAACATCGAA-1	0.18967	-0.01990	0.57121	0.02132	0.13893	LEP	tumor-rich
ATGTGCTTGTGCTACC-1	0.10821	0.05220	0.22864	-0.15477	0.24027	LEP	tumor-rich
ATGTTAAGATTACTGA-1	0.12690	0.10706	-0.20792	-0.12209	0.25959	LEP	stroma-rich
ATGTTACCTCGTCTGT-1	-0.02944	0.12574	0.27660	0.38806	0.24126	LEP	tumor-rich
ATGTTACGCCATTCCT-1	-0.10604	-0.05184	0.44743	0.46932	0.03229	LEP	tumor-rich
ATGTTACTGGAGGCGG-1	0.02033	0.02810	-0.39632	-0.04868	-0.01639	LEP	stroma-rich
ATGTTAGAATAGTACT-1	-0.02898	0.16701	0.61263	0.49226	0.15526	LEP	tumor-rich
ATGTTAGACTATCTCA-1	0.02504	0.11373	0.27830	0.23237	0.09046	LEP	tumor-rich
ATGTTCGCAGAAGTCT-1	0.03320	-0.07034	0.47536	0.45889	0.05005	LEP	tumor-rich
ATGTTCTGCCTTATCT-1	-0.14916	0.05947	0.88351	-0.35968	0.13803	LEP	tumor-rich
ATTAACGGAGTGAATT-1	-0.13370	-0.03518	-0.28821	0.16054	0.06452	LEP	stroma-rich
ATTAAGAACAGCTCCG-1	0.11039	0.09718	0.05737	-0.23328	0.14800	LEP	tumor-rich
ATTAAGAATAACGCTT-1	0.10728	0.05078	0.54348	-0.05261	0.16681	LEP	tumor-rich
ATTAAGCGTCCTGCCG-1	-0.09478	0.08856	0.50411	0.14453	0.10882	LEP	tumor-rich
ATTAAGTGGCCTAAGG-1	-0.15260	0.00206	-0.22636	0.09251	-0.04148	LEP	stroma-rich
ATTACAAGCAAGTGTC-1	-0.06161	0.06320	-0.56022	0.39050	0.03539	LEP	stroma-rich
ATTACATGTTATTGAC-1	-0.02498	0.09365	0.35868	0.54539	0.10536	LEP	tumor-rich
ATTACATTGAAGTATG-1	0.20507	0.19538	0.20712	-0.18526	0.13348	LEP	tumor-rich
ATTACCTTCGCAGAAG-1	-0.05994	0.00811	0.40436	-0.00458	0.05089	LEP	tumor-rich
ATTACTCAGTTAACGA-1	-0.04009	-0.05222	-0.05791	-0.18237	-0.14467	LEP	stroma-rich
ATTACTCCGTGAAGCG-1	-0.03474	-0.10781	-0.05576	-0.06143	0.12669	LEP	stroma-rich
ATTACTGAGTGCCTCC-1	-0.28597	-0.01343	-0.61811	0.27353	-0.01242	LEP	stroma-rich
ATTACTGATATTCGCC-1	0.11769	0.09768	1.22303	0.27478	0.27563	LEP	tumor-rich
ATTACTGTACGCGGTG-1	0.02731	-0.01864	-0.67276	-0.01285	-0.08727	LEP	stroma-rich
ATTACTGTCGCATATT-1	-0.06431	0.04291	-0.24314	0.02353	0.01269	LEP	stroma-rich
ATTACTTAACCACTTC-1	0.12232	0.09707	-0.50353	0.40058	0.01220	LEP	stroma-rich
ATTACTTGAGCAAGAT-1	-0.12753	0.13940	-0.71574	0.20246	-0.07454	LEP	stroma-rich
ATTAGAACAGTGGTAG-1	-0.14623	-0.04156	-0.04609	-0.25179	-0.05921	LEP	stroma-rich
ATTAGACCAAGTATAC-1	-0.03954	0.05392	-0.21314	0.31184	0.09745	LEP	stroma-rich
ATTAGATAAGACGGCG-1	-0.20050	-0.00164	-0.06298	0.03863	0.13655	LEP	stroma-rich
ATTAGATTCGTACTCA-1	0.11194	0.07424	0.50852	0.31827	0.17518	LEP	tumor-rich
ATTAGCAGGATGTATT-1	0.09941	0.00790	-0.57833	0.42618	-0.05571	LEP	stroma-rich
ATTAGCATTCCGATCG-1	-0.07949	-0.07168	-0.47439	-0.28161	0.04755	LEP	stroma-rich
ATTAGCCTCACTTCTA-1	-0.08701	-0.05366	-0.13052	-0.23177	0.19880	LEP	stroma-rich
ATTAGCCTCAGTAGAT-1	0.08575	0.05873	-0.44366	0.26234	-0.07972	LEP	stroma-rich
ATTAGCGAGCATGCTG-1	-0.13868	0.07023	-0.31887	0.58773	-0.00572	LEP	stroma-rich
ATTAGCTAGATGCGCA-1	0.00818	0.05866	-0.07292	0.17541	0.15997	LEP	stroma-rich
ATTAGTCGTGTTATGC-1	-0.03664	0.04589	1.02308	-0.12664	0.17324	LEP	tumor-rich
ATTAGTGAGGTATCGC-1	-0.04457	-0.06255	0.10512	0.20119	-0.17756	LEP	tumor-rich
ATTAGTGCTTGGTCAT-1	-0.03124	0.05600	-0.44540	-0.13505	-0.13297	LEP	stroma-rich
ATTAGTTCACAGACTC-1	-0.07146	0.15841	0.45965	0.15220	0.13449	LEP	tumor-rich
ATTAGTTGGACGTGAT-1	0.06409	-0.00665	0.69275	0.11604	0.31137	LEP	tumor-rich
ATTATCACAACTCGGC-1	0.03605	0.11723	0.05123	0.16903	0.09339	LEP	tumor-rich
ATTATCAGTTCGATGC-1	0.03697	0.09807	1.06743	0.41578	0.22456	LEP	tumor-rich
ATTATCCAGGTGAAGT-1	-0.21162	0.21419	0.01572	-0.51446	0.16028	LEP	tumor-rich
ATTATCCATTGTGACA-1	-0.11199	0.06386	-0.08359	0.48167	-0.10130	LEP	stroma-rich
ATTATCGAAGCCTAAG-1	-0.02759	0.08634	0.28791	-0.11897	0.18114	LEP	tumor-rich
ATTATCGAGTGCAGAT-1	0.10959	-0.04147	-0.07044	-0.12896	0.04649	LEP	stroma-rich
ATTATCTAGATTAACG-1	-0.11794	0.07688	-0.39647	0.41097	-0.03558	LEP	stroma-rich
ATTATCTTATTGAGAC-1	-0.02682	-0.10332	-0.22484	0.51096	-0.02048	LEP	stroma-rich
ATTATGATACTGCGCA-1	-0.07534	0.05263	0.38616	0.21257	0.03541	LEP	tumor-rich
ATTATGCCATCGTTAA-1	-0.13714	0.11621	-0.21027	-0.00576	0.06392	LEP	stroma-rich
ATTATGTTAAGGTAGT-1	0.10560	0.05923	0.98224	-0.03414	0.25406	LEP	tumor-rich
ATTCAAGATTAGTTGC-1	0.08354	-0.05916	0.21273	-0.17057	0.20519	LEP	tumor-rich
ATTCACATAGGATGAG-1	-0.17524	0.23317	-0.50347	-0.16867	-0.05552	LEP	stroma-rich
ATTCACATCGTCACAG-1	-0.04906	-0.03160	-0.18922	-0.22946	-0.07219	LEP	stroma-rich
ATTCACATCTTATTCT-1	-0.02877	0.01909	-0.44726	0.00100	-0.04275	LEP	stroma-rich
ATTCACCTGACCAGTT-1	-0.04391	0.10247	-0.70698	-0.04123	-0.05572	LEP	stroma-rich
ATTCACGCTGCCTAGG-1	0.04713	0.10861	0.56442	0.52902	0.18717	LEP	tumor-rich
ATTCACGCTGTTATCG-1	0.03974	-0.00239	-0.60186	0.66129	0.15851	LEP	stroma-rich
ATTCACGTCGCAGGCT-1	-0.05083	0.04294	-0.36456	-0.04855	0.00931	LEP	stroma-rich
ATTCACTCACGTGCAC-1	-0.07456	0.05706	-0.57201	0.03103	-0.11381	LEP	stroma-rich
ATTCAGCTCCTACTAA-1	0.17569	0.02310	-0.63486	0.52373	0.12164	LEP	stroma-rich
ATTCAGTCACCGCCAT-1	0.00781	-0.11534	-0.68196	0.34039	-0.01836	LEP	stroma-rich
ATTCATAGCGAAGCGT-1	-0.03501	0.02086	-0.63233	-0.07814	-0.08496	LEP	stroma-rich
ATTCATAGTTCTAACT-1	-0.08879	-0.05940	-0.43493	0.32446	-0.06977	LEP	stroma-rich
ATTCCATTGTGAACGC-1	0.07041	0.08002	0.16899	0.04644	0.22882	LEP	tumor-rich
ATTCCGCAACGCCGCT-1	-0.04045	0.01873	0.46177	-0.22408	-0.00573	LEP	tumor-rich
ATTCCGCTCCATCAGC-1	-0.15246	0.08881	0.56788	0.00666	-0.09747	LEP	tumor-rich
ATTCCGGACCGGTCTT-1	-0.07267	0.01592	-0.32266	0.07493	0.03497	LEP	stroma-rich
ATTCCGGTTACATACC-1	0.00514	0.04331	-0.57243	-0.13015	-0.09465	LEP	stroma-rich
ATTCCGTAAGGATTCC-1	-0.11322	0.02158	-0.28109	0.10008	-0.01669	LEP	stroma-rich
ATTCCTCAATTCCATA-1	0.09943	0.09360	1.33703	0.67164	0.26370	LEP	tumor-rich
ATTCCTGCCTTAACAG-1	-0.00081	-0.05814	0.02506	0.01581	-0.12599	LEP	tumor-rich
ATTCCTTCGAAGGTGC-1	0.11713	0.05636	-0.21196	0.49724	0.03465	LEP	stroma-rich
ATTCGCTCGCGGAGGC-1	0.22028	0.09720	0.44048	-0.17738	0.18638	LEP	tumor-rich
ATTCGGAAGCTATTAC-1	-0.04719	-0.04007	-0.45881	-0.07647	0.12898	LEP	stroma-rich
ATTCGTGCCGACATGT-1	0.21012	0.06959	-0.57095	0.06308	0.01722	LEP	stroma-rich
ATTCGTTAGAATTCGG-1	-0.14884	0.04342	-0.70131	0.10117	-0.04640	LEP	stroma-rich
ATTCTAACGCCTGTTA-1	0.00150	0.00770	0.74916	0.37222	0.22296	LEP	tumor-rich
ATTCTACAGCCAGCAC-1	-0.02852	0.08717	0.40713	0.08163	0.15767	LEP	tumor-rich
ATTCTACGTGGCAGAT-1	0.04534	0.17008	0.29875	0.06846	0.21652	LEP	tumor-rich
ATTCTACTGGTCGTTC-1	0.00007	0.04707	0.44127	-0.11827	0.17731	LEP	tumor-rich
ATTCTAGGACATCAGT-1	0.47336	-0.02681	-0.73035	0.39319	-0.03871	LEP	stroma-rich
ATTCTAGTCCACAAGA-1	0.10551	0.08729	-0.21469	0.16654	0.09958	LEP	stroma-rich
ATTCTGAGTACTGTAG-1	0.09979	0.04722	-0.16272	0.17039	-0.12638	LEP	stroma-rich
ATTCTTGAGGCGACGC-1	-0.05724	0.00330	0.49181	0.16431	0.21830	LEP	tumor-rich
ATTCTTGGAGTGATAG-1	-0.05458	0.11394	0.48149	0.10729	0.10070	LEP	tumor-rich
ATTGACCTTCGGCGTC-1	0.06113	-0.11172	-0.33278	0.87855	-0.07612	LEP	stroma-rich
ATTGACGAGCAGCGAC-1	-0.15816	-0.04225	-0.74628	0.01188	-0.18632	LEP	stroma-rich
ATTGACGCATCTCAAC-1	0.14208	0.16707	0.11880	-0.36698	0.15474	LEP	tumor-rich
ATTGACGCCACCTTCT-1	0.08952	0.07325	0.27129	0.13586	0.17493	LEP	tumor-rich
ATTGACGCCAGCCAAG-1	0.04352	-0.13714	-0.44374	0.54852	0.12291	LEP	stroma-rich
ATTGACTGAATACTAT-1	0.03485	0.01023	0.56255	0.06033	0.23645	LEP	tumor-rich
ATTGACTTATGTGGTA-1	-0.03934	0.03178	0.04698	0.21855	0.05647	LEP	tumor-rich
ATTGATAACACTAAGA-1	-0.13887	0.11123	-0.51136	0.32163	-0.02590	LEP	stroma-rich
ATTGCAAGGCAATGGA-1	-0.10937	0.14448	-0.29955	0.21351	0.04968	LEP	stroma-rich
ATTGCAATTATGGTTG-1	-0.02085	0.01859	-0.40069	0.17173	-0.14211	LEP	stroma-rich
ATTGCACGACCACTTG-1	0.06323	0.05714	0.64337	0.28938	0.20346	LEP	tumor-rich
ATTGCACGCATAACAG-1	0.10926	0.00266	0.26564	0.39337	0.14137	LEP	tumor-rich
ATTGCAGTTCTTCATT-1	-0.07315	0.16812	-0.21945	0.37413	0.16460	LEP	stroma-rich
ATTGCATATTGTTATC-1	-0.06740	0.19452	-0.09134	-0.15854	0.06728	LEP	stroma-rich
ATTGCATCACTGACTG-1	0.18351	-0.00301	-0.39401	-0.00811	0.22787	LEP	stroma-rich
ATTGCCTGATGTGCGG-1	0.05076	0.06974	0.46015	0.39153	0.10052	LEP	tumor-rich
ATTGCCTTACGCAGTT-1	0.11945	0.04558	-0.21045	0.48462	0.03996	LEP	stroma-rich
ATTGCCTTGTCTAAGT-1	0.23582	0.20621	1.06986	0.31172	0.18230	LEP	tumor-rich
ATTGCGTAGTTAGGAG-1	0.04218	0.07312	1.00816	0.19307	0.16867	LEP	tumor-rich
ATTGGCACCACGCCAT-1	0.05783	0.05042	0.31678	0.21206	0.09546	LEP	tumor-rich
ATTGGCCTAGGAATCG-1	-0.16734	0.01624	0.55241	-0.00378	0.16216	LEP	tumor-rich
ATTGGCCTTCCGTGCA-1	0.44598	-0.06487	-0.64491	-0.05768	0.33477	LEP	stroma-rich
ATTGGCGAATTGCACT-1	0.03422	0.05806	0.75413	0.27481	0.13241	LEP	tumor-rich
ATTGGCTAACAGACAA-1	0.01613	0.19723	0.59547	-0.00097	0.28279	LEP	tumor-rich
ATTGTTAAGTAGACTA-1	-0.22322	0.04163	0.00497	0.04597	0.05683	LEP	tumor-rich
ATTGTTACGACTAGCG-1	0.00611	-0.13416	-0.45774	0.57728	0.11506	LEP	stroma-rich
ATTGTTATACTTCACG-1	-0.13593	-0.07765	-0.22418	0.20435	-0.02375	LEP	stroma-rich
ATTGTTATCGTAATAC-1	-0.10396	0.02993	-0.42296	0.06240	0.16519	LEP	stroma-rich
CAACAGCCAGACCTTC-1	-0.07926	-0.04497	-0.21247	0.32680	-0.02102	LEP	stroma-rich
CAACAGCCGCCTTGAG-1	0.03421	0.06169	1.46755	0.44991	0.23381	LEP	tumor-rich
CAACAGGTCAGAGGAC-1	0.29495	-0.07724	-0.64161	0.41343	-0.16381	LEP	stroma-rich
CAACAGTACGGCAATG-1	0.26374	-0.09402	-0.35262	-0.37869	-0.11077	LEP	stroma-rich
CAACCGTACTGATCTT-1	-0.08421	0.13761	0.65979	0.10140	0.18582	LEP	tumor-rich
CAACCGTATTACTGTA-1	0.01719	0.17362	0.74280	0.09823	0.15264	LEP	tumor-rich
CAACCGTTAACAGACC-1	0.16818	0.06432	-0.36184	0.53991	0.04237	LEP	stroma-rich
CAACCGTTAATGTCAT-1	0.01267	-0.02612	-0.35460	0.39194	-0.05813	LEP	stroma-rich
CAACCGTTCCACTCAC-1	0.00633	0.12699	0.14468	0.29417	0.23348	LEP	tumor-rich
CAACGCTTGCTCCTAC-1	0.18110	0.03072	0.14913	-0.02307	0.21435	LEP	tumor-rich
CAACGGCACTCAGTCC-1	0.10738	-0.00686	-0.41312	0.30008	0.05566	LEP	stroma-rich
CAACTGACAAGACAAG-1	-0.08279	0.14297	-0.42059	0.07603	0.16351	LEP	stroma-rich
CAACTGCAGTGCAATA-1	0.06903	0.08473	-0.11955	0.39842	0.01173	LEP	stroma-rich
CAACTGCATTCGACTC-1	-0.17990	0.10489	-0.69659	0.04089	-0.11669	LEP	stroma-rich
CAACTGCTGGAGTTAT-1	0.03200	-0.00770	0.27534	-0.17600	0.19757	LEP	tumor-rich
CAACTTGGACATAGAT-1	0.00241	-0.00949	0.90280	0.08818	0.22668	LEP	tumor-rich
CAACTTGGTACGATGT-1	-0.03817	0.05639	0.44499	0.06203	-0.03375	LEP	tumor-rich
CAAGACCACTATCGAA-1	0.08272	-0.02341	-0.13584	-0.45184	0.22134	LEP	stroma-rich
CAAGATAAGTGCAATG-1	-0.01831	0.02863	-0.58310	0.09322	0.13210	LEP	stroma-rich
CAAGATAATGAGACCG-1	0.08845	0.07054	1.05180	-0.24397	0.36717	LEP	tumor-rich
CAAGATTACCGATCAT-1	-0.09046	-0.11912	-0.33919	0.47487	-0.06846	LEP	stroma-rich
CAAGATTAGATGAGTT-1	0.13544	0.08371	-0.66952	0.31861	-0.07314	LEP	stroma-rich
CAAGATTCGTCAGCTG-1	-0.00450	0.01033	0.64372	0.28917	0.15823	LEP	tumor-rich
CAAGCATGCCTGACTT-1	-0.12145	-0.07729	-0.30920	0.20440	-0.08331	LEP	stroma-rich
CAAGCCGCCATAGAGG-1	0.07460	0.26881	-0.38589	0.11810	0.12157	LEP	stroma-rich
CAAGCCTCCACTATCT-1	0.29569	0.06552	-0.33065	0.40227	0.03116	LEP	stroma-rich
CAAGGCAAGATTAGCA-1	0.00696	0.09524	-0.02165	0.18264	0.16403	LEP	stroma-rich
CAAGGCAAGCATCTCG-1	0.08834	0.03765	1.16418	0.03914	0.35715	LEP	tumor-rich
CAAGGTCAGCGATGTC-1	0.08120	-0.03203	0.02046	0.30526	0.03289	LEP	tumor-rich
CAAGGTCTCAATACAG-1	-0.06970	-0.06857	-0.22812	-0.24337	-0.01951	LEP	stroma-rich
CAAGTACTCCGCATCG-1	0.11530	0.04080	0.34599	0.09851	0.27039	LEP	tumor-rich
CAAGTACTTATTAAGC-1	0.16984	0.00346	-0.32350	0.33691	-0.00941	LEP	stroma-rich
CAAGTACTTCAATAGT-1	0.04102	0.06393	-0.19437	0.01209	0.25076	LEP	stroma-rich
CAAGTAGCCTCGATCC-1	0.04080	0.02012	0.35309	0.26160	-0.09625	LEP	tumor-rich
CAAGTATCGGCAACCA-1	-0.01792	0.04083	0.73311	0.16661	0.11150	LEP	tumor-rich
CAAGTCCATCGGCGGT-1	0.00181	0.03706	0.68137	-0.07869	0.31422	LEP	tumor-rich
CAAGTCCGCTACCGTT-1	-0.06506	0.15286	-0.03531	0.14809	-0.05759	LEP	stroma-rich
CAAGTCGCAGTCACTC-1	-0.13387	0.19008	0.25258	0.26751	-0.05763	LEP	tumor-rich
CAAGTCGTAGGACTCG-1	0.06637	0.00139	0.38526	0.26848	0.23715	LEP	tumor-rich
CAAGTCTTGGCGATAG-1	0.03314	0.02459	-0.39202	-0.38556	0.18723	LEP	stroma-rich
CAAGTGAATTGGATGC-1	0.08773	0.07486	1.00784	0.13626	0.14133	LEP	tumor-rich
CAAGTGGATCATCCAG-1	0.05465	0.10024	0.60903	0.37589	0.13161	LEP	tumor-rich
CAAGTGTTCGCCACGC-1	-0.08977	-0.07284	0.19055	0.13599	-0.04008	LEP	tumor-rich
CAAGTGTTGACGGCCA-1	0.08339	0.06121	0.49647	-0.02731	0.22656	LEP	tumor-rich
CAATAACTACATTAAC-1	-0.09956	-0.08169	-0.32611	0.36028	0.01092	LEP	stroma-rich
CAATAACTCAAGGCAA-1	0.04567	0.02111	0.39905	0.30348	0.24118	LEP	tumor-rich
CAATAACTCAGATGAG-1	0.11141	0.10918	1.40834	0.77810	0.20170	LEP	tumor-rich
CAATAAGAACCGACTT-1	0.05703	0.03055	0.87971	-0.02129	0.26111	LEP	tumor-rich
CAATAAGCGGCCAGAT-1	0.00636	0.19096	-0.55208	0.18120	-0.04020	LEP	stroma-rich
CAATAAGGTAACTCGT-1	-0.11749	-0.07892	0.68101	0.26090	0.08926	LEP	tumor-rich
CAATAAGGTAGCGATG-1	0.08919	0.16435	-0.54156	0.51319	0.02114	LEP	stroma-rich
CAATAATCGTAGGATA-1	0.33759	-0.02327	-0.12726	0.39004	0.05741	LEP	stroma-rich
CAATCCATGCCGATGC-1	-0.05308	-0.01411	-0.60835	-0.25917	-0.11853	LEP	stroma-rich
CAATCCGAGGTGCTAG-1	-0.08072	-0.05229	-0.07966	0.15524	-0.11743	LEP	stroma-rich
CAATCGTCGGAGCATG-1	-0.01043	0.07683	-0.83814	0.34432	-0.13333	LEP	stroma-rich
CAATCGTGAAGTGATA-1	0.27348	0.02978	-0.23307	0.49445	0.13713	LEP	stroma-rich
CAATCTATGAGGTCAG-1	0.02865	0.04197	-0.24797	0.35084	-0.07277	LEP	stroma-rich
CAATCTGAGTCGACTC-1	0.10548	0.16975	0.65035	0.09331	0.20729	LEP	tumor-rich
CAATCTTATTAGAATG-1	-0.11195	0.11210	-0.61930	0.27512	0.00543	LEP	stroma-rich
CAATGCAGATCATAGA-1	0.07172	0.03082	0.54170	0.04314	0.10023	LEP	tumor-rich
CAATGCATCATTATGC-1	0.02367	0.10554	0.51622	0.09837	0.18232	LEP	tumor-rich
CAATGCATTGACGGCA-1	-0.13444	-0.06911	-0.31859	0.18247	-0.02479	LEP	stroma-rich
CAATGCGGATGCTGGT-1	0.06640	0.09820	-0.23275	-0.39037	0.03329	LEP	stroma-rich
CAATGGCTGAGCGATT-1	0.14343	0.09160	0.27159	0.15073	0.08055	LEP	tumor-rich
CAATGTCCGTTGCGTG-1	0.09185	-0.01136	0.32847	0.09312	0.26045	LEP	tumor-rich
CAATTACAGGTGTCAT-1	0.19585	0.06279	-0.51240	0.85170	0.01471	LEP	stroma-rich
CAATTGAACCGGCTCG-1	-0.04728	0.05679	0.25416	-0.42546	0.21774	LEP	tumor-rich
CAATTGTTGACGTGAG-1	0.09197	-0.00002	0.73407	0.41561	0.12837	LEP	tumor-rich
CACCAGGCACGCTATC-1	-0.21475	0.11972	0.22524	0.00644	0.04845	LEP	tumor-rich
CACCATAAGCTGGCTG-1	-0.11368	-0.04338	-0.10915	0.66901	0.19874	LEP	stroma-rich
CACCATAGGTAACCAG-1	0.09182	0.02291	0.33332	0.03777	0.21884	LEP	tumor-rich
CACCATTCTTACGAGC-1	-0.09451	0.15614	-0.28045	-0.34330	0.24494	LEP	stroma-rich
CACCGACAAGGCGTAT-1	0.07402	0.06822	1.29522	0.40373	0.27390	LEP	tumor-rich
CACCGAGTCTTGGACA-1	0.03163	-0.05029	-0.10119	-0.12379	0.16844	LEP	stroma-rich
CACCTACATGATTGAT-1	-0.02423	0.03271	0.23870	0.30990	0.17379	LEP	tumor-rich
CACCTACCGCTACCTT-1	0.22928	0.02941	-0.59216	-0.04661	-0.15901	LEP	stroma-rich
CACCTAGAATACTTCT-1	0.05418	-0.10686	-0.34859	0.95939	-0.06958	LEP	stroma-rich
CACCTAGACGAGCCGG-1	-0.07871	0.07249	-0.11322	0.16486	0.01643	LEP	stroma-rich
CACCTATTACTCAGAT-1	0.22426	0.10877	0.04808	0.60879	0.05761	LEP	tumor-rich
CACCTCGAAGCGCTAG-1	-0.19747	-0.00168	0.21356	-0.47903	-0.19184	LEP	tumor-rich
CACCTCGAGCGATGCT-1	-0.00533	0.02390	0.20963	-0.15161	0.17683	LEP	tumor-rich
CACCTCGAGGACTCTA-1	0.04463	0.14351	0.93749	0.28163	0.32772	LEP	tumor-rich
CACCTTAGCTATTGTC-1	-0.09419	-0.05246	-0.54429	-0.26467	-0.02338	LEP	stroma-rich
CACCTTGCGAGTTATG-1	0.04722	0.10418	0.93062	0.18830	0.34865	LEP	tumor-rich
CACGAACGGTCTTCAG-1	0.00611	-0.02833	-0.60782	-0.12095	-0.06973	LEP	stroma-rich
CACGAAGGTGAATGGT-1	-0.08196	-0.03722	-0.15359	-0.31034	-0.13558	LEP	stroma-rich
CACGACCTCCGTCATA-1	0.06220	-0.07827	-0.58453	0.22341	0.03388	LEP	stroma-rich
CACGAGGCCATCCACT-1	0.02477	-0.00405	0.33574	0.47978	0.15447	LEP	tumor-rich
CACGAGGTATAGGTAT-1	0.43118	0.08644	-0.65594	0.48355	0.04578	LEP	stroma-rich
CACGATAAGGCCTAAG-1	0.12011	-0.01441	-0.24048	0.40668	-0.10568	LEP	stroma-rich
CACGATACAATAGCCA-1	-0.14450	0.11200	-0.28877	0.95366	0.03818	LEP	stroma-rich
CACGATCATACAATTA-1	0.07582	-0.07166	0.12099	-0.19977	-0.09113	LEP	tumor-rich
CACGATCTTCGCCGAC-1	0.10732	0.06205	0.58888	0.17727	0.26443	LEP	tumor-rich
CACGATGGTGCTAATA-1	0.08415	0.08638	-0.21509	-0.36135	-0.20189	LEP	stroma-rich
CACGCCACAATCGCAC-1	0.00460	0.04421	0.15282	-0.04063	0.17959	LEP	tumor-rich
CACGCCACTCCTTCAT-1	-0.06814	0.07593	0.41301	0.19497	-0.06585	LEP	tumor-rich
CACGCCTGGCGAATGT-1	0.23777	0.05189	0.50408	0.20990	0.13665	LEP	tumor-rich
CACGCTTATCAATCTT-1	0.00416	0.00609	-0.23915	0.42795	-0.14497	LEP	stroma-rich
CACGGATTCTCATCAC-1	-0.10775	0.00599	0.10269	0.19066	0.12832	LEP	tumor-rich
CACGGCGACGGTGCCT-1	-0.06301	-0.02623	0.35298	0.32429	0.08497	LEP	tumor-rich
CACGGCGATACATACG-1	-0.04753	-0.04311	-0.46755	-0.25701	-0.01946	LEP	stroma-rich
CACGGCGTCAGCCTGC-1	-0.10133	-0.01678	-0.34357	-0.03994	-0.03817	LEP	stroma-rich
CACGGCTGCGCTTGGC-1	-0.03111	-0.02246	0.21622	-0.13162	0.11585	LEP	tumor-rich
CACGGCTTACTCCGTT-1	0.03680	0.01080	0.09626	-0.11911	0.20338	LEP	tumor-rich
CACGGTCTCCTTACGA-1	0.04133	0.12657	-0.14967	0.20353	0.09072	LEP	stroma-rich
CACGGTCTTGGTTAAT-1	0.20163	0.08910	0.13164	0.40125	0.04887	LEP	tumor-rich
CACGGTGCCGGACCAC-1	-0.03956	-0.00059	-0.08019	0.16252	0.21268	LEP	stroma-rich
CACGTACACTCGCACC-1	0.09322	0.07578	1.23319	0.25012	0.32609	LEP	tumor-rich
CACGTACGTAGCTCAT-1	0.00335	0.02061	0.21092	0.11942	0.19639	LEP	tumor-rich
CACGTAGGTAGGCTGA-1	0.01725	0.01961	0.18229	-0.08850	0.19485	LEP	tumor-rich
CACGTCAAGTGCGATC-1	0.08127	-0.00031	0.30855	-0.08023	0.22093	LEP	tumor-rich
CACGTCCAATTCGACT-1	-0.15928	0.04289	0.65641	0.02089	0.18944	LEP	tumor-rich
CACGTCCACGACCTAT-1	0.00038	-0.05519	-0.61866	-0.09158	0.01028	LEP	stroma-rich
CACGTCCATCTACTGA-1	0.27923	0.05260	-0.40948	0.75809	-0.07945	LEP	stroma-rich
CACGTGCCAGAATTCT-1	-0.05580	-0.02472	0.02914	0.21727	0.05851	LEP	tumor-rich
CACGTGGCGGCACTAG-1	0.03045	-0.08368	0.86706	0.54720	0.20608	LEP	tumor-rich
CACGTTGCACATACCG-1	0.05228	-0.03294	-0.00383	0.00723	0.14028	LEP	stroma-rich
CACTACAATATTGCGG-1	0.01570	0.13106	0.27014	0.39637	0.15020	LEP	tumor-rich
CACTACCATACGCAGA-1	-0.15797	0.14394	0.19458	0.18231	0.06905	LEP	tumor-rich
CACTACCTTCGCTTCA-1	0.12397	0.06556	0.51794	0.28183	0.22542	LEP	tumor-rich
CACTACTGCGGAATTG-1	-0.01412	-0.04377	0.28227	-0.01422	-0.01901	LEP	tumor-rich
CACTACTGGCTGAACC-1	0.00554	0.00897	-0.69197	0.28020	-0.13059	LEP	stroma-rich
CACTAGTCGACATCTA-1	-0.00875	0.10780	0.25125	0.05385	0.15217	LEP	tumor-rich
CACTCAACGCAACGAC-1	-0.04454	-0.07421	-0.21346	0.41093	-0.03373	LEP	stroma-rich
CACTCAAGACCATGCA-1	0.16458	0.05443	0.79289	0.20388	0.31705	LEP	tumor-rich
CACTCAAGACGGACTA-1	-0.00891	-0.20368	-0.31926	0.04693	-0.06860	LEP	stroma-rich
CACTCAAGGCGGCACT-1	-0.07696	0.04290	-0.76229	0.39175	-0.09490	LEP	stroma-rich
CACTCAATAAGCCGAA-1	0.01424	0.09279	-0.04800	-0.18959	0.24782	LEP	stroma-rich
CACTCAATAGTGATGC-1	-0.07375	0.01077	0.51207	0.11706	0.25673	LEP	tumor-rich
CACTCAATGGTTCGGA-1	0.11843	0.01924	-0.04762	0.45685	0.00516	LEP	stroma-rich
CACTCAGAGCAACCGG-1	-0.18897	0.00149	0.42703	0.33816	0.01277	LEP	tumor-rich
CACTCAGTACTCCGCT-1	-0.01519	0.05607	-0.36619	0.09744	-0.01387	LEP	stroma-rich
CACTCAGTGGTCCTTC-1	0.05153	-0.00097	0.61837	0.56001	0.06535	LEP	tumor-rich
CACTCATCACGTTACG-1	0.36676	0.27457	-0.36173	-0.38263	-0.05896	LEP	stroma-rich
CACTCGGCGTATCGGC-1	-0.14966	-0.11299	-0.38815	0.50723	-0.00997	LEP	stroma-rich
CACTCGTAGGCCACGG-1	0.10963	0.01739	0.30725	-0.18519	0.24738	LEP	tumor-rich
CACTGGATCGATACGA-1	-0.03989	0.00297	0.74598	-0.11024	0.07910	LEP	tumor-rich
CACTGGCCAGCCAGAT-1	-0.05833	0.12082	-0.27723	0.09202	0.10674	LEP	stroma-rich
CACTGGCGGTAACACC-1	0.04658	0.07645	0.30877	0.01391	0.15899	LEP	tumor-rich
CACTGGTGAGACGCTT-1	-0.09991	0.09194	-0.14378	-0.31271	0.29294	LEP	stroma-rich
CACTGGTGAGTTATCG-1	-0.11415	-0.03057	-0.60982	0.17033	0.04491	LEP	stroma-rich
CACTGGTGGCGTCGTT-1	0.00236	0.17525	0.65838	0.66941	0.13342	LEP	tumor-rich
CACTTGACATTCAGAA-1	0.01847	0.03306	0.58387	0.21788	0.17782	LEP	tumor-rich
CAGAACATGATAGGAC-1	-0.12084	0.59699	-0.28696	-0.33529	-0.08955	LEP	stroma-rich
CAGAACATGCCTAGTG-1	0.05449	0.09720	0.37408	0.05485	0.12460	LEP	tumor-rich
CAGAACGTATCGACTT-1	-0.07636	-0.00265	0.84752	0.51296	0.18878	LEP	tumor-rich
CAGAAGATTAGAATGG-1	0.24013	-0.08580	0.21406	0.30081	0.03481	LEP	tumor-rich
CAGAAGTCGCGGTTAT-1	0.01723	0.16515	0.28231	-0.20339	0.04444	LEP	tumor-rich
CAGAATTCTTGAACCA-1	-0.05058	0.19974	-0.07655	-0.14537	0.11993	LEP	stroma-rich
CAGACACTTACAAGAC-1	0.03746	0.00462	0.26004	0.41392	0.11281	LEP	tumor-rich
CAGACAGTCGGATCTG-1	-0.13835	0.02829	0.06523	-0.12876	-0.01673	LEP	tumor-rich
CAGACGAATGAGGAAC-1	0.04054	0.15135	-0.67939	-0.16424	-0.01930	LEP	stroma-rich
CAGACGATACAGATCG-1	0.04934	0.09690	0.58038	0.11320	0.21892	LEP	tumor-rich
CAGACGCACTACTGAC-1	-0.12448	-0.03890	0.05433	0.34283	0.00933	LEP	tumor-rich
CAGACGCAGTAGGTCT-1	-0.10951	0.14064	0.30473	-0.25451	0.18063	LEP	tumor-rich
CAGAGCAATGGCTTCT-1	0.10775	0.07237	-0.12365	0.70954	0.10800	LEP	stroma-rich
CAGAGCTTGTACTCGC-1	-0.03474	0.20967	-0.13308	0.29206	0.13484	LEP	stroma-rich
CAGAGGCACTTAAGTC-1	-0.08507	0.11288	-0.25521	0.49482	0.14879	LEP	stroma-rich
CAGAGGCAGCACATGG-1	0.00176	0.03038	0.38948	0.13313	0.13531	LEP	tumor-rich
CAGAGGCGAATTGCCA-1	0.06331	0.15020	-0.32080	0.55584	-0.00623	LEP	stroma-rich
CAGAGTCAATCCGCTG-1	0.26771	0.10647	-0.61541	0.14780	0.05193	LEP	stroma-rich
CAGAGTCATGTACAGG-1	0.08943	0.07431	0.71298	0.30570	0.24644	LEP	tumor-rich
CAGATACAGCACTCGT-1	0.14590	0.23406	0.02681	-0.09454	0.07001	LEP	tumor-rich
CAGATATGTCCTTAAG-1	-0.00794	0.07920	0.29566	-0.17907	0.18516	LEP	tumor-rich
CAGATTATCATAACGC-1	0.07847	-0.03116	0.32249	-0.08851	0.35922	LEP	tumor-rich
CAGATTCCGTATGCGA-1	0.00331	0.07076	0.01637	0.03275	0.13995	LEP	tumor-rich
CAGATTCGAACAGGTG-1	-0.19156	0.07088	-0.54658	-0.40411	0.04262	LEP	stroma-rich
CAGATTGCCTGTAAGT-1	-0.09415	0.00819	-0.65811	-0.02626	-0.04911	LEP	stroma-rich
CAGCACCGCACGACTA-1	0.08711	0.01842	0.38111	0.11392	0.20696	LEP	tumor-rich
CAGCACGCTAATCAGA-1	-0.07211	0.18061	-0.12399	0.14726	-0.02548	LEP	stroma-rich
CAGCATAGACTAGGCA-1	0.02224	0.02060	0.47712	0.02931	0.23636	LEP	tumor-rich
CAGCATCCTCGCCACT-1	-0.00915	0.02352	0.12684	0.45264	0.04720	LEP	tumor-rich
CAGCCAACGATAGCTT-1	-0.08323	0.04641	-0.68761	0.17052	-0.14024	LEP	stroma-rich
CAGCCACGGCTCTACG-1	0.08949	0.10315	0.87833	0.38443	0.30185	LEP	tumor-rich
CAGCCAGTCCTGTCGG-1	0.11962	0.04056	0.13767	-0.12906	0.12876	LEP	tumor-rich
CAGCCATGTCTGCCGT-1	0.05835	0.05837	0.20792	-0.25597	0.15950	LEP	tumor-rich
CAGCCTCGTGGCTCAC-1	-0.06131	0.21247	-0.30657	0.54513	0.00733	LEP	stroma-rich
CAGCCTGGTTGAACTA-1	-0.21108	-0.09309	-0.62103	0.54177	0.00355	LEP	stroma-rich
CAGCGATAACTGAACC-1	-0.00745	0.05839	0.44825	0.19701	0.21969	LEP	tumor-rich
CAGCGATAATGCGATT-1	0.06985	-0.00219	0.61901	0.32704	0.07297	LEP	tumor-rich
CAGCTCACGCACTAGA-1	-0.03266	-0.03196	0.70975	0.78219	0.01878	LEP	tumor-rich
CAGCTCCTCGGATTCT-1	0.10950	-0.00326	0.49542	-0.06202	0.23760	LEP	tumor-rich
CAGCTCCTTAGGTAAG-1	0.03461	0.03563	0.13795	0.29936	0.01683	LEP	tumor-rich
CAGCTGCCATAACCAG-1	0.03783	0.11807	0.69017	0.77212	0.15211	LEP	tumor-rich
CAGCTGGATGCGGCTA-1	0.53128	-0.04681	-0.41362	0.30729	0.03390	LEP	stroma-rich
CAGCTGGCGATAAGTG-1	-0.06064	0.04294	0.06340	0.44161	0.12309	LEP	tumor-rich
CAGCTGTTGCCGGAGT-1	-0.12236	-0.13179	0.48851	0.22392	-0.01404	LEP	tumor-rich
CAGCTTCACTACCGTG-1	0.06552	0.04459	-0.05778	-0.02114	0.14787	LEP	stroma-rich
CAGCTTCTAGCTGGCA-1	-0.09464	-0.02382	-0.56773	0.07311	-0.00064	LEP	stroma-rich
CAGCTTCTCCGCTCTT-1	0.02973	0.07130	0.61708	0.52610	0.10920	LEP	tumor-rich
CAGCTTGACGCCATTA-1	-0.02054	0.09926	0.36813	0.03492	0.18622	LEP	tumor-rich
CAGCTTGGTTCGGTCG-1	0.18294	-0.06226	-0.50621	-0.06383	-0.15258	LEP	stroma-rich
CAGGACAGAAGGCTGG-1	-0.11584	0.11057	0.15632	0.14073	-0.05973	LEP	tumor-rich
CAGGACATGGTAATGC-1	0.17779	0.08575	0.29558	-0.10206	0.12092	LEP	tumor-rich
CAGGACCTACATAGTC-1	-0.08055	-0.03741	0.18897	0.38289	0.25601	LEP	tumor-rich
CAGGAGCGTATCGCAT-1	0.06438	0.01934	-0.41562	0.15579	0.11838	LEP	stroma-rich
CAGGCCAACAGCGAGT-1	0.08651	0.08176	0.29855	0.57756	0.07741	LEP	tumor-rich
CAGGCCAACGGTCGTA-1	-0.06459	0.00134	-0.20605	-0.19313	0.27054	LEP	stroma-rich
CAGGCCGTATCTGTTA-1	-0.16473	-0.02414	0.89028	-0.41822	0.03132	LEP	tumor-rich
CAGGCGAGGTCTTGGA-1	-0.06642	-0.03240	0.19798	-0.06971	0.07843	LEP	tumor-rich
CAGGTACCACTCGCGG-1	-0.13099	0.03674	0.66926	0.08684	0.14768	LEP	tumor-rich
CAGGTTCCACTAATCC-1	0.17041	0.11196	0.62895	0.37570	0.12122	LEP	tumor-rich
CAGTAATATCACTACG-1	-0.01177	-0.01428	-0.71226	0.51809	0.07702	LEP	stroma-rich
CAGTACAGTTGTGGAA-1	-0.02886	-0.07502	0.34461	-0.01711	0.07893	LEP	tumor-rich
CAGTAGATTGACGGAT-1	0.07514	0.04630	0.59356	0.05316	0.22144	LEP	tumor-rich
CAGTAGCACTACATTG-1	-0.16379	0.05288	-0.53956	0.08062	-0.07407	LEP	stroma-rich
CAGTATACTGCAGCAA-1	-0.03048	0.09816	0.55292	0.41785	0.18722	LEP	tumor-rich
CAGTATCTTACACTAA-1	-0.16163	0.03281	-0.69938	0.04950	-0.10535	LEP	stroma-rich
CAGTATGCGTGGCGCT-1	-0.04654	0.05137	-0.68498	-0.09875	-0.09811	LEP	stroma-rich
CAGTCAGCCGATCCGG-1	-0.09263	-0.03396	0.24247	-0.19319	0.07356	LEP	tumor-rich
CAGTCTCACTTAAGCA-1	0.04546	0.04067	0.81058	0.21084	0.19454	LEP	tumor-rich
CAGTCTGGACAATCTA-1	-0.00276	0.22460	0.19257	0.44882	0.23189	LEP	tumor-rich
CAGTCTGGTAATCTAC-1	0.14333	0.28063	-0.43845	-0.29308	-0.08485	LEP	stroma-rich
CAGTCTGTGGCGCTGC-1	-0.18593	-0.02536	-0.12154	-0.07910	0.08171	LEP	stroma-rich
CAGTGAACAGCAACGA-1	-0.22906	0.02270	-0.60924	0.11626	-0.26344	LEP	stroma-rich
CAGTGAAGATACATAA-1	0.04971	-0.06131	-0.67384	-0.18065	0.06612	LEP	stroma-rich
CAGTGATATTGATGTC-1	-0.00836	0.07208	-0.72472	0.30404	-0.11510	LEP	stroma-rich
CAGTGCCTTGCGGTCT-1	-0.21390	-0.13894	-0.59978	-0.31474	0.05774	LEP	stroma-rich
CAGTTGCAACCGAGAT-1	0.09965	0.16384	0.28532	0.29404	-0.09028	LEP	tumor-rich
CAGTTGCACGGACAGG-1	-0.17967	0.16983	0.04232	0.24187	0.02111	LEP	tumor-rich
CAGTTGCGACTTCTCG-1	0.09653	0.02416	-0.70338	-0.00889	-0.05644	LEP	stroma-rich
CAGTTGCTCACGTGTC-1	0.10964	0.06472	0.06290	-0.14627	0.22885	LEP	tumor-rich
CATAAGTCTTCGAGTT-1	0.00564	0.09709	0.13126	0.33841	0.09903	LEP	tumor-rich
CATACAATGAGTAGCT-1	-0.10381	-0.03461	1.20876	-0.23696	-0.10293	LEP	tumor-rich
CATACCAGGTTCCTAA-1	-0.16786	-0.01581	-0.45353	-0.41403	-0.09459	LEP	stroma-rich
CATACCTACCGAAGGA-1	-0.03786	0.08520	0.05023	0.38643	0.15161	LEP	tumor-rich
CATACCTCGATTGTTC-1	0.10343	0.06491	0.50961	0.29236	-0.00139	LEP	tumor-rich
CATAGAACATTGAACA-1	0.30286	0.07262	-0.04306	0.41929	0.15321	LEP	stroma-rich
CATAGACGAGGTATTA-1	0.03474	0.09038	0.88574	0.35444	0.17883	LEP	tumor-rich
CATAGCTTGACAACGG-1	0.12971	0.07851	0.17235	0.23799	0.04974	LEP	tumor-rich
CATATCAGACTATCCA-1	0.03748	0.12212	-0.26688	0.31616	-0.07600	LEP	stroma-rich
CATATCCGTTCACCTC-1	-0.10430	0.12104	-0.34521	0.18748	0.02587	LEP	stroma-rich
CATATGTTGACTGGCG-1	0.03578	-0.00238	1.12241	0.25454	0.24716	LEP	tumor-rich
CATATTCATCCGCATT-1	-0.23222	0.16246	0.02987	0.12998	-0.03054	LEP	tumor-rich
CATATTCTTGTCGTAA-1	-0.02557	0.02628	0.73110	0.35074	0.18187	LEP	tumor-rich
CATCAACATAACCGAT-1	-0.13877	0.05221	-0.39677	-0.43276	-0.17730	LEP	stroma-rich
CATCAGAAGGCTTCGG-1	-0.16405	0.03710	-0.34529	0.00229	0.00677	LEP	stroma-rich
CATCAGATACTAATCG-1	-0.24334	0.12363	0.05531	0.16941	-0.16427	LEP	tumor-rich
CATCAGGTAGGACCGT-1	0.04842	0.08505	-0.08803	0.15366	-0.00869	LEP	stroma-rich
CATCAGGTGCCTGATA-1	-0.13128	-0.04199	-0.43418	0.03550	-0.07301	LEP	stroma-rich
CATCAGTAATCAGACA-1	-0.13557	-0.05969	0.81762	0.35396	0.02778	LEP	tumor-rich
CATCCGAAGCGTATGG-1	0.09889	-0.00912	0.16901	-0.05642	0.24430	LEP	tumor-rich
CATCCGCCTAAGGAAC-1	0.30825	0.10370	-0.24120	0.25333	0.07427	LEP	stroma-rich
CATCCGGTACCAACGA-1	0.10060	0.08550	0.79956	0.22171	0.23179	LEP	tumor-rich
CATCCGTGCGGTCTAC-1	-0.08191	-0.00220	-0.49171	-0.33976	-0.04091	LEP	stroma-rich
CATCCGTGGTCGTAAG-1	-0.09151	0.03039	0.60348	-0.17557	0.06116	LEP	tumor-rich
CATCCGTTAAGCGTGC-1	0.03979	0.06411	0.49306	0.19657	0.16502	LEP	tumor-rich
CATCCTAGAATTATTG-1	-0.10749	-0.09564	-0.38179	0.29339	-0.15345	LEP	stroma-rich
CATCCTAGTGGTATGT-1	0.01851	0.02641	-0.30320	0.48877	-0.04284	LEP	stroma-rich
CATCCTGGTACCTGCT-1	-0.01346	-0.07998	-0.36827	-0.26894	-0.02584	LEP	stroma-rich
CATCCTTCGACTAAGT-1	0.10215	-0.07567	0.39007	0.17998	-0.00878	LEP	tumor-rich
CATCGCGGATGATATG-1	0.13777	0.03251	0.25502	-0.02412	0.11616	LEP	tumor-rich
CATCGCGGTCGGTGCG-1	-0.02710	-0.01156	0.16994	0.17597	0.00165	LEP	tumor-rich
CATCGGATACGCACAG-1	0.03112	0.11262	0.32321	0.12059	0.11546	LEP	tumor-rich
CATCGGATCCTACCTG-1	-0.07704	0.03197	0.37284	0.24512	0.01962	LEP	tumor-rich
CATCGGCATGTCGAAG-1	-0.12270	0.05711	-0.49880	0.16627	0.02863	LEP	stroma-rich
CATCGGCCTGCATATC-1	0.09093	0.07565	-0.11546	-0.07257	0.08313	LEP	stroma-rich
CATCGGTAGCGTCCGA-1	-0.05080	0.00168	0.18669	0.43486	0.09622	LEP	tumor-rich
CATCTGGCCATACTAG-1	0.03411	0.07931	0.18593	-0.07915	0.17882	LEP	tumor-rich
CATCTGGCGAATGTCG-1	0.01366	0.07997	0.14020	0.22393	0.17944	LEP	tumor-rich
CATCTGTACCACGCGA-1	0.05191	-0.15674	-0.49685	-0.37800	-0.13296	LEP	stroma-rich
CATCTTACTTGCACTC-1	-0.06354	0.06950	-0.54182	0.15247	0.00667	LEP	stroma-rich
CATGATACTCAGGATT-1	0.02583	-0.05422	0.28573	0.13080	0.11906	LEP	tumor-rich
CATGATAGGCCATGAG-1	-0.00276	-0.16279	-0.25729	-0.22612	-0.01997	LEP	stroma-rich
CATGATGCATGTGCTA-1	-0.01449	-0.04268	-0.43547	-0.13505	-0.05536	LEP	stroma-rich
CATGATGCTAGCCATG-1	0.11986	0.08085	0.72749	0.82061	0.14982	LEP	tumor-rich
CATGCACGCCGACGGA-1	-0.02760	-0.05088	0.78993	0.38536	0.06358	LEP	tumor-rich
CATGCAGAAGTCAGGA-1	-0.07517	0.04085	0.02839	-0.29376	0.07202	LEP	tumor-rich
CATGCAGGTAGTTGTA-1	0.21237	0.08906	0.01128	0.52738	0.07590	LEP	tumor-rich
CATGCATATGACGTCG-1	-0.16706	-0.12365	0.43489	-0.05222	-0.01867	LEP	tumor-rich
CATGCATATTCTGCCT-1	0.04506	0.10685	0.41456	0.10247	0.15926	LEP	tumor-rich
CATGCGAGTGAGCTAA-1	0.07937	0.06077	0.72756	0.29268	0.12102	LEP	tumor-rich
CATGCGCTACTGGAGG-1	-0.11299	0.10620	-0.22824	0.84550	0.00390	LEP	stroma-rich
CATGCGGCCGGAATTC-1	0.10470	0.07626	0.95888	0.45416	0.23372	LEP	tumor-rich
CATGCTCATCTGAACG-1	0.07551	-0.02457	0.68972	0.35038	0.32258	LEP	tumor-rich
CATGGCTACTGTACGT-1	0.08103	0.01914	0.75294	0.15481	0.21304	LEP	tumor-rich
CATGGTGAGGCAGCAT-1	-0.13729	-0.00177	0.02829	0.13420	0.00012	LEP	tumor-rich
CATGTCCACCTGCGTC-1	-0.05900	0.24447	-0.66552	0.09463	0.10893	LEP	stroma-rich
CATGTTACCGAAGGCG-1	-0.03910	0.03272	-0.27503	-0.04594	0.04411	LEP	stroma-rich
CATGTTATTGATGCAG-1	-0.07409	-0.18279	-0.01393	0.04851	0.00568	LEP	stroma-rich
CATGTTGAGCCGGAAC-1	-0.04741	0.10474	0.14721	0.34479	0.14620	LEP	tumor-rich
CATTAACTAATCGCGT-1	-0.16583	0.31782	-0.68696	0.00672	-0.09654	LEP	stroma-rich
CATTAACTATTGTTCC-1	0.12662	0.10234	0.32986	-0.24333	0.13470	LEP	tumor-rich
CATTAAGTAGCTTACC-1	0.15926	0.02536	0.12467	0.60106	0.16224	LEP	tumor-rich
CATTAGGATAGTGAAT-1	0.29224	-0.02292	-0.73483	0.44550	0.03247	LEP	stroma-rich
CATTAGGCAATGGTTA-1	0.02635	-0.02788	-0.40759	0.11102	-0.00264	LEP	stroma-rich
CATTCTCCAGTCACCA-1	0.26774	-0.09090	-0.01297	0.29631	-0.00508	LEP	stroma-rich
CATTCTGTGCATGCTC-1	0.01722	0.09322	0.16198	0.32898	0.07056	LEP	tumor-rich
CATTGCAGCGAAGACC-1	-0.13027	0.02673	-0.25246	-0.23119	-0.05881	LEP	stroma-rich
CATTGCGTGCCACCTT-1	0.22659	0.01918	-0.12501	0.39509	0.01966	LEP	stroma-rich
CATTGCTATGTTAGCT-1	0.26881	-0.14163	0.10294	0.00691	-0.01406	LEP	tumor-rich
CATTGGCGGTTGAGTC-1	0.05807	-0.06848	-0.28142	0.05020	-0.01043	LEP	stroma-rich
CATTGTCGGTCGCTAG-1	0.14209	-0.01238	0.29094	0.11199	0.02284	LEP	tumor-rich
CATTGTGGCCTCAGGC-1	0.07865	0.10753	0.52351	0.04025	0.25008	LEP	tumor-rich
CCAACAGGAACACGGT-1	0.16801	0.19606	0.32145	-0.08873	0.16846	LEP	tumor-rich
CCAACTGGAGATTCAT-1	-0.16718	0.05615	-0.81170	0.39546	-0.14429	LEP	stroma-rich
CCAACTTGCCACCGTA-1	-0.00219	0.06692	-0.80152	-0.12497	-0.08940	LEP	stroma-rich
CCAACTTGCGTTAACC-1	-0.16335	0.30615	0.68731	0.38896	0.19153	LEP	tumor-rich
CCAAGCCTGTATTAAT-1	0.13799	0.15502	0.71178	0.64392	0.11224	LEP	tumor-rich
CCAAGCTGGCCATTGC-1	-0.05762	-0.06724	0.84993	-0.07884	0.19837	LEP	tumor-rich
CCAATACCAACACGCC-1	0.17162	-0.18534	-0.45943	0.09735	-0.20348	LEP	stroma-rich
CCAATAGAAGACTTGG-1	0.14672	0.04173	0.49245	0.00829	0.29444	LEP	tumor-rich
CCAATAGCGGTACGTG-1	0.06284	0.08536	0.66302	-0.00103	0.18004	LEP	tumor-rich
CCAATATTAGTGCGTT-1	0.05348	0.16510	0.33250	0.39541	0.14973	LEP	tumor-rich
CCAATCTAACGTGACG-1	0.03053	-0.04402	0.19533	0.12803	0.18567	LEP	tumor-rich
CCAATCTTGCCTATGG-1	-0.14727	0.10929	0.49666	0.06050	0.12932	LEP	tumor-rich
CCAATTATGACACTGG-1	-0.04423	-0.01858	0.31733	0.16111	0.18614	LEP	tumor-rich
CCACAACCAGCAGGTG-1	0.10039	0.06006	1.04469	0.36683	0.30683	LEP	tumor-rich
CCACAGGAAGATGTGC-1	0.09524	0.03953	0.32720	0.28987	0.22655	LEP	tumor-rich
CCACATGGCGACGTCT-1	-0.04519	-0.04755	0.00000	-0.11864	0.04310	LEP	stroma-rich
CCACGAACGCTGCCGC-1	-0.00898	-0.09564	-0.41127	-0.02311	0.10769	LEP	stroma-rich
CCACGATCCTAATCCG-1	0.08035	0.02765	0.57278	-0.12755	0.12507	LEP	tumor-rich
CCACGCCTGGAGAAGT-1	-0.03001	0.11074	0.42401	0.17439	0.14263	LEP	tumor-rich
CCACGGCTGGCAACCT-1	-0.13313	-0.08063	-0.35101	-0.35144	-0.05809	LEP	stroma-rich
CCACGGTACACCAACC-1	-0.07292	-0.05059	-0.25242	1.00316	0.02109	LEP	stroma-rich
CCACGTCAATCAACAT-1	0.06311	0.01943	0.63494	0.19153	0.19070	LEP	tumor-rich
CCACGTCGGTCGCTTC-1	0.01971	0.00031	0.07903	0.08302	0.10344	LEP	tumor-rich
CCACGTGCCACCTCAA-1	0.10609	0.00946	0.63074	-0.02169	0.05198	LEP	tumor-rich
CCACGTGGACTGCGGT-1	0.08529	0.05200	-0.59089	0.52506	0.20392	LEP	stroma-rich
CCACTAATCACCGGTA-1	-0.16761	0.16887	-0.51222	0.31865	0.06142	LEP	stroma-rich
CCACTCCAGCACCTAC-1	-0.14501	-0.07996	-0.27870	0.05951	0.04134	LEP	stroma-rich
CCACTCTGTAGTCGGA-1	0.06723	0.00592	0.14991	0.41606	0.07134	LEP	tumor-rich
CCAGAACCGTGCATCC-1	0.02975	0.14131	0.94330	0.34978	0.22013	LEP	tumor-rich
CCAGACAATATCGTTA-1	-0.05974	0.04689	0.30178	-0.14289	0.18364	LEP	tumor-rich
CCAGACAGAACCTAAG-1	0.22376	-0.03584	-0.63572	-0.17623	-0.09474	LEP	stroma-rich
CCAGACATCCGGTTCT-1	-0.09114	0.11700	-0.57447	0.26943	-0.04234	LEP	stroma-rich
CCAGACATCGGCACGC-1	0.17283	0.20139	-0.51594	-0.07660	0.12457	LEP	stroma-rich
CCAGACCAGCGGCAAG-1	-0.04208	0.01898	0.49559	0.45278	0.13035	LEP	tumor-rich
CCAGATAGACGAGGTG-1	0.02202	0.03892	0.29005	-0.15078	0.16556	LEP	tumor-rich
CCAGATAGCGTAGTGA-1	-0.15343	-0.10314	-0.40913	0.14443	-0.21903	LEP	stroma-rich
CCAGATGATATGTAGG-1	0.01237	-0.01923	0.09719	-0.01666	0.13706	LEP	tumor-rich
CCAGATTGTAGCCTAC-1	-0.09585	-0.16137	-0.68389	0.12711	0.06449	LEP	stroma-rich
CCAGCACTCGACTGAC-1	0.12011	-0.01156	0.21290	-0.10505	0.04203	LEP	tumor-rich
CCAGCAGGTCTTGTTC-1	0.28187	0.03753	-0.40810	-0.32229	0.10098	LEP	stroma-rich
CCAGCATCTACCGCTT-1	-0.01505	-0.06923	-0.06774	-0.13885	0.12781	LEP	stroma-rich
CCAGCGGATTCCGCTG-1	0.06681	0.06845	-0.50315	0.20144	-0.04041	LEP	stroma-rich
CCAGGATACCGTTAGT-1	-0.04959	-0.05674	-0.14157	-0.07079	-0.06582	LEP	stroma-rich
CCAGGTCCACATCCAT-1	-0.02845	0.16074	0.00195	0.13887	0.00602	LEP	tumor-rich
CCAGGTTACGAGACTG-1	0.09642	0.06767	0.61923	0.05125	0.26235	LEP	tumor-rich
CCAGTGTCACAGCGCC-1	-0.02290	-0.05296	-0.29417	0.42519	-0.05194	LEP	stroma-rich
CCAGTGTCTAGCTACG-1	-0.12697	-0.12752	0.54671	-0.19809	0.27524	LEP	tumor-rich
CCAGTTGTGATGCAAG-1	0.07689	-0.02831	-0.68968	0.23387	0.03862	LEP	stroma-rich
CCATACGGAGCCAAGG-1	0.08073	0.10012	1.16021	0.41571	0.26486	LEP	tumor-rich
CCATAGCCGTACGCAC-1	0.10189	0.23285	-0.14583	0.16503	0.09290	LEP	stroma-rich
CCATAGGACCGCCAAC-1	-0.07973	0.09314	0.21700	0.42258	0.12746	LEP	tumor-rich
CCATAGTAGGTGCTTG-1	-0.06033	-0.03627	-0.12066	-0.19551	0.05784	LEP	stroma-rich
CCATAGTATTGTCTGC-1	-0.02112	0.05084	0.14689	0.03696	0.33989	LEP	tumor-rich
CCATAGTTCGAGTAAG-1	0.03401	-0.01066	-0.47694	0.26397	0.25693	LEP	stroma-rich
CCATCGGACAACCGTG-1	-0.01705	-0.02679	0.38517	-0.01266	0.31375	LEP	tumor-rich
CCATCTGTGGCATCGT-1	0.02204	0.14987	0.57426	-0.15263	0.20835	LEP	tumor-rich
CCATGAACAATGCTCC-1	0.10556	-0.13500	0.07487	0.26239	-0.18181	LEP	tumor-rich
CCATGAACATCGTTGG-1	-0.09551	-0.08539	0.24975	-0.05501	0.23148	LEP	tumor-rich
CCATGACAGGAGAACA-1	-0.10346	0.03121	-0.35074	0.10390	0.12116	LEP	stroma-rich
CCATGAGGCTATGCCA-1	-0.03736	0.12287	0.30325	0.48967	0.20965	LEP	tumor-rich
CCATGGTTCCAATGTC-1	0.05575	0.06633	0.19051	0.36074	0.18666	LEP	tumor-rich
CCATTATCGTTACCTT-1	-0.14475	0.05139	-0.39742	0.18830	-0.03531	LEP	stroma-rich
CCATTCCGGTTCTTCC-1	0.08822	0.01928	0.56700	0.10055	0.28173	LEP	tumor-rich
CCATTCGTCTGCTCTA-1	-0.01170	-0.12941	-0.74427	0.45527	-0.15214	LEP	stroma-rich
CCATTCTTACGCGTTA-1	-0.07144	0.19982	-0.05604	-0.12941	-0.09104	LEP	stroma-rich
CCATTGGCAATTCTCA-1	0.34958	0.28258	-0.49446	-0.43865	-0.00546	LEP	stroma-rich
CCGAAGCCAGGTTCAG-1	-0.09368	0.22289	0.14491	0.29698	0.04834	LEP	tumor-rich
CCGACAACGTCATCGG-1	0.03004	-0.02428	0.08664	-0.06763	0.19038	LEP	tumor-rich
CCGACAAGACTGTACT-1	-0.19947	0.14345	-0.74566	-0.08119	-0.10354	LEP	stroma-rich
CCGACAAGGCACGGTT-1	0.07001	0.17290	0.41372	0.23105	0.19460	LEP	tumor-rich
CCGACAAGTATTCATC-1	-0.09316	0.10301	-0.23338	-0.31739	-0.06792	LEP	stroma-rich
CCGACAGACTGTGCCT-1	0.08042	0.05582	0.18671	0.47894	0.13286	LEP	tumor-rich
CCGAGGATGACTCGTC-1	0.01663	-0.04743	-0.01565	-0.06974	0.15620	LEP	stroma-rich
CCGAGTAATACACGAG-1	-0.02397	0.02167	0.03961	0.14989	0.06068	LEP	tumor-rich
CCGATAATGGAGCCTT-1	0.10172	0.10888	-0.49297	-0.24798	0.04420	LEP	stroma-rich
CCGATGGAACATCAGC-1	-0.05309	-0.06090	0.58269	-0.09889	0.13803	LEP	tumor-rich
CCGATGGATCCGGCAG-1	0.15751	0.09606	-0.20839	0.64628	0.07627	LEP	stroma-rich
CCGATTAGCGAGTGTA-1	-0.00060	0.01910	-0.42738	0.40195	-0.03943	LEP	stroma-rich
CCGATTCCATAAGAGT-1	0.08101	-0.09471	-0.48866	0.16266	-0.00577	LEP	stroma-rich
CCGATTCCTCACTACA-1	-0.24370	0.05512	-0.61945	-0.12207	0.07671	LEP	stroma-rich
CCGCAAGGAAGGAGGC-1	0.08020	-0.13762	-0.50347	0.32351	0.04695	LEP	stroma-rich
CCGCAAGGTACCGTTG-1	-0.17280	0.01889	0.17323	-0.53514	-0.06595	LEP	tumor-rich
CCGCAAGTAGCGGACT-1	0.05372	-0.12066	-0.52916	0.55951	-0.02825	LEP	stroma-rich
CCGCAATCCGTGGTTG-1	0.00852	0.03571	-0.40170	0.45177	-0.09411	LEP	stroma-rich
CCGCACAACGTGGTCA-1	-0.02742	0.03292	0.33916	0.44767	0.16918	LEP	tumor-rich
CCGCAGTGATCACTGT-1	-0.09549	-0.07305	-0.20831	1.21842	0.05071	LEP	stroma-rich
CCGCATAGTACAGGTT-1	-0.01826	0.00377	0.97398	0.40718	0.05434	LEP	tumor-rich
CCGCATGTAGTTAGAC-1	-0.11664	0.14837	-0.70871	0.45802	-0.03048	LEP	stroma-rich
CCGCCACTGCGTTGGC-1	0.01876	0.05529	-0.59349	0.54926	-0.03192	LEP	stroma-rich
CCGCCATACTTCACCA-1	0.03661	-0.04620	0.31377	0.33408	0.25553	LEP	tumor-rich
CCGCGACCGTAGCTAT-1	-0.04727	-0.17149	-0.12283	0.36900	0.04681	LEP	stroma-rich
CCGCGAGGTGCGATGG-1	0.08648	0.04647	0.84883	0.22636	0.28589	LEP	tumor-rich
CCGCGGCCACAATCGG-1	-0.00395	0.15927	0.23591	0.25769	0.20419	LEP	tumor-rich
CCGCGTAAGATTCCTT-1	0.12176	0.00574	0.54101	0.59405	0.15491	LEP	tumor-rich
CCGCGTATCGTTGCAG-1	0.10434	0.01194	0.40178	0.27303	0.15577	LEP	tumor-rich
CCGCGTCGTTGGTCTG-1	-0.11969	-0.13612	0.80360	-0.43305	-0.00679	LEP	tumor-rich
CCGCGTGCTGATTAGT-1	0.06459	0.06816	0.63974	0.17177	0.11871	LEP	tumor-rich
CCGCGTTACCTTGGCG-1	0.22901	0.14201	0.61905	-0.14799	0.20194	LEP	tumor-rich
CCGCGTTGACGGAACG-1	0.09981	0.07698	1.06071	0.09000	0.24121	LEP	tumor-rich
CCGCGTTGCTACAACT-1	-0.07289	0.21862	-0.05964	-0.14086	0.02843	LEP	stroma-rich
CCGCTCAATCTGGAAC-1	-0.06983	0.04390	0.23405	0.17906	0.02310	LEP	tumor-rich
CCGCTCATACAAGTCA-1	0.03862	0.11581	1.03727	0.16443	0.14150	LEP	tumor-rich
CCGCTCGCTAGTCTAA-1	0.07973	0.03539	0.12613	0.06897	-0.09303	LEP	tumor-rich
CCGCTCTGCTGAATTC-1	0.03602	-0.16144	-0.57501	0.14149	-0.09673	LEP	stroma-rich
CCGCTCTGGATATCGG-1	0.09843	-0.01238	0.84660	0.35315	0.22168	LEP	tumor-rich
CCGCTGGCACCAAGAC-1	0.28835	-0.05222	-0.12358	-0.20416	-0.10645	LEP	stroma-rich
CCGCTGTCACCTGCAA-1	-0.20765	0.01552	-0.05353	0.35173	0.05481	LEP	stroma-rich
CCGCTGTTGCCATACG-1	-0.04092	-0.06369	-0.08252	0.25065	0.17320	LEP	stroma-rich
CCGGAGAAGCTAACCA-1	0.02269	0.06414	-0.66235	0.31005	-0.08828	LEP	stroma-rich
CCGGAGACAAGAATAA-1	0.02675	0.23245	-0.34019	0.93541	0.12708	LEP	stroma-rich
CCGGATCACTATGGCC-1	-0.09140	-0.00715	-0.57693	-0.07504	-0.12910	LEP	stroma-rich
CCGGATCAGCCGACTA-1	-0.08852	0.36521	-0.20202	0.60122	-0.02064	LEP	stroma-rich
CCGGATCTCCGAAGCG-1	0.00867	0.05593	0.00991	0.24997	0.13329	LEP	tumor-rich
CCGGCAATGAAGTGAA-1	-0.11093	-0.16556	0.31077	0.45267	0.07924	LEP	tumor-rich
CCGGCATAGGCAAGTG-1	0.00560	0.11362	0.90797	0.29321	0.23338	LEP	tumor-rich
CCGGCATGAGCCGTCT-1	0.13496	0.03845	0.41529	0.42475	0.14448	LEP	tumor-rich
CCGGCGAACATCACGT-1	-0.08088	-0.02431	-0.13470	-0.16682	-0.11282	LEP	stroma-rich
CCGGCGAACCGTGCAC-1	0.01624	0.00702	0.69202	-0.07965	0.15662	LEP	tumor-rich
CCGGCGAATGTACAGG-1	-0.02972	0.05615	0.59975	0.00936	0.23479	LEP	tumor-rich
CCGGCGAGAATATTGA-1	-0.07830	-0.08819	-0.20626	-0.04751	0.02309	LEP	stroma-rich
CCGGCGCAGCATGCGA-1	-0.14074	0.03156	-0.44946	1.51629	-0.12435	LEP	stroma-rich
CCGGCGCTAAGGATGA-1	0.04205	0.11977	-0.44244	-0.24371	0.11188	LEP	stroma-rich
CCGGCGTCCTCATTGT-1	-0.00537	0.06703	0.24950	0.00322	0.20800	LEP	tumor-rich
CCGGCGTCTTAATAAG-1	0.06824	0.07877	0.06452	0.16936	0.15777	LEP	tumor-rich
CCGGTGAAGCGGAGTG-1	0.02585	0.10991	0.47014	0.31744	0.22603	LEP	tumor-rich
CCGGTGGAGCTGGCTC-1	-0.05841	-0.03577	0.68980	-0.16877	0.08706	LEP	tumor-rich
CCGGTGGCAAGCCGTA-1	0.04057	0.03141	-0.31438	0.01449	0.12272	LEP	stroma-rich
CCGGTGGCTTCTGAGC-1	0.03731	0.00790	0.38409	0.03528	0.27904	LEP	tumor-rich
CCGTACTGGACGCAGA-1	-0.16247	0.02700	0.12953	0.47821	0.03055	LEP	tumor-rich
CCGTATAATCTGGCCG-1	0.01967	0.00291	-0.04899	0.13586	0.18408	LEP	stroma-rich
CCGTCTTATGGACGAG-1	0.43176	0.07185	-0.57658	0.41803	0.03541	LEP	stroma-rich
CCGTGAAGGATAACAG-1	0.08871	0.07363	0.23779	-0.32010	0.14261	LEP	tumor-rich
CCGTGCACATCTGGCA-1	0.05239	0.08747	0.64800	-0.01129	0.09998	LEP	tumor-rich
CCGTGCACTACCAGAA-1	-0.07268	-0.04767	-0.23785	-0.12226	0.00499	LEP	stroma-rich
CCGTGCTGGCAATATG-1	-0.02929	0.08821	1.15515	-0.29312	-0.00897	LEP	tumor-rich
CCGTGGCGTCGGTGCT-1	0.06828	0.09829	0.16258	-0.06475	0.15097	LEP	tumor-rich
CCTAACGCGATTGCAT-1	0.02331	0.12137	0.59406	0.42077	0.15799	LEP	tumor-rich
CCTAACGCTGATGTCT-1	0.00249	0.03209	0.29062	0.00094	0.18513	LEP	tumor-rich
CCTAACTACGAATATG-1	0.02343	0.12188	0.21812	0.49754	0.07491	LEP	tumor-rich
CCTAACTTATGTTGGA-1	0.08426	0.02903	-0.12408	0.01178	0.10439	LEP	stroma-rich
CCTAAGCATGCCTTGT-1	-0.03697	0.06012	-0.50602	0.02206	-0.07770	LEP	stroma-rich
CCTAAGGTTACAGTAA-1	0.05464	0.06036	0.67609	0.13837	0.22644	LEP	tumor-rich
CCTAATAGCGGACAGA-1	-0.04002	0.29811	-0.47500	0.08248	0.19418	LEP	stroma-rich
CCTAATCAGGCCATTA-1	0.03176	0.12689	0.12025	0.26253	0.09259	LEP	tumor-rich
CCTAATCCACAAGGAT-1	0.29099	0.12035	-0.48020	0.34317	0.06902	LEP	stroma-rich
CCTAATCGCTCACCAT-1	0.02209	0.10295	0.58413	0.35743	0.18836	LEP	tumor-rich
CCTAATCGGCAGTCAC-1	-0.22745	-0.13258	0.37271	0.46533	0.04290	LEP	tumor-rich
CCTAATGGCACTGTTC-1	0.09200	-0.06870	-0.46048	0.02028	0.08833	LEP	stroma-rich
CCTACACCGACATTAC-1	0.05306	-0.01831	0.23978	0.47176	0.25927	LEP	tumor-rich
CCTACCACTCCAGTTA-1	-0.04943	0.10893	-0.14682	-0.01899	0.08599	LEP	stroma-rich
CCTACCATCGCAGTAT-1	-0.03287	0.20455	0.34877	0.19795	0.11754	LEP	tumor-rich
CCTACCATGTGATCAC-1	0.26501	-0.04214	1.33795	-0.26510	-0.12826	LEP	tumor-rich
CCTACGAGCTGGCCGG-1	0.00899	0.18316	0.38752	-0.15222	0.12712	LEP	tumor-rich
CCTACGGTAAGACTCG-1	-0.23464	0.22513	-0.45666	0.13336	0.11246	LEP	stroma-rich
CCTAGCCTAGTACCGG-1	0.03836	-0.05865	0.70800	0.41224	-0.08313	LEP	tumor-rich
CCTAGCCTTCATCGGC-1	-0.17452	0.21924	-0.53893	-0.01998	-0.04094	LEP	stroma-rich
CCTAGTCAGCGAACCA-1	-0.04006	-0.10216	0.47905	-0.22659	0.11139	LEP	tumor-rich
CCTAGTCAGTCCTTAT-1	-0.02900	0.08653	0.28321	0.12628	0.32310	LEP	tumor-rich
CCTAGTGAATGTCTGC-1	0.06129	0.01838	1.02584	0.08104	0.30523	LEP	tumor-rich
CCTATCTATCAATCGC-1	0.18214	0.05712	0.41111	-0.00106	-0.07711	LEP	tumor-rich
CCTATGATGGTCAATG-1	0.05799	0.14643	1.15540	0.54068	0.22554	LEP	tumor-rich
CCTATGCCAGCAATCC-1	-0.04970	0.07658	-0.08285	0.34816	-0.01298	LEP	stroma-rich
CCTATGCCGTCGGCAC-1	0.07676	0.05112	0.76536	0.16862	0.25334	LEP	tumor-rich
CCTATGCCTTCTTGTT-1	-0.25239	-0.03651	-0.17287	0.02516	0.00842	LEP	stroma-rich
CCTATGTCGAATAGAA-1	0.05097	0.06428	0.52584	0.17554	0.28497	LEP	tumor-rich
CCTATGTCTTACCGGC-1	0.28822	0.07064	-0.36010	0.45501	-0.00380	LEP	stroma-rich
CCTCACAATACAACTG-1	0.01933	0.08385	1.09209	0.19691	0.19239	LEP	tumor-rich
CCTCACATGTACCTGG-1	0.11343	0.14752	0.79685	0.43658	0.27122	LEP	tumor-rich
CCTCACATGTCTTACT-1	0.09157	0.10113	-0.02509	-0.16157	0.27044	LEP	stroma-rich
CCTCACCTAGTGGCAA-1	-0.07316	-0.00417	-0.27995	-0.37248	0.04036	LEP	stroma-rich
CCTCACGTTACTCGCA-1	0.00402	-0.01863	-0.00441	0.28573	0.00382	LEP	stroma-rich
CCTCACTTCCTTCCGA-1	-0.10976	-0.11959	-0.50538	-0.36493	-0.12180	LEP	stroma-rich
CCTCATGATTATCTGA-1	-0.01203	-0.09090	-0.67808	-0.05921	0.08562	LEP	stroma-rich
CCTCCGAAGCTGTACC-1	-0.00676	0.03540	0.98933	0.36452	0.23522	LEP	tumor-rich
CCTCGATAGAATAGGA-1	0.13282	0.11558	0.15083	-0.29824	0.21507	LEP	tumor-rich
CCTCGCCAACTACAAG-1	-0.10336	-0.08768	-0.26758	0.19713	-0.02098	LEP	stroma-rich
CCTCGCTTGAAGGTCA-1	0.10693	0.09419	-0.01223	0.36612	0.12746	LEP	stroma-rich
CCTCGGAAGGCATGCA-1	-0.12054	-0.11451	-0.18081	0.27908	0.20631	LEP	stroma-rich
CCTCGGATCTTGCGGT-1	-0.09020	0.00672	-0.25497	0.12865	0.06522	LEP	stroma-rich
CCTCGGCGCCGATTGA-1	0.12613	0.15797	-0.61158	0.31629	0.10746	LEP	stroma-rich
CCTCGGTATGACAGTA-1	0.14881	0.26964	-0.20895	-0.43122	0.22894	LEP	stroma-rich
CCTCTACCACGTATCG-1	-0.04168	0.11355	0.13706	0.18171	0.10714	LEP	tumor-rich
CCTCTACCGTGATTGG-1	0.01294	0.01926	-0.04079	-0.27027	0.24476	LEP	stroma-rich
CCTCTAGCTCTGGCAG-1	0.11811	0.06484	0.68048	0.18100	0.08639	LEP	tumor-rich
CCTCTAGCTGGTCCGC-1	-0.15705	-0.01275	0.26948	0.66384	-0.08419	LEP	tumor-rich
CCTCTATGTTGCTTAT-1	0.14385	0.11878	0.81471	0.09513	0.24391	LEP	tumor-rich
CCTCTTCGAGCGGTTG-1	-0.21150	-0.14876	0.19029	-0.16227	0.05411	LEP	tumor-rich
CCTGAAGCAATGCACG-1	0.11261	-0.02611	-0.35846	0.35506	0.01546	LEP	stroma-rich
CCTGAAGCGTATAGCA-1	0.00223	-0.04912	0.26682	0.00105	0.04520	LEP	tumor-rich
CCTGAAGTGCATGCAT-1	0.07662	0.03249	0.89911	0.14936	0.25972	LEP	tumor-rich
CCTGCTCGCCGTCCAG-1	-0.14430	-0.03086	-0.59438	0.92095	0.02123	LEP	stroma-rich
CCTGGATCTAGAGCCA-1	-0.12680	-0.03956	-0.16919	0.66136	-0.02443	LEP	stroma-rich
CCTGGATTGCGTAACA-1	0.01409	0.00630	-0.00409	0.30739	0.09246	LEP	stroma-rich
CCTGGCAACGAACGTC-1	0.01601	0.08460	0.62154	-0.18765	0.13408	LEP	tumor-rich
CCTGGCATACCTGTCA-1	-0.01530	0.12338	0.48684	0.28575	0.06975	LEP	tumor-rich
CCTGGCTTATGGTCTG-1	-0.07734	0.05522	0.22746	-0.14385	0.19612	LEP	tumor-rich
CCTGTCATCCGGTATG-1	-0.02086	0.05148	0.03045	0.54130	0.09824	LEP	tumor-rich
CCTGTCATTGAATTAT-1	-0.00954	0.01490	1.03152	-0.18980	0.14990	LEP	tumor-rich
CCTGTCCTCAGTTGTA-1	0.21390	0.10217	1.25259	0.34741	-0.06037	LEP	tumor-rich
CCTGTCGAGTGACAGA-1	0.09187	-0.14853	-0.44740	-0.41735	0.03131	LEP	stroma-rich
CCTGTCTAAGTAGGCT-1	-0.02345	-0.01641	0.63868	0.12867	0.06065	LEP	tumor-rich
CCTGTCTACCGTGGCA-1	0.08598	0.07148	0.59299	0.21967	0.26319	LEP	tumor-rich
CCTGTCTGATAGGTGA-1	-0.23357	-0.00800	-0.20085	-0.24215	0.06738	LEP	stroma-rich
CCTGTCTGCATAGGTC-1	-0.06378	0.05121	-0.56752	-0.06805	-0.06332	LEP	stroma-rich
CCTGTCTTACAATCCT-1	0.00206	0.10163	0.46949	0.28540	-0.00787	LEP	tumor-rich
CCTTAATTGGAATATT-1	-0.07964	-0.05105	-0.27568	-0.19298	0.02587	LEP	stroma-rich
CCTTAGATCTGTAATA-1	-0.00896	0.22192	0.21206	-0.06106	0.11743	LEP	tumor-rich
CCTTAGATGTGCTACG-1	0.05589	0.08562	0.35279	0.03752	0.21141	LEP	tumor-rich
CCTTAGCGTTCGCAGG-1	0.04825	-0.13302	-0.35328	0.38769	0.08477	LEP	stroma-rich
CCTTAGTCTGTCACTG-1	-0.17993	0.00560	-0.42312	0.31597	-0.03753	LEP	stroma-rich
CCTTAGTGGATCCACG-1	0.17740	0.02342	0.44270	0.70660	0.10798	LEP	tumor-rich
CCTTAGTTATACCAGA-1	-0.11095	0.07737	0.44979	0.18587	0.10279	LEP	tumor-rich
CCTTATAGGCGAATAC-1	-0.19299	-0.06252	0.27289	0.19986	-0.12730	LEP	tumor-rich
CCTTATAGGTCTCAAC-1	-0.01431	0.04470	0.41364	0.02671	0.21360	LEP	tumor-rich
CCTTATGAGGCGTTCC-1	-0.05208	0.05627	0.03344	0.16628	0.12398	LEP	tumor-rich
CCTTCACCGACGGACA-1	0.01257	0.06912	0.83511	0.20737	0.18633	LEP	tumor-rich
CCTTCATAGTACTTCA-1	0.01353	0.07953	-0.71450	-0.01204	-0.10731	LEP	stroma-rich
CCTTCCAACCTTCAGA-1	0.27046	-0.04268	-0.12170	-0.21967	0.00100	LEP	stroma-rich
CCTTCCACTGCCTAAG-1	-0.20378	0.15866	-0.29390	0.74676	0.03016	LEP	stroma-rich
CCTTCCGCTCCGGCAT-1	-0.05486	0.09093	-0.29647	-0.09347	0.07797	LEP	stroma-rich
CCTTGTCTACTTAGAC-1	0.23959	0.03683	-0.51558	0.13443	-0.14754	LEP	stroma-rich
CCTTGTCTAGTTCTTG-1	-0.04507	0.08205	0.52147	0.09870	0.15202	LEP	tumor-rich
CCTTGTCTTACGGTTC-1	0.10011	0.07260	0.52301	0.49917	0.07166	LEP	tumor-rich
CCTTGTGATGGTCTAG-1	-0.00014	0.05209	0.11662	0.11062	0.08595	LEP	tumor-rich
CGAACCAGAAGTCTGG-1	-0.00613	0.03048	0.12484	-0.24834	0.18969	LEP	tumor-rich
CGAACGTGAAGTCCAA-1	0.10444	0.02110	0.82119	0.10916	0.23189	LEP	tumor-rich
CGAACTACAGATGTAA-1	-0.03965	-0.08683	-0.40782	0.49011	0.17616	LEP	stroma-rich
CGAAGAACGACTCGAT-1	0.01827	0.04809	-0.31241	0.34880	0.15882	LEP	stroma-rich
CGAAGACCGCCAGGCG-1	-0.22543	0.05242	-0.47438	0.26919	-0.13819	LEP	stroma-rich
CGAAGAGCAGATGATT-1	-0.06678	0.06850	-0.01779	0.38741	0.19852	LEP	stroma-rich
CGAAGAGCTCGTTCTA-1	-0.06717	0.27562	-0.15113	0.81230	0.04166	LEP	stroma-rich
CGAAGATCCGAAGGCA-1	0.01192	0.13721	0.75148	0.15218	0.26177	LEP	tumor-rich
CGAAGGAGAACAGTTG-1	0.03974	-0.09164	0.51408	0.04123	0.01526	LEP	tumor-rich
CGAAGTCGTTGGCTCG-1	-0.04230	0.04294	-0.45034	0.18984	-0.07499	LEP	stroma-rich
CGAATCCTGATAGGTG-1	-0.15501	0.05998	-0.36511	0.19988	-0.01422	LEP	stroma-rich
CGAATGGACCGTCTTG-1	-0.11997	0.04347	-0.54580	0.22398	-0.04165	LEP	stroma-rich
CGAATTAAGTGGACTA-1	0.24172	0.07642	0.46962	0.51356	0.10303	LEP	tumor-rich
CGAATTACTGCTCCGG-1	-0.10057	0.04350	0.02801	0.49010	-0.00186	LEP	tumor-rich
CGACAAGCACTCAGCC-1	-0.19931	-0.08655	1.02117	0.05275	0.15281	LEP	tumor-rich
CGACAAGTACTCCTTA-1	-0.07817	-0.07049	-0.16235	0.52349	0.20929	LEP	stroma-rich
CGACAAGTGATGCGCA-1	-0.01039	0.09303	0.46740	0.16778	0.03609	LEP	tumor-rich
CGACAATCATACGCAC-1	0.07092	0.17400	0.57558	-0.11977	0.16124	LEP	tumor-rich
CGACAATTATTCTGTC-1	0.01319	0.07260	0.40545	-0.18520	0.08847	LEP	tumor-rich
CGACAATTCGTCATGT-1	0.02263	0.03076	0.78099	0.40391	0.19232	LEP	tumor-rich
CGACATTGTATGGAGG-1	0.08641	-0.13846	0.10315	-0.38012	0.14603	LEP	tumor-rich
CGACCAAGGTGAGCCG-1	0.12029	0.00704	0.43356	0.10778	0.21287	LEP	tumor-rich
CGACCAGAACTGTCAT-1	-0.12916	-0.09859	0.98661	0.31558	0.09734	LEP	tumor-rich
CGACCAGAAGGATCCG-1	0.05645	0.15121	0.35403	-0.24718	0.18323	LEP	tumor-rich
CGACCAGATTCAGTGA-1	0.02785	-0.03565	0.34715	0.34274	0.00542	LEP	tumor-rich
CGACCAGCCTTGATTA-1	-0.11938	0.04392	-0.59750	0.13935	0.02679	LEP	stroma-rich
CGACCTATACTGACGT-1	0.10055	0.09871	0.25087	0.07596	0.18044	LEP	tumor-rich
CGACCTATCTCGCAAG-1	0.11391	0.09466	0.97381	0.26532	0.28687	LEP	tumor-rich
CGACCTGCATCTGCAT-1	0.10137	0.01266	-0.63613	0.07734	-0.02992	LEP	stroma-rich
CGACCTTGGCGTTCTA-1	-0.05601	0.12396	1.03418	0.32427	-0.04106	LEP	tumor-rich
CGACGCAACATGGCGA-1	-0.07849	-0.08724	-0.14734	0.36771	-0.08605	LEP	stroma-rich
CGACGCAGCCTTAGTC-1	-0.05130	0.01313	-0.01258	0.29820	0.04046	LEP	stroma-rich
CGACGCCAAGGTGCAA-1	0.05216	-0.00556	0.29258	0.09307	0.15824	LEP	tumor-rich
CGACGCCAGAGGAACT-1	0.06978	0.10723	0.17865	0.26016	0.03119	LEP	tumor-rich
CGACGCCGCAAGTAGC-1	-0.11339	0.07017	-0.34351	0.04849	0.01012	LEP	stroma-rich
CGACGCCGGAGTTGAG-1	0.12954	0.12646	1.27845	0.41314	0.23899	LEP	tumor-rich
CGACGCTCCGCACGTG-1	0.09789	0.16958	0.44013	0.46840	0.18735	LEP	tumor-rich
CGACTAAGCGGCAGAC-1	0.12941	0.07491	0.87961	0.09327	0.25916	LEP	tumor-rich
CGACTAATCGGCTCCT-1	0.22406	0.12797	0.45402	0.54874	0.15339	LEP	tumor-rich
CGACTAATGTTAGGCT-1	0.06546	0.04186	-0.13287	0.22805	0.09736	LEP	stroma-rich
CGACTAGGAGATAAGC-1	-0.05268	0.07902	0.36920	0.43046	0.14374	LEP	tumor-rich
CGACTAGGTCCTTAAC-1	0.24358	0.02896	-0.61626	0.29661	0.13908	LEP	stroma-rich
CGACTATCAAGCCGAC-1	0.00694	0.06807	-0.44221	0.25884	0.24550	LEP	stroma-rich
CGACTATCTTCGAGCG-1	-0.07995	-0.06460	-0.21492	-0.11601	-0.02303	LEP	stroma-rich
CGACTATTGGTACTAT-1	-0.11515	0.04563	0.92006	0.54492	0.01237	LEP	tumor-rich
CGACTGAACGAATGCT-1	-0.05472	-0.04534	-0.28733	0.08178	-0.14958	LEP	stroma-rich
CGACTTAGCGCTATCT-1	0.07348	0.06931	1.07814	0.11998	0.25868	LEP	tumor-rich
CGACTTCACTCGGCAT-1	-0.04427	-0.05330	-0.60567	0.37214	0.15232	LEP	stroma-rich
CGACTTCGCAAGCGGT-1	0.15668	-0.08607	-0.30780	-0.25136	0.02860	LEP	stroma-rich
CGACTTGCACGCCTGC-1	-0.10050	0.15570	-0.16809	-0.21321	0.06289	LEP	stroma-rich
CGAGAACGACAAGACC-1	-0.08710	-0.09215	-0.16493	-0.32945	-0.20338	LEP	stroma-rich
CGAGATGCCGCATCTT-1	-0.10046	-0.06498	-0.27019	-0.32343	-0.18262	LEP	stroma-rich
CGAGATGCGGTATGCG-1	0.03564	0.03258	-0.12588	0.26307	-0.00696	LEP	stroma-rich
CGAGCCTGCAAGGTTA-1	-0.06983	-0.05310	-0.42045	0.18864	-0.05369	LEP	stroma-rich
CGAGCGAGCCACGCTA-1	0.06250	-0.00577	0.08593	-0.37847	0.11194	LEP	tumor-rich
CGAGCGGCACAGTAGG-1	-0.13901	-0.09528	0.29759	0.04401	-0.06733	LEP	tumor-rich
CGAGCGTAATGGAGTG-1	0.07923	-0.10951	-0.41968	0.08471	-0.09826	LEP	stroma-rich
CGAGCGTATGCCAGCG-1	-0.05460	-0.03978	-0.44020	0.35920	0.01694	LEP	stroma-rich
CGAGCGTGAAGTTAGC-1	0.06417	0.00275	0.51028	-0.11764	0.23067	LEP	tumor-rich
CGAGCGTGCATTGTGG-1	0.16599	-0.02835	0.81436	0.12895	0.19671	LEP	tumor-rich
CGAGCGTGGACTGGAA-1	0.03667	-0.01263	-0.74724	0.02065	0.02443	LEP	stroma-rich
CGAGCTAAGGCCTGTA-1	0.12852	0.00080	0.64457	-0.03565	0.26453	LEP	tumor-rich
CGAGCTATGTCCTCGC-1	-0.05794	0.04437	0.02245	0.22137	0.13696	LEP	tumor-rich
CGAGCTTAGAATACCT-1	0.01186	0.10239	-0.23418	0.33018	-0.04048	LEP	stroma-rich
CGAGGAACGCTGTCCA-1	0.20756	-0.04357	-0.40685	-0.13086	-0.11131	LEP	stroma-rich
CGAGGAAGACTTAGAT-1	-0.12408	-0.01774	-0.78776	-0.15282	-0.10317	LEP	stroma-rich
CGAGGAAGGCAGAAGG-1	-0.11957	-0.08403	-0.43152	-0.32588	0.08656	LEP	stroma-rich
CGAGGACGTAATAGGC-1	0.00641	-0.17821	-0.69148	0.09529	0.06649	LEP	stroma-rich
CGAGGAGCATGCTATG-1	0.08200	0.00936	0.55513	0.23805	0.28916	LEP	tumor-rich
CGAGGAGCGTTCGTTA-1	-0.12410	0.16110	0.17055	-0.20454	0.15600	LEP	tumor-rich
CGAGGAGTCTAAGGAT-1	-0.06312	0.04133	0.11500	0.00788	0.09092	LEP	tumor-rich
CGAGGATTCGATCATA-1	0.03842	0.01590	0.06182	-0.06635	0.17637	LEP	tumor-rich
CGAGGCATCCAAGTCC-1	0.03890	0.04591	0.49870	0.11688	0.17190	LEP	tumor-rich
CGAGTCAACAATCTGG-1	-0.07449	0.05522	0.01280	0.37180	0.21110	LEP	tumor-rich
CGAGTCACTCATAGAT-1	0.10646	0.20329	-0.59330	-0.24290	0.12321	LEP	stroma-rich
CGAGTCATCCGCACCA-1	-0.09897	0.01130	-0.40255	-0.13838	0.03392	LEP	stroma-rich
CGAGTCCATGTCAACA-1	0.03829	0.04085	1.12089	0.33329	0.20073	LEP	tumor-rich
CGAGTCCGTTGGAACT-1	-0.13025	-0.05665	0.19840	-0.37973	0.23797	LEP	tumor-rich
CGAGTCGCGTAGACAT-1	-0.00110	0.10471	0.35166	0.04957	0.25358	LEP	tumor-rich
CGAGTCTTGTACTGCC-1	-0.22899	-0.02768	-0.51368	0.63750	-0.03402	LEP	stroma-rich
CGAGTGCGGCTCGTGG-1	-0.13503	0.09678	0.10788	0.00460	0.10498	LEP	tumor-rich
CGATAACTCCTTATGC-1	0.04443	-0.00414	0.39804	0.22165	0.08374	LEP	tumor-rich
CGATAAGAATTCCAGT-1	-0.03941	0.05217	0.29940	-0.38290	0.10468	LEP	tumor-rich
CGATAAGGATAGGCAA-1	-0.04354	-0.03094	-0.12350	-0.28457	0.13676	LEP	stroma-rich
CGATAAGGTGCCTGAC-1	-0.01201	-0.00161	0.25846	-0.09105	0.15611	LEP	tumor-rich
CGATGACCAGATCTGT-1	-0.14102	-0.00473	0.36892	0.17088	-0.10871	LEP	tumor-rich
CGATGACCTCATCCTC-1	0.10958	0.05725	0.64021	0.22327	0.16574	LEP	tumor-rich
CGATGAGGCCAACGTA-1	-0.04456	-0.00943	0.35584	-0.02048	0.01687	LEP	tumor-rich
CGATGATATTAGGCCG-1	-0.10261	-0.10534	-0.03848	0.23713	-0.11112	LEP	stroma-rich
CGATGATCAGCTATAA-1	0.02639	-0.06449	0.03160	0.08903	0.11649	LEP	tumor-rich
CGATGATCCTGCAGCC-1	0.00144	0.09542	0.78465	0.38158	0.19259	LEP	tumor-rich
CGATGCACCAGGCCTC-1	0.04877	0.01843	0.43006	0.11676	0.21594	LEP	tumor-rich
CGATGCCGACCGTGAC-1	-0.08322	-0.03340	0.00181	0.47713	0.02330	LEP	tumor-rich
CGATGCCTGCTCACCG-1	-0.03779	-0.04205	0.77166	0.46341	0.07262	LEP	tumor-rich
CGATGTCCGACTACAG-1	0.05556	0.07105	0.17808	-0.00554	0.14426	LEP	tumor-rich
CGATTAACTAATCTTA-1	0.07636	0.03022	0.96165	0.55339	0.23734	LEP	tumor-rich
CGATTGGAACAGGCCA-1	-0.15046	-0.15870	-0.66653	0.14570	-0.17328	LEP	stroma-rich
CGCAACCATGCACCGA-1	-0.12618	0.04279	-0.53059	-0.02488	0.01858	LEP	stroma-rich
CGCAAGTAGAGCTTGA-1	-0.02627	0.09106	0.30710	0.08063	-0.13595	LEP	tumor-rich
CGCAATGTATCCAATG-1	-0.07775	0.04873	-0.07490	0.06207	-0.00806	LEP	stroma-rich
CGCACGCAGCCGTTAT-1	0.02838	-0.12140	-0.35449	0.14380	-0.18575	LEP	stroma-rich
CGCACGCAGGTAAGTC-1	-0.00619	0.22503	-0.49332	0.26041	0.12876	LEP	stroma-rich
CGCACGCATAATGGTG-1	0.06956	0.07178	0.94098	0.49617	0.14570	LEP	tumor-rich
CGCACGGCTGTCAGGT-1	0.28735	0.00773	-0.15906	0.30357	0.05534	LEP	stroma-rich
CGCACGTAGCATTGTT-1	0.04535	-0.15531	0.37212	0.88117	0.12255	LEP	tumor-rich
CGCACGTATGAAGGCC-1	0.13388	0.20154	0.06547	0.45045	0.03539	LEP	tumor-rich
CGCACGTGACTGTTGG-1	-0.17529	-0.05783	-0.51527	0.07211	-0.03897	LEP	stroma-rich
CGCACTAACTACCGGT-1	0.13618	0.05339	0.71175	-0.07235	0.14995	LEP	tumor-rich
CGCACTCACCAGCACG-1	0.05117	0.04696	0.39566	0.37281	0.14653	LEP	tumor-rich
CGCACTGTGAGCCTGT-1	-0.10981	-0.08041	0.77674	-0.23878	0.00011	LEP	tumor-rich
CGCACTTAAGGCATGC-1	0.01627	-0.05602	-0.38359	0.14030	-0.04743	LEP	stroma-rich
CGCAGACACTGGCGTA-1	0.00065	-0.00452	1.16587	0.11779	0.21569	LEP	tumor-rich
CGCAGAGCAGTCCGAG-1	-0.07949	-0.01151	0.33540	-0.06681	0.17671	LEP	tumor-rich
CGCAGATAGATGTTCT-1	-0.13330	0.04399	0.40053	0.34238	0.00295	LEP	tumor-rich
CGCAGATATGGACAGT-1	-0.10047	0.05449	0.17791	-0.17324	-0.08190	LEP	tumor-rich
CGCAGATTCGACCGAA-1	-0.16438	0.14350	0.00350	0.51253	-0.08282	LEP	tumor-rich
CGCATCCTGTTGTAGC-1	-0.05106	-0.04082	-0.45954	-0.14771	0.15348	LEP	stroma-rich
CGCATCTTGACTTAGT-1	0.01532	-0.12742	0.09547	0.18933	0.21068	LEP	tumor-rich
CGCATGAGGAGCGTCT-1	-0.08449	0.00590	-0.45774	0.01090	-0.11465	LEP	stroma-rich
CGCATGGAATTCACGA-1	-0.11406	0.10541	-0.61457	0.41651	-0.07490	LEP	stroma-rich
CGCCAACCTGGCGAAT-1	0.37789	-0.00488	0.18248	0.61155	-0.00171	LEP	tumor-rich
CGCCACAATAGCTCAA-1	0.06027	0.07172	1.08773	0.07622	0.17062	LEP	tumor-rich
CGCCACATGCGTCCAA-1	-0.21464	-0.11973	-0.69086	0.12785	-0.11360	LEP	stroma-rich
CGCCACCTGGAAGACA-1	0.12068	-0.01548	0.19129	0.21723	-0.02122	LEP	tumor-rich
CGCCATGAGGCGATGA-1	-0.09850	-0.05578	-0.20245	0.38049	0.03132	LEP	stroma-rich
CGCCGATTGTCCTTCG-1	0.17651	-0.10432	-0.39743	0.14000	-0.08625	LEP	stroma-rich
CGCCGGACTAGGTACA-1	-0.18758	-0.09410	-0.49293	0.02501	-0.06998	LEP	stroma-rich
CGCCGGATCATTAGAC-1	-0.09038	-0.06949	-0.28671	-0.29656	0.06415	LEP	stroma-rich
CGCCGGTATCTAGCAC-1	-0.13279	0.01603	0.97954	0.02402	-0.09641	LEP	tumor-rich
CGCCTAACTTGATGGT-1	0.02736	0.15360	0.46076	0.00477	0.24192	LEP	tumor-rich
CGCCTAGAGCGTGGAG-1	-0.10143	-0.08674	-0.27999	0.28791	-0.07526	LEP	stroma-rich
CGCCTATTGCCTCGCC-1	-0.10348	-0.06266	-0.36719	-0.17505	0.02548	LEP	stroma-rich
CGCCTCGAGCCACTCG-1	-0.21346	-0.04477	0.28323	0.28056	-0.08785	LEP	tumor-rich
CGCCTCGATAATGCGG-1	-0.16730	0.12843	0.69830	0.01699	-0.05373	LEP	tumor-rich
CGCCTCGGAACTGTGC-1	0.06798	0.12073	-0.53793	-0.38543	-0.01596	LEP	stroma-rich
CGCCTCGGCTACTCGC-1	0.01217	0.07280	-0.27423	-0.00563	-0.11076	LEP	stroma-rich
CGCCTCGTACGAAGGC-1	-0.00831	0.06849	1.01776	-0.15537	0.18098	LEP	tumor-rich
CGCCTCGTAGTCGTGA-1	0.15214	-0.04746	0.73799	0.15749	0.05447	LEP	tumor-rich
CGCCTCTAATTCGCGG-1	-0.18125	-0.11480	-0.46815	0.01872	-0.05044	LEP	stroma-rich
CGCCTCTACTCGGAAC-1	0.03628	0.02177	1.04356	0.08645	0.22429	LEP	tumor-rich
CGCCTCTGACTATTGT-1	0.02942	0.05670	1.17985	-0.03569	0.27665	LEP	tumor-rich
CGCCTTAAGGTACGCT-1	-0.03545	0.08074	0.55801	0.28409	0.11902	LEP	tumor-rich
CGCCTTACGAGTAGCG-1	-0.07285	0.05539	0.62494	-0.26953	0.28033	LEP	tumor-rich
CGCCTTAGCGGCCTCC-1	-0.06114	-0.07018	-0.32621	0.38197	0.00149	LEP	stroma-rich
CGCCTTAGGATCGGCA-1	-0.05238	0.10021	0.81766	0.40369	0.15172	LEP	tumor-rich
CGCCTTATCTTGGCGA-1	0.16671	-0.12146	0.12126	0.01789	0.03842	LEP	tumor-rich
CGCCTTGACGTGAATC-1	0.09838	-0.10674	0.14708	0.07527	-0.06652	LEP	tumor-rich
CGCCTTGTGAAGTCTA-1	-0.05188	0.07010	0.41009	-0.27449	0.03840	LEP	tumor-rich
CGCTAATTACATTAGG-1	0.19770	0.06204	0.64288	0.40265	0.12554	LEP	tumor-rich
CGCTACTCAGCCATAG-1	-0.11511	-0.06901	0.28400	0.49560	0.00765	LEP	tumor-rich
CGCTAGACTTCATCAC-1	0.06066	0.01003	0.43523	0.21799	0.24295	LEP	tumor-rich
CGCTAGATGTATTCTA-1	-0.02701	0.00475	1.00414	0.30365	0.14094	LEP	tumor-rich
CGCTAGCCGCATGCAT-1	0.25071	0.02128	-0.26048	0.51985	-0.03308	LEP	stroma-rich
CGCTATAGCGATCGCC-1	0.04125	-0.09290	-0.45352	0.68049	0.06632	LEP	stroma-rich
CGCTATAGTCTTCATC-1	-0.08293	-0.08075	0.86056	0.28379	0.09554	LEP	tumor-rich
CGCTATGGTTGGTTAA-1	-0.07662	-0.03513	-0.57249	-0.06645	-0.12610	LEP	stroma-rich
CGCTATTAATCTATAA-1	-0.11312	0.04147	-0.37518	0.09808	0.20125	LEP	stroma-rich
CGCTATTATGATACGT-1	0.12802	-0.10883	0.45422	-0.36980	0.05639	LEP	tumor-rich
CGCTCGCAATTGGCGA-1	0.15845	0.02735	0.15266	0.49870	0.15554	LEP	tumor-rich
CGCTCGGCCGGTTGTC-1	-0.19863	-0.11334	-0.56760	0.19310	0.06022	LEP	stroma-rich
CGCTCGGTACTGCGAA-1	0.01619	0.11035	0.15992	-0.10056	0.13163	LEP	tumor-rich
CGCTCGTTATAGATCT-1	0.13416	0.03047	-0.02640	-0.25823	-0.01620	LEP	stroma-rich
CGCTGACATTGCGGTC-1	-0.22200	-0.04078	0.58554	0.48599	0.14281	LEP	tumor-rich
CGCTGACGGCACATGA-1	0.05326	0.05526	1.26460	0.48341	0.18150	LEP	tumor-rich
CGCTGCAATCGCTGTT-1	-0.14879	0.07547	0.71665	0.03196	0.06351	LEP	tumor-rich
CGCTGCAATTAGGCGT-1	0.01347	0.07850	0.65214	0.38202	0.24438	LEP	tumor-rich
CGCTGCGAGTCCACAT-1	-0.01724	0.01641	0.62608	0.27823	0.19022	LEP	tumor-rich
CGCTGCGGTTGAGTAG-1	-0.15944	0.15696	-0.25657	0.04249	-0.19002	LEP	stroma-rich
CGCTGCTATGACAGAC-1	0.11270	-0.07256	-0.46387	0.14112	0.16232	LEP	stroma-rich
CGCTGCTTCGCATACT-1	-0.07984	0.03121	0.39287	0.03791	0.13808	LEP	tumor-rich
CGCTGTGACATAGGCA-1	0.04775	0.06183	0.16470	0.11887	0.09858	LEP	tumor-rich
CGCTTAGAATTCTTAC-1	0.02552	0.06382	0.97765	0.02817	0.17656	LEP	tumor-rich
CGCTTAGGCTGAGTCC-1	0.06850	0.06702	0.86621	0.28718	0.20584	LEP	tumor-rich
CGCTTATGGTTAGGAT-1	-0.06891	-0.03563	-0.52859	-0.07915	-0.10872	LEP	stroma-rich
CGCTTGCGTACGGCAC-1	-0.07667	0.09506	0.14446	-0.09180	0.08300	LEP	tumor-rich
CGCTTGCTTGGTCTGG-1	-0.14166	-0.06325	-0.32996	0.29414	-0.09442	LEP	stroma-rich
CGCTTGGCTTGGATCT-1	0.00146	0.16879	-0.55653	0.64089	-0.09943	LEP	stroma-rich
CGGAACCGATTGAGTC-1	-0.11199	0.14364	-0.33340	0.28643	-0.00917	LEP	stroma-rich
CGGACACTATGTATCA-1	0.04137	-0.01138	0.61734	0.17731	0.20778	LEP	tumor-rich
CGGACCAGCAGAATTC-1	-0.08503	0.11219	-0.38765	0.24279	-0.05909	LEP	stroma-rich
CGGACTGTGAGTATAG-1	-0.01079	-0.01328	0.08172	0.36277	0.18521	LEP	tumor-rich
CGGAGCCATCTGGATA-1	-0.01966	0.00763	0.89769	0.51458	0.09923	LEP	tumor-rich
CGGAGCCGCAATAGCC-1	0.02084	0.01153	-0.08735	-0.20582	-0.02979	LEP	stroma-rich
CGGAGCGGTAAGACGC-1	0.14505	-0.10481	0.80826	-0.26238	-0.05126	LEP	tumor-rich
CGGAGCGTAGAATCTT-1	-0.04480	-0.09595	-0.25200	-0.14186	-0.07853	LEP	stroma-rich
CGGAGCGTCTGACAGT-1	-0.05255	-0.06450	-0.31528	-0.22989	-0.03706	LEP	stroma-rich
CGGAGCTCACTTGCAT-1	-0.13392	-0.11948	-0.23966	0.36841	-0.10555	LEP	stroma-rich
CGGAGCTCCGATACCT-1	0.07343	0.04649	-0.17960	-0.11154	-0.07392	LEP	stroma-rich
CGGAGCTCTTCCAACG-1	-0.14970	0.11366	0.04906	0.15060	0.06603	LEP	tumor-rich
CGGAGGCTAGTCGGCA-1	-0.10541	0.04292	0.47990	0.03996	0.22958	LEP	tumor-rich
CGGAGGTATCCTGCTA-1	0.00120	0.00719	-0.08395	0.39172	-0.00353	LEP	stroma-rich
CGGAGTAAGGTGCGGT-1	-0.07637	0.11400	-0.28261	0.44903	-0.02963	LEP	stroma-rich
CGGAGTAAGTGCACAT-1	-0.17116	0.04687	0.31715	-0.53701	0.24767	LEP	tumor-rich
CGGAGTCTTACGTGAA-1	0.47495	0.33167	-0.14784	-0.27131	0.03403	LEP	stroma-rich
CGGAGTGGCGACTAAG-1	-0.13109	-0.09216	-0.35023	-0.05239	0.05059	LEP	stroma-rich
CGGAGTGGTCAAGTAT-1	-0.03317	0.04625	-0.56458	0.55182	-0.10429	LEP	stroma-rich
CGGATGTTGAACCACG-1	-0.02634	0.03003	0.11602	0.32707	0.13926	LEP	tumor-rich
CGGATTCCAGACGGTT-1	-0.08684	0.06080	0.45120	0.14918	0.14763	LEP	tumor-rich
CGGATTGCGTCTACCT-1	0.02955	0.09294	0.08182	0.19372	0.16763	LEP	tumor-rich
CGGATTGTGCAGGAGC-1	0.02547	0.03195	0.73569	0.13359	0.28879	LEP	tumor-rich
CGGCAACCACTAGCAT-1	0.04449	-0.08666	0.44047	-0.18355	0.16607	LEP	tumor-rich
CGGCAACCTAAGTCCA-1	-0.00978	0.10500	0.30831	-0.07554	0.10655	LEP	tumor-rich
CGGCAAGATGCGTCGG-1	0.10021	-0.09113	-0.59869	0.31342	0.05957	LEP	stroma-rich
CGGCAATCAACGTGGA-1	0.05760	0.04432	0.52510	0.26361	0.16505	LEP	tumor-rich
CGGCAATCGATAGCGA-1	-0.10751	-0.08595	-0.44782	0.17098	-0.05263	LEP	stroma-rich
CGGCAATTAATTGGAC-1	0.32410	0.11126	0.11415	0.46394	0.12624	LEP	tumor-rich
CGGCACTCCGGTTCGC-1	-0.13228	-0.13247	-0.59787	0.18447	0.08989	LEP	stroma-rich
CGGCACTCTAGCGGAA-1	-0.13071	-0.12607	0.63738	0.06666	-0.06174	LEP	tumor-rich
CGGCATGGCCGCTTGT-1	0.09391	0.05560	0.50199	0.65248	0.03855	LEP	tumor-rich
CGGCATTATCGCGTGG-1	0.03646	0.11294	0.21150	0.31061	0.14405	LEP	tumor-rich
CGGCCATCAACCGGCG-1	0.02742	0.05035	0.67177	0.56369	0.06633	LEP	tumor-rich
CGGCCTAACGATAATG-1	0.19528	0.07528	-0.32403	0.34569	0.08271	LEP	stroma-rich
CGGCCTGCGATCGATG-1	-0.10871	-0.12752	-0.49544	0.87056	0.00412	LEP	stroma-rich
CGGCCTGTCTGTCTGT-1	0.03370	0.02805	1.24103	0.26066	0.11878	LEP	tumor-rich
CGGCGTAGCGCTAGGA-1	-0.02963	0.00462	0.26193	0.03622	-0.02803	LEP	tumor-rich
CGGCGTTGGTTGCAGC-1	0.06107	0.06222	0.63683	-0.00619	0.24105	LEP	tumor-rich
CGGCTCGTGGAGTACT-1	-0.00362	0.07289	-0.02370	0.37469	0.02908	LEP	stroma-rich
CGGCTGACCGCTCGCA-1	0.01911	-0.09924	0.64498	0.17872	0.20379	LEP	tumor-rich
CGGCTGTACATGATGT-1	0.20206	0.00035	-0.33772	0.06265	-0.08636	LEP	stroma-rich
CGGCTGTCGGTATTAC-1	0.00348	0.09354	0.54776	0.24311	0.26683	LEP	tumor-rich
CGGCTTACGTGCACGA-1	0.01826	0.17679	-0.25729	0.13984	0.08232	LEP	stroma-rich
CGGCTTATTCGCTAAT-1	0.01785	0.08501	0.30943	0.40833	0.05050	LEP	tumor-rich
CGGCTTCCAATAGGAA-1	0.06254	0.05836	0.50348	0.21635	0.25177	LEP	tumor-rich
CGGCTTCCTACTGGTT-1	-0.12968	0.21606	0.15667	0.56311	0.12817	LEP	tumor-rich
CGGCTTCGATCTCCAA-1	0.05258	0.07538	0.62056	0.33196	0.19304	LEP	tumor-rich
CGGCTTCTACGATATG-1	-0.06379	0.08151	0.34840	-0.17325	-0.07226	LEP	tumor-rich
CGGCTTGTGCCGGCCT-1	-0.01153	0.03738	0.58743	-0.31197	0.13187	LEP	tumor-rich
CGGTAGAACGTGACTT-1	-0.09944	-0.04417	-0.33065	-0.27695	-0.01305	LEP	stroma-rich
CGGTAGATTCCTATGC-1	-0.06858	-0.03436	-0.13717	-0.17146	0.15983	LEP	stroma-rich
CGGTAGGTACTCTACG-1	-0.01544	-0.06601	0.62585	0.08354	0.30481	LEP	tumor-rich
CGGTAGGTCTGGCAGA-1	-0.23473	0.18212	-0.73582	-0.03690	-0.09855	LEP	stroma-rich
CGGTAGGTTCGATTCA-1	0.00884	0.03105	0.82532	0.08048	0.19315	LEP	tumor-rich
CGGTAGTGAGGCCGTT-1	-0.05564	0.07887	0.02914	0.31694	0.11541	LEP	tumor-rich
CGGTATAGGATGAGCG-1	0.28798	-0.04351	-0.24812	-0.22381	0.26199	LEP	stroma-rich
CGGTCAACGGCGGATT-1	0.00804	0.08672	0.20385	-0.07047	0.15858	LEP	tumor-rich
CGGTCAATTGGCCGAT-1	-0.14343	0.05008	0.70272	0.07208	0.18030	LEP	tumor-rich
CGGTCATGGAGGACTC-1	-0.00864	0.16233	0.62212	-0.19419	0.17225	LEP	tumor-rich
CGGTCCATACTTGAGC-1	0.03372	-0.01761	0.27773	0.08190	0.21104	LEP	tumor-rich
CGGTCCATGCGACTCC-1	-0.10520	-0.08228	-0.37703	0.46476	0.05047	LEP	stroma-rich
CGGTCCATTACAACTA-1	0.01482	-0.05916	-0.75887	0.26776	-0.15477	LEP	stroma-rich
CGGTCCGGTTCTTAGC-1	-0.06208	-0.00431	-0.04953	0.20724	0.02619	LEP	stroma-rich
CGGTCTAGATCGAATG-1	0.05761	0.09682	0.57236	0.66128	0.17845	LEP	tumor-rich
CGGTCTGCGGACTCTG-1	-0.03706	-0.15208	-0.64807	-0.57477	-0.11852	LEP	stroma-rich
CGGTCTGCGTATCTGG-1	-0.08598	-0.11204	-0.04315	0.79642	-0.10106	LEP	stroma-rich
CGGTCTGCTTGAATGA-1	0.01485	0.16983	-0.31187	0.60878	0.23428	LEP	stroma-rich
CGGTCTTATCCAAGCT-1	-0.04520	0.49371	-0.26220	-0.23280	0.07674	LEP	stroma-rich
CGGTCTTGCTATTCTA-1	-0.17059	0.16248	-0.25645	0.19884	0.15521	LEP	stroma-rich
CGGTGAACGGTTAGAT-1	-0.01476	0.01560	0.43626	0.19073	0.06024	LEP	tumor-rich
CGGTGAACTCACATTG-1	-0.11392	-0.06488	-0.21584	-0.26620	-0.04148	LEP	stroma-rich
CGGTGAACTCCACCAG-1	0.20489	-0.02693	0.89718	0.62679	0.08932	LEP	tumor-rich
CGGTGAGCATGTATAC-1	-0.07565	-0.06276	-0.32723	1.33095	0.19869	LEP	stroma-rich
CGGTTACCATCAACCA-1	0.03657	0.02830	0.60891	0.20557	0.06855	LEP	tumor-rich
CGGTTACGTCCATGAA-1	-0.02968	0.20184	-0.57376	0.13004	-0.00127	LEP	stroma-rich
CGGTTAGGCCTGGACG-1	-0.08388	0.10686	-0.79911	0.15877	0.01251	LEP	stroma-rich
CGGTTATCTGTCTTAA-1	-0.19050	0.10376	-0.07574	-0.26446	0.25458	LEP	stroma-rich
CGGTTGATTGAGCGCC-1	-0.02203	0.17471	0.54972	0.54672	0.08491	LEP	tumor-rich
CGTAACAGGTCTTGAA-1	-0.10912	-0.04855	-0.14537	-0.22453	0.14096	LEP	stroma-rich
CGTAACATAAGTCATC-1	-0.23579	0.00775	-0.63265	0.32852	-0.15930	LEP	stroma-rich
CGTAACATCGTTACGG-1	0.04923	-0.08343	-0.30773	0.66606	0.00168	LEP	stroma-rich
CGTAACATTCGCGATA-1	-0.02524	0.09391	-0.74292	-0.08975	-0.17966	LEP	stroma-rich
CGTAACATTGGCTGAG-1	-0.03099	-0.04230	-0.75936	0.44656	-0.00346	LEP	stroma-rich
CGTAACCGGTATGCTA-1	0.13284	0.07890	0.09633	0.35501	0.13299	LEP	tumor-rich
CGTAACCTGACATCGA-1	-0.04316	0.08143	0.68874	-0.18080	0.26132	LEP	tumor-rich
CGTAACTAACAATCAT-1	-0.07158	0.14744	-0.41551	-0.26297	-0.11705	LEP	stroma-rich
CGTAAGCCGACCGCTT-1	-0.08210	-0.10334	0.91642	-0.29276	-0.07025	LEP	tumor-rich
CGTAAGGATACGGCAC-1	-0.12460	-0.04325	-0.35326	0.35014	0.06954	LEP	stroma-rich
CGTAATGTTATCGCCG-1	-0.03898	0.17784	-0.05847	-0.20008	0.11618	LEP	stroma-rich
CGTACACGGCGTCTCC-1	-0.04721	0.01854	0.65953	0.15777	0.16112	LEP	tumor-rich
CGTACAGACGAGGACC-1	0.07896	-0.04882	-0.41481	0.23613	0.01383	LEP	stroma-rich
CGTACAGGATTGGAAT-1	-0.04664	0.04294	0.46187	-0.20270	0.27388	LEP	tumor-rich
CGTACAGGCCGCACTG-1	-0.02061	0.10546	0.15889	0.39138	0.22191	LEP	tumor-rich
CGTACAGTAAGTAATG-1	-0.07423	0.14444	-0.64252	0.41955	-0.05124	LEP	stroma-rich
CGTACATCACTGGATG-1	-0.09348	0.18383	-0.16892	1.04052	0.08831	LEP	stroma-rich
CGTACATCGATGTCTT-1	0.18350	0.21438	-0.51467	0.06782	-0.02710	LEP	stroma-rich
CGTAGCCAAGTCCGTC-1	-0.03231	-0.05936	0.30730	0.42089	-0.04949	LEP	tumor-rich
CGTAGCCTTGAGCAAG-1	0.18419	0.14863	0.02375	0.38188	0.12511	LEP	tumor-rich
CGTAGTACAAGGTACT-1	0.12274	0.06306	1.08969	0.53532	0.27898	LEP	tumor-rich
CGTAGTACGCATAATG-1	-0.04119	0.06225	0.59417	-0.34274	0.15606	LEP	tumor-rich
CGTAGTCCGAGCATGA-1	0.24724	-0.05840	-0.15894	0.40733	0.00215	LEP	stroma-rich
CGTAGTCGGTTATCGA-1	0.01152	0.06475	0.47830	0.01986	0.25928	LEP	tumor-rich
CGTAGTGACTCAAGGA-1	0.07276	-0.01578	-0.46262	0.13526	0.16377	LEP	stroma-rich
CGTAGTTATTGGTAGT-1	0.14678	0.12558	-0.35076	-0.37301	-0.02249	LEP	stroma-rich
CGTAGTTCGTTGGTAG-1	-0.01725	0.15282	-0.83802	0.27612	-0.15991	LEP	stroma-rich
CGTCAAGGCGGAATGT-1	-0.05227	0.07604	0.29893	-0.21558	0.06010	LEP	tumor-rich
CGTCAGAACGTTGCCG-1	-0.11803	0.05315	0.52171	-0.04458	0.03907	LEP	tumor-rich
CGTCCAATCTGCGTCC-1	-0.06915	-0.08520	0.49537	0.17837	0.08160	LEP	tumor-rich
CGTCCACCATTCGGTG-1	-0.05783	0.00609	0.76487	0.36878	-0.01727	LEP	tumor-rich
CGTCCATAATCCGCTT-1	0.09028	0.16241	0.99093	0.33831	0.11353	LEP	tumor-rich
CGTCCATCCTAGCATC-1	0.00342	0.10512	0.48077	0.40492	0.13500	LEP	tumor-rich
CGTCCATCGGTACCTA-1	-0.04549	0.09798	0.29658	0.54391	0.11494	LEP	tumor-rich
CGTCCATCGTCCAATA-1	0.10461	0.13732	0.48331	-0.04262	0.09452	LEP	tumor-rich
CGTCCATGTAGCGTCT-1	-0.18675	0.15990	-0.23503	0.00533	0.08328	LEP	stroma-rich
CGTCGGATCGCAGAAC-1	-0.02617	0.10713	-0.51534	0.18662	-0.12702	LEP	stroma-rich
CGTCGGCAGACGGTAT-1	-0.00451	0.00446	0.08934	0.01279	0.18599	LEP	tumor-rich
CGTCGGCGGTAGATCA-1	-0.03819	0.11070	-0.42757	-0.02651	-0.04835	LEP	stroma-rich
CGTCGGTTAGCGGTGA-1	0.05846	0.02653	-0.38758	-0.35088	0.13438	LEP	stroma-rich
CGTCTTGCAACTTCTG-1	0.01174	0.07554	0.86309	0.42321	0.17483	LEP	tumor-rich
CGTGAATGGTCCTGCG-1	-0.08233	-0.05575	-0.30940	-0.29250	-0.15068	LEP	stroma-rich
CGTGAGCAATGGACAT-1	0.11597	0.06374	0.89001	0.10274	0.28890	LEP	tumor-rich
CGTGAGCTGTTATCGT-1	-0.02445	0.09384	0.17464	0.14855	0.16601	LEP	tumor-rich
CGTGAGGAACATAGGT-1	0.03587	0.08622	0.61802	0.08338	0.14011	LEP	tumor-rich
CGTGAGGCATAATGGA-1	0.02391	-0.18804	-0.06184	-0.22712	0.16509	LEP	stroma-rich
CGTGAGGCCTACAAGT-1	-0.18614	0.05470	-0.36024	0.11082	0.00299	LEP	stroma-rich
CGTGAGGCTCTTGTGC-1	0.17857	-0.11615	-0.11851	-0.21733	-0.11928	LEP	stroma-rich
CGTGCGGATTCATGTA-1	0.16475	-0.02640	-0.65505	0.34594	0.07895	LEP	stroma-rich
CGTGGCTACATCCATT-1	-0.07622	-0.09632	-0.57952	0.12643	-0.02181	LEP	stroma-rich
CGTGGCTCCTTGTCTT-1	-0.09101	-0.07537	-0.10746	0.56430	0.02775	LEP	stroma-rich
CGTGTACGATGATTGT-1	-0.09675	-0.08342	-0.46096	-0.35880	0.16869	LEP	stroma-rich
CGTGTAGTATTCTTGG-1	-0.04265	-0.04615	0.00000	-0.11515	0.05178	LEP	stroma-rich
CGTGTATGAGGCCAGG-1	0.03671	0.12322	0.26988	-0.02207	0.23465	LEP	tumor-rich
CGTGTTAACCTGAAGC-1	0.14996	0.47992	-0.17995	0.24716	-0.03944	LEP	stroma-rich
CGTGTTACCATATGTA-1	0.18975	0.15066	0.77364	0.36156	0.08247	LEP	tumor-rich
CGTGTTAGATGGTATC-1	-0.25649	0.12251	-0.61569	-0.12947	-0.04787	LEP	stroma-rich
CGTGTTGGACGTCTGG-1	-0.16399	0.20851	0.31188	0.00524	0.13525	LEP	tumor-rich
CGTTAACGAGAAGGAC-1	0.15906	-0.16514	-0.60819	0.33287	-0.11844	LEP	stroma-rich
CGTTACAGTGCACTCA-1	0.02260	0.13046	0.72243	-0.06154	0.11099	LEP	tumor-rich
CGTTACGTGCAGATGG-1	-0.02085	0.13346	-0.18630	0.21746	0.00338	LEP	stroma-rich
CGTTCCTGTCACCGTG-1	-0.16097	0.03614	-0.49129	0.24232	-0.04463	LEP	stroma-rich
CGTTCTCGAGGTTCGC-1	-0.16508	0.00507	-0.64268	0.23097	0.00499	LEP	stroma-rich
CGTTGGTCGTCACTGT-1	0.10948	-0.00583	0.18788	0.38186	0.12800	LEP	tumor-rich
CGTTGGTGGCGTCTGC-1	-0.01053	0.13075	0.08894	0.09273	0.15786	LEP	tumor-rich
CGTTGTGAGCAAGTGG-1	0.03370	-0.00198	0.16909	0.25974	0.01347	LEP	tumor-rich
CTAACAAGGCTCACTT-1	-0.06229	0.02657	0.19753	0.10941	0.15771	LEP	tumor-rich
CTAACAAGGTGATCAA-1	-0.04793	0.17241	-0.00881	0.22827	0.27651	LEP	stroma-rich
CTAACAGTATACCGGC-1	-0.19753	-0.00217	-0.56629	0.05713	-0.02422	LEP	stroma-rich
CTAACCTCACCGAAGA-1	-0.24510	0.01587	-0.21847	0.36062	0.04032	LEP	stroma-rich
CTAACGTGAATGATGT-1	0.07058	-0.10400	0.46441	0.08773	0.09773	LEP	tumor-rich
CTAACGTTAGGCAATG-1	0.09696	-0.01940	-0.38724	-0.47827	-0.09341	LEP	stroma-rich
CTAAGAACCTTATTCC-1	-0.04667	-0.03006	-0.12000	-0.18532	0.01659	LEP	stroma-rich
CTAAGAATTGATTCAC-1	-0.09739	-0.05270	-0.23374	-0.17864	0.12860	LEP	stroma-rich
CTAAGACCTTGGTTAA-1	-0.03477	0.10811	0.46859	0.36214	0.24648	LEP	tumor-rich
CTAAGAGGCTATGTTC-1	-0.09302	0.08372	-0.56206	0.61438	-0.07280	LEP	stroma-rich
CTAAGCCTAGGCTCAT-1	0.11349	0.06617	0.80375	0.66452	0.09765	LEP	tumor-rich
CTAAGCGTGCCTGCAA-1	-0.04031	0.09834	0.12995	-0.15214	0.20694	LEP	tumor-rich
CTAAGCTCCACGATCA-1	0.19407	0.10544	0.54832	0.17527	0.12346	LEP	tumor-rich
CTAAGCTTACAGTACG-1	0.22195	0.11281	-0.40229	0.34920	0.06747	LEP	stroma-rich
CTAAGTCAAGATCATG-1	0.06817	-0.01143	0.13144	0.31343	0.20275	LEP	tumor-rich
CTAAGTGGCCGATTAG-1	-0.21119	0.13178	0.20870	-0.41704	0.31418	LEP	tumor-rich
CTAATCACTCCGAGAC-1	0.06391	0.06435	0.40771	0.05201	0.28359	LEP	tumor-rich
CTAATCTGGCCGTGTT-1	-0.20936	0.01255	-0.10131	0.20743	0.02948	LEP	stroma-rich
CTAATGACATCATTCT-1	-0.09530	-0.08073	-0.27377	0.19087	-0.08295	LEP	stroma-rich
CTAATGAGCGAGGCTA-1	-0.05521	-0.00102	-0.07148	0.00152	-0.10264	LEP	stroma-rich
CTAATTACGCAATGGA-1	-0.08533	-0.09741	-0.43746	-0.28921	-0.06099	LEP	stroma-rich
CTAATTATGTTGCCGC-1	0.03064	0.12560	0.13849	0.59548	0.00283	LEP	tumor-rich
CTACAACCGCTGTCTA-1	0.09791	0.07059	-0.44318	-0.07820	0.05301	LEP	stroma-rich
CTACAGAACCAGTTGA-1	0.02076	0.02975	0.17107	0.22901	0.16629	LEP	tumor-rich
CTACAGAATTAATGAC-1	-0.08042	0.05572	-0.40031	0.18541	0.03744	LEP	stroma-rich
CTACAGATCGGTCGCC-1	-0.01847	0.03113	-0.09860	-0.27885	0.13913	LEP	stroma-rich
CTACAGATGGTCATAC-1	-0.10604	0.01618	0.32783	-0.01925	0.30481	LEP	tumor-rich
CTACAGCGTCTACACT-1	-0.20911	0.05578	-0.59641	0.16661	-0.09653	LEP	stroma-rich
CTACAGGTAGAATTCC-1	-0.16616	0.22300	-0.20791	0.33198	-0.03150	LEP	stroma-rich
CTACAGGTCGCTAAGC-1	0.03543	-0.00852	0.38848	-0.03322	0.06952	LEP	tumor-rich
CTACATCTACTGGCTT-1	0.02008	-0.07054	0.58234	0.00018	0.11185	LEP	tumor-rich
CTACATGGTGACCGAA-1	-0.00752	0.04678	0.32530	0.23524	0.16512	LEP	tumor-rich
CTACCAGACCTCTTAG-1	-0.02981	-0.09386	-0.65723	0.19326	-0.07615	LEP	stroma-rich
CTACCAGGAGACATCT-1	-0.05309	0.08237	0.30938	0.30538	0.17368	LEP	tumor-rich
CTACCATCGATGAGAA-1	0.13189	0.08210	0.87172	0.12999	0.33522	LEP	tumor-rich
CTACCTGTAATAAGCA-1	-0.01185	-0.01617	0.88874	0.41349	0.17991	LEP	tumor-rich
CTACCTGTGCGATGTA-1	-0.08685	-0.11598	-0.47424	0.11994	0.07060	LEP	stroma-rich
CTACCTTATCAACTGA-1	-0.13031	-0.08971	-0.46837	-0.40341	-0.02682	LEP	stroma-rich
CTACGAATCAGCCTGG-1	0.13465	0.03779	0.49201	0.71640	0.16635	LEP	tumor-rich
CTACGAATTGGCTGGT-1	0.08130	0.07934	-0.08131	-0.15180	-0.00359	LEP	stroma-rich
CTACGAGCCGGACGGT-1	0.05482	-0.13308	-0.50334	-0.42862	0.07828	LEP	stroma-rich
CTACGAGCCTGGAGAC-1	0.02830	-0.01691	0.51335	-0.03298	-0.15003	LEP	tumor-rich
CTACGATGCGTCCGGC-1	-0.12778	0.13729	0.11963	0.05695	0.01511	LEP	tumor-rich
CTACGCCGCATGAATG-1	0.10027	0.16908	0.34263	-0.01254	0.18240	LEP	tumor-rich
CTACGCCTCCGCGTAT-1	-0.10341	-0.10904	-0.24873	-0.35653	0.08315	LEP	stroma-rich
CTACGCTACATCTGTT-1	0.18049	0.07344	-0.03092	-0.36349	0.11731	LEP	stroma-rich
CTACGCTTAGAAGTGC-1	-0.13930	0.11404	-0.59761	0.08955	-0.04890	LEP	stroma-rich
CTACTCGGCGTCTAAT-1	-0.16946	0.12215	0.40168	0.33445	0.06812	LEP	tumor-rich
CTACTGAGTGACGGAC-1	0.05376	-0.07344	-0.26595	-0.02079	0.03534	LEP	stroma-rich
CTACTGCTCCGACAGT-1	-0.05652	0.03352	0.76712	0.02203	0.14063	LEP	tumor-rich
CTACTTATGAACATAA-1	0.12664	0.28707	-0.31728	0.17639	-0.10715	LEP	stroma-rich
CTAGACCTATCGTGCC-1	-0.00437	0.07769	0.32374	0.32724	0.17860	LEP	tumor-rich
CTAGACGATTGAGCTA-1	-0.19399	0.05530	0.51518	0.19408	0.18789	LEP	tumor-rich
CTAGATACAGACCGAG-1	-0.11463	0.18627	-0.41077	0.58014	0.08707	LEP	stroma-rich
CTAGCAACCAGTGCGG-1	0.15977	0.12318	-0.38129	-0.09079	-0.05965	LEP	stroma-rich
CTAGCACGATCACTGT-1	-0.03740	-0.02812	-0.73997	0.27370	0.04977	LEP	stroma-rich
CTAGCACGCCAAGCTT-1	-0.00499	0.01656	0.30199	0.58931	0.08977	LEP	tumor-rich
CTAGCATAGAGCGAGC-1	-0.02470	0.04147	0.93849	0.52454	0.18394	LEP	tumor-rich
CTAGCATCGACTTGTT-1	0.03472	0.01430	0.29743	0.51046	0.06947	LEP	tumor-rich
CTAGCCGAAGATGGAC-1	0.16663	0.13279	0.72043	0.02013	0.22594	LEP	tumor-rich
CTAGCCGATTCAATGC-1	-0.14105	0.04049	0.33082	-0.12546	0.04487	LEP	tumor-rich
CTAGCGCCTAGCTTAA-1	-0.08700	0.09415	0.56773	0.48865	0.19269	LEP	tumor-rich
CTAGGACGCAAGCATT-1	-0.03434	0.16463	0.44870	0.02807	0.32207	LEP	tumor-rich
CTAGGCCAGGAGTACG-1	0.04825	0.00606	-0.56585	0.28535	-0.03832	LEP	stroma-rich
CTAGTCAGGCGACAGT-1	-0.09744	0.07574	-0.46783	0.31559	-0.15393	LEP	stroma-rich
CTAGTGTAGTAAGTCA-1	-0.11577	0.14101	-0.12063	-0.29589	-0.00043	LEP	stroma-rich
CTAGTGTTCAGATCCG-1	0.04566	-0.02269	0.33924	0.30014	0.20599	LEP	tumor-rich
CTAGTTATGTCCAAGG-1	0.06337	0.06563	0.33023	0.32290	0.12048	LEP	tumor-rich
CTAGTTCTACATGACG-1	-0.07663	0.02074	-0.24444	0.11396	-0.03431	LEP	stroma-rich
CTAGTTGTCCACGTCA-1	0.10181	0.28683	-0.38003	-0.36465	-0.05161	LEP	stroma-rich
CTAGTTGTGCGTCACT-1	0.03375	0.18152	0.30163	-0.07421	0.22128	LEP	tumor-rich
CTATAACCAGCAGTAT-1	-0.10116	-0.05132	1.29943	0.18314	0.01020	LEP	tumor-rich
CTATAACTACGCCTGG-1	0.01243	0.05903	0.52809	0.24352	0.12360	LEP	tumor-rich
CTATAACTCCTGGAGG-1	0.09911	0.06243	0.89063	0.28575	0.24780	LEP	tumor-rich
CTATACCGACTCGCAT-1	-0.17724	-0.17667	0.04051	-0.10069	0.12906	LEP	tumor-rich
CTATAGATCCACAAGC-1	-0.09502	0.08239	-0.43504	0.27835	0.02738	LEP	stroma-rich
CTATAGGTTGATGCCT-1	-0.00330	0.13603	-0.17618	0.30063	0.08583	LEP	stroma-rich
CTATCCATAATCGATA-1	0.09196	-0.00581	-0.01868	0.40271	-0.12654	LEP	stroma-rich
CTATCCATTAGCTCGA-1	-0.17864	-0.03434	0.18275	0.45747	0.21413	LEP	tumor-rich
CTATCCATTGAGCCAC-1	-0.05236	0.09663	-0.15117	0.37433	0.05812	LEP	stroma-rich
CTATCCGCTGCAATTG-1	0.14764	0.21957	0.10322	-0.21345	0.16733	LEP	tumor-rich
CTATCCGTACGTTGGC-1	0.01320	-0.19431	-0.26707	0.19751	-0.04442	LEP	stroma-rich
CTATCGAATGGTCTGT-1	0.05046	0.05125	0.78817	0.28171	0.22697	LEP	tumor-rich
CTATCGAGATGCCTAC-1	-0.02433	-0.07168	-0.29101	0.13736	0.07983	LEP	stroma-rich
CTATCGATCACGATTA-1	0.05455	-0.10591	-0.33633	-0.02833	-0.05908	LEP	stroma-rich
CTATCGATCTGCGTGA-1	-0.05816	-0.05167	0.16826	-0.13889	0.14673	LEP	tumor-rich
CTATCGCAGTCAATGG-1	-0.09616	-0.06635	-0.52288	-0.23078	0.01078	LEP	stroma-rich
CTATCGGATATCGGAG-1	0.15286	0.05329	-0.19106	0.27949	0.14920	LEP	stroma-rich
CTATCGGCCGTCTGAC-1	-0.09500	-0.09210	-0.71132	0.38084	0.08345	LEP	stroma-rich
CTATCGGCTTAACTAG-1	-0.01149	0.03347	-0.56445	0.24708	-0.04830	LEP	stroma-rich
CTATCGTATCAGCGTG-1	-0.04657	-0.04710	-0.49622	0.16073	0.02653	LEP	stroma-rich
CTATCGTATGATAGGA-1	0.10661	0.05235	0.57820	0.17441	0.11110	LEP	tumor-rich
CTATCGTATGGTGATG-1	-0.08281	0.11273	-0.29526	-0.24996	-0.11229	LEP	stroma-rich
CTATCGTTACAACCTT-1	0.02385	0.04998	0.15165	0.36057	0.21117	LEP	tumor-rich
CTATCGTTATCCGTCG-1	0.03912	0.02751	0.37637	-0.13636	0.26367	LEP	tumor-rich
CTATCGTTCCGCTCGT-1	-0.01634	0.00389	0.65470	0.08566	0.22693	LEP	tumor-rich
CTATGCAACAGAGTCG-1	-0.08599	0.10171	-0.25100	-0.32533	-0.08921	LEP	stroma-rich
CTATGCACCAATCCAG-1	0.09289	-0.02711	0.68394	0.20008	0.11511	LEP	tumor-rich
CTATGCAGACCTCGCC-1	0.02398	0.00860	-0.04318	0.35248	0.13575	LEP	stroma-rich
CTATGCCACGAGGCTG-1	-0.01632	0.00789	-0.20251	0.38434	0.13813	LEP	stroma-rich
CTATGCCATGCGGACA-1	0.09332	-0.07111	0.04370	0.21840	0.12714	LEP	tumor-rich
CTATGCCATTGGAGAA-1	0.07268	0.04710	0.84276	0.18466	0.14864	LEP	tumor-rich
CTATGCCGTACAGCGT-1	-0.07152	-0.02353	-0.60950	0.16500	-0.10002	LEP	stroma-rich
CTATGCCTATTGATCT-1	-0.05568	-0.03665	-0.06097	-0.32156	0.00590	LEP	stroma-rich
CTATGGCCAACGCCGG-1	-0.09532	-0.15804	-0.60621	0.65178	-0.11225	LEP	stroma-rich
CTATGTAGCGCAGATA-1	0.06694	0.10081	-0.67699	0.20738	-0.10036	LEP	stroma-rich
CTATGTAGGCCGAACG-1	-0.12955	0.12991	-0.41595	-0.13251	-0.06722	LEP	stroma-rich
CTATGTCACTTGAACC-1	0.03163	0.07282	0.69733	0.47272	0.17790	LEP	tumor-rich
CTATGTCAGGAACCTC-1	0.08234	0.04595	0.73909	-0.15788	0.14295	LEP	tumor-rich
CTATGTCGTTCCGCTA-1	-0.01320	0.05768	0.09700	0.06910	-0.04759	LEP	tumor-rich
CTATGTGCCTGGTAGG-1	0.04392	0.08891	0.10317	0.20085	0.18297	LEP	tumor-rich
CTATGTGCCTTCAGGT-1	-0.02741	0.02934	0.30825	0.26965	0.07298	LEP	tumor-rich
CTATGTGCGGTTGACT-1	0.05618	-0.11150	0.53903	-0.04829	0.22237	LEP	tumor-rich
CTATTAAGCCAGCACT-1	0.10427	0.13392	0.77756	0.54868	0.18343	LEP	tumor-rich
CTATTACCGTCATATT-1	-0.10714	-0.05605	-0.23566	0.30768	-0.14474	LEP	stroma-rich
CTATTAGACTAAGTGG-1	0.10361	0.06422	1.14729	0.34734	0.19551	LEP	tumor-rich
CTATTAGCGGCTTCGT-1	0.16578	0.08693	0.14110	0.22501	0.24527	LEP	tumor-rich
CTATTAGCTTCCATTC-1	0.08432	0.08946	-0.06316	0.31552	0.12901	LEP	stroma-rich
CTATTAGTACTGGCTC-1	-0.04311	-0.16799	-0.37910	-0.05936	-0.11937	LEP	stroma-rich
CTATTATGAGATACGA-1	-0.14086	0.20278	-0.32711	0.29455	-0.01829	LEP	stroma-rich
CTATTATGGCACCTCG-1	-0.00346	0.05594	-0.28597	0.10660	-0.00309	LEP	stroma-rich
CTATTCCGGCCGTCGG-1	-0.01618	0.01166	0.32674	0.05080	0.20787	LEP	tumor-rich
CTATTCCTTACCTAGG-1	-0.08698	0.07520	-0.59197	0.28539	0.02600	LEP	stroma-rich
CTATTCGTCTTACATA-1	0.13113	0.06264	-0.25726	0.07282	0.02904	LEP	stroma-rich
CTATTCTGCAACGCAC-1	-0.10250	-0.08455	1.30702	0.29412	0.27524	LEP	tumor-rich
CTATTCTGTAGGACCT-1	-0.04572	0.04991	-0.58989	-0.04943	-0.10067	LEP	stroma-rich
CTCAACATCCAGATTG-1	-0.15897	0.02828	-0.30955	0.37067	-0.03465	LEP	stroma-rich
CTCAAGAAGCACTGTA-1	-0.07438	-0.04604	-0.11157	-0.20714	-0.08379	LEP	stroma-rich
CTCAAGATACAACGGA-1	-0.07626	0.03024	-0.47878	0.70083	0.02469	LEP	stroma-rich
CTCAATACAGTATTCT-1	0.02432	0.07566	0.44619	0.27451	0.22692	LEP	tumor-rich
CTCAATACGTTAACCG-1	0.13258	0.06463	0.17419	-0.23411	0.12536	LEP	tumor-rich
CTCAATGACCATTAAG-1	-0.04855	-0.07948	0.06669	-0.21115	0.09958	LEP	tumor-rich
CTCAATGACCGTGGTA-1	-0.02722	0.00737	0.22856	0.05153	0.18870	LEP	tumor-rich
CTCAATTGGCGATTCC-1	-0.03360	0.10352	0.84716	0.56993	0.18576	LEP	tumor-rich
CTCACCAGGAATTGAC-1	0.00592	0.08029	0.63745	0.10355	0.26114	LEP	tumor-rich
CTCACCAGTGTAAGTT-1	-0.09570	0.11647	-0.67835	-0.03908	-0.10118	LEP	stroma-rich
CTCACCGAGGATCCGC-1	-0.09822	-0.08092	0.49381	0.19765	-0.05869	LEP	tumor-rich
CTCACCGCCTGTGAGT-1	-0.00949	-0.00761	0.35522	-0.13862	0.22390	LEP	tumor-rich
CTCACCGCTCTAATCA-1	-0.14570	0.03695	-0.37327	0.01043	-0.10515	LEP	stroma-rich
CTCACCGTGACTCGGA-1	-0.00030	0.09609	0.73477	0.52470	0.14074	LEP	tumor-rich
CTCACCTGAGACTAAG-1	0.13992	-0.03388	-0.56743	0.00944	-0.02589	LEP	stroma-rich
CTCACCTGCCGACTAA-1	0.02014	-0.06258	-0.07314	-0.28005	0.00439	LEP	stroma-rich
CTCACCTGGCTTAGGT-1	0.02934	0.07285	0.55534	0.07720	0.25337	LEP	tumor-rich
CTCACCTTAATAAGAT-1	0.01402	0.13194	0.20762	0.06752	0.15864	LEP	tumor-rich
CTCACCTTATCTCCTT-1	0.10973	0.24229	-0.65238	0.76413	0.27159	LEP	stroma-rich
CTCACCTTCGGCGTCT-1	-0.08882	0.04148	0.29778	-0.09663	0.33300	LEP	tumor-rich
CTCACCTTCTGAAGTA-1	0.05216	-0.01810	-0.14541	0.06772	0.11159	LEP	stroma-rich
CTCACCTTGGAAGAAC-1	0.04683	0.02528	0.37005	0.40343	0.23828	LEP	tumor-rich
CTCACGAGTAGATGAG-1	-0.19962	0.02130	-0.25674	0.32622	0.00426	LEP	stroma-rich
CTCACGATCTCCGGAG-1	0.05713	-0.14381	-0.42863	-0.05064	-0.04977	LEP	stroma-rich
CTCACGTATTCAAGCG-1	0.04547	0.08065	-0.17738	-0.12122	-0.09726	LEP	stroma-rich
CTCACGTGAACGTATT-1	0.06494	0.09929	0.61761	0.24316	0.26834	LEP	tumor-rich
CTCACGTTCGGTCTGC-1	-0.12996	-0.00254	-0.10378	0.07779	0.07061	LEP	stroma-rich
CTCAGAAGACAACTCG-1	-0.10190	-0.01710	-0.72773	-0.15595	0.07940	LEP	stroma-rich
CTCAGGATACGCGGCA-1	0.03773	-0.15796	-0.36360	0.00539	0.18049	LEP	stroma-rich
CTCAGGCACGTCAGAC-1	0.37316	-0.08185	-0.27062	0.75803	0.10169	LEP	stroma-rich
CTCAGGTCACTACAGC-1	-0.17444	-0.02662	-0.71242	0.31061	0.09079	LEP	stroma-rich
CTCAGGTCGTGCTCGC-1	-0.04926	-0.03535	-0.44856	0.45211	-0.00477	LEP	stroma-rich
CTCATAATAGCACCGT-1	0.00711	0.35317	-0.53347	0.16795	-0.05432	LEP	stroma-rich
CTCATAGCCAATGTCG-1	-0.10712	0.03603	-0.49658	-0.10621	-0.02716	LEP	stroma-rich
CTCATATGATAACTAT-1	-0.13804	-0.00189	0.28645	0.23240	0.05271	LEP	tumor-rich
CTCATATGTAACCGTG-1	0.10147	0.14604	0.71120	0.34069	0.23859	LEP	tumor-rich
CTCATATGTCCGTGAC-1	-0.08076	0.00126	-0.17841	0.27772	0.05343	LEP	stroma-rich
CTCATATTACTATGGT-1	-0.07930	0.14203	-0.16317	0.37743	0.06987	LEP	stroma-rich
CTCATCCTCGGCAAGT-1	0.02478	0.03558	0.44077	0.29627	0.15934	LEP	tumor-rich
CTCATCCTGGCAAGTC-1	0.02843	0.06712	-0.09523	-0.14623	0.11197	LEP	stroma-rich
CTCATCTATTCGATAC-1	0.14410	0.03952	0.63937	0.36121	0.28183	LEP	tumor-rich
CTCCAACCTTAGCCGG-1	0.22181	0.07858	-0.36553	0.39894	0.07907	LEP	stroma-rich
CTCCAAGCGTCCTTCA-1	-0.07749	-0.02957	0.62056	0.06138	0.08670	LEP	tumor-rich
CTCCAAGTGAGCCAAT-1	-0.08691	-0.02107	0.22029	0.43455	0.19996	LEP	tumor-rich
CTCCAATGGTCGCAGA-1	-0.11912	0.03942	-0.61167	0.10527	0.22058	LEP	stroma-rich
CTCCACATAACCTATT-1	-0.06726	0.19062	-0.32299	0.42407	-0.06866	LEP	stroma-rich
CTCCACGCTAGCTAGA-1	-0.14753	0.11711	-0.29983	-0.42727	0.06376	LEP	stroma-rich
CTCCACTGGCTAATGG-1	-0.20511	-0.12125	-0.49229	0.74255	0.03338	LEP	stroma-rich
CTCCAGAATATTACAT-1	-0.12288	0.24820	-0.36446	0.08627	0.02741	LEP	stroma-rich
CTCCAGTGGTTCTAGG-1	-0.12875	0.04339	-0.47745	0.50307	-0.07267	LEP	stroma-rich
CTCCATGGCGACCAGT-1	0.00970	0.10768	0.30394	0.32574	0.18844	LEP	tumor-rich
CTCCGCAGCCGCCTTC-1	-0.07503	0.05785	-0.61547	-0.06339	-0.01792	LEP	stroma-rich
CTCCGGATCCTCGCTC-1	0.05368	-0.11724	-0.51645	-0.01439	-0.14930	LEP	stroma-rich
CTCCGGCCTACAGCTT-1	-0.04772	0.00134	0.73634	0.60237	0.15612	LEP	tumor-rich
CTCCGGTTATGGCACG-1	0.02093	0.06319	0.32315	0.26198	0.21015	LEP	tumor-rich
CTCCGGTTCAGCGGAT-1	0.08467	0.19536	1.15880	0.14862	0.21465	LEP	tumor-rich
CTCCGTAAGGTCTGTT-1	-0.08009	-0.04213	-0.06007	-0.20191	-0.08689	LEP	stroma-rich
CTCCTACATTGTATCT-1	-0.05710	0.08193	0.17895	-0.29793	0.17747	LEP	tumor-rich
CTCCTACCTCGTGGTA-1	-0.17580	0.01683	0.37651	0.62913	-0.07007	LEP	tumor-rich
CTCCTACTTGAGTAAG-1	-0.05501	-0.06150	-0.80526	0.03337	-0.05668	LEP	stroma-rich
CTCCTGTCGAAGCCAA-1	0.03985	-0.05606	0.61390	0.22498	0.23949	LEP	tumor-rich
CTCCTTATCTTAAGAC-1	-0.07343	-0.09128	-0.74571	0.13617	-0.05079	LEP	stroma-rich
CTCCTTATGGAACCTT-1	-0.05806	0.10425	-0.21196	0.17203	0.05823	LEP	stroma-rich
CTCCTTGAATTGGCTA-1	-0.23546	-0.04400	-0.02867	-0.20870	0.13563	LEP	stroma-rich
CTCGACAGCACTCGGA-1	-0.01841	-0.12231	-0.72954	0.22782	-0.02838	LEP	stroma-rich
CTCGACATAATTCTAT-1	-0.05811	-0.03972	-0.28317	0.65466	-0.02165	LEP	stroma-rich
CTCGACTCCTAATGGA-1	0.12213	0.15025	-0.34942	0.02768	0.16468	LEP	stroma-rich
CTCGATGCCGTGCGTC-1	0.08388	0.09940	0.01537	0.18522	0.15960	LEP	tumor-rich
CTCGATGCGGTGTTAA-1	0.03780	0.01230	0.11983	0.14071	0.17658	LEP	tumor-rich
CTCGATGTTGAACGGC-1	0.11663	0.07998	-0.60374	0.41034	-0.04377	LEP	stroma-rich
CTCGATGTTGCTATGT-1	-0.18830	0.10425	-0.54536	0.03852	0.15622	LEP	stroma-rich
CTCGCATACTCAACTC-1	0.07491	-0.11043	0.55521	0.02294	-0.04105	LEP	tumor-rich
CTCGCTAGCACCATCT-1	-0.05015	0.04363	-0.60540	0.36243	-0.00207	LEP	stroma-rich
CTCGCTGTTCATAGAT-1	0.28950	0.01239	-0.58470	0.37318	0.08665	LEP	stroma-rich
CTCGGAAGGCCAATAA-1	0.02612	0.08609	0.25750	-0.01756	0.23580	LEP	tumor-rich
CTCGGAATTCTTGATA-1	-0.16004	-0.09659	-0.42946	0.84645	-0.03710	LEP	stroma-rich
CTCGGACTAACGTGGC-1	-0.06661	0.06390	0.01810	-0.18268	0.24961	LEP	tumor-rich
CTCGGAGCGAATCATG-1	-0.04352	-0.06311	-0.20309	0.21563	-0.03570	LEP	stroma-rich
CTCGGAGTCTTAAGGA-1	-0.08811	0.35134	-0.13994	0.54505	-0.02561	LEP	stroma-rich
CTCGGATCGGAATACG-1	-0.04788	0.00464	0.04215	-0.02447	0.00887	LEP	tumor-rich
CTCGGATTGAATGAGT-1	0.06998	0.15096	0.20812	0.25455	0.26726	LEP	tumor-rich
CTCGGTCTCCAACTGC-1	-0.12647	-0.11915	-0.23878	0.11993	-0.08244	LEP	stroma-rich
CTCGTCGCGATTAATT-1	-0.05843	0.21055	0.43191	-0.52358	0.25850	LEP	tumor-rich
CTCGTGTCTTGGCCGC-1	0.03368	0.04497	0.57124	0.06104	0.18131	LEP	tumor-rich
CTCGTTCACGACTGCA-1	-0.06495	-0.02569	-0.61726	0.41460	0.09972	LEP	stroma-rich
CTCGTTCTGTCACGTT-1	-0.16044	-0.01906	-0.54986	0.31919	-0.03806	LEP	stroma-rich
CTCGTTGCACCTTAGG-1	0.14597	0.10936	0.24344	0.23392	0.13522	LEP	tumor-rich
CTGAAGCGGTTGCCAA-1	0.21173	0.11763	-0.02112	0.49402	0.02203	LEP	stroma-rich
CTGAAGCGTGGTGAAG-1	0.13839	0.20007	0.86371	0.03563	-0.00054	LEP	tumor-rich
CTGAAGGAGCCTCACT-1	0.15871	0.06091	0.13272	-0.01554	0.22791	LEP	tumor-rich
CTGAAGGATCTGTACG-1	-0.10454	-0.06361	-0.11064	-0.20702	0.09386	LEP	stroma-rich
CTGAAGGTGCTCGAGG-1	-0.06637	-0.03231	-0.67170	-0.17411	-0.00789	LEP	stroma-rich
CTGAAGTGCTATGGCG-1	-0.12564	-0.00408	-0.65103	0.02003	-0.01207	LEP	stroma-rich
CTGAAGTGCTGAACTG-1	0.10362	-0.01058	0.00118	0.22272	0.07959	LEP	tumor-rich
CTGAAGTTGCAGACAT-1	0.08118	-0.10252	-0.12128	0.15274	-0.00349	LEP	stroma-rich
CTGAAGTTGGATCGGC-1	0.02083	0.07590	0.68025	0.31670	0.15313	LEP	tumor-rich
CTGAATACCAGCAACG-1	0.03232	0.12102	0.29215	0.17389	0.11114	LEP	tumor-rich
CTGAATTCGCGTAAGG-1	0.05885	0.15998	-0.44857	0.26078	0.13953	LEP	stroma-rich
CTGACCGCCAATTAGG-1	0.10124	0.07721	0.63631	0.29392	0.29469	LEP	tumor-rich
CTGACGTATCCGCCAC-1	0.10094	0.00406	0.85166	0.09005	0.30931	LEP	tumor-rich
CTGACTCCGAATCTGC-1	0.05747	-0.12231	-0.49163	0.46929	-0.07213	LEP	stroma-rich
CTGACTCGAATTCGTG-1	-0.06704	0.09064	1.01210	0.63769	0.03332	LEP	tumor-rich
CTGACTGATTAGGCTG-1	-0.05924	-0.05127	0.06485	0.50233	-0.00615	LEP	tumor-rich
CTGACTGGTATGATAA-1	-0.05957	0.02600	-0.08564	0.32124	-0.05095	LEP	stroma-rich
CTGACTGGTCTACCTT-1	0.12066	-0.11134	-0.29306	-0.03315	-0.10385	LEP	stroma-rich
CTGACTGTGGCCGGTT-1	0.02824	0.04122	0.23431	-0.19464	0.12387	LEP	tumor-rich
CTGAGGTTCAGGCCAA-1	-0.00783	0.13181	0.63808	0.36501	0.26035	LEP	tumor-rich
CTGATATTAGTAATCG-1	-0.05404	-0.01518	0.37682	0.12557	0.23880	LEP	tumor-rich
CTGATCCAACGCACAA-1	-0.15470	-0.09312	-0.43907	-0.31463	-0.06290	LEP	stroma-rich
CTGATGCCAATGCTTC-1	0.18694	0.01977	0.16514	0.53727	0.09307	LEP	tumor-rich
CTGATTAACAGCGGCC-1	0.00546	-0.04689	0.49233	0.27823	0.23945	LEP	tumor-rich
CTGATTAACGCAAGAA-1	0.03729	0.01522	-0.33150	-0.48443	0.08357	LEP	stroma-rich
CTGATTACAATGTCCA-1	-0.03133	-0.01513	-0.27598	-0.20594	0.10396	LEP	stroma-rich
CTGATTAGGTGCCGAA-1	-0.21502	-0.01014	0.05983	-0.63710	0.18920	LEP	tumor-rich
CTGATTATCAATAGAC-1	0.09741	0.26049	-0.24804	0.08443	0.20072	LEP	stroma-rich
CTGATTGCTTCTAGAA-1	0.06402	0.00597	-0.10431	0.35882	0.05664	LEP	stroma-rich
CTGCACTACACTCATT-1	-0.07601	-0.05146	0.23050	0.14969	0.15979	LEP	tumor-rich
CTGCATAATGGACCGC-1	-0.04470	-0.00092	0.53369	0.24309	0.13156	LEP	tumor-rich
CTGCATTGAGCACGGA-1	-0.00103	0.08529	-0.75899	0.16108	-0.07111	LEP	stroma-rich
CTGCATTGAGGAGCCG-1	-0.17003	0.01787	-0.56914	0.12820	-0.07428	LEP	stroma-rich
CTGCCACGTGTTAATA-1	0.09671	0.04999	0.85049	0.32686	0.17541	LEP	tumor-rich
CTGCCGATTGCGATGT-1	-0.04116	0.15893	0.25768	0.26158	0.24645	LEP	tumor-rich
CTGCCGCTTCGGCTGC-1	0.19511	0.00299	-0.11449	0.42185	0.05325	LEP	stroma-rich
CTGCCGTGAAGTCGCA-1	-0.06395	0.04456	-0.53372	0.11647	-0.13572	LEP	stroma-rich
CTGCCTAGTGAATAAG-1	-0.14508	0.24445	-0.22609	0.46938	-0.04902	LEP	stroma-rich
CTGCCTATACATCCAT-1	0.08355	0.06858	-0.35048	0.31318	0.31686	LEP	stroma-rich
CTGCCTCCAACACCAG-1	-0.03329	-0.00717	0.49687	0.09964	-0.09895	LEP	tumor-rich
CTGCCTGACACGGATT-1	0.21954	0.14337	-0.03838	0.45402	0.14430	LEP	stroma-rich
CTGCCTGTGAGCCAGG-1	-0.03726	-0.08285	0.68510	0.23789	0.01435	LEP	tumor-rich
CTGCGGAAGCAGGCAC-1	0.10749	0.06121	0.37003	0.62410	0.18063	LEP	tumor-rich
CTGCGGCATGTAAGTA-1	0.08176	0.01648	0.83824	0.14459	0.33661	LEP	tumor-rich
CTGCTCATTAGAGTGC-1	-0.04991	0.12709	-0.27370	-0.46380	0.14065	LEP	stroma-rich
CTGCTTACTGTCGCGA-1	-0.04372	0.06240	0.29218	0.11897	0.24070	LEP	tumor-rich
CTGGAACAATAGACAG-1	0.07982	-0.16300	-0.48810	0.19979	0.04180	LEP	stroma-rich
CTGGAAGGCAACCGGA-1	0.01910	-0.00166	-0.05471	0.37113	0.28417	LEP	stroma-rich
CTGGAAGTCTAAGCTC-1	-0.01748	0.07629	0.28905	0.24422	0.01720	LEP	tumor-rich
CTGGAATAGGAATTAG-1	0.08177	0.07394	0.69905	0.23847	0.18017	LEP	tumor-rich
CTGGAATAGTGCAAGT-1	0.01000	0.08847	0.23502	-0.04425	0.15559	LEP	tumor-rich
CTGGAATGGATAGTTC-1	0.13403	0.09184	0.69897	0.24296	0.27360	LEP	tumor-rich
CTGGAATGGATCAGCA-1	0.06184	0.02180	-0.42862	0.04770	0.14384	LEP	stroma-rich
CTGGAATGTCCGGCCT-1	-0.00770	0.10019	-0.64412	0.62039	-0.08473	LEP	stroma-rich
CTGGAATTCGGCGAAC-1	0.05330	-0.04596	0.61356	-0.00879	0.15398	LEP	tumor-rich
CTGGCACTTCTGCGTC-1	0.01987	-0.04036	0.70699	0.64315	0.09906	LEP	tumor-rich
CTGGCCTGGAACAATT-1	0.09275	0.04327	0.27485	0.15913	0.21903	LEP	tumor-rich
CTGGCCTTACCACTTA-1	0.01281	0.04770	0.34491	0.38334	0.12606	LEP	tumor-rich
CTGGCCTTGCATTCGG-1	0.01659	0.04381	0.42059	0.24532	0.17057	LEP	tumor-rich
CTGGCGCACTTACTGA-1	-0.03193	0.02811	-0.23577	0.34498	0.02443	LEP	stroma-rich
CTGGCGCATATCCGTG-1	0.05966	0.04758	-0.67749	0.11590	-0.12855	LEP	stroma-rich
CTGGCGGACAACGCAC-1	-0.14831	-0.08550	-0.36215	-0.36233	0.14029	LEP	stroma-rich
CTGGCTGGACGCTTGG-1	-0.03486	-0.11304	0.13779	-0.31271	-0.01885	LEP	tumor-rich
CTGGTAATGAGCTCGT-1	-0.26254	-0.01980	-0.18717	-0.29346	0.04579	LEP	stroma-rich
CTGGTAATTAATCTGG-1	-0.04484	0.08916	-0.48330	0.05224	0.13005	LEP	stroma-rich
CTGGTACTCGAAGTGG-1	0.35332	0.09055	0.24277	0.44295	0.00967	LEP	tumor-rich
CTGGTGAGGTCTCGTC-1	0.02174	0.06538	1.25986	0.33264	0.16309	LEP	tumor-rich
CTGGTGATCCTGAAGG-1	0.04053	-0.00737	0.14689	-0.28468	0.13878	LEP	tumor-rich
CTGGTGATCGCCGTAG-1	0.20421	-0.02502	0.43796	0.17775	0.28867	LEP	tumor-rich
CTGGTGCACCATACCA-1	-0.08912	0.02495	0.22590	0.62616	0.07079	LEP	tumor-rich
CTGGTGCACGATCAAG-1	-0.15152	-0.12600	0.37423	0.21829	0.02267	LEP	tumor-rich
CTGGTGCGAGAAGCTT-1	0.10203	0.10447	0.70805	0.06053	0.24956	LEP	tumor-rich
CTGGTGCGTTCACGAG-1	0.12275	0.02492	-0.09804	-0.15524	0.10095	LEP	stroma-rich
CTGGTGCTACAGTATT-1	-0.18770	0.05023	0.13390	0.62877	-0.04914	LEP	tumor-rich
CTGGTGCTTATGACCA-1	0.16544	0.12419	0.10414	0.47796	0.15681	LEP	tumor-rich
CTGGTGGCCAATAAGT-1	-0.07404	0.11732	0.28180	0.00020	0.07837	LEP	tumor-rich
CTGGTGGCCTTCCGAC-1	-0.04790	-0.10277	0.43394	0.08719	0.10492	LEP	tumor-rich
CTGGTGGCTTAGACTC-1	0.03673	0.11947	0.33678	0.19037	0.11076	LEP	tumor-rich
CTGGTTGCGTTAATTG-1	-0.01880	0.10133	0.84282	0.39546	0.25814	LEP	tumor-rich
CTGGTTGGACATCACC-1	0.17004	-0.07231	-0.05571	0.25388	0.03651	LEP	stroma-rich
CTGGTTGGCTTGTTAC-1	0.15482	0.11920	1.26138	0.00883	0.30066	LEP	tumor-rich
CTGTATCGAAGTGGAT-1	0.18433	0.09862	1.12876	0.27661	0.18131	LEP	tumor-rich
CTGTATCGGAAGCTCC-1	-0.11665	0.06482	-0.59005	0.11995	0.00985	LEP	stroma-rich
CTGTATCTTCGCCATA-1	0.22669	0.13915	0.45998	0.06465	0.26926	LEP	tumor-rich
CTGTATGGCTCAACAT-1	-0.09003	0.05944	-0.35429	0.11471	-0.08730	LEP	stroma-rich
CTGTCACTATGTGCAT-1	-0.15092	0.09652	-0.50257	0.32275	-0.05486	LEP	stroma-rich
CTGTCACTCGGCCTTA-1	-0.06857	0.10216	-0.10898	0.03711	0.04932	LEP	stroma-rich
CTGTCAGATCGATGCG-1	0.07128	0.12121	-0.29169	-0.19817	0.16411	LEP	stroma-rich
CTGTCAGGCTTCCTAA-1	0.00666	0.11160	0.84573	0.21343	0.25323	LEP	tumor-rich
CTGTCAGGTGGATCGT-1	0.05981	0.02058	0.71031	0.17554	0.23773	LEP	tumor-rich
CTGTCTATCCACATCT-1	-0.04014	0.01818	-0.45178	-0.12145	0.12477	LEP	stroma-rich
CTGTGCAACATTGAGG-1	0.27289	-0.04354	-0.18621	-0.24828	0.03322	LEP	stroma-rich
CTGTGCAGATGATAAT-1	-0.15795	0.11594	-0.36291	0.54731	0.00898	LEP	stroma-rich
CTGTGCGTGAGCCGTC-1	-0.11290	0.01854	-0.11950	0.16690	0.02980	LEP	stroma-rich
CTGTGGCTTGTCAGCT-1	0.12781	0.29208	-0.17893	0.16423	0.02618	LEP	stroma-rich
CTGTGGTAAGCTAATA-1	0.04921	-0.13475	-0.35064	0.53250	0.02646	LEP	stroma-rich
CTGTTATGGCCAGCGG-1	0.00378	-0.00072	0.13460	0.22768	-0.01319	LEP	tumor-rich
CTGTTCCAGAAGCTGA-1	0.05788	0.00875	-0.24272	-0.28022	0.17930	LEP	stroma-rich
CTGTTCGTATGCACCA-1	0.00918	0.09572	0.04801	0.06766	0.22625	LEP	tumor-rich
CTGTTCTGCTCAGGAC-1	-0.18620	-0.11754	-0.69401	0.17042	-0.06937	LEP	stroma-rich
CTGTTGCTACTCACAG-1	-0.02364	0.01074	-0.27421	0.29011	-0.06658	LEP	stroma-rich
CTGTTGGATCAACGCA-1	-0.02795	0.02674	0.22860	0.83374	0.22497	LEP	tumor-rich
CTTAATACGGCTAGCA-1	-0.22816	0.02542	0.14338	0.02733	0.29688	LEP	tumor-rich
CTTACGAACTCCGTCC-1	0.09602	-0.00024	-0.07441	0.13543	0.05952	LEP	stroma-rich
CTTACGAATGCGCCTG-1	-0.10525	-0.06056	-0.17804	0.44330	-0.00682	LEP	stroma-rich
CTTACGACAACGATAC-1	0.08857	0.06404	0.78345	0.19781	0.24050	LEP	tumor-rich
CTTACGCAACTCAACG-1	-0.00759	-0.01633	-0.55343	0.09610	-0.15350	LEP	stroma-rich
CTTACGCAGAGGCTCG-1	0.06068	-0.07456	-0.53206	0.02888	0.13822	LEP	stroma-rich
CTTACGCCATGCACAG-1	-0.07059	0.02955	-0.13562	0.00938	0.20780	LEP	stroma-rich
CTTACGCTACGTAAGC-1	0.05285	0.06132	0.65599	0.25754	0.13638	LEP	tumor-rich
CTTACGGTAAGCCGAA-1	-0.02804	0.06703	0.26813	-0.40513	0.15208	LEP	tumor-rich
CTTACGTCATCCTTAT-1	0.06193	-0.08781	0.46042	-0.28283	0.15081	LEP	tumor-rich
CTTAGCAACTAGGACC-1	0.22313	-0.14315	-0.46010	0.31104	0.02427	LEP	stroma-rich
CTTAGCAAGGACAGCC-1	-0.14007	0.05221	-0.26676	0.01554	0.03830	LEP	stroma-rich
CTTAGCACGACAGAAC-1	-0.02632	-0.08505	-0.48276	0.24104	0.20378	LEP	stroma-rich
CTTAGCCTAATGGTAA-1	0.15253	0.13824	0.88940	0.85074	-0.00712	LEP	tumor-rich
CTTAGCCTGTAAGACA-1	0.05462	0.02887	0.34697	0.21039	0.09749	LEP	tumor-rich
CTTAGCGTAGCGTGCG-1	-0.08629	0.06061	-0.48577	-0.14867	0.01652	LEP	stroma-rich
CTTAGCTACCATCTCA-1	-0.06712	0.08663	-0.26746	0.16550	0.01994	LEP	stroma-rich
CTTAGCTACGCAAGGT-1	-0.03810	0.04283	-0.04677	-0.10292	0.18575	LEP	stroma-rich
CTTAGCTATCCTTGCG-1	-0.04343	-0.03018	-0.37643	0.35230	0.00787	LEP	stroma-rich
CTTAGCTTAGTTCTCG-1	-0.16887	0.02658	-0.57171	-0.12186	-0.17477	LEP	stroma-rich
CTTAGCTTCGCTGACC-1	0.23092	0.08903	-0.25219	-0.16905	-0.00357	LEP	stroma-rich
CTTAGTAAGCCTTAGG-1	0.05745	0.03135	0.63846	-0.02205	0.32066	LEP	tumor-rich
CTTAGTAAGCGTGGCA-1	-0.11793	0.17605	-0.18236	0.32651	0.16923	LEP	stroma-rich
CTTAGTAATGCAACGA-1	-0.00681	0.13392	0.36931	0.21629	0.21773	LEP	tumor-rich
CTTAGTCCTCATAAGT-1	0.10924	0.07718	-0.52829	0.03075	0.05498	LEP	stroma-rich
CTTAGTCTATCGAGAC-1	0.08400	0.10622	-0.00091	-0.30140	0.26220	LEP	stroma-rich
CTTAGTCTCGACAACT-1	0.05917	-0.01951	-0.68886	-0.03957	-0.11510	LEP	stroma-rich
CTTAGTCTGTGCATCC-1	-0.15864	-0.02511	0.52087	-0.06834	0.38941	LEP	tumor-rich
CTTAGTCTTATTCGGA-1	-0.08685	-0.01377	0.23941	-0.02150	0.00161	LEP	tumor-rich
CTTAGTCTTCGATGTC-1	-0.10738	-0.01751	-0.04737	0.12780	0.13131	LEP	stroma-rich
CTTAGTGCGACCTATT-1	0.16365	0.06762	0.33016	0.07689	0.31964	LEP	tumor-rich
CTTAGTGCGTTGACGC-1	-0.04860	-0.17181	0.35726	0.25284	0.14513	LEP	tumor-rich
CTTAGTGGCTAAGACG-1	0.06849	0.08089	0.80654	-0.06421	0.17656	LEP	tumor-rich
CTTAGTGGTACACGAC-1	-0.18747	-0.13934	1.10137	-0.47837	-0.07871	LEP	tumor-rich
CTTAGTTCACCGCCAG-1	-0.08171	0.10431	0.35149	0.62032	0.22766	LEP	tumor-rich
CTTAGTTGAATCACCT-1	0.03898	0.03829	0.59729	-0.05239	0.28301	LEP	tumor-rich
CTTAGTTGCTCGTTGT-1	0.06370	0.01795	-0.18007	0.17891	-0.07282	LEP	stroma-rich
CTTAGTTGGAGCGACC-1	0.04155	0.07822	0.78670	0.21346	0.26634	LEP	tumor-rich
CTTATTCACTAGCTGG-1	-0.20451	0.06317	0.14864	0.15089	-0.15170	LEP	tumor-rich
CTTATTGAGTTCTGTA-1	-0.13002	0.04580	-0.27950	0.27579	-0.04915	LEP	stroma-rich
CTTCAAGACGCAAGTG-1	-0.07482	-0.05190	-0.22030	-0.31947	-0.12138	LEP	stroma-rich
CTTCAAGTAACAGCTT-1	-0.06549	-0.00870	-0.68057	0.16784	-0.09655	LEP	stroma-rich
CTTCAAGTCGACCTTC-1	-0.11305	-0.03211	-0.68899	0.01000	-0.17979	LEP	stroma-rich
CTTCAATCGTACTACG-1	-0.09382	0.07765	0.39079	0.83065	0.01276	LEP	tumor-rich
CTTCACAAGTTCCTCA-1	-0.16092	-0.13736	-0.47276	0.24539	0.04425	LEP	stroma-rich
CTTCATGCCTAGACGG-1	-0.03580	0.02587	0.30042	0.08094	0.06662	LEP	tumor-rich
CTTCATTGGATACCAC-1	0.10136	-0.05306	0.04586	0.03152	0.36952	LEP	tumor-rich
CTTCCAATTGAAGATT-1	0.04061	0.00925	0.58187	0.19799	0.31962	LEP	tumor-rich
CTTCCACGATCCTGTA-1	-0.07615	-0.06034	-0.24015	0.23374	-0.15513	LEP	stroma-rich
CTTCCACGCCTTCCTG-1	0.21667	0.05109	-0.46944	0.29440	0.05233	LEP	stroma-rich
CTTCCACGTCACGCCA-1	-0.01272	0.03018	-0.27653	0.35521	0.00562	LEP	stroma-rich
CTTCCATAACCTTACG-1	-0.10465	-0.00048	0.65535	0.22031	0.11685	LEP	tumor-rich
CTTCCGACGCACAACC-1	-0.08539	0.04796	0.34382	-0.25303	0.15532	LEP	tumor-rich
CTTCCGAGACATTGAT-1	-0.08285	-0.11980	0.07633	0.24082	0.06467	LEP	tumor-rich
CTTCCGTCGCTGCATC-1	0.18138	0.08006	0.12415	-0.12319	0.17440	LEP	tumor-rich
CTTCCTAGCCGATTGG-1	-0.15119	-0.03627	-0.42328	-0.05120	0.01866	LEP	stroma-rich
CTTCCTGGTGTTGGAC-1	0.06025	0.09217	0.09548	0.46791	0.18332	LEP	tumor-rich
CTTCGACCAAGCCGAG-1	-0.12627	0.03713	-0.56706	0.04488	-0.07300	LEP	stroma-rich
CTTCGACTCCAGACTG-1	-0.18595	0.06750	-0.17217	0.30891	-0.07393	LEP	stroma-rich
CTTCGAGCTGCAGCCT-1	-0.06281	0.24485	-0.21197	-0.21876	-0.09603	LEP	stroma-rich
CTTCGAGTGATGGAAT-1	0.20108	0.11124	-0.08102	0.40032	0.02581	LEP	stroma-rich
CTTCGATAACATTGGT-1	-0.15628	0.08429	-0.28225	0.24641	-0.18596	LEP	stroma-rich
CTTCGATACAGTCTCC-1	0.01867	0.10697	0.23082	0.11637	0.21722	LEP	tumor-rich
CTTCGATACTCCGACC-1	-0.11911	-0.01122	-0.26067	-0.11776	0.00271	LEP	stroma-rich
CTTCGATATGTAGGAG-1	-0.07372	-0.03566	-0.57256	0.21548	-0.08472	LEP	stroma-rich
CTTCGATGGACGTACC-1	0.00122	0.10520	0.84397	-0.01615	0.32384	LEP	tumor-rich
CTTCGCACCTGGCGGA-1	0.13057	0.16748	1.51507	0.63127	0.26902	LEP	tumor-rich
CTTCGCCGCAACATTA-1	-0.03265	-0.02084	-0.11921	0.13733	-0.04400	LEP	stroma-rich
CTTCGGCTCACTACCT-1	-0.10647	-0.10098	-0.29006	0.25803	0.19566	LEP	stroma-rich
CTTCGTATTAATACGG-1	0.23938	0.00174	0.36118	-0.01534	0.19271	LEP	tumor-rich
CTTCGTCAAGACTCGT-1	0.17404	0.21070	0.32410	-0.13652	0.14457	LEP	tumor-rich
CTTCGTCACCAAGAGG-1	-0.02968	-0.03212	1.17538	-0.25892	-0.11804	LEP	tumor-rich
CTTCTACTCAAGTCGT-1	0.10996	-0.00162	0.02264	-0.03131	0.15001	LEP	tumor-rich
CTTCTGAGCCAGGAAC-1	0.05684	0.05250	0.51967	0.12217	0.28745	LEP	tumor-rich
CTTCTGAGGTCGCATA-1	0.12501	0.06920	0.03299	0.46830	0.01796	LEP	tumor-rich
CTTCTGTACGGACATC-1	-0.15102	-0.03335	-0.27525	0.36039	-0.09516	LEP	stroma-rich
CTTGAACCGAGTTAAT-1	0.19691	0.03848	-0.03225	0.46292	0.04486	LEP	stroma-rich
CTTGAACTTAGAGGAA-1	-0.04996	-0.01481	0.32944	0.35835	0.11735	LEP	tumor-rich
CTTGAGCCTTGTTCCA-1	0.01660	-0.06068	-0.36385	-0.42001	0.22474	LEP	stroma-rich
CTTGAGTCCAAGGCTG-1	-0.06451	-0.09345	-0.31378	0.46509	-0.00952	LEP	stroma-rich
CTTGAGTCTAAGATCA-1	-0.01901	0.14000	0.08165	0.31383	0.17048	LEP	tumor-rich
CTTGAGTCTTACAGTG-1	0.04933	-0.00491	0.51728	0.06651	0.13257	LEP	tumor-rich
CTTGATGCAATCACAA-1	0.12864	0.11360	0.14680	0.22143	0.10229	LEP	tumor-rich
CTTGCCGGAAGACGCA-1	-0.15774	0.07039	-0.38956	0.08728	-0.01348	LEP	stroma-rich
CTTGCGTAACAGCAGT-1	-0.11688	0.02218	-0.45000	0.08635	-0.08598	LEP	stroma-rich
CTTGGAACTCCACGCC-1	-0.09280	-0.10885	-0.31817	-0.33214	0.18106	LEP	stroma-rich
CTTGGACAGGTTAGAA-1	0.06060	-0.02311	0.89327	0.26911	0.24258	LEP	tumor-rich
CTTGGACATTACAGGA-1	0.18383	0.06767	0.76223	0.03723	0.37867	LEP	tumor-rich
CTTGGACTTGTCTGTC-1	-0.11970	-0.07603	-0.11674	0.48948	0.01907	LEP	stroma-rich
CTTGGAGGCCACCTGC-1	-0.12293	-0.06316	-0.39409	-0.24129	-0.06577	LEP	stroma-rich
CTTGGATCAACCGTAT-1	-0.03861	-0.05803	-0.23165	-0.28039	0.09094	LEP	stroma-rich
CTTGGTCGGAAGTAGC-1	-0.10470	-0.08595	-0.18165	0.83948	-0.04899	LEP	stroma-rich
CTTGGTGCAGCCTCCA-1	0.06786	-0.01298	0.18327	-0.22000	0.18851	LEP	tumor-rich
CTTGGTTAGAGTCATC-1	-0.00307	0.04200	0.13806	-0.15306	0.09699	LEP	tumor-rich
CTTGTAAGCGCTTCAT-1	-0.05879	0.17804	-0.10582	-0.32192	0.03228	LEP	stroma-rich
CTTGTATCGTATGATT-1	0.28683	0.14578	-0.48842	0.68637	-0.17263	LEP	stroma-rich
CTTGTCAAGGCGTCAA-1	-0.04106	-0.14502	-0.03475	0.52371	0.00357	LEP	stroma-rich
CTTGTCAGTTCGGTAA-1	0.06843	0.13454	0.31031	0.43935	-0.00321	LEP	tumor-rich
GAACAAGGTCGAGCAA-1	-0.04334	-0.00618	0.02605	0.21273	0.12155	LEP	tumor-rich
GAACAGATAACCTTAA-1	0.07359	-0.00278	-0.33969	-0.06248	0.06423	LEP	stroma-rich
GAACAGATCCGCTAGA-1	0.34073	0.18651	-0.35854	0.63921	0.04777	LEP	stroma-rich
GAACAGCCATGTTGCA-1	-0.08192	-0.09627	-0.41452	0.61845	-0.04474	LEP	stroma-rich
GAACATTCGACACGTA-1	-0.06687	0.20251	-0.12036	-0.21930	0.04663	LEP	stroma-rich
GAACCGAACGAAGACT-1	-0.02177	-0.03249	0.86473	0.03311	0.17856	LEP	tumor-rich
GAACCTTAGTTGATTA-1	-0.09564	0.11323	0.03032	0.40932	-0.03478	LEP	tumor-rich
GAACGCCACGGTGGTT-1	0.13592	0.10820	1.11909	0.05253	0.38408	LEP	tumor-rich
GAACGCCAGTGCATAC-1	0.22150	-0.02998	0.34790	-0.03652	0.07753	LEP	tumor-rich
GAACGCTAGAAGGCTA-1	0.05726	-0.02474	-0.37332	0.24562	-0.06929	LEP	stroma-rich
GAACGCTTAGAACGTC-1	0.15189	0.07926	0.85552	0.39277	0.19041	LEP	tumor-rich
GAACTAACATGTATCC-1	0.13893	0.09205	-0.58355	0.36153	-0.13705	LEP	stroma-rich
GAACTAACTCTACGTG-1	0.09600	0.10914	0.45175	-0.14418	0.16752	LEP	tumor-rich
GAACTACAAGTAGGAG-1	-0.13047	0.00573	-0.70958	-0.44002	-0.12556	LEP	stroma-rich
GAACTACCTTATCATA-1	0.05929	-0.03360	0.18736	0.26755	0.06393	LEP	tumor-rich
GAACTATCGTCTCGTC-1	-0.06360	-0.00281	-0.24059	0.39779	0.14950	LEP	stroma-rich
GAACTCATAGTGAGTG-1	-0.03897	0.02145	0.32018	0.34811	0.28360	LEP	tumor-rich
GAACTCCTCATACATA-1	0.01700	0.00982	0.12404	0.10680	-0.01857	LEP	tumor-rich
GAACTCCTGGAGGCTC-1	-0.08887	0.11130	0.04832	0.53462	0.14514	LEP	tumor-rich
GAACTGTAACTCAGGC-1	-0.01412	0.03630	0.28732	-0.24547	0.23041	LEP	tumor-rich
GAACTTGGTGAGGATA-1	0.04316	0.03649	-0.54083	0.21363	-0.08634	LEP	stroma-rich
GAAGCGAACTGACATT-1	-0.00753	0.07126	0.25649	0.27875	0.20466	LEP	tumor-rich
GAAGCGAGAACATGGA-1	0.02336	0.02774	0.22669	0.14781	0.12438	LEP	tumor-rich
GAAGCGATTGCCGAAT-1	-0.02876	0.03777	-0.09543	0.11401	-0.00245	LEP	stroma-rich
GAAGCGGCTGATCAGT-1	-0.02338	0.08426	1.22610	0.14659	0.19382	LEP	tumor-rich
GAAGCGTATCATCGTT-1	-0.24188	-0.02925	-0.54912	-0.13309	-0.04657	LEP	stroma-rich
GAAGCGTCAGTAAGTC-1	-0.03748	-0.04732	-0.13492	-0.16866	-0.08397	LEP	stroma-rich
GAAGCGTCCATAGTTG-1	-0.00129	0.06201	0.26815	0.26703	0.21540	LEP	tumor-rich
GAAGCTGCCTCGTGAG-1	-0.15204	0.13554	-0.34194	-0.40882	0.11968	LEP	stroma-rich
GAAGCTGTTCTACATC-1	-0.10733	0.12695	-0.52389	-0.19283	0.14309	LEP	stroma-rich
GAAGCTTGACGCTTAA-1	0.04858	0.12098	0.90678	0.08080	0.29854	LEP	tumor-rich
GAAGGATGGTATACGT-1	0.08545	0.05577	0.62119	0.13474	0.29544	LEP	tumor-rich
GAAGTAAGTTCCTCGA-1	-0.11958	-0.05786	-0.47249	0.32803	-0.12111	LEP	stroma-rich
GAAGTAGCTGAGTCTA-1	0.12033	0.07402	1.03684	0.36901	0.27496	LEP	tumor-rich
GAAGTCCAATCGTGTT-1	-0.03372	-0.04258	-0.18210	-0.21406	-0.08780	LEP	stroma-rich
GAAGTTCTGCAGTTCT-1	-0.10859	-0.10669	-0.47560	0.33382	0.04321	LEP	stroma-rich
GAATAAGGAGAACTAA-1	-0.05055	0.09146	0.34466	-0.06734	0.17983	LEP	tumor-rich
GAATACAGACGAACTG-1	-0.05135	0.06424	-0.63050	0.32908	0.05463	LEP	stroma-rich
GAATACCTGCCACGGC-1	0.04421	0.03149	0.90999	0.22975	0.32074	LEP	tumor-rich
GAATACTAAGGCGAAT-1	0.01322	0.07281	-0.27840	0.08819	-0.00370	LEP	stroma-rich
GAATCAATTACCGACC-1	-0.21205	0.04412	0.14456	0.06346	0.06844	LEP	tumor-rich
GAATCACCAGTGATAC-1	0.02812	-0.03389	0.22672	0.03386	0.21736	LEP	tumor-rich
GAATCATAGTCTGAAG-1	0.20813	-0.14257	0.26374	0.67731	0.07070	LEP	tumor-rich
GAATCATGAACCAGTG-1	-0.05757	0.09161	0.45258	0.18810	0.00168	LEP	tumor-rich
GAATCATTATGAGCTG-1	-0.07130	0.29335	-0.51130	-0.22486	0.07810	LEP	stroma-rich
GAATGACAACAGAATA-1	0.12790	0.03482	-0.56615	0.51897	-0.04974	LEP	stroma-rich
GAATGACAACTAGTCA-1	-0.06295	0.04384	0.41740	0.22843	0.11443	LEP	tumor-rich
GAATGACACGACTAGG-1	-0.05633	-0.05190	-0.16168	-0.20171	0.08084	LEP	stroma-rich
GAATGACCACAATCGA-1	-0.07838	-0.11562	-0.59508	-0.13120	0.01394	LEP	stroma-rich
GAATGACCACGTGCAG-1	0.07190	0.00963	0.78879	0.01575	0.28344	LEP	tumor-rich
GAATGAGTATAGACCA-1	-0.10162	-0.05673	-0.31755	0.54956	-0.01142	LEP	stroma-rich
GAATGGCCAAGGAGGC-1	0.00126	0.04546	0.37317	0.17156	0.17943	LEP	tumor-rich
GAATGTATTGGATCAA-1	-0.06889	0.21751	0.27595	0.23545	0.30540	LEP	tumor-rich
GAATGTCAGAATTCTG-1	0.03806	0.06906	0.61217	0.33030	0.20288	LEP	tumor-rich
GAATGTGCCTAGCAGA-1	0.06792	0.00984	-0.04667	0.11633	0.27819	LEP	stroma-rich
GAATTAACCTTCAATT-1	0.09859	0.11094	-0.24276	0.63579	0.04758	LEP	stroma-rich
GAATTCACAACTGCAG-1	-0.13730	0.06095	-0.02261	0.19663	0.05718	LEP	stroma-rich
GACAACATCATGCCGC-1	0.12892	-0.08093	-0.37790	0.20615	0.05803	LEP	stroma-rich
GACAACCTAGGAGTCT-1	0.02394	0.12835	0.69069	0.35454	0.24271	LEP	tumor-rich
GACAACGGACTCAGCT-1	0.01474	-0.03177	0.21930	0.05537	0.36518	LEP	tumor-rich
GACAACGGCGATGTTA-1	0.13414	0.14011	-0.26715	0.32715	0.01414	LEP	stroma-rich
GACAACTTAACCAACC-1	0.05642	0.11195	0.38312	-0.16943	0.20244	LEP	tumor-rich
GACAACTTGATTGTGA-1	0.11976	0.17450	-0.41974	0.40861	0.07891	LEP	stroma-rich
GACAAGCCTCGTTAGT-1	0.29073	-0.04476	-0.25527	0.83818	-0.10235	LEP	stroma-rich
GACAAGCTGAATCTGG-1	0.03751	0.01329	0.26249	-0.10079	0.14056	LEP	tumor-rich
GACAAGGTGGTCCGGC-1	-0.09642	0.06938	0.01362	0.17382	0.18217	LEP	tumor-rich
GACAAGTGTTATAGGC-1	0.07581	0.08259	0.46003	0.26506	0.25412	LEP	tumor-rich
GACAATCTATTAGATT-1	0.11673	-0.01800	-0.14858	0.15153	0.28538	LEP	stroma-rich
GACAATGACAAGCTTA-1	0.05742	0.11466	0.49680	-0.24303	0.26075	LEP	tumor-rich
GACAATTGTATGCTTC-1	0.10347	-0.02444	-0.05290	0.15885	0.19855	LEP	stroma-rich
GACAGAGGTCGCTTCG-1	-0.02219	0.09217	0.62145	0.46350	0.27964	LEP	tumor-rich
GACAGCAACTCAGAAC-1	-0.15099	-0.11711	-0.28993	0.28378	0.03228	LEP	stroma-rich
GACAGTCACTTCGCTC-1	0.06509	0.10562	-0.10644	-0.09214	0.02717	LEP	stroma-rich
GACATCACCGTTGCGT-1	-0.05784	-0.04652	-0.08473	0.01957	0.03004	LEP	stroma-rich
GACATCAGATTCTTAC-1	0.06527	0.08915	0.22678	0.22621	0.06203	LEP	tumor-rich
GACATCCTCAACCTCG-1	0.08197	-0.02038	-0.20046	0.46177	-0.02277	LEP	stroma-rich
GACATCCTTCATTATC-1	-0.15535	-0.11441	-0.48890	0.16544	0.11016	LEP	stroma-rich
GACATCTGCGGTCTTG-1	-0.12745	0.02330	-0.40941	0.07031	-0.03783	LEP	stroma-rich
GACATTATCTTAATCT-1	0.08984	0.18557	-0.05038	0.24192	0.13339	LEP	stroma-rich
GACCAATTGCGTCAGA-1	-0.00889	0.11832	0.12049	0.24754	0.06206	LEP	tumor-rich
GACCACATTCTTGAAT-1	-0.09312	0.03306	0.20842	0.06331	0.11989	LEP	tumor-rich
GACCACGGCGTACATA-1	0.38075	-0.08038	-0.14429	-0.36423	0.01671	LEP	stroma-rich
GACCACTCCTGACGTT-1	-0.13528	0.10106	-0.20530	-0.00159	-0.09537	LEP	stroma-rich
GACCACTTACGGACAT-1	-0.08335	-0.06461	-0.36850	-0.28622	-0.05030	LEP	stroma-rich
GACCACTTAGACAGGT-1	0.11879	0.00386	-0.74093	0.26652	-0.07246	LEP	stroma-rich
GACCGAAGACTGGCAG-1	0.15058	0.04041	0.38343	0.18364	0.16273	LEP	tumor-rich
GACCGAATCTAATACG-1	-0.11805	0.06430	-0.24260	-0.02175	-0.03987	LEP	stroma-rich
GACCGACAATAGGAAT-1	0.06126	0.08639	-0.34087	0.68099	-0.03739	LEP	stroma-rich
GACCGAGGCAACGTTC-1	0.12599	0.01520	-0.42218	0.16602	0.13275	LEP	stroma-rich
GACCGGCCATGTACCG-1	0.06033	0.00752	-0.26093	-0.05843	0.01009	LEP	stroma-rich
GACCGTATTAGACCGG-1	0.09699	0.04454	0.96908	0.30045	0.22136	LEP	tumor-rich
GACCGTGAATGTAAGT-1	0.11283	-0.03515	0.51373	-0.50089	0.08982	LEP	tumor-rich
GACCTGCTGTACGAAG-1	-0.17667	-0.14525	-0.45144	0.01775	0.00618	LEP	stroma-rich
GACCTGCTGTCGTGTA-1	-0.06465	0.08773	0.12001	0.18535	0.12904	LEP	tumor-rich
GACCTGTCGATTGCAG-1	0.10401	0.09179	-0.39518	0.25179	0.03411	LEP	stroma-rich
GACGAGAAGTTACAGA-1	0.08717	0.08292	0.82132	0.08818	0.29369	LEP	tumor-rich
GACGAGCTGCACTCGT-1	-0.05705	-0.04502	-0.06418	-0.17649	0.14588	LEP	stroma-rich
GACGAGTGCTGGAGAT-1	0.01481	0.02881	-0.29968	0.53552	-0.10301	LEP	stroma-rich
GACGCAGCGTCAAGTT-1	0.03921	-0.05847	-0.91887	0.06267	-0.16591	LEP	stroma-rich
GACGCCGAACTTCCGT-1	0.01258	-0.02045	-0.33931	0.44401	0.06558	LEP	stroma-rich
GACGCCTCGTCAGAGG-1	-0.12752	-0.09847	-0.29205	0.25085	0.07753	LEP	stroma-rich
GACGCCTCTTGATTGT-1	0.08787	-0.09158	-0.06194	0.49751	0.05939	LEP	stroma-rich
GACGCTCAACTGAGTG-1	0.21364	-0.03586	0.06172	0.08987	0.14012	LEP	tumor-rich
GACGCTCACCAACCGG-1	-0.12639	-0.12050	-0.29373	-0.36337	-0.11271	LEP	stroma-rich
GACGCTGTACAAGGCG-1	0.08988	0.20234	-0.66211	0.26089	-0.08752	LEP	stroma-rich
GACGGCTTAGGTGCGA-1	0.30001	0.08206	-0.13898	0.35505	0.01595	LEP	stroma-rich
GACGGTACCTGGCCGT-1	-0.01153	-0.01950	-0.58154	0.05584	0.03381	LEP	stroma-rich
GACGGTGGTTGATGTC-1	0.17048	0.13663	0.51698	0.02823	0.15922	LEP	tumor-rich
GACGTACAGGAACGCT-1	0.12947	0.08462	-0.13272	0.08144	0.07138	LEP	stroma-rich
GACGTACTGCGTGCGG-1	0.00597	0.14040	0.39246	0.32338	0.22530	LEP	tumor-rich
GACGTAGACTGCCGCA-1	0.08871	0.05330	-0.20929	0.29332	0.08574	LEP	stroma-rich
GACGTCTTATCTCAGC-1	-0.22479	-0.11266	-0.73847	0.07331	0.10518	LEP	stroma-rich
GACGTGGTGCTCCAGA-1	-0.13540	0.11736	-0.77823	0.16180	0.01392	LEP	stroma-rich
GACGTTCGGTCTTACC-1	-0.09149	0.05322	0.25678	0.16832	0.16141	LEP	tumor-rich
GACTACGAGTTCCATT-1	-0.00509	0.05690	-0.11465	-0.29035	0.12871	LEP	stroma-rich
GACTACGCCTATAGCC-1	0.01256	0.01882	0.36902	0.48563	0.25213	LEP	tumor-rich
GACTAGATTAGCTAAC-1	0.13210	0.08829	0.09923	0.19395	0.20541	LEP	tumor-rich
GACTAGCTTCCTTGTA-1	0.06941	0.13034	0.31788	0.16453	0.18241	LEP	tumor-rich
GACTAGGCAGACTTGG-1	-0.09739	-0.06620	-0.10792	1.19655	-0.01407	LEP	stroma-rich
GACTAGTAATCTTGCT-1	-0.06342	-0.06603	0.53183	-0.37811	0.08072	LEP	tumor-rich
GACTCGGCTTGCGGAT-1	0.21298	-0.05316	-0.25221	0.33270	-0.06765	LEP	stroma-rich
GACTGACAGGAACCAG-1	-0.07223	0.13783	-0.28151	0.30639	0.16392	LEP	stroma-rich
GACTGAGGTGATTAAC-1	0.09633	0.01008	0.57107	0.12784	0.12886	LEP	tumor-rich
GACTGCCATAGAATAC-1	0.07274	-0.03632	-0.04444	0.38830	0.04136	LEP	stroma-rich
GACTGCGGTCTGCGTG-1	0.04371	0.13163	-0.64217	0.06953	-0.13749	LEP	stroma-rich
GACTTCATACCGCTGT-1	-0.09106	-0.08211	-0.24746	-0.28471	0.21721	LEP	stroma-rich
GACTTGAACGTCCGTA-1	0.12134	0.10559	0.52343	0.55535	0.20131	LEP	tumor-rich
GACTTGAAGCCATAGC-1	-0.02206	0.04229	0.26255	0.23811	0.04750	LEP	tumor-rich
GACTTGACGATGCTGT-1	0.03895	-0.09841	-0.28434	0.28486	0.20888	LEP	stroma-rich
GACTTGCTTCTAGGAG-1	0.00698	0.14640	-0.53668	-0.13148	-0.07596	LEP	stroma-rich
GACTTGTCGTTCCGGC-1	-0.05907	-0.04039	-0.17277	-0.22127	-0.09627	LEP	stroma-rich
GAGCACCATTCGCTGT-1	-0.05863	0.07746	0.11226	0.04619	0.00332	LEP	tumor-rich
GAGCAGACTAGTGGTA-1	0.04888	0.00877	-0.42232	0.05180	-0.05794	LEP	stroma-rich
GAGCATCTCCAGTCTG-1	0.00585	0.22461	-0.62169	0.82048	0.13454	LEP	stroma-rich
GAGCCAAGCGATCGTA-1	0.18031	0.04366	0.43689	0.66842	0.09368	LEP	tumor-rich
GAGCCAAGCGCCTCAC-1	-0.08545	-0.02569	-0.20572	-0.19226	-0.00243	LEP	stroma-rich
GAGCCAAGTTACTACA-1	0.00853	0.07240	0.35051	0.45561	0.20235	LEP	tumor-rich
GAGCCACTTATGCATT-1	-0.08444	0.44984	-0.17230	-0.19670	0.00902	LEP	stroma-rich
GAGCCAGCTTACGGTA-1	0.31864	0.05279	-0.67740	0.43038	0.01175	LEP	stroma-rich
GAGCCAGGTGTCAGTT-1	-0.17271	0.31428	-0.52477	0.00296	-0.14852	LEP	stroma-rich
GAGCCAGTATTGTCAA-1	0.06369	-0.07165	0.46322	0.43170	0.18909	LEP	tumor-rich
GAGCCTCACGTATGTA-1	0.15287	0.01734	0.15845	-0.00758	0.19779	LEP	tumor-rich
GAGCCTCCAGTACCGA-1	0.09344	0.01586	0.98751	0.03612	0.15440	LEP	tumor-rich
GAGCGAATCGGTAGAA-1	-0.06371	-0.06735	-0.34933	-0.27729	-0.10913	LEP	stroma-rich
GAGCGATACTCCAGGC-1	0.03552	0.02275	0.37838	0.11320	0.23704	LEP	tumor-rich
GAGCGGCAATGGAATA-1	-0.16231	0.04957	-0.32846	0.14313	-0.01489	LEP	stroma-rich
GAGCGGTGTTATCAAC-1	0.03758	-0.11351	0.45137	-0.00051	0.19906	LEP	tumor-rich
GAGCTAACCTACTTAC-1	-0.14024	0.23577	0.54138	0.13905	0.04666	LEP	tumor-rich
GAGCTAAGGTTGCGTT-1	0.04033	0.09437	0.20051	0.37509	0.16290	LEP	tumor-rich
GAGCTACAAGATCAAG-1	-0.07711	0.10332	-0.68004	0.32002	-0.04701	LEP	stroma-rich
GAGCTACAGCTCGGTA-1	0.00631	0.14364	-0.05166	-0.22833	0.06808	LEP	stroma-rich
GAGCTATCCATCACGC-1	0.08267	0.08058	0.13421	0.60124	0.14282	LEP	tumor-rich
GAGCTGCGGTGGTAAT-1	0.09888	0.14242	0.03736	0.05302	0.00398	LEP	tumor-rich
GAGCTTGATGGAAGCT-1	-0.08225	0.14049	-0.24418	-0.28275	0.03400	LEP	stroma-rich
GAGGAAGCCGATGTGA-1	0.08998	0.06449	0.86924	0.08119	0.29831	LEP	tumor-rich
GAGGAAGGACAATGAA-1	0.18557	0.10512	0.84586	0.47761	0.28044	LEP	tumor-rich
GAGGAAGGCAACGGCG-1	0.14962	0.03177	1.17754	0.09083	0.35380	LEP	tumor-rich
GAGGACAGATCGCCTA-1	-0.12021	0.15863	-0.29153	-0.26444	0.02853	LEP	stroma-rich
GAGGACAGTGATCGGC-1	0.08468	0.12497	-0.48559	0.23511	0.14889	LEP	stroma-rich
GAGGACGAGTCCTAGT-1	-0.14127	0.05818	0.36659	-0.46164	0.34707	LEP	tumor-rich
GAGGATACCAGGTACG-1	0.04575	-0.01761	-0.73494	0.32641	-0.11368	LEP	stroma-rich
GAGGATCCAGAACTGG-1	-0.00684	0.01581	0.17554	-0.44277	0.19955	LEP	tumor-rich
GAGGATCGGTAGCATC-1	0.01752	0.12302	0.50782	0.34399	0.25370	LEP	tumor-rich
GAGGATGAGGATCCTC-1	-0.16156	-0.06077	-0.43616	0.24438	0.08318	LEP	stroma-rich
GAGGATGATAGGAAGG-1	0.01655	0.09294	0.51556	0.00056	0.29431	LEP	tumor-rich
GAGGATGCACCAAGTT-1	0.05684	-0.08057	-0.13008	0.10736	0.03067	LEP	stroma-rich
GAGGCCACAAGGTGCA-1	0.00140	-0.17624	-0.09515	-0.03102	0.09876	LEP	stroma-rich
GAGGCCACTTCTAGAT-1	-0.02502	0.09943	0.12927	0.21720	0.00718	LEP	tumor-rich
GAGGCCAGCAGAGGTT-1	-0.01982	-0.00414	0.27391	-0.09522	0.25485	LEP	tumor-rich
GAGGCCATGGCTCGGA-1	-0.09081	-0.17279	0.91921	0.07196	-0.03155	LEP	tumor-rich
GAGGCGCTCCATTCCT-1	0.08378	0.03238	0.24325	-0.28929	0.22730	LEP	tumor-rich
GAGGTAACATTCGATC-1	-0.15435	-0.00180	-0.72329	0.03590	-0.20270	LEP	stroma-rich
GAGGTAACTAGACAGT-1	0.01214	0.00423	-0.53049	0.20474	-0.16340	LEP	stroma-rich
GAGGTAACTGCGAGAC-1	0.11465	0.26650	-0.28962	0.51594	0.11763	LEP	stroma-rich
GAGGTACAACCTTCCG-1	0.18356	-0.01166	-0.21596	0.13159	-0.01013	LEP	stroma-rich
GAGGTATTAATAGCGG-1	0.02347	-0.05207	-0.08734	-0.11827	0.21198	LEP	stroma-rich
GAGGTCACTGTAAGCT-1	0.22018	0.07150	-0.47663	0.48446	-0.00559	LEP	stroma-rich
GAGGTCCAAGTAGCTA-1	0.14531	0.16764	0.99599	0.34113	0.26491	LEP	tumor-rich
GAGGTGAGATCATTGG-1	0.21596	0.05396	1.03209	0.05017	0.29199	LEP	tumor-rich
GAGGTGAGGATTCATT-1	0.07175	0.06064	0.61034	0.20924	0.24476	LEP	tumor-rich
GAGGTGCATTCGGATC-1	-0.06268	0.10790	0.60274	-0.38747	0.03760	LEP	tumor-rich
GAGGTGCCTCTTCGTG-1	0.00285	-0.00236	0.23590	0.09049	0.15590	LEP	tumor-rich
GAGGTGCGGCTGACCA-1	0.06559	0.01781	0.06203	-0.23648	0.22364	LEP	tumor-rich
GAGGTGGCTCGAGGTT-1	-0.16218	-0.12048	-0.55063	-0.09155	-0.08757	LEP	stroma-rich
GAGGTGTAGCAACTCA-1	0.08461	0.13510	0.37957	0.21714	0.14195	LEP	tumor-rich
GAGGTTAGATCGAAGA-1	-0.01834	0.20575	-0.66589	-0.09797	-0.14053	LEP	stroma-rich
GAGTAACGTGGCTTGA-1	-0.04121	-0.02065	0.23569	0.28659	0.15031	LEP	tumor-rich
GAGTAGACGCAGGCTC-1	-0.10348	0.07072	0.21460	-0.15756	0.20077	LEP	tumor-rich
GAGTAGATACGTCAAC-1	-0.11126	-0.01120	-0.24938	-0.05151	0.11246	LEP	stroma-rich
GAGTAGATTATGGTTC-1	-0.11647	-0.02428	-0.12290	-0.11879	-0.08948	LEP	stroma-rich
GAGTAGGATGGTAGTC-1	0.05612	0.11275	-0.07041	0.01025	-0.03430	LEP	stroma-rich
GAGTCACCGTCCTCCA-1	0.25952	0.18599	-0.17090	-0.18846	0.11480	LEP	stroma-rich
GAGTCACGTCCTTAGA-1	0.07918	0.03425	0.31921	-0.08887	0.22063	LEP	tumor-rich
GAGTCCACGCCTGAAG-1	0.14203	0.00089	-0.44588	0.08876	-0.02760	LEP	stroma-rich
GAGTCCACTCATAACA-1	0.04700	-0.03445	-0.34817	-0.11706	0.07030	LEP	stroma-rich
GAGTCCTACCTCTGCA-1	-0.09812	0.11844	-0.35572	-0.34146	0.02359	LEP	stroma-rich
GAGTCCTCTAGCGACA-1	-0.01575	0.00838	-0.32283	0.16665	0.00107	LEP	stroma-rich
GAGTCCTGTTACATCT-1	-0.01685	0.04944	0.20619	0.39869	0.21314	LEP	tumor-rich
GAGTCGAGCGTGCTTC-1	-0.13257	-0.13784	0.50275	0.12854	0.04871	LEP	tumor-rich
GAGTCTATTCCAGGAC-1	-0.03137	-0.05550	-0.27075	0.11205	0.08819	LEP	stroma-rich
GAGTCTCGAGATAGTC-1	-0.09138	-0.09172	-0.36625	-0.40453	0.01245	LEP	stroma-rich
GAGTCTGACTATAGAA-1	0.17628	-0.10676	-0.47274	0.15226	0.00695	LEP	stroma-rich
GAGTCTGGTGAATGAG-1	0.03880	0.12078	0.32340	-0.14169	0.06771	LEP	tumor-rich
GAGTGCAGCGTCATCG-1	-0.16472	0.01530	0.29393	0.37804	0.11270	LEP	tumor-rich
GAGTGCCGCATTAGGC-1	-0.18218	0.10744	-0.56114	-0.03122	-0.06944	LEP	stroma-rich
GAGTGCGGATACAGTC-1	0.08663	0.09882	1.09377	0.35808	0.21739	LEP	tumor-rich
GAGTGCGTACTGTAAC-1	-0.14724	0.08982	-0.44772	0.39033	-0.01157	LEP	stroma-rich
GAGTGGAGCAAGCGCA-1	-0.14279	-0.08011	-0.75259	0.11434	-0.08056	LEP	stroma-rich
GAGTTAATCTCGTTAT-1	-0.10815	0.10708	-0.09692	0.33960	-0.11202	LEP	stroma-rich
GAGTTAATTCCACTGG-1	0.07626	0.05627	0.25681	0.22098	0.13568	LEP	tumor-rich
GAGTTACTCAATGGAA-1	-0.08446	0.01633	-0.68186	0.20719	-0.11376	LEP	stroma-rich
GAGTTAGCAGTAGATG-1	-0.15865	-0.02407	0.12413	0.14386	-0.02455	LEP	tumor-rich
GAGTTCTATCGTGCCT-1	0.26456	0.17822	-0.49108	0.13058	0.04155	LEP	stroma-rich
GAGTTGGTATTAATAG-1	0.05848	0.14811	0.32311	-0.06379	0.21049	LEP	tumor-rich
GATAAGCACGTGCGTA-1	-0.20924	-0.00924	-0.64233	0.12428	-0.14956	LEP	stroma-rich
GATAAGTTGGCGATTA-1	0.05157	0.16693	-0.23374	0.16276	-0.12534	LEP	stroma-rich
GATAATCAGCTATTGT-1	0.07017	-0.12548	-0.34618	0.26713	0.11868	LEP	stroma-rich
GATACATAACGCATGT-1	0.02933	-0.01755	0.25857	0.21203	0.24318	LEP	tumor-rich
GATACCTCGCGACTGC-1	-0.11516	0.05921	0.55533	0.07714	0.30361	LEP	tumor-rich
GATACGACTGAACAGA-1	0.01924	0.17743	0.41643	0.53709	0.14439	LEP	tumor-rich
GATACTTCACTCAGCA-1	0.01848	0.03680	0.59485	0.36709	0.24719	LEP	tumor-rich
GATACTTCTAGTGGAG-1	-0.14361	0.02553	0.68305	0.72580	0.01028	LEP	tumor-rich
GATAGAGTCTGAATCG-1	0.01077	0.11513	0.73266	0.34004	0.17850	LEP	tumor-rich
GATAGAGTGATAAGCT-1	0.17499	-0.03269	1.22695	0.14162	-0.02478	LEP	tumor-rich
GATAGATATGGTTCCG-1	-0.01305	0.06823	-0.60155	-0.08338	0.09796	LEP	stroma-rich
GATAGATGTTGAAGAT-1	0.06176	0.07357	-0.03794	-0.10826	0.19450	LEP	stroma-rich
GATAGCTAATGGATAG-1	-0.09048	0.14200	-0.44406	0.32310	-0.03992	LEP	stroma-rich
GATAGTGACACTCCAA-1	-0.19594	-0.11758	0.21489	0.27965	-0.05077	LEP	tumor-rich
GATATCACCAGCATGG-1	0.02617	0.05215	0.26321	0.63116	0.18028	LEP	tumor-rich
GATATCCATATGAGGC-1	0.04018	0.08464	0.37898	0.42494	0.17367	LEP	tumor-rich
GATATCTTGTGACACG-1	-0.04844	-0.05126	-0.12455	-0.23353	0.01191	LEP	stroma-rich
GATATGCTCACGTTAC-1	0.08563	0.05134	0.36477	0.74250	0.15404	LEP	tumor-rich
GATCACGAACGTTGAG-1	-0.14747	-0.14755	-0.13966	0.27051	-0.07547	LEP	stroma-rich
GATCACGGCGTCTGGA-1	-0.00717	0.08579	-0.06161	0.08078	0.02131	LEP	stroma-rich
GATCACGTGATAGTTC-1	-0.15576	0.02057	0.31403	-0.38032	0.05894	LEP	tumor-rich
GATCACTTAACGGATT-1	-0.03631	-0.06819	-0.19607	-0.13071	0.02657	LEP	stroma-rich
GATCATCGGTGCGTTC-1	-0.22240	-0.06663	-0.62945	-0.20150	-0.06274	LEP	stroma-rich
GATCCACCGCGTGCAA-1	-0.03288	0.12044	-0.07896	0.16747	0.17271	LEP	stroma-rich
GATCCACCTTACCTTG-1	-0.04046	-0.01797	-0.52327	-0.05043	0.11459	LEP	stroma-rich
GATCCACGAGCGTGCC-1	-0.03479	-0.07470	-0.74556	0.28391	-0.03070	LEP	stroma-rich
GATCCATAGGATGTAA-1	-0.10052	-0.05232	-0.05654	-0.26778	-0.09398	LEP	stroma-rich
GATCCGGACATACACC-1	0.44854	0.19378	-0.08350	0.05819	0.19312	LEP	stroma-rich
GATCGCGGAGTCTAAT-1	-0.08649	-0.08180	-0.25510	-0.16155	-0.10827	LEP	stroma-rich
GATCGGAGATACGCAG-1	0.00632	-0.06361	-0.20046	-0.11381	-0.00435	LEP	stroma-rich
GATCGTAACATTAATA-1	0.16958	0.01625	-0.40213	0.44547	0.03178	LEP	stroma-rich
GATCGTAAGAGTCGCA-1	-0.10528	-0.06556	-0.39960	0.24925	-0.01167	LEP	stroma-rich
GATCGTCATGCGGAGG-1	0.00043	0.05064	0.63039	0.14371	0.18649	LEP	tumor-rich
GATCGTGGCCACAACC-1	0.11951	0.09150	0.02736	0.10184	0.22289	LEP	tumor-rich
GATCGTTGATGGATGC-1	-0.03437	0.06016	0.37116	0.02528	-0.02771	LEP	tumor-rich
GATCGTTGGAATGACA-1	0.16030	-0.16569	0.05418	0.75856	0.05226	LEP	tumor-rich
GATCGTTGTATCTACT-1	0.31209	0.09819	0.63584	0.59878	0.12279	LEP	tumor-rich
GATCTATGAAGATGCG-1	0.21912	0.11477	-0.69382	0.50726	0.24124	LEP	stroma-rich
GATCTTGTCATGATCT-1	0.08941	0.08757	0.82044	0.55884	0.27470	LEP	tumor-rich
GATGACTCTGAATCTT-1	0.11648	0.05120	0.73772	0.22100	0.20569	LEP	tumor-rich
GATGAGTGAACGGCTG-1	0.59000	0.04288	-0.56766	-0.22545	0.11032	LEP	stroma-rich
GATGCAACTCGCGTTG-1	0.08407	-0.10911	-0.36455	-0.32500	-0.10131	LEP	stroma-rich
GATGCCACATTATCAC-1	0.02336	0.14063	0.63226	0.64447	0.23946	LEP	tumor-rich
GATGCCAGACATAATG-1	0.05040	-0.00333	0.16439	-0.25578	0.16887	LEP	tumor-rich
GATGCCATCTATAACC-1	-0.08892	-0.09275	-0.14616	-0.27964	-0.13617	LEP	stroma-rich
GATGCCGACAGATATT-1	0.01301	0.07543	-0.08929	0.29584	0.11279	LEP	stroma-rich
GATGCCTAGAGTCTGT-1	-0.17376	-0.02760	0.03046	-0.05856	-0.04106	LEP	tumor-rich
GATGCGGTCCAGCTTA-1	0.12697	0.08532	0.89061	0.11709	0.23819	LEP	tumor-rich
GATGGACCTGGACGGA-1	-0.00522	0.16499	0.08645	0.22240	0.19285	LEP	tumor-rich
GATGGACGGCAGATGA-1	-0.04807	0.06243	-0.15074	0.08303	0.06271	LEP	stroma-rich
GATGGATCGTGGAGGT-1	0.18107	0.09755	-0.35689	-0.22467	-0.05974	LEP	stroma-rich
GATGTAGCGAGGTCCA-1	0.03063	0.05613	0.27860	0.18972	0.02704	LEP	tumor-rich
GATGTAGGAGTTGGCC-1	0.03581	0.02510	-0.12206	-0.01513	0.20473	LEP	stroma-rich
GATGTTCTATAGGATA-1	-0.03884	-0.00499	-0.66857	0.02925	0.00422	LEP	stroma-rich
GATTATGTGACATGAT-1	-0.06312	0.23773	-0.49103	-0.05030	-0.14838	LEP	stroma-rich
GATTCCAAGTCCTGTA-1	0.03434	0.04184	0.22814	0.43500	0.01768	LEP	tumor-rich
GATTCCATACTGAACC-1	0.03901	0.15555	0.06896	-0.30199	0.14391	LEP	tumor-rich
GATTCCATTGAGTTGA-1	0.08609	0.07509	0.37423	0.25777	0.10916	LEP	tumor-rich
GATTCCGCTATCGGCT-1	-0.02925	-0.00261	1.20228	-0.01768	0.19581	LEP	tumor-rich
GATTCCGCTGCAAGAT-1	0.02774	-0.13920	-0.37373	0.25722	-0.10552	LEP	stroma-rich
GATTCCGTCTAACGTT-1	0.13212	0.07454	0.93932	0.59748	0.17913	LEP	tumor-rich
GATTCCGTGCGTATAC-1	-0.03156	-0.00372	-0.68643	-0.19384	-0.15776	LEP	stroma-rich
GATTCCTGCAGATCGT-1	-0.07805	0.12306	-0.30612	-0.38819	-0.17489	LEP	stroma-rich
GATTCCTGTTCGCACC-1	-0.06182	0.07405	-0.32205	0.34351	0.00004	LEP	stroma-rich
GATTCGCCATGTATCA-1	-0.08042	-0.06992	-0.49842	-0.29246	0.06038	LEP	stroma-rich
GATTGACTCCATGCGA-1	0.10346	-0.00137	0.11316	0.13283	0.09613	LEP	tumor-rich
GATTGTCGCAACGAGG-1	-0.03251	0.06448	-0.48797	0.22177	-0.07076	LEP	stroma-rich
GCAACAGCCTGCTCTA-1	-0.06100	0.01794	-0.43021	0.32788	-0.03052	LEP	stroma-rich
GCAACAGCGTGGATCA-1	-0.05941	-0.09865	-0.69171	0.40430	0.06594	LEP	stroma-rich
GCAACAGCTCCTATGA-1	-0.01320	0.03438	0.41862	0.40970	0.10530	LEP	tumor-rich
GCAACAGGCCATTGAC-1	-0.05680	0.10073	-0.16166	0.50250	0.15673	LEP	stroma-rich
GCAACATACATCAGCA-1	0.05780	0.04181	0.30717	0.12330	0.11252	LEP	tumor-rich
GCAACATCAGTCAAGT-1	-0.09475	-0.11123	0.66582	0.52126	-0.18736	LEP	tumor-rich
GCAACATGGTTCTTCA-1	0.29694	0.20968	0.78181	1.14194	-0.12648	LEP	tumor-rich
GCAAGAATGTTCCACC-1	-0.07836	0.17533	-0.52532	-0.19015	0.08291	LEP	stroma-rich
GCAAGAGTCGGTGGAC-1	0.03827	0.09270	-0.45707	0.33348	0.03744	LEP	stroma-rich
GCAAGATAGGTTAACT-1	-0.02476	0.10487	0.34309	0.00333	0.25750	LEP	tumor-rich
GCAAGCACTACCGCCA-1	0.07342	0.01998	0.02036	0.81547	0.07550	LEP	tumor-rich
GCAAGCTTATTGACGT-1	-0.23340	-0.10816	-0.65373	0.37366	-0.10509	LEP	stroma-rich
GCAATACATGAGGACA-1	-0.00467	0.20642	-0.67391	0.68830	-0.11091	LEP	stroma-rich
GCAATCAACTCCAGAT-1	-0.00080	0.03555	0.60425	0.57208	0.12647	LEP	tumor-rich
GCAATCCTCGAGCGTT-1	-0.13840	-0.09264	-0.31237	1.04034	-0.01886	LEP	stroma-rich
GCAATCGTGACTCCAA-1	0.13980	0.06750	0.88778	0.24573	0.26748	LEP	tumor-rich
GCAATTAATCAACGTA-1	-0.08298	0.04849	-0.76425	0.04002	0.05062	LEP	stroma-rich
GCAATTCCTATCATAC-1	0.05741	-0.01714	-0.24357	0.28249	0.03704	LEP	stroma-rich
GCAATTCTGTGACAGA-1	-0.01245	0.02389	0.86362	0.15998	0.20080	LEP	tumor-rich
GCACAGCAGTCTGTAA-1	-0.07866	-0.06838	-0.04464	-0.32258	-0.13613	LEP	stroma-rich
GCACAGCTGTGGTTGA-1	0.04529	0.05105	-0.88503	0.13900	-0.05041	LEP	stroma-rich
GCACAGGCTCTACCAT-1	0.10249	0.02306	-0.43157	0.73283	0.06170	LEP	stroma-rich
GCACAGTCTTGATAGA-1	-0.08417	0.06258	0.39621	0.05552	0.17143	LEP	tumor-rich
GCACATCGTCTGCGGA-1	-0.08374	-0.01162	-0.05798	-0.17274	-0.03352	LEP	stroma-rich
GCACATGCCGGTCTGG-1	0.05134	0.02749	0.23754	0.50468	-0.01891	LEP	tumor-rich
GCACCGAAGATGTCTA-1	-0.02949	0.05936	0.05164	0.21614	0.13086	LEP	tumor-rich
GCACCTAGCCGAATCT-1	0.24649	-0.09896	0.30483	-0.54871	-0.03682	LEP	tumor-rich
GCACCTAGTAATTATC-1	0.08361	0.03025	0.38830	0.40062	0.19483	LEP	tumor-rich
GCACCTTAATCGGATA-1	0.01275	0.11625	0.14123	0.30546	0.08962	LEP	tumor-rich
GCACCTTACTGGCTAC-1	0.01584	0.01123	-0.74362	-0.21776	-0.01296	LEP	stroma-rich
GCACCTTAGCCTCGCA-1	-0.02878	-0.04012	0.17963	0.36931	-0.03753	LEP	tumor-rich
GCACCTTCGCGGTAGA-1	-0.08953	-0.07064	-0.26483	-0.16888	0.02607	LEP	stroma-rich
GCACGACTGGTGCGTA-1	0.06687	0.03070	0.11680	0.36738	0.17659	LEP	tumor-rich
GCACGAGCAGTACCGA-1	-0.21127	-0.07467	0.67681	0.01061	0.07929	LEP	tumor-rich
GCACGAGCTATTGTCG-1	0.09706	0.06193	0.84765	0.26423	0.27198	LEP	tumor-rich
GCACGAGGTCACGGAC-1	-0.20057	0.01970	-0.53504	0.44264	-0.07678	LEP	stroma-rich
GCACGCAACCATACCA-1	0.15906	0.12975	0.10977	-0.18453	0.21507	LEP	tumor-rich
GCACGCATAGATTGCT-1	0.31247	0.01129	0.91142	0.24270	0.25128	LEP	tumor-rich
GCACGCATAGGCGATC-1	0.01822	0.02119	-0.26153	-0.15714	-0.01569	LEP	stroma-rich
GCACGCGTGACATCAG-1	0.07420	0.03088	0.05212	0.44442	0.15203	LEP	tumor-rich
GCACGCTTCGTTGTTC-1	-0.04575	0.02634	0.24924	0.00711	0.17050	LEP	tumor-rich
GCACGGAAGGATAGTA-1	0.02153	0.00149	0.13267	-0.02697	0.16879	LEP	tumor-rich
GCACTACACTATTGCG-1	-0.14226	0.04869	0.29544	0.31506	0.12599	LEP	tumor-rich
GCACTCCGACTGGCGT-1	0.08103	0.03972	0.91603	0.35117	0.24819	LEP	tumor-rich
GCACTCTGTTGCCATA-1	-0.13519	-0.14342	-0.33403	0.19547	0.07493	LEP	stroma-rich
GCACTCTTGCTACCGA-1	0.14428	0.03523	1.19874	0.24938	0.30604	LEP	tumor-rich
GCACTGAATATGACAG-1	-0.04957	-0.02077	-0.02395	0.18169	0.18585	LEP	stroma-rich
GCACTGCCTCGATGCG-1	0.10412	0.05334	-0.24791	-0.17965	-0.09509	LEP	stroma-rich
GCACTGGACGCAGCAC-1	-0.03918	0.05898	-0.02825	0.20400	0.04775	LEP	stroma-rich
GCACTGTTGCGGCCTT-1	-0.06385	-0.03455	-0.22986	-0.24315	-0.03935	LEP	stroma-rich
GCAGACGCCTGGTTAT-1	0.46031	0.06181	0.31269	0.45773	-0.12868	LEP	tumor-rich
GCAGATACGTTGAACG-1	-0.16679	0.03090	0.28716	-0.13552	-0.00728	LEP	tumor-rich
GCAGATAGTTGGAGAC-1	-0.02465	0.05456	0.03368	0.24307	0.10725	LEP	tumor-rich
GCAGATCCTAATGTGG-1	-0.08263	-0.04265	0.44469	-0.17081	0.09877	LEP	tumor-rich
GCAGATCGGTAATTAT-1	-0.05698	-0.03163	-0.47838	0.46280	0.01016	LEP	stroma-rich
GCAGCCGGATGCCGCA-1	-0.02112	0.16261	0.61170	0.05613	0.17238	LEP	tumor-rich
GCAGCGACAGTTCGGT-1	0.01035	0.02858	1.19862	0.09653	0.04284	LEP	tumor-rich
GCAGCGATCTAACGAA-1	-0.02342	0.08842	0.18664	-0.19386	0.19543	LEP	tumor-rich
GCAGGCAGTGATCTAC-1	0.05505	0.00396	-0.51034	0.19046	0.02593	LEP	stroma-rich
GCAGGCCAACATCGCT-1	-0.13462	0.34862	-0.24018	-0.33120	-0.16544	LEP	stroma-rich
GCAGGCCATTCCTGCC-1	-0.00205	0.05889	-0.19212	-0.16767	-0.00823	LEP	stroma-rich
GCAGGCTACCGTCCTT-1	-0.06154	0.07161	-0.88150	-0.01161	-0.11804	LEP	stroma-rich
GCAGGCTGGTTCCAAG-1	-0.00064	0.14182	0.31431	-0.26464	0.10443	LEP	tumor-rich
GCAGGTCACTACCTCA-1	0.14173	0.12722	-0.47421	0.71462	0.12248	LEP	stroma-rich
GCAGGTGCTGATGCTT-1	0.26929	0.04675	0.58071	-0.16395	0.40354	LEP	tumor-rich
GCAGTACTCAACGAAG-1	-0.06044	-0.06226	-0.15533	-0.15533	-0.09447	LEP	stroma-rich
GCAGTAGATGTCCAAT-1	-0.14213	0.08312	-0.24182	0.17081	0.15385	LEP	stroma-rich
GCAGTTCGGCATTAGC-1	-0.12166	-0.11373	-0.24054	0.30614	-0.11090	LEP	stroma-rich
GCAGTTGACAATAGAA-1	0.09276	0.04196	0.72643	0.29451	0.31052	LEP	tumor-rich
GCATAACCGAGGTGAT-1	0.06443	0.16157	0.23491	0.36370	0.18591	LEP	tumor-rich
GCATACTAGCATCGAA-1	-0.08291	-0.03729	-0.54229	-0.10399	0.14500	LEP	stroma-rich
GCATGACGGATTATCA-1	0.06688	0.07022	0.11684	0.08722	0.07867	LEP	tumor-rich
GCATGCGTCCTATTAA-1	-0.19459	0.02926	-0.60794	0.29495	-0.01832	LEP	stroma-rich
GCATGCTGAGACAGGT-1	-0.19215	-0.12992	-0.56712	0.62329	0.07139	LEP	stroma-rich
GCATGTCGAGTGTCTT-1	0.05152	0.03956	0.11379	0.11377	0.11301	LEP	tumor-rich
GCATTACCTGTCAAGA-1	0.00166	0.13818	0.43282	-0.11795	0.11717	LEP	tumor-rich
GCATTGACTACAGCGA-1	-0.07805	-0.03631	0.46250	0.00101	0.15972	LEP	tumor-rich
GCATTGCTGTTCCATC-1	-0.03148	-0.04563	0.95767	0.38350	0.08620	LEP	tumor-rich
GCATTGGTTACCAAGC-1	-0.07502	-0.05262	-0.81023	0.11860	-0.09675	LEP	stroma-rich
GCCAACGAGCGGCATA-1	-0.01844	0.08718	-0.19043	0.05641	-0.03997	LEP	stroma-rich
GCCACGAAGGAATTCC-1	0.01804	0.03335	0.41873	0.39363	-0.06872	LEP	tumor-rich
GCCACGACCGTTAAGT-1	0.07636	0.13528	0.57485	0.20870	0.30860	LEP	tumor-rich
GCCACGCCTTAGTACG-1	0.04706	0.07954	0.14032	0.50634	0.03551	LEP	tumor-rich
GCCACTATAGACCATA-1	0.23459	-0.07812	-0.26829	-0.37684	0.20217	LEP	stroma-rich
GCCACTCCGTCACCTC-1	0.03144	0.10456	0.69364	0.11334	0.20139	LEP	tumor-rich
GCCAGACAGACGCCTA-1	0.11494	0.07299	-0.20713	0.90683	-0.03239	LEP	stroma-rich
GCCAGACATCTATCAC-1	-0.05426	0.00406	0.20266	0.31567	0.07955	LEP	tumor-rich
GCCAGGCTTAATGGCC-1	0.40975	0.18616	-0.43325	0.39114	0.13219	LEP	stroma-rich
GCCAGTAGACGATACC-1	0.04738	0.04748	0.08229	-0.22090	0.01947	LEP	tumor-rich
GCCAGTGCTCTACACT-1	0.06262	-0.07368	-0.34543	0.42281	0.01725	LEP	stroma-rich
GCCAGTTAATTCTTGC-1	-0.00418	0.04452	0.44788	0.33803	-0.02580	LEP	tumor-rich
GCCAGTTCCTCGTGCC-1	-0.07219	0.00064	0.33809	0.34275	0.01579	LEP	tumor-rich
GCCATTCTCGTGTAGA-1	0.05894	-0.12597	0.48632	0.56644	0.06970	LEP	tumor-rich
GCCATTCTTGCAACCA-1	0.00397	-0.05448	0.03719	0.63712	0.13033	LEP	tumor-rich
GCCATTGAGTGCTGCG-1	-0.11933	-0.14107	-0.51580	-0.29593	-0.01610	LEP	stroma-rich
GCCATTGATACTCAAG-1	0.03135	0.01723	0.28493	0.48824	0.10941	LEP	tumor-rich
GCCATTGCATGTTAAC-1	0.00374	0.08735	0.61557	0.09150	0.13104	LEP	tumor-rich
GCCATTGTAACTGATC-1	0.00385	0.04101	-0.07186	0.27284	-0.01326	LEP	stroma-rich
GCCATTGTAATGTCTT-1	-0.01075	0.09366	0.10176	0.01168	0.12142	LEP	tumor-rich
GCCGAAGATGTATTGA-1	-0.02508	-0.02338	1.02670	0.03161	0.08327	LEP	tumor-rich
GCCGAATCCACGACTC-1	-0.03056	-0.07804	-0.60317	0.58408	-0.01754	LEP	stroma-rich
GCCGAGTCCTCGTCCA-1	-0.13907	0.02070	0.10583	-0.16963	0.03365	LEP	tumor-rich
GCCGATACGGTATCAG-1	-0.08749	0.05995	-0.55512	-0.19126	-0.01651	LEP	stroma-rich
GCCGATCGAGTGAAGT-1	-0.00406	0.12458	-0.14531	0.12224	0.10266	LEP	stroma-rich
GCCGATCTCGTGACTC-1	-0.23167	-0.05592	0.22953	0.33740	-0.05078	LEP	tumor-rich
GCCGCACTTCGTCTAT-1	-0.14932	-0.08510	-0.54384	0.33798	-0.16777	LEP	stroma-rich
GCCGCTAGATCACCTT-1	0.13454	-0.01531	0.30745	-0.11947	0.21674	LEP	tumor-rich
GCCGCTGATTGGCCAG-1	0.20537	0.03678	0.21726	-0.34896	0.10379	LEP	tumor-rich
GCCGCTTCTAAGGTGA-1	0.09227	0.06306	0.96524	0.02406	0.32362	LEP	tumor-rich
GCCGGCAATAGGCAGG-1	0.02752	0.07591	0.31084	0.49889	0.09624	LEP	tumor-rich
GCCGGCATTCCGCCGA-1	-0.04438	-0.02283	-0.52586	-0.51588	-0.00596	LEP	stroma-rich
GCCGGCGAACCATTGT-1	-0.11786	0.03438	-0.08981	-0.44161	0.23673	LEP	stroma-rich
GCCGGCGTAGGTGACG-1	0.14463	0.03268	-0.19063	0.28657	0.07086	LEP	stroma-rich
GCCGGCGTGAACTTGC-1	0.19107	0.05117	0.01909	0.33905	0.09626	LEP	tumor-rich
GCCGGTATGCTCATGC-1	-0.06741	0.15067	0.09895	0.01698	0.03522	LEP	tumor-rich
GCCGTACCAGATCTAG-1	0.00238	0.00301	0.97641	0.20897	0.23727	LEP	tumor-rich
GCCGTATGCCAGTCTT-1	-0.03482	-0.12345	-0.15982	0.08274	-0.08578	LEP	stroma-rich
GCCGTATGCGTTATAG-1	0.11596	0.08776	0.39534	0.14785	0.11676	LEP	tumor-rich
GCCTATAGCATACCTT-1	-0.07514	0.13680	0.16575	0.65388	0.03233	LEP	tumor-rich
GCCTCATGCGAGCAGG-1	0.12895	0.11526	0.70764	0.61650	0.20100	LEP	tumor-rich
GCCTCCAACAGTAGCC-1	-0.09916	-0.07603	-0.36382	0.20555	-0.08743	LEP	stroma-rich
GCCTCCGTCTACCTCG-1	0.15158	-0.09211	-0.09676	0.37766	-0.01829	LEP	stroma-rich
GCCTCCGTGCTGTAAT-1	-0.04742	0.13002	0.55457	0.17231	0.23853	LEP	tumor-rich
GCCTCCTGCGGCCGTT-1	0.02366	0.00933	0.09467	-0.06916	0.20108	LEP	tumor-rich
GCCTGGAACGTCTGCT-1	-0.03914	0.05882	-0.61363	-0.08778	-0.13746	LEP	stroma-rich
GCCTGGACAATGTATC-1	0.05756	-0.08253	-0.44495	0.15916	0.19837	LEP	stroma-rich
GCCTGGACCTATTGTC-1	-0.01126	-0.00863	0.60520	0.23152	0.04081	LEP	tumor-rich
GCCTGGAGCAAGTTAG-1	-0.06360	0.14513	-0.56896	0.36587	-0.09820	LEP	stroma-rich
GCCTGGATCTGTGCTG-1	-0.01706	-0.01478	-0.53687	0.25751	-0.06428	LEP	stroma-rich
GCCTGGTAAGGCGACT-1	-0.12533	0.03189	-0.44094	-0.43875	-0.09169	LEP	stroma-rich
GCCTGGTACATGGTCG-1	-0.19740	-0.16860	-0.08604	0.24840	-0.02088	LEP	stroma-rich
GCCTGGTCAGGTTGCC-1	-0.12813	-0.15381	0.37678	0.14879	0.06115	LEP	tumor-rich
GCCTGTGAAGTCGGCG-1	0.21418	0.10257	0.83037	0.26656	0.30743	LEP	tumor-rich
GCCTGTGACACCAGAA-1	-0.08753	0.06560	-0.76906	0.04723	-0.06815	LEP	stroma-rich
GCCTGTGATAGATTGG-1	0.00014	0.07675	-0.06418	0.47995	-0.00914	LEP	stroma-rich
GCCTGTTAACGGACGA-1	-0.10300	0.06471	0.49463	0.31386	0.02311	LEP	tumor-rich
GCCTGTTAGGTTGTGA-1	-0.14864	0.11929	-0.07361	0.19590	0.00344	LEP	stroma-rich
GCCTTAATTGACGGAT-1	-0.17911	0.05161	1.01002	0.96925	0.22785	LEP	tumor-rich
GCCTTCGATCAGGTCG-1	0.07987	0.09081	1.34902	0.56368	0.26844	LEP	tumor-rich
GCCTTCGCTTATGTTC-1	-0.14108	-0.10641	-0.52237	-0.30759	-0.21130	LEP	stroma-rich
GCCTTCTGATTCCGTC-1	0.00255	0.00529	0.22313	0.41808	0.01336	LEP	tumor-rich
GCCTTCTGTCACGCTC-1	-0.12953	-0.13232	0.85751	0.21166	-0.04316	LEP	tumor-rich
GCCTTGAGATCTGAGC-1	-0.10368	0.04863	0.12158	0.03537	-0.05216	LEP	tumor-rich
GCCTTGCCACTTCTGA-1	0.05042	0.04798	-0.01587	-0.13329	0.04727	LEP	stroma-rich
GCCTTGCCTAGTCGAT-1	0.01276	0.03557	0.67975	0.45215	0.17926	LEP	tumor-rich
GCCTTGGCGAACAATC-1	0.07320	-0.04769	0.10162	0.17352	0.17798	LEP	tumor-rich
GCGAACAATAGAAGAC-1	0.02280	0.04687	0.51348	0.09301	0.16779	LEP	tumor-rich
GCGAAGTTGGCGTGCA-1	-0.13882	0.06835	0.46160	0.02639	0.11282	LEP	tumor-rich
GCGAATAGTGGCTAAT-1	0.02680	0.03543	-0.50140	0.41842	-0.03814	LEP	stroma-rich
GCGAATCGAGAACACG-1	-0.03847	-0.10251	-0.41107	0.06519	-0.10556	LEP	stroma-rich
GCGAATGCAGTGTCAA-1	-0.14483	-0.08317	-0.35740	0.12965	-0.04995	LEP	stroma-rich
GCGAATTGGCTAGCCA-1	-0.09863	0.11316	0.06538	-0.04529	-0.08130	LEP	tumor-rich
GCGACACTAAGCTAAG-1	-0.10896	-0.01578	0.24563	-0.20976	0.15307	LEP	tumor-rich
GCGACAGTGCCGCACC-1	0.11308	0.20532	-0.65882	0.34523	-0.21944	LEP	stroma-rich
GCGACCTCTACGTCCA-1	-0.04070	0.08964	0.38721	0.44237	0.24729	LEP	tumor-rich
GCGACGTAGAGCGTTA-1	0.06803	0.02879	-0.46726	0.47527	0.04101	LEP	stroma-rich
GCGAGCGGACCATAAC-1	0.06638	0.09992	-0.06206	-0.02947	0.11392	LEP	stroma-rich
GCGAGCGGTTGTCATG-1	0.08167	-0.06298	-0.39588	-0.41497	0.19151	LEP	stroma-rich
GCGAGCTAACTCCTAG-1	-0.15589	-0.07988	0.24191	0.46657	0.10349	LEP	tumor-rich
GCGAGGATCGACCTTA-1	0.20582	-0.04059	-0.83775	-0.04063	-0.00015	LEP	stroma-rich
GCGAGGTGCTACCTCG-1	-0.00675	0.33968	-0.08033	0.26044	0.05156	LEP	stroma-rich
GCGAGTTGAACGTCGA-1	0.02093	-0.02428	0.37605	0.20924	0.21202	LEP	tumor-rich
GCGATCTTGCTCACGC-1	0.36001	0.11535	0.45966	0.11120	0.36762	LEP	tumor-rich
GCGATGACCGTGTAAT-1	-0.00346	0.04127	0.40552	0.07808	0.04034	LEP	tumor-rich
GCGATGCCTCTAAGTC-1	0.19982	0.02713	-0.00807	0.25878	0.05457	LEP	stroma-rich
GCGATGGAGCTACATT-1	0.02513	0.13643	0.81465	0.36019	0.17796	LEP	tumor-rich
GCGATGTACTGCTATT-1	0.09745	0.02599	0.96727	0.57784	0.12887	LEP	tumor-rich
GCGATTCTAACAGTAA-1	0.05078	0.04038	-0.53151	0.63843	0.11023	LEP	stroma-rich
GCGGAGCCTGTAACAT-1	0.10539	0.10610	1.15328	0.38903	0.29550	LEP	tumor-rich
GCGGCAAGTGTTATGT-1	-0.09042	-0.00292	-0.08400	0.01590	0.04065	LEP	stroma-rich
GCGGTCCATCACGGCA-1	-0.02649	-0.01792	-0.11921	-0.19232	-0.10054	LEP	stroma-rich
GCGGTCCGCTGTCTCA-1	-0.12956	-0.09685	-0.26963	0.39412	0.03260	LEP	stroma-rich
GCGGTCCTGTAGTCTG-1	-0.04519	-0.05822	-0.23243	0.48527	-0.11317	LEP	stroma-rich
GCGGTCGGCGTACCTT-1	0.03269	0.03075	-0.20082	0.41643	0.17618	LEP	stroma-rich
GCGGTCGTTGATCTTG-1	0.01393	0.18342	-0.28589	0.29943	-0.05960	LEP	stroma-rich
GCGGTGAATCCTGTTA-1	-0.07797	0.03108	-0.28588	-0.01976	-0.08975	LEP	stroma-rich
GCGGTGGACATCAATC-1	-0.16001	-0.12703	0.38416	-0.54514	0.09239	LEP	tumor-rich
GCGGTGGATGGCGACG-1	-0.13255	0.02129	-0.23953	0.07583	-0.11080	LEP	stroma-rich
GCGGTGGCCGACGCAT-1	-0.13737	0.06958	0.22714	-0.11809	0.15673	LEP	tumor-rich
GCGGTTCTGTGGACGT-1	0.10910	0.07783	0.78509	0.24135	0.13285	LEP	tumor-rich
GCGGTTGCCTCGACGG-1	0.01771	0.11282	1.02052	0.28464	0.20871	LEP	tumor-rich
GCGTAACGTTACAGGT-1	0.01160	0.08266	0.52042	0.01237	0.17789	LEP	tumor-rich
GCGTAATTCTTGCCTT-1	-0.02769	0.04428	0.33725	0.18236	0.18344	LEP	tumor-rich
GCGTACCGGAACGACA-1	0.03912	0.09668	-0.77746	-0.03346	0.03862	LEP	stroma-rich
GCGTACCGGATGGCTC-1	0.02111	0.03335	0.45026	0.71866	0.09178	LEP	tumor-rich
GCGTACCGTGTATCAG-1	-0.04216	0.13020	-0.08023	-0.25848	0.33275	LEP	stroma-rich
GCGTACGAATCTAATC-1	0.04380	0.04887	-0.54539	-0.42922	0.13912	LEP	stroma-rich
GCGTCCAGCAATTGGC-1	-0.06857	0.07195	0.64421	0.21922	0.18161	LEP	tumor-rich
GCGTCCTCTGCCGTTG-1	-0.10367	-0.07204	-0.34240	0.25794	-0.06799	LEP	stroma-rich
GCGTCGGAATGCTGCC-1	-0.10278	0.04309	0.41545	0.17006	0.09204	LEP	tumor-rich
GCGTCGGTCACGCCAG-1	-0.10128	-0.06379	-0.28786	0.58540	0.23750	LEP	stroma-rich
GCGTCGTAGGCTCATC-1	0.19112	0.11051	-0.53516	0.06006	0.07231	LEP	stroma-rich
GCGTCTCGCAACTCAT-1	0.23990	-0.03622	-0.53049	0.59262	0.05240	LEP	stroma-rich
GCGTCTGGCCTGCAGC-1	-0.06328	-0.03763	-0.25889	-0.34547	-0.08706	LEP	stroma-rich
GCGTGAACGTGACTCA-1	-0.06267	0.08774	0.31310	0.07499	0.17498	LEP	tumor-rich
GCGTTAATAGTCAGTA-1	0.11839	0.07240	0.71346	0.56004	0.21691	LEP	tumor-rich
GCGTTCGAGGCCACAA-1	-0.14882	0.25908	-0.48637	-0.12977	-0.15483	LEP	stroma-rich
GCGTTCGATCTTGGCC-1	-0.08091	-0.07775	-0.20367	0.37521	0.05446	LEP	stroma-rich
GCGTTGTATCGGAGCT-1	0.15911	0.04826	0.14612	0.53813	0.10944	LEP	tumor-rich
GCTAACAGATTGGTAG-1	-0.22287	0.11246	0.12902	0.16731	0.06321	LEP	tumor-rich
GCTAACCATAGGCGTT-1	0.00813	0.08181	-0.14646	0.19072	0.09976	LEP	stroma-rich
GCTAACGTCCATTCTG-1	0.04641	0.01169	0.13836	0.35453	0.13444	LEP	tumor-rich
GCTACATCTGTACTCA-1	-0.02220	0.06028	1.01884	0.51752	0.04971	LEP	tumor-rich
GCTACCATCCTGTAGA-1	0.28126	0.04652	-0.72253	-0.14222	0.02132	LEP	stroma-rich
GCTACCTAGTCCGTTC-1	-0.17570	0.14082	0.65494	0.39133	-0.00044	LEP	tumor-rich
GCTACTTCTGACGCGA-1	0.06714	0.07457	-0.26647	0.21614	-0.07449	LEP	stroma-rich
GCTAGTCGATAGGTGC-1	-0.14912	-0.11380	-0.45154	0.01759	-0.03494	LEP	stroma-rich
GCTATCTGTCGCCGAG-1	-0.00037	0.05410	0.32650	0.28815	0.18028	LEP	tumor-rich
GCTATGCGTGAACGGT-1	0.02057	0.08598	0.26617	-0.43273	0.25992	LEP	tumor-rich
GCTCAACCACGGCAAC-1	-0.10631	-0.01672	-0.19037	0.03820	-0.05448	LEP	stroma-rich
GCTCATACAATTAGAC-1	0.03307	0.12393	-0.08977	0.30320	0.20065	LEP	stroma-rich
GCTCATACCTCAGGCA-1	-0.11014	0.34559	-0.46109	0.27885	-0.05727	LEP	stroma-rich
GCTCATTGGTTCAACA-1	0.10061	0.00787	1.03242	0.26452	0.27263	LEP	tumor-rich
GCTCCGAGACTACATA-1	-0.14252	0.04005	-0.38093	0.16232	-0.09950	LEP	stroma-rich
GCTCCGGCAACATGAT-1	-0.19229	0.21136	-0.01805	0.50896	-0.01288	LEP	stroma-rich
GCTCCTATGTCTTCGC-1	0.12876	0.02612	0.86370	0.24005	0.23222	LEP	tumor-rich
GCTCGATCGCAGCCAC-1	0.03730	0.14140	0.79501	0.46373	0.32735	LEP	tumor-rich
GCTCGATGCTCGCATG-1	-0.02459	-0.04539	-0.35663	-0.14061	-0.15682	LEP	stroma-rich
GCTCGCATCGTCATTA-1	0.03794	0.04890	-0.06653	0.10993	0.18330	LEP	stroma-rich
GCTCGGACCTTCAAGT-1	-0.03887	0.09777	0.73186	0.36657	0.23506	LEP	tumor-rich
GCTCGGAGATGAATGT-1	0.02534	0.02753	-0.05804	0.16212	0.13364	LEP	stroma-rich
GCTCGTAACGGAGCAC-1	0.07299	0.05110	0.21043	0.59689	0.06716	LEP	tumor-rich
GCTCGTCTGCCGCAAT-1	0.05904	-0.11499	-0.43829	-0.38958	-0.04972	LEP	stroma-rich
GCTCTGACTCGACTTA-1	-0.19181	-0.11243	-0.45246	0.03399	-0.00145	LEP	stroma-rich
GCTGAATGACCGTGAG-1	0.17814	0.07433	-0.65347	0.36656	-0.15061	LEP	stroma-rich
GCTGACAGCCGGAGCG-1	-0.13396	0.07571	-0.57386	-0.07071	-0.08206	LEP	stroma-rich
GCTGACCACGTCTTGG-1	-0.02434	0.03403	0.16587	-0.11622	0.02484	LEP	tumor-rich
GCTGACCGCATCGGAT-1	0.53184	0.25608	-0.53820	0.43921	0.05628	LEP	stroma-rich
GCTGACTTGTCTCAAT-1	0.04144	0.18258	0.15510	0.34949	0.10664	LEP	tumor-rich
GCTGAGGACAAGAAGT-1	0.08732	0.08883	0.24235	0.11652	0.08019	LEP	tumor-rich
GCTGAGTGTTCAACCG-1	-0.10808	-0.09114	-0.21786	-0.26344	0.00539	LEP	stroma-rich
GCTGCCGCCTATGTAG-1	0.03503	0.03341	0.00404	0.36365	-0.09770	LEP	tumor-rich
GCTGCGCAATGGAAGC-1	-0.06800	0.03542	-0.08098	0.01386	0.08733	LEP	stroma-rich
GCTGCGTTATGTGGAC-1	-0.00684	0.04510	0.79201	0.17551	0.12738	LEP	tumor-rich
GCTGGATGACTCTACC-1	-0.00817	0.05621	0.05540	-0.26712	0.16605	LEP	tumor-rich
GCTGTAGTGCTGTCGC-1	-0.02255	0.17468	0.25970	-0.32689	0.18877	LEP	tumor-rich
GCTGTCGCGATGGTAG-1	0.02178	0.03408	-0.37752	0.12712	-0.05044	LEP	stroma-rich
GCTGTCTAATTGGCAA-1	-0.03883	-0.02802	-0.13980	-0.09076	-0.04597	LEP	stroma-rich
GCTGTTATGGTTGCCG-1	-0.00657	0.03371	0.43378	0.16420	-0.05203	LEP	tumor-rich
GCTGTTCAACCGAATA-1	0.04492	0.04714	0.46877	0.13557	0.20638	LEP	tumor-rich
GCTGTTCATCAGCGTC-1	0.06389	0.08446	0.36488	0.34947	0.16520	LEP	tumor-rich
GCTGTTGATAGTCTTA-1	-0.14581	0.10072	-0.62552	0.00620	-0.12936	LEP	stroma-rich
GCTTAATAGAGGCGAG-1	-0.08788	-0.08198	-0.70123	0.22099	-0.12741	LEP	stroma-rich
GCTTACAGATGTGCAC-1	-0.09018	-0.07791	-0.20083	-0.37253	-0.05297	LEP	stroma-rich
GCTTACATGTTGCGCT-1	-0.13068	-0.12099	0.29971	-0.39008	-0.00211	LEP	tumor-rich
GCTTACCTATTAATAC-1	0.06337	0.04231	0.78434	0.49192	0.23614	LEP	tumor-rich
GCTTACCTCGTGCTAT-1	-0.00251	0.10156	0.54925	0.55129	-0.00654	LEP	tumor-rich
GCTTACGCAATACTAG-1	-0.01085	0.05792	-0.27439	0.20378	-0.00099	LEP	stroma-rich
GCTTAGACTACCAATG-1	-0.10417	0.06830	-0.19272	0.31032	0.07087	LEP	stroma-rich
GCTTATCCGCATTCTT-1	0.03089	0.03610	-0.19100	0.29650	0.04029	LEP	stroma-rich
GCTTCAATGTAACACC-1	0.08160	-0.06509	0.36102	-0.03750	0.22511	LEP	tumor-rich
GCTTCGATTGCGGTGC-1	0.10470	0.09838	1.55137	0.77124	0.17318	LEP	tumor-rich
GCTTCGCTAAGCGACC-1	-0.10978	-0.06908	-0.24621	-0.32793	0.03309	LEP	stroma-rich
GCTTCGCTCAAGCGAT-1	0.08591	0.08179	1.24679	0.29413	0.23890	LEP	tumor-rich
GCTTCGGCATCAGAGT-1	-0.08755	-0.03294	-0.39313	0.28764	-0.03107	LEP	stroma-rich
GCTTCTAAGTCTGACG-1	0.13587	-0.09697	-0.74464	-0.12282	-0.18583	LEP	stroma-rich
GCTTCTAGCCGAACAG-1	0.06467	0.06699	1.20597	0.37864	0.33917	LEP	tumor-rich
GCTTCTAGCGTTCATT-1	-0.09302	-0.04514	-0.16634	-0.21171	0.13843	LEP	stroma-rich
GCTTCTCACGACCACT-1	-0.01390	0.10294	0.37219	0.30624	0.23964	LEP	tumor-rich
GCTTCTCAGACCGCCT-1	-0.01738	-0.14977	-0.44042	0.01122	-0.04359	LEP	stroma-rich
GCTTCTCCAGAACCGC-1	-0.19525	-0.10299	-0.40383	1.23251	-0.02647	LEP	stroma-rich
GCTTCTGAACCGCTAT-1	0.05342	0.05894	0.09782	0.44341	0.06340	LEP	tumor-rich
GCTTCTGTATCGACGC-1	-0.08094	0.07344	0.39650	0.28344	0.17995	LEP	tumor-rich
GCTTCTGTTACGAGAA-1	0.04956	0.05700	0.65574	0.04605	0.17092	LEP	tumor-rich
GCTTCTTGAATCGGTT-1	-0.08409	0.02338	-0.23123	0.22587	-0.05495	LEP	stroma-rich
GCTTCTTGGACGAGCG-1	0.07808	-0.01212	-0.40485	-0.14506	0.03357	LEP	stroma-rich
GCTTGAACTCCATCCA-1	-0.25756	-0.01000	-0.00403	0.32596	0.10096	LEP	stroma-rich
GCTTGAACTCGCCATG-1	0.07223	-0.06443	-0.76433	0.34984	-0.15552	LEP	stroma-rich
GCTTGACCTCCGCTTC-1	-0.14740	0.04971	-0.36049	0.14799	0.19089	LEP	stroma-rich
GCTTGAGCTCTTGACA-1	0.08270	0.04852	0.25790	-0.25896	0.29006	LEP	tumor-rich
GCTTGCAATACAAGGC-1	0.03538	0.04200	0.19755	0.28519	0.11607	LEP	tumor-rich
GCTTGCCATAGTGGAT-1	0.02643	0.01523	0.77976	0.12527	0.17828	LEP	tumor-rich
GCTTGCTCAGTGTCCG-1	0.02086	0.04806	0.64319	-0.02503	0.24770	LEP	tumor-rich
GCTTGCTTACTTAACG-1	-0.06382	-0.03453	1.20611	-0.31015	0.17392	LEP	tumor-rich
GCTTGGATCCAACCGG-1	0.09645	0.17139	-0.22375	1.14405	-0.13178	LEP	stroma-rich
GCTTGGATGCTCGCTT-1	-0.04555	-0.04860	-0.39031	-0.02718	-0.12188	LEP	stroma-rich
GCTTGGCACTCCGTCT-1	-0.00202	0.01931	0.88210	0.47503	0.16745	LEP	tumor-rich
GCTTGGCAGCGGATCA-1	-0.10823	-0.09072	-0.46251	-0.33644	-0.03716	LEP	stroma-rich
GCTTGGCTGCGGTAAC-1	-0.07447	-0.00465	-0.74978	0.23437	-0.16806	LEP	stroma-rich
GCTTGGTCAACCGTGG-1	-0.09130	-0.08434	0.63148	-0.38309	-0.09925	LEP	tumor-rich
GCTTGGTGTTCGAACA-1	0.15033	0.08210	0.77446	0.31156	0.25782	LEP	tumor-rich
GGAACAGGTGATCTCC-1	-0.08519	0.11925	-0.51777	0.40369	-0.02488	LEP	stroma-rich
GGAACATCGTGGAATC-1	0.03367	0.08593	0.42367	0.56988	0.18268	LEP	tumor-rich
GGAACGATAACATTAT-1	0.06561	0.09420	0.09310	0.13549	0.10864	LEP	tumor-rich
GGAACTTCGACATGTC-1	0.19413	-0.04202	0.25661	-0.17044	0.27214	LEP	tumor-rich
GGAAGAATAACTAACC-1	0.14344	0.00349	0.74581	0.19723	0.21169	LEP	tumor-rich
GGAAGCAGTCATTCAG-1	-0.00224	0.17073	-0.00217	0.36237	0.13054	LEP	stroma-rich
GGAAGCATTAGAGGCA-1	-0.10816	-0.02023	0.18018	0.18786	0.08697	LEP	tumor-rich
GGAAGCTATGGCACAG-1	-0.05636	0.07235	-0.04671	0.09978	0.11272	LEP	stroma-rich
GGAAGCTGAGATAAGG-1	0.09983	0.09206	-0.86891	0.07182	0.01302	LEP	stroma-rich
GGAAGTCCTTGTCATC-1	0.11758	-0.06864	-0.08085	0.08828	0.14804	LEP	stroma-rich
GGAAGTCTTGTCGCAT-1	0.08438	0.08847	0.98069	0.14825	0.22662	LEP	tumor-rich
GGAATCAAGTACGCAC-1	-0.02991	-0.06065	-0.21533	-0.20713	0.03957	LEP	stroma-rich
GGAATCCTTAGACTGT-1	-0.03364	0.04339	0.49495	-0.28420	0.13094	LEP	tumor-rich
GGAATGCACCTCAATA-1	-0.02617	0.02879	0.16538	0.25287	0.30211	LEP	tumor-rich
GGAATGCGCCGACAGG-1	0.18283	0.08209	0.76581	0.69836	0.16528	LEP	tumor-rich
GGAATGGCAACTTGGA-1	0.03874	0.02078	0.39312	0.16262	0.13375	LEP	tumor-rich
GGAATGTCTTGTGCAC-1	-0.11892	0.05956	-0.29744	0.24771	0.05764	LEP	stroma-rich
GGACAGGTCGCATAAT-1	0.18848	0.05718	0.27282	0.39783	0.37421	LEP	tumor-rich
GGACAGTGCGGCAACA-1	0.28691	-0.01262	-0.49507	0.32670	0.00031	LEP	stroma-rich
GGACCACTTATCGTTC-1	0.07265	0.01901	0.29560	0.23380	0.18124	LEP	tumor-rich
GGACCAGATAGGATGT-1	0.11056	0.08339	0.41597	0.16792	0.30136	LEP	tumor-rich
GGACCATCACCGCCAA-1	0.09952	0.05160	0.53091	0.37319	0.35089	LEP	tumor-rich
GGACCGATCTGGATTA-1	0.01338	0.04027	-0.02619	-0.03143	0.05848	LEP	stroma-rich
GGACCGCTTCCTGGCA-1	-0.02477	-0.02012	0.36622	-0.16148	0.14807	LEP	tumor-rich
GGACCGGCTAAGTAGA-1	0.01354	0.00377	-0.64606	-0.14057	-0.09080	LEP	stroma-rich
GGACGAGTCTGTTCAC-1	-0.07794	-0.04217	-0.14030	-0.16461	0.20772	LEP	stroma-rich
GGACGGATCCATCTAA-1	-0.02128	0.03674	0.58304	-0.09179	0.19248	LEP	tumor-rich
GGACGGCTATCGACCA-1	0.17123	-0.04203	-0.22979	0.54175	0.02427	LEP	stroma-rich
GGACGGCTGACTAGTT-1	-0.09342	0.16954	-0.37110	0.56072	-0.04550	LEP	stroma-rich
GGACGGTATGCGGCTG-1	0.33264	0.10052	0.34783	0.40902	0.11209	LEP	tumor-rich
GGACGGTGCAGTAGGA-1	0.05789	0.05392	0.23058	0.27799	0.22352	LEP	tumor-rich
GGACGTACATACCAGA-1	0.08815	0.08786	0.82031	0.14859	0.28960	LEP	tumor-rich
GGACGTACTTCGGACA-1	0.02301	0.09612	0.93080	0.47637	0.18147	LEP	tumor-rich
GGACGTAGCCGCGTAA-1	-0.07014	0.22030	-0.12358	0.54269	0.06853	LEP	stroma-rich
GGACGTAGTGTAGAAG-1	0.13038	0.02949	0.33079	0.22539	0.13575	LEP	tumor-rich
GGACGTCGAACGGCTT-1	-0.03655	0.07580	0.16118	0.25850	-0.03790	LEP	tumor-rich
GGACGTCGAGGATTCA-1	0.04937	0.40377	0.56723	0.27898	0.24556	LEP	tumor-rich
GGACGTCGCACGAGAA-1	-0.10565	-0.12369	-0.80172	-0.10435	-0.10957	LEP	stroma-rich
GGACGTTACGTACATC-1	0.00442	0.14267	-0.72844	0.56731	-0.05049	LEP	stroma-rich
GGACGTTAGATATTAC-1	0.10582	0.07626	-0.60497	0.20268	0.08748	LEP	stroma-rich
GGACGTTAGATTCAGG-1	0.23697	0.06404	-0.44633	0.41955	0.03663	LEP	stroma-rich
GGACGTTGGAGGTGAT-1	-0.06083	0.05460	-0.32518	0.03146	-0.13410	LEP	stroma-rich
GGACTCACGGTCCAAT-1	0.13947	-0.09635	-0.58551	0.32848	0.09590	LEP	stroma-rich
GGACTCACTAGAGCCG-1	-0.10391	-0.02384	-0.21361	0.43082	0.00517	LEP	stroma-rich
GGACTCGTTCCTCGGA-1	-0.02560	0.07124	0.27107	-0.05182	0.26257	LEP	tumor-rich
GGACTCTGAACCTGAG-1	-0.06814	0.00635	-0.63123	0.53260	-0.03894	LEP	stroma-rich
GGAGAAGCCAAGCGCT-1	0.24460	-0.09803	-0.48270	-0.28895	0.03930	LEP	stroma-rich
GGAGACATGACCTAGG-1	0.06665	0.17232	0.35500	0.05591	0.09005	LEP	tumor-rich
GGAGACTATTGTGACA-1	-0.04282	-0.14733	0.27238	0.39439	0.06467	LEP	tumor-rich
GGAGATAGGAATGGTC-1	0.10434	0.07037	0.68766	-0.11014	0.19571	LEP	tumor-rich
GGAGATCCGTAGGATA-1	0.00979	0.02543	0.24645	0.05206	0.14502	LEP	tumor-rich
GGAGATCCTGTACCAG-1	-0.08136	0.06094	-0.68986	0.12875	-0.10306	LEP	stroma-rich
GGAGATGCGTGCAGTA-1	-0.01813	0.05953	0.13344	0.14584	0.06384	LEP	tumor-rich
GGAGATGGCTCGAGAT-1	-0.00323	0.09283	0.35348	0.34492	0.19849	LEP	tumor-rich
GGAGATGTGCCATAAC-1	0.04881	-0.01330	-0.12723	0.17660	-0.04658	LEP	stroma-rich
GGAGATTCACGACCAT-1	-0.06284	-0.00480	0.44805	-0.13974	0.23808	LEP	tumor-rich
GGAGCAATGCGGTGCA-1	0.11926	0.06298	0.57101	0.03944	0.12576	LEP	tumor-rich
GGAGCACCAACTGATT-1	-0.05119	0.02816	-0.54052	-0.01794	-0.00835	LEP	stroma-rich
GGAGCCAGTCTGCTGA-1	-0.08593	0.07529	0.31810	0.45873	0.18859	LEP	tumor-rich
GGAGCGAATTGGACGG-1	0.37050	0.00759	-0.39555	0.52519	0.02521	LEP	stroma-rich
GGAGCGAGTGTAACTT-1	-0.01768	0.05532	0.18851	-0.07224	0.19372	LEP	tumor-rich
GGAGCGGCACCTCGTA-1	0.01074	0.07548	0.02577	-0.02975	0.16510	LEP	tumor-rich
GGAGGCACATAGCGTA-1	-0.10494	0.10491	0.33294	0.09497	0.11205	LEP	tumor-rich
GGAGGCTCGCACTTAC-1	0.08814	0.14937	1.44642	0.52768	0.25300	LEP	tumor-rich
GGAGGTATTGGACACC-1	-0.00270	0.09805	0.07689	0.10710	0.21550	LEP	tumor-rich
GGAGGTCGTAGGAGCT-1	0.19112	0.04556	-0.26780	0.35940	0.05291	LEP	stroma-rich
GGAGTCCAGATAGCTT-1	0.00192	0.03901	-0.05279	0.29353	0.01174	LEP	stroma-rich
GGAGTCTAAGGCCGCT-1	0.09208	0.05911	-0.47067	0.38457	0.01108	LEP	stroma-rich
GGAGTCTAAGTGGTCC-1	0.04891	-0.15061	-0.52990	-0.50337	0.12277	LEP	stroma-rich
GGAGTGTCCATGTATT-1	0.02392	0.03707	0.52804	0.15998	0.20761	LEP	tumor-rich
GGATAAGTCAGGATAG-1	0.14712	-0.19468	0.84797	0.37342	0.00136	LEP	tumor-rich
GGATAATTATGCTGGT-1	-0.11233	-0.08609	-0.45185	-0.33071	-0.10240	LEP	stroma-rich
GGATAATTCAATGCTG-1	0.21175	0.07499	-0.29794	0.19123	0.06532	LEP	stroma-rich
GGATCGAGTGTCCACT-1	0.13374	0.01897	0.26240	-0.18344	0.18469	LEP	tumor-rich
GGATCGATACCTCCGG-1	0.02658	0.13238	0.62915	0.13198	0.14075	LEP	tumor-rich
GGATCGCTGGCATATT-1	-0.12033	-0.05163	1.21521	-0.26616	0.07680	LEP	tumor-rich
GGATCGGACGTCTTGT-1	-0.03391	-0.04893	-0.12209	-0.32717	-0.11449	LEP	stroma-rich
GGATCTTCTAAGCGAA-1	-0.08392	-0.07582	0.00000	-0.27627	-0.03634	LEP	stroma-rich
GGATGGATCACTCATA-1	0.13685	-0.05331	0.17476	0.38923	0.07505	LEP	tumor-rich
GGATGTAACTAATCCG-1	0.11080	-0.03528	-0.18794	0.05123	-0.05974	LEP	stroma-rich
GGATTCCGACGTGATG-1	-0.14193	0.16406	0.65730	-0.18185	0.04008	LEP	tumor-rich
GGATTCGATGTCCGGA-1	0.07238	0.00781	0.27608	0.42377	0.15196	LEP	tumor-rich
GGATTCGTGGTAATCA-1	0.13837	0.07089	1.07920	0.34852	0.24213	LEP	tumor-rich
GGCAAGACAATCAGCT-1	-0.01372	0.01264	0.11015	0.10268	0.12788	LEP	tumor-rich
GGCAATGCGAACTTAA-1	-0.09944	0.07472	1.01103	0.14995	0.10519	LEP	tumor-rich
GGCACGACGGACGTCG-1	-0.03618	0.11929	0.75285	0.31280	0.27649	LEP	tumor-rich
GGCACGTCCATAACCT-1	-0.03658	0.06084	0.20802	0.19975	0.12080	LEP	tumor-rich
GGCAGCATCGAGAACC-1	-0.10042	-0.08242	-0.68528	0.03826	-0.01234	LEP	stroma-rich
GGCAGCCGGCACTTCC-1	0.22753	-0.14239	-0.04247	0.52980	0.00014	LEP	stroma-rich
GGCAGCGTATACGACT-1	-0.10053	0.08144	-0.63214	0.02643	0.04310	LEP	stroma-rich
GGCAGCTCCTGGACGG-1	0.09336	0.03975	-0.68191	0.32770	-0.05655	LEP	stroma-rich
GGCAGGAAGTCTTCTA-1	0.09670	0.14354	-0.57901	0.03199	-0.11304	LEP	stroma-rich
GGCATAATCCTATCGC-1	-0.01219	0.06783	-0.03932	-0.18400	0.06396	LEP	stroma-rich
GGCATAATCCTTCATG-1	-0.00123	0.07686	0.51205	-0.00986	0.17842	LEP	tumor-rich
GGCATACATGGCTCAG-1	-0.09408	-0.02678	0.12839	0.21484	0.02591	LEP	tumor-rich
GGCATACTATTGCACT-1	-0.06295	-0.00957	-0.64818	0.39490	-0.08155	LEP	stroma-rich
GGCATCGAACCTCATA-1	0.05638	0.06173	-0.59943	0.56125	-0.01414	LEP	stroma-rich
GGCATTCCGATGCTCG-1	-0.05342	0.03986	-0.12497	0.24656	-0.01204	LEP	stroma-rich
GGCATTGCTAAGAATG-1	-0.07175	0.01087	-0.08581	-0.14213	0.17390	LEP	stroma-rich
GGCCAAGATGGATGGC-1	0.05505	0.02529	0.42818	0.11910	0.11828	LEP	tumor-rich
GGCCAATAACGCTACA-1	-0.24737	-0.14299	0.03658	0.28851	0.10316	LEP	tumor-rich
GGCCAGTAGGTATGAG-1	-0.02866	0.18960	1.08624	-0.19664	0.16315	LEP	tumor-rich
GGCCATGCGTCTGTCG-1	-0.15941	0.17319	-0.54308	0.11335	0.11454	LEP	stroma-rich
GGCCATGCTCCTCGTG-1	-0.02584	0.00112	1.52402	0.61448	0.27932	LEP	tumor-rich
GGCCATTAGCTAGTGG-1	0.16886	-0.01865	0.43830	0.29560	-0.27528	LEP	tumor-rich
GGCCGCCAACTATTGC-1	-0.07943	0.01593	0.76136	0.31582	0.09085	LEP	tumor-rich
GGCCGGCGGTCTGTTA-1	0.04904	0.02324	0.64622	0.07736	0.17088	LEP	tumor-rich
GGCCGGCTTCGTCAAC-1	0.10164	-0.10048	-0.27041	0.06052	0.12044	LEP	stroma-rich
GGCCGTCCAGTAGGAC-1	0.00897	0.00004	0.18130	0.20187	0.18051	LEP	tumor-rich
GGCCTGCGTTATGCCG-1	0.06660	0.00979	0.16414	0.03450	0.11262	LEP	tumor-rich
GGCCTTCGACCAGGTA-1	-0.00359	0.05178	0.44323	-0.09812	0.16683	LEP	tumor-rich
GGCCTTGGATGTTGTC-1	0.12685	-0.03325	0.49104	0.17707	0.09319	LEP	tumor-rich
GGCGACCATAGCGTTA-1	0.13142	-0.05043	-0.61433	0.12048	0.12801	LEP	stroma-rich
GGCGACCTATCTGGCG-1	0.02770	0.02197	0.51959	0.33388	0.17985	LEP	tumor-rich
GGCGACTTCTTGATGT-1	0.04929	-0.00532	0.51891	-0.03761	0.27600	LEP	tumor-rich
GGCGAGGCAGCCTACT-1	-0.17493	-0.13733	-0.60111	0.42956	-0.16981	LEP	stroma-rich
GGCGATCGGTCTGCTC-1	-0.10833	0.07397	-0.74026	-0.02024	-0.03098	LEP	stroma-rich
GGCGCAGGTCGCGTCT-1	0.22600	0.15397	-0.21688	-0.33915	-0.01561	LEP	stroma-rich
GGCGCCAAGGAGCGCT-1	0.08718	0.14458	-0.55342	-0.02931	-0.13264	LEP	stroma-rich
GGCGCCACCGGAGCAA-1	-0.05418	0.08704	0.13444	0.21239	0.10977	LEP	tumor-rich
GGCGCCACTCTGCGTT-1	-0.01671	0.02454	-0.14437	-0.05957	0.02247	LEP	stroma-rich
GGCGCCACTGAACATC-1	0.30480	0.01033	-0.42895	0.22063	0.07166	LEP	stroma-rich
GGCGCCGTCGGACATA-1	-0.11876	-0.07214	0.65899	0.55728	-0.09420	LEP	tumor-rich
GGCGCCGTGGTTACAT-1	0.14743	0.00732	0.66059	0.31334	0.15071	LEP	tumor-rich
GGCGCCTTGGCCTAAG-1	-0.01581	0.00347	0.69570	0.01503	0.21255	LEP	tumor-rich
GGCGCTAATATGCTCC-1	-0.10816	0.02372	0.29080	0.26870	0.00310	LEP	tumor-rich
GGCGCTTCACCAGCGA-1	-0.13531	0.07116	-0.11665	-0.38343	0.03987	LEP	stroma-rich
GGCGGAAGTCTTGTAG-1	-0.02817	0.00030	0.02652	-0.18245	0.06981	LEP	tumor-rich
GGCGGACATATTGATG-1	0.01891	0.14495	0.64672	0.41012	0.27194	LEP	tumor-rich
GGCGGAGCACTGATAA-1	0.10034	0.03299	0.34996	-0.27911	0.25347	LEP	tumor-rich
GGCGGAGTTGAACTAT-1	0.36656	-0.08059	-0.60239	0.41918	0.02009	LEP	stroma-rich
GGCGGATACAACGCAC-1	0.03816	0.04355	-0.01097	0.11149	0.18076	LEP	stroma-rich
GGCGGATATTGATTGA-1	-0.18165	-0.16822	-0.02068	0.02661	-0.00832	LEP	stroma-rich
GGCGTCGCCGTATGAT-1	-0.07739	0.15175	-0.65135	0.37246	0.03497	LEP	stroma-rich
GGCGTCGGTAGTGATA-1	0.06925	0.06075	-0.07102	0.25843	0.15517	LEP	stroma-rich
GGCGTGAACTCAACGG-1	-0.01213	-0.03222	-0.67832	0.13539	-0.08247	LEP	stroma-rich
GGCGTGCGCTAGATTA-1	-0.08546	0.02714	-0.69437	-0.13280	-0.16503	LEP	stroma-rich
GGCGTGGACCTTAGAT-1	0.02258	0.02218	0.40891	0.26357	0.13438	LEP	tumor-rich
GGCGTGGCACGGCACT-1	-0.05097	-0.00025	-0.04716	-0.35643	0.13917	LEP	stroma-rich
GGCGTGTAATTACTTA-1	0.15075	-0.01854	0.52899	-0.36688	0.18230	LEP	tumor-rich
GGCTAATGTCTAGCGT-1	-0.05809	0.15111	-0.47186	-0.27327	-0.11220	LEP	stroma-rich
GGCTCAATCAACATGA-1	-0.08028	0.01538	-0.63111	0.38122	-0.07211	LEP	stroma-rich
GGCTCGATTAAGGCGG-1	0.10054	0.01278	0.52947	0.33952	0.28036	LEP	tumor-rich
GGCTGACGCCGAATCA-1	0.08511	0.02521	0.54468	0.07514	0.12836	LEP	tumor-rich
GGCTGCTAACTTCGCT-1	0.01838	-0.03558	0.77518	0.11282	0.09822	LEP	tumor-rich
GGCTGCTCCATAGCTG-1	-0.04053	0.07658	0.86790	0.03536	0.21960	LEP	tumor-rich
GGCTGTGGAATAGCGT-1	0.27646	-0.06645	-0.30696	-0.24055	-0.09498	LEP	stroma-rich
GGCTGTTCAATGTCAA-1	-0.13292	0.00386	-0.40271	0.00319	0.08867	LEP	stroma-rich
GGCTTGCCATAGGCTC-1	-0.04085	-0.01792	0.32601	0.08420	0.03804	LEP	tumor-rich
GGTAACTCAACACTCC-1	-0.11416	0.21835	-0.24367	0.10689	0.02349	LEP	stroma-rich
GGTAAGGCGACGATGA-1	-0.02094	0.13002	-0.28802	-0.03683	0.01672	LEP	stroma-rich
GGTACCACCTATACCT-1	-0.18139	0.10621	-0.78489	0.02497	0.09030	LEP	stroma-rich
GGTACCAGGTAGTGTT-1	-0.01411	0.02489	0.33564	0.32181	0.16179	LEP	tumor-rich
GGTACGAAGAACTCGA-1	0.01809	-0.07777	0.16619	-0.13078	0.16964	LEP	tumor-rich
GGTACGATCGACTTAA-1	0.05790	0.10201	0.39726	-0.27962	0.21651	LEP	tumor-rich
GGTACGCTTACCTGCG-1	0.12395	0.18526	0.57924	-0.14259	0.32099	LEP	tumor-rich
GGTACGGAGCATCAGC-1	0.07929	0.02906	-0.34595	0.06930	0.18076	LEP	stroma-rich
GGTACGGTATGCTCCA-1	-0.05939	0.01160	0.42619	0.25018	0.08819	LEP	tumor-rich
GGTACGTGCCTTATCC-1	0.10673	0.07455	0.42989	-0.03155	0.15911	LEP	tumor-rich
GGTACGTGCTCGGCAA-1	-0.08576	0.11895	0.56650	0.07647	0.11931	LEP	tumor-rich
GGTACTGTGATCTTCC-1	0.04565	0.03626	0.15505	0.33797	0.10160	LEP	tumor-rich
GGTAGCCAAGGTACTT-1	-0.15384	0.15201	0.00934	0.13968	-0.00390	LEP	tumor-rich
GGTAGCCATCAATCCG-1	0.04853	0.04108	-0.61702	-0.32489	0.17939	LEP	stroma-rich
GGTAGCGTACATCTGT-1	0.02200	0.00864	0.38406	0.24876	0.16148	LEP	tumor-rich
GGTAGCTTAGCCAATC-1	-0.09193	0.09431	0.33482	0.18213	-0.00808	LEP	tumor-rich
GGTAGGCCACATGCAA-1	-0.09034	0.18119	-0.05235	0.46794	0.05055	LEP	stroma-rich
GGTAGGTCTGGCTAAC-1	0.02229	-0.04582	0.05983	-0.00074	0.16217	LEP	tumor-rich
GGTAGGTTGTTACGGC-1	-0.07347	0.06772	-0.12226	-0.16844	0.00185	LEP	stroma-rich
GGTAGGTTGTTCTAAG-1	-0.23124	-0.01235	-0.61253	0.10581	0.03738	LEP	stroma-rich
GGTAGTACAGGTTAGA-1	-0.09221	-0.10518	-0.30599	0.26009	-0.09183	LEP	stroma-rich
GGTAGTACCGCAACAG-1	0.12277	-0.08589	0.62878	0.66188	0.27728	LEP	tumor-rich
GGTAGTGCATGAAGTG-1	0.24835	-0.08159	0.10014	0.20802	-0.07079	LEP	tumor-rich
GGTAGTTGAAGTCCAT-1	-0.12210	0.17769	-0.32309	0.28873	-0.03850	LEP	stroma-rich
GGTATGCAACAGTGGC-1	0.16593	0.13695	0.00787	0.13755	0.10284	LEP	tumor-rich
GGTATGGTCAGGTTGG-1	-0.04311	0.23176	0.39202	0.10979	-0.00219	LEP	tumor-rich
GGTATGGTTGTCCTCG-1	-0.09627	0.05188	-0.21834	0.66599	-0.01299	LEP	stroma-rich
GGTCACCGCATAACAA-1	-0.05518	-0.02187	-0.39959	0.41722	0.07240	LEP	stroma-rich
GGTCATGCTCTGCCAA-1	-0.05469	0.02653	0.62010	0.43741	0.04739	LEP	tumor-rich
GGTCCGGACGAGTGAA-1	-0.11802	0.14317	-0.25901	0.47046	-0.13531	LEP	stroma-rich
GGTCCTGCGAGTAGGT-1	0.12087	0.08476	-0.26656	-0.34335	0.11353	LEP	stroma-rich
GGTCTACAGGCTACAA-1	-0.14339	-0.11006	-0.23582	-0.28398	-0.01233	LEP	stroma-rich
GGTCTGAAGGTTCGAA-1	-0.01311	-0.16493	-0.45241	-0.41482	-0.05575	LEP	stroma-rich
GGTCTGAAGTATGTCA-1	-0.05400	-0.12029	-0.15425	0.06987	-0.10562	LEP	stroma-rich
GGTCTGAGATCCGCCA-1	0.04288	0.11793	-0.41462	0.17124	-0.03520	LEP	stroma-rich
GGTCTGCGAACTGTAT-1	-0.21260	-0.12163	-0.73809	0.21901	-0.09040	LEP	stroma-rich
GGTCTGGTATGTGGCC-1	0.09141	0.03058	0.21623	-0.22057	-0.00636	LEP	tumor-rich
GGTCTGGTTGTAGAAC-1	0.12543	-0.19266	-0.72884	-0.06806	-0.01302	LEP	stroma-rich
GGTCTGTATCTTGTCG-1	0.10346	0.02311	0.03243	0.33384	0.24534	LEP	tumor-rich
GGTCTGTTCACTAATC-1	0.04842	0.22212	0.41406	0.36642	0.19868	LEP	tumor-rich
GGTCTTATAGGCTGGC-1	-0.04694	0.06324	0.06966	-0.03700	0.07843	LEP	tumor-rich
GGTCTTCCGCACATCC-1	-0.08972	0.00560	0.32037	-0.31056	0.22203	LEP	tumor-rich
GGTCTTCCGGCTGGAC-1	-0.10513	0.02940	-0.38755	-0.11391	-0.06225	LEP	stroma-rich
GGTCTTGAACCGGCCA-1	-0.22347	-0.07138	-0.04580	-0.16080	0.06985	LEP	stroma-rich
GGTCTTGATAACGTCA-1	0.19972	-0.06484	0.25012	-0.29069	0.01725	LEP	tumor-rich
GGTCTTGATTCAACCT-1	0.12250	0.03001	0.20434	0.39503	0.20533	LEP	tumor-rich
GGTCTTGCACGTTGCG-1	0.04178	0.12122	-0.00712	0.28096	-0.06875	LEP	stroma-rich
GGTGATCGTATCGTCT-1	-0.03791	0.14065	0.39455	0.24164	0.17417	LEP	tumor-rich
GGTGATGGTACAATGG-1	0.15035	0.17483	1.03168	1.01985	0.21424	LEP	tumor-rich
GGTGCAACCATGAGGA-1	0.08155	0.10769	1.01520	0.36135	0.23732	LEP	tumor-rich
GGTGCAATCAGACTTC-1	-0.21794	-0.16280	-0.71996	0.24485	0.06080	LEP	stroma-rich
GGTGCACTCCGGTTCG-1	0.00233	0.05422	0.58758	-0.10551	0.16521	LEP	tumor-rich
GGTGCAGGCACCGCGT-1	0.05726	0.06250	-0.71131	0.23837	-0.03614	LEP	stroma-rich
GGTGCAGTGGTCTTAT-1	0.41142	0.22380	-0.43158	0.17557	-0.00233	LEP	stroma-rich
GGTGCAGTTCCATATG-1	-0.05238	0.01860	-0.08953	-0.30415	0.01766	LEP	stroma-rich
GGTGCATCCAGAACGG-1	0.29597	0.10467	-0.54356	0.31573	0.16431	LEP	stroma-rich
GGTGCATGATACGGAT-1	0.03438	0.09920	0.46230	0.23822	0.15006	LEP	tumor-rich
GGTGCGCAACTAACGG-1	-0.05682	0.04243	-0.43630	0.22524	-0.02940	LEP	stroma-rich
GGTGCGTGGAGTTGGT-1	-0.12490	-0.11968	-0.38720	-0.38939	0.19356	LEP	stroma-rich
GGTGGCTTATTGCGTG-1	-0.01201	0.08325	0.11826	0.09124	0.04411	LEP	tumor-rich
GGTGTATGTTCCGATC-1	0.11687	0.07656	-0.24562	0.26188	-0.06470	LEP	stroma-rich
GGTGTCAAGCTGCACC-1	0.13890	0.04308	1.17449	0.28328	0.27154	LEP	tumor-rich
GGTGTCACCAGCGAAC-1	-0.00494	0.03251	0.64687	-0.06477	0.13576	LEP	tumor-rich
GGTGTCATACTATTAG-1	-0.02619	0.12339	-0.54432	-0.23995	0.28068	LEP	stroma-rich
GGTGTTATTCGATCGA-1	-0.06286	0.03928	0.17865	0.41162	0.13955	LEP	tumor-rich
GGTTACAGCCGGCCGG-1	0.03803	0.06305	0.44601	-0.07664	0.19694	LEP	tumor-rich
GGTTACCAAGGAATCT-1	0.16152	0.17448	0.37898	0.11408	0.17177	LEP	tumor-rich
GGTTACCAGACAACAT-1	-0.18274	-0.05722	0.16630	0.18006	0.04676	LEP	tumor-rich
GGTTACGGACGATTAA-1	0.31110	0.14255	0.06801	0.23727	-0.01955	LEP	tumor-rich
GGTTAGACTCACTAGC-1	-0.05944	0.16217	-0.22401	0.29052	0.08593	LEP	stroma-rich
GGTTAGACTCGGAGGT-1	-0.03875	-0.09527	0.12172	0.05591	-0.10674	LEP	tumor-rich
GGTTAGATGAGTCTAA-1	0.01247	0.03350	-0.42766	0.80895	-0.06761	LEP	stroma-rich
GGTTAGATGCCGTTGC-1	-0.07362	-0.03796	-0.05412	-0.19270	0.06986	LEP	stroma-rich
GGTTAGCACGCCTATG-1	-0.11042	-0.06846	-0.24845	-0.25515	0.04655	LEP	stroma-rich
GGTTAGCTTCATGAGT-1	-0.08287	0.00939	0.26038	0.40126	0.06445	LEP	tumor-rich
GGTTAGTATGAGTGTC-1	-0.17990	-0.14054	-0.27924	0.15212	-0.05409	LEP	stroma-rich
GGTTAGTCGGCAGCGA-1	-0.16826	0.15444	-0.50528	-0.09779	0.00967	LEP	stroma-rich
GGTTAGTGCTCCTACT-1	-0.07395	-0.05643	-0.17974	-0.20048	-0.16215	LEP	stroma-rich
GGTTCAAGGCGTGCGT-1	-0.06006	0.16983	0.55896	0.34304	0.23091	LEP	tumor-rich
GGTTCAAGGTTAAGCC-1	-0.03678	0.09597	0.34418	0.38833	0.09026	LEP	tumor-rich
GGTTCACCGACTCACG-1	-0.17706	0.01088	-0.23628	0.19912	-0.02208	LEP	stroma-rich
GGTTCATTCCGGCCTC-1	-0.07316	-0.00790	-0.34591	0.28559	-0.02901	LEP	stroma-rich
GGTTCTATACCGCTTG-1	0.15160	0.06588	0.32573	-0.02038	0.23011	LEP	tumor-rich
GGTTCTATCATATGGC-1	0.03292	0.12025	0.86008	0.39876	0.26738	LEP	tumor-rich
GGTTCTCCTATCAGTT-1	-0.14385	-0.02364	-0.32867	-0.44695	0.20318	LEP	stroma-rich
GGTTCTCGCTCACGCC-1	0.11670	-0.00843	-0.08760	0.08334	0.06671	LEP	stroma-rich
GGTTCTCGTGATGTGA-1	-0.14701	0.16829	-0.76159	-0.02598	-0.09560	LEP	stroma-rich
GGTTCTGGAGTCTACC-1	0.24079	0.07590	-0.63825	0.36790	0.11135	LEP	stroma-rich
GGTTGACCAAGACATG-1	0.00255	0.00992	0.45560	0.59192	0.03462	LEP	tumor-rich
GGTTGACCATTGCTGT-1	0.28203	0.30543	0.50712	-0.41658	0.34882	LEP	tumor-rich
GGTTGATAAGTACCTG-1	0.34787	-0.00482	-0.59223	-0.02503	0.06564	LEP	stroma-rich
GGTTGCGATTGAACAG-1	0.04259	0.03215	0.48940	0.29215	0.12069	LEP	tumor-rich
GGTTGCTACCGGAACA-1	-0.03414	0.22737	0.20697	0.24395	0.17185	LEP	tumor-rich
GTAACACCGAGCGTTA-1	0.03256	0.07121	-0.80942	-0.04683	-0.11010	LEP	stroma-rich
GTAACACTGTACCACG-1	-0.09646	-0.04031	-0.17998	-0.18593	-0.10413	LEP	stroma-rich
GTAACATAAGACCGTA-1	-0.09567	-0.07704	-0.34064	-0.20270	0.00169	LEP	stroma-rich
GTAACATACACCTGTT-1	0.03304	0.04923	0.10386	-0.18892	0.19356	LEP	tumor-rich
GTAACATCTTATAATG-1	0.08483	-0.09573	0.64269	-0.04130	0.17116	LEP	tumor-rich
GTAACCACAAGGCTGA-1	0.09120	0.10127	1.19057	0.36519	0.19713	LEP	tumor-rich
GTAACCACCTACAACC-1	-0.20517	-0.01871	0.10455	0.37807	0.06869	LEP	tumor-rich
GTAACCTAGCGTCACG-1	0.02949	0.05171	0.76607	0.75010	0.14026	LEP	tumor-rich
GTAACGGCAGCCTACA-1	0.08922	0.18786	0.52083	0.36032	0.22006	LEP	tumor-rich
GTAAGTAATTACAATC-1	-0.12944	-0.02198	0.25566	-0.07595	0.09869	LEP	tumor-rich
GTAAGTATTGCTATCG-1	-0.01401	0.03451	0.56815	-0.09941	0.13352	LEP	tumor-rich
GTAAGTTGCGGAGCGT-1	-0.07387	0.25043	-0.58856	-0.05170	-0.03603	LEP	stroma-rich
GTAAGTTGCTGGTGGA-1	-0.03682	0.00333	0.30518	-0.04165	0.14878	LEP	tumor-rich
GTAATAGTCCTAAGCC-1	0.07011	0.06032	-0.70777	0.15199	0.02771	LEP	stroma-rich
GTAATCACGCACAGCT-1	0.03869	0.01771	0.32237	0.35044	0.01156	LEP	tumor-rich
GTAATCAGGCGGACGG-1	-0.09974	-0.08572	-0.29501	0.76269	0.16165	LEP	stroma-rich
GTAATCTTGTCTAGTT-1	-0.03082	0.03945	0.21739	0.27238	-0.04134	LEP	tumor-rich
GTAATGACGGTCTACG-1	-0.19267	0.00159	-0.37233	0.08089	0.09366	LEP	stroma-rich
GTAATGATCACGTAAG-1	0.02140	0.08470	0.38851	-0.19693	0.10247	LEP	tumor-rich
GTACAACTCGGCAGAA-1	-0.01695	0.09145	-0.26635	0.32802	0.08482	LEP	stroma-rich
GTACAGAACAGGACTC-1	-0.16401	-0.01178	-0.61856	0.21167	-0.16156	LEP	stroma-rich
GTACAGAACCGATTAT-1	0.01830	0.55866	-0.34438	-0.10496	-0.16548	LEP	stroma-rich
GTACAGAACGCAGCGT-1	0.09108	-0.02455	0.51481	0.12316	0.29824	LEP	tumor-rich
GTACAGACCGTCGGCG-1	-0.00251	0.01740	-0.10938	0.43027	0.02427	LEP	stroma-rich
GTACAGATGACATCGC-1	-0.07541	0.01238	-0.38159	0.38602	0.05136	LEP	stroma-rich
GTACAGCCGTTACAGA-1	0.03173	-0.02904	0.43273	-0.17818	0.25966	LEP	tumor-rich
GTACAGCTGAGCCGGA-1	-0.00085	0.07641	0.39077	0.18165	0.12584	LEP	tumor-rich
GTACAGCTGTTGTCCT-1	0.11369	-0.01292	0.68921	0.61522	0.17841	LEP	tumor-rich
GTACAGGAACGAATGG-1	-0.00296	0.04379	0.61214	0.09120	0.25563	LEP	tumor-rich
GTACAGTATCGGAATT-1	-0.14574	-0.14368	-0.41630	0.02166	0.00398	LEP	stroma-rich
GTACATAAGCTACGCC-1	0.02523	-0.13825	1.18255	0.16189	0.09027	LEP	tumor-rich
GTACCTACAATACGAA-1	-0.12689	0.01039	-0.59034	0.29208	0.05559	LEP	stroma-rich
GTACCTCCTGATTCTT-1	-0.11063	-0.13205	-0.27964	0.31942	-0.15127	LEP	stroma-rich
GTACCTGAAGTGAATG-1	0.10925	0.09731	0.35257	-0.14834	0.30265	LEP	tumor-rich
GTACCTGTCTTACTGT-1	-0.00184	-0.03888	0.48432	0.10985	0.02680	LEP	tumor-rich
GTACCTTCATGTGCAA-1	0.05287	0.01949	0.25636	-0.02618	0.18309	LEP	tumor-rich
GTACGAACAGACTAGG-1	-0.10625	0.08559	-0.54379	0.41395	0.06518	LEP	stroma-rich
GTACGAAGATTATCCG-1	-0.07165	-0.01139	0.59739	0.02123	0.15689	LEP	tumor-rich
GTACGAAGGATTATTG-1	0.01448	0.15418	-0.22418	-0.12991	-0.12791	LEP	stroma-rich
GTACGAAGGCGTCTAT-1	-0.07869	-0.11010	-0.23606	-0.35437	-0.01884	LEP	stroma-rich
GTACGAATTACATAAT-1	0.35924	0.05042	-0.27095	0.52013	0.06567	LEP	stroma-rich
GTACGAATTCTACCAA-1	0.10548	0.00562	-0.24675	0.18601	0.14549	LEP	stroma-rich
GTACGACAGCTCCGGA-1	0.05869	0.09473	0.93297	0.25935	0.26788	LEP	tumor-rich
GTACGAGGTAGTGCAC-1	-0.11548	0.08369	-0.76026	-0.04861	-0.09414	LEP	stroma-rich
GTACGATTAGTCTACA-1	0.03094	0.11948	0.32237	0.00096	-0.01093	LEP	tumor-rich
GTACGATTGCGATGGC-1	-0.22058	-0.01300	0.07297	0.27975	0.07018	LEP	tumor-rich
GTACGCACTCAATTGC-1	0.01616	0.14411	-0.27096	0.39474	0.10395	LEP	stroma-rich
GTACGCCATAGATGGT-1	-0.08381	0.03957	0.86039	0.21939	0.01975	LEP	tumor-rich
GTACGCCTCGCTTCCA-1	-0.08305	-0.09723	-0.27538	-0.27407	0.15249	LEP	stroma-rich
GTACGCTCGCCAACAT-1	0.10698	-0.06656	-0.47974	-0.52168	-0.07010	LEP	stroma-rich
GTACGCTTGATACCAC-1	0.23439	0.04519	-0.35277	0.27183	-0.01333	LEP	stroma-rich
GTACGGTTAATGCAGG-1	-0.09332	0.05365	0.16568	0.20194	0.22892	LEP	tumor-rich
GTACTACCGTTAGGTG-1	-0.01620	0.05413	0.00680	-0.16238	0.21630	LEP	tumor-rich
GTACTGCATAAGGTTA-1	-0.12080	-0.10399	-0.37236	0.46877	0.09055	LEP	stroma-rich
GTACTTAACTTCAGCG-1	0.00914	-0.04905	0.43576	0.14255	0.16599	LEP	tumor-rich
GTACTTACTTCATACC-1	-0.10104	0.10731	-0.38661	-0.33738	-0.11021	LEP	stroma-rich
GTACTTAGTTGCGAAT-1	-0.03650	-0.11989	-0.63540	0.48011	-0.07526	LEP	stroma-rich
GTACTTCCATCTGGCA-1	-0.14630	0.05962	-0.30471	0.06226	0.09862	LEP	stroma-rich
GTACTTCTGATCCTCG-1	0.02542	0.06043	0.54477	-0.06745	0.25248	LEP	tumor-rich
GTACTTGGTTCGCTTA-1	-0.21517	0.03560	-0.49945	0.63384	0.17531	LEP	stroma-rich
GTACTTGTTATTCAAG-1	0.30807	0.08310	-0.72529	0.43023	-0.09655	LEP	stroma-rich
GTAGAAGGACATCATA-1	-0.11307	0.17977	-0.20569	-0.34224	-0.03995	LEP	stroma-rich
GTAGAAGTAAGCTGCG-1	0.01253	0.10212	-0.58444	0.15944	-0.07686	LEP	stroma-rich
GTAGAATCGCACATCG-1	-0.00948	0.03565	-0.34261	0.23941	0.11754	LEP	stroma-rich
GTAGACCAACTCCAAT-1	-0.10201	-0.07560	-0.34794	-0.33738	-0.12857	LEP	stroma-rich
GTAGACCAGAATACTC-1	-0.03963	0.11844	-0.06810	0.19106	-0.11558	LEP	stroma-rich
GTAGACCTGTCAACCA-1	0.11587	-0.08128	0.01443	0.56939	-0.05152	LEP	tumor-rich
GTAGACGTGCATGTGC-1	-0.03132	0.10585	0.49375	0.54057	0.18328	LEP	tumor-rich
GTAGCAACGACCGTGG-1	-0.13930	0.02971	-0.43068	0.22969	-0.13757	LEP	stroma-rich
GTAGCACGAGCTCAAG-1	-0.14220	-0.12651	-0.25444	0.12258	-0.15119	LEP	stroma-rich
GTAGCAGAACATGGTG-1	-0.15856	0.14784	-0.52410	-0.27578	0.01640	LEP	stroma-rich
GTAGCAGAAGACTCTT-1	-0.16558	-0.01603	0.29910	0.60036	0.05783	LEP	tumor-rich
GTAGCAGAGCAATAGC-1	0.04152	-0.02807	0.43749	0.32631	0.12725	LEP	tumor-rich
GTAGCATAGTTACAGG-1	-0.12095	-0.07018	0.94474	0.19259	-0.05962	LEP	tumor-rich
GTAGCATCGAAGGTCT-1	0.07552	0.03508	0.99016	0.35748	0.29982	LEP	tumor-rich
GTAGCCAGCTTAATTG-1	-0.04493	-0.02165	0.51481	0.17722	0.26353	LEP	tumor-rich
GTAGCCAGTGCGGTTG-1	-0.09429	0.12581	-0.80297	-0.05901	-0.08238	LEP	stroma-rich
GTAGCCGCACTCCATC-1	-0.05573	-0.05016	-0.68954	0.03426	-0.06883	LEP	stroma-rich
GTAGCCTAAGGTTAGT-1	0.01787	-0.02055	-0.48536	-0.45476	-0.05060	LEP	stroma-rich
GTAGCCTCTAAGTGTA-1	-0.07957	0.07063	0.51165	0.29063	0.18074	LEP	tumor-rich
GTAGCGCCTGAACTCA-1	0.05013	0.07740	0.57813	0.05527	0.26562	LEP	tumor-rich
GTAGCGCTAGATCCGT-1	-0.07578	0.00822	-0.46627	0.08305	0.02085	LEP	stroma-rich
GTAGCGCTCATCAGGT-1	-0.06577	-0.01288	-0.12854	-0.23504	0.04911	LEP	stroma-rich
GTAGCGTGGCACGCAG-1	-0.04553	0.15907	0.48009	0.34673	0.16946	LEP	tumor-rich
GTAGCGTGTAGCATGT-1	-0.10097	0.12788	-0.42843	-0.29405	-0.02828	LEP	stroma-rich
GTAGGAGCAACAGGCA-1	-0.12807	-0.09766	-0.10122	-0.31737	-0.01124	LEP	stroma-rich
GTAGGTGATAATTCAC-1	0.08225	0.05492	-0.38815	0.05970	0.08707	LEP	stroma-rich
GTAGTCAGACCAATGT-1	0.14211	0.21428	-0.58527	0.15387	-0.09365	LEP	stroma-rich
GTAGTCCAGCGGACAT-1	0.12427	-0.07488	-0.26375	0.19753	-0.11166	LEP	stroma-rich
GTAGTCCATTGTTCGT-1	-0.05366	-0.01424	-0.09375	0.18252	0.13680	LEP	stroma-rich
GTAGTCCGTGTACTAA-1	0.00126	0.10607	-0.05070	0.39668	0.06930	LEP	stroma-rich
GTAGTGACATTACGAC-1	0.02032	-0.00474	-0.51284	0.16084	-0.01315	LEP	stroma-rich
GTAGTTGTTCATGTAG-1	0.08545	0.05322	0.62692	0.23861	0.21776	LEP	tumor-rich
GTATAACTTGTTGCGA-1	-0.08445	-0.16112	-0.66131	-0.27142	-0.01786	LEP	stroma-rich
GTATAAGGCGTCTTCA-1	-0.02615	0.07151	0.30817	0.31492	0.08261	LEP	tumor-rich
GTATACATAAGGACTA-1	-0.01959	0.10902	0.51691	0.45499	0.17477	LEP	tumor-rich
GTATACATAGGTTGCC-1	0.01478	0.11175	0.90203	0.31134	0.23769	LEP	tumor-rich
GTATACATTGGCTCAG-1	0.07901	0.04930	0.25187	0.21195	0.15513	LEP	tumor-rich
GTATACGATACCTTGT-1	0.10835	0.00769	0.01725	-0.11653	0.04314	LEP	tumor-rich
GTATACGGTACACGCA-1	0.10398	0.05060	0.32950	0.46012	0.11711	LEP	tumor-rich
GTATACGGTTAAGATA-1	-0.12183	0.20749	0.45620	-0.17453	0.17912	LEP	tumor-rich
GTATCTACAGATCTCC-1	0.09066	0.08834	0.62301	0.14850	0.17044	LEP	tumor-rich
GTATCTAGCTACCAGC-1	0.04866	0.07810	0.51572	0.64516	0.19265	LEP	tumor-rich
GTATCTATGAAGATGT-1	-0.12049	0.07828	0.39467	0.45321	0.15396	LEP	tumor-rich
GTATCTCAGCCTTGGT-1	-0.00953	0.07228	-0.17861	-0.19623	0.04712	LEP	stroma-rich
GTATCTGTCAACGGTG-1	-0.16252	0.06294	-0.21035	0.02830	0.14618	LEP	stroma-rich
GTATCTGTGGCGTCTA-1	-0.01850	-0.00931	0.06846	0.29525	-0.00454	LEP	tumor-rich
GTATCTGTGGTCCAGC-1	-0.04494	0.16688	0.07681	0.38215	0.13742	LEP	tumor-rich
GTATGACATAAGACGG-1	-0.09459	0.06855	-0.26932	-0.35752	-0.09957	LEP	stroma-rich
GTATGATAGTATGGAT-1	-0.01851	0.19048	0.04916	0.27242	0.03484	LEP	tumor-rich
GTATGATCACTTGACG-1	-0.03862	-0.08300	-0.78742	-0.13199	-0.08869	LEP	stroma-rich
GTATGCCTATCTTGCG-1	0.01248	-0.02489	0.00964	0.19223	0.05557	LEP	tumor-rich
GTATGCCTTACTCCAC-1	0.00894	0.02703	0.19533	0.43115	0.09407	LEP	tumor-rich
GTATGCGGTATCATGA-1	-0.12634	-0.11444	-0.58370	0.32431	0.20067	LEP	stroma-rich
GTATGCTTGCGACTAA-1	0.03154	-0.01173	-0.00549	0.12146	0.14673	LEP	stroma-rich
GTATGGTGCCGGCAGG-1	0.04852	-0.01224	0.42225	0.10564	0.18358	LEP	tumor-rich
GTATGGTGGAGCGGCC-1	0.02096	0.07222	0.78673	0.49634	0.16555	LEP	tumor-rich
GTATGTAGCAGGCATA-1	0.12773	-0.00719	1.25749	0.20655	0.37007	LEP	tumor-rich
GTATGTAGCTCACCTT-1	0.02734	0.11534	-0.24486	0.19534	-0.02123	LEP	stroma-rich
GTATGTAGGCTTAAGA-1	-0.06732	-0.05939	-0.10777	-0.20514	-0.00255	LEP	stroma-rich
GTATGTGCAAGCCGGA-1	-0.15728	-0.12362	-0.36018	0.03077	0.01476	LEP	stroma-rich
GTATGTTAGACTGCCT-1	-0.04778	-0.03770	-0.26878	-0.24519	-0.05034	LEP	stroma-rich
GTATGTTAGTTCTACC-1	-0.07656	0.11963	-0.77797	-0.17037	0.14530	LEP	stroma-rich
GTATGTTCTGGATCGC-1	0.01514	0.08606	-0.57276	0.13504	0.03286	LEP	stroma-rich
GTATTAATGGTTGTGG-1	-0.12361	-0.10557	-0.35498	-0.37164	-0.08534	LEP	stroma-rich
GTATTACGAGTCAATC-1	0.06069	0.25851	0.22291	0.18500	0.15011	LEP	tumor-rich
GTATTACGGCCATTAT-1	0.05924	-0.09570	1.04772	0.09699	0.12506	LEP	tumor-rich
GTATTACGGTATTGAG-1	0.03326	0.03220	0.43683	0.17364	0.12283	LEP	tumor-rich
GTATTAGATTGAGGTC-1	-0.07362	0.37505	-0.21647	0.30822	0.07269	LEP	stroma-rich
GTATTAGGTTATCTGC-1	0.04317	0.03779	-0.72745	-0.01268	0.05893	LEP	stroma-rich
GTATTATGAGTTAGCG-1	-0.07619	0.17757	-0.33361	-0.20381	0.03959	LEP	stroma-rich
GTATTCCAAGTTACCT-1	-0.08423	0.07638	-0.48534	0.09249	-0.07476	LEP	stroma-rich
GTATTCCGCTCGGATG-1	-0.02763	0.12432	0.02454	0.18236	0.03697	LEP	tumor-rich
GTATTCGTGACTTGAT-1	0.41792	0.14552	-0.41792	0.01143	-0.00804	LEP	stroma-rich
GTATTCTAAGTGCTGT-1	-0.15919	-0.13548	-0.25965	-0.44792	-0.13906	LEP	stroma-rich
GTCAACAGACGCACGT-1	0.07586	0.02166	1.32885	0.13438	0.27271	LEP	tumor-rich
GTCAACAGCATAGATT-1	-0.00511	0.02741	0.37249	0.34724	0.08167	LEP	tumor-rich
GTCAACAGCGCACCGA-1	0.07147	0.05035	-0.02884	0.31856	0.15809	LEP	stroma-rich
GTCAACAGTTAAGTGA-1	0.19337	0.09967	-0.73678	0.49821	-0.12791	LEP	stroma-rich
GTCAACATAAGATAGA-1	-0.08687	-0.10055	-0.15637	-0.34281	-0.04107	LEP	stroma-rich
GTCAACATGGTGCTAT-1	0.12424	-0.00896	1.01117	0.21345	0.10159	LEP	tumor-rich
GTCAACCTGACGATAG-1	0.14477	0.04307	-0.27242	-0.00704	-0.02731	LEP	stroma-rich
GTCAACTCAACTGTTA-1	-0.07463	0.01310	-0.35214	-0.06507	-0.03613	LEP	stroma-rich
GTCACCAAGAGCGGTG-1	-0.04257	0.01628	0.71606	-0.00740	0.12222	LEP	tumor-rich
GTCACCTGAGATTGGA-1	-0.14447	0.01600	-0.52287	-0.36288	-0.00761	LEP	stroma-rich
GTCACTAAGAGGAATA-1	-0.03609	0.02467	0.41852	0.20956	0.11057	LEP	tumor-rich
GTCACTAAGCCAGCGG-1	-0.11331	-0.14947	-0.68307	0.05818	-0.04804	LEP	stroma-rich
GTCACTACTCGCGGAG-1	0.05772	0.00731	0.14128	0.10669	0.21352	LEP	tumor-rich
GTCACTACTTAATGGA-1	0.22593	0.17477	0.06136	0.25430	0.04838	LEP	tumor-rich
GTCACTGAATCTCACC-1	-0.12071	0.12658	0.86285	0.30331	0.00258	LEP	tumor-rich
GTCACTGTGATAACTC-1	0.13007	0.06945	0.59530	0.18459	0.27101	LEP	tumor-rich
GTCACTTACGTGTATG-1	-0.23099	-0.11772	-0.62973	-0.00065	0.00221	LEP	stroma-rich
GTCACTTATCCAAGAC-1	0.13746	0.05330	0.00596	-0.17827	0.13282	LEP	tumor-rich
GTCACTTATGAATGCG-1	0.25578	0.00659	-0.33268	0.35802	0.05328	LEP	stroma-rich
GTCACTTATGTCGTAT-1	0.03969	0.00267	-0.70087	0.09086	-0.02314	LEP	stroma-rich
GTCACTTCCTTCTAGA-1	-0.02692	0.12358	0.17383	0.25554	0.14788	LEP	tumor-rich
GTCACTTCTGGAGCGG-1	0.19433	0.14717	1.15317	0.86978	0.19198	LEP	tumor-rich
GTCAGCCAACATCACG-1	-0.12976	-0.13132	-0.41833	0.73477	0.00208	LEP	stroma-rich
GTCAGCCATTGTGCGG-1	0.03983	0.08936	-0.32318	0.00941	0.02133	LEP	stroma-rich
GTCAGCCTAATTACGT-1	-0.09178	0.18336	-0.52762	0.21205	-0.12077	LEP	stroma-rich
GTCAGCCTCCGAACCT-1	-0.15975	0.24493	0.16415	0.29359	-0.02125	LEP	tumor-rich
GTCAGCGATGTAATTG-1	-0.09737	-0.07800	0.49010	0.01077	0.07977	LEP	tumor-rich
GTCAGCGATTGATTCA-1	-0.01443	0.08409	0.24723	0.44337	0.13505	LEP	tumor-rich
GTCAGCTAGATCGACA-1	-0.11947	0.09063	0.33677	0.05609	0.16713	LEP	tumor-rich
GTCAGCTCAATCAAGG-1	-0.16595	-0.12557	1.86710	0.05759	0.03472	LEP	tumor-rich
GTCAGCTGGTGAGGCG-1	0.09760	0.04070	0.38964	0.13871	-0.08712	LEP	tumor-rich
GTCAGGACAAGCCATG-1	-0.21269	-0.17515	-0.58859	-0.02577	-0.13892	LEP	stroma-rich
GTCAGGATCAACCAAC-1	0.07073	0.12105	0.90379	0.35993	0.24165	LEP	tumor-rich
GTCAGGTACGTGGCAT-1	0.12126	-0.05841	-0.69183	-0.54306	-0.00182	LEP	stroma-rich
GTCAGGTGGCTCACCT-1	-0.06645	-0.04688	-0.22104	-0.23600	-0.03204	LEP	stroma-rich
GTCAGTAATCCAATTA-1	-0.02026	0.20646	0.22835	-0.10632	0.03348	LEP	tumor-rich
GTCAGTAGGTGACCGG-1	-0.15429	0.07546	-0.00970	0.08943	0.09707	LEP	stroma-rich
GTCAGTATGTCCGGCG-1	-0.17198	0.08011	-0.17307	0.07477	-0.02576	LEP	stroma-rich
GTCAGTGAGGATCGTT-1	-0.05741	0.15394	0.02161	-0.10451	-0.01006	LEP	tumor-rich
GTCAGTGCAGCGTTGT-1	0.09926	0.06537	0.97616	0.38888	0.19556	LEP	tumor-rich
GTCAGTGCCAGAATAA-1	0.35245	-0.11760	-0.33655	0.65004	0.19058	LEP	stroma-rich
GTCAGTGCTGACAGCG-1	-0.16421	0.02185	1.14748	-0.41076	-0.06340	LEP	tumor-rich
GTCAGTTCTGCCTGGA-1	0.32983	-0.02822	-0.76536	-0.21429	0.14143	LEP	stroma-rich
GTCAGTTGGAACCACG-1	0.09990	0.05818	0.50832	0.13908	0.28508	LEP	tumor-rich
GTCAGTTGTCGTATGT-1	0.11062	0.10490	0.82156	0.02124	0.25904	LEP	tumor-rich
GTCATCACGTGGTTCA-1	0.07589	-0.00108	-0.42827	-0.52330	0.09836	LEP	stroma-rich
GTCATCACTATTGTGC-1	-0.13329	-0.06511	-0.31293	-0.31619	-0.03666	LEP	stroma-rich
GTCATCAGTAGACCAG-1	0.37682	0.19076	-0.26764	0.37281	0.07986	LEP	stroma-rich
GTCATCGTATTGGCGA-1	0.03808	0.14747	0.08340	0.59273	0.17427	LEP	tumor-rich
GTCCAGCACGTTCAGA-1	0.07471	0.06594	0.77645	0.35839	0.20579	LEP	tumor-rich
GTCCATCTATACAAGG-1	0.04455	-0.01657	-0.05949	0.32147	0.07585	LEP	stroma-rich
GTCCGAATGCGGACAG-1	-0.02808	0.12085	-0.58877	-0.52488	0.00914	LEP	stroma-rich
GTCCGACAGCCGCATT-1	-0.09609	-0.06146	-0.81463	-0.07032	-0.18209	LEP	stroma-rich
GTCCGTACGGATGCTC-1	0.20939	0.03613	0.16857	0.83100	0.10808	LEP	tumor-rich
GTCCGTCGGCATGCGT-1	0.10177	0.03638	0.24173	0.09869	0.11531	LEP	tumor-rich
GTCCTCCGGATTATAC-1	0.04526	0.00171	-0.58375	-0.05936	0.00845	LEP	stroma-rich
GTCCTGCTTACGGCTG-1	-0.10249	-0.07674	-0.14360	0.31696	-0.03998	LEP	stroma-rich
GTCCTTATACATTACG-1	0.05437	0.11729	0.65193	0.23514	0.17771	LEP	tumor-rich
GTCCTTCATCAGATCA-1	0.01842	-0.02778	-0.43663	0.05771	0.02391	LEP	stroma-rich
GTCCTTCATGGATTAG-1	0.07257	0.10192	0.98110	0.23972	0.23422	LEP	tumor-rich
GTCCTTCGGAACCTGC-1	-0.11583	0.02325	-0.14179	0.30343	0.12339	LEP	stroma-rich
GTCGAACCGTTCACTC-1	0.18471	-0.05487	-0.30460	0.39380	-0.01453	LEP	stroma-rich
GTCGAAGTCGTGTTCT-1	0.01670	0.05065	0.64542	-0.03393	0.31455	LEP	tumor-rich
GTCGAGAACTAGACGA-1	0.21879	0.15869	-0.41504	0.24958	-0.08022	LEP	stroma-rich
GTCGAGACCGTCCGTT-1	0.09075	0.09615	0.48938	0.19282	0.27351	LEP	tumor-rich
GTCGAGACTGCCTAAG-1	-0.10810	-0.08264	-0.18955	0.12874	0.02229	LEP	stroma-rich
GTCGAGTGATTACTGT-1	0.03457	-0.01206	-0.13153	0.28891	0.05719	LEP	stroma-rich
GTCGAGTGCTCCTTCG-1	0.11649	0.05002	-0.27036	0.10632	0.00081	LEP	stroma-rich
GTCGCAACGAGCTGAC-1	0.01219	-0.02543	-0.31581	0.71805	0.03650	LEP	stroma-rich
GTCGCACGCAGCCTGC-1	0.10033	0.07151	1.14959	0.22596	0.27508	LEP	tumor-rich
GTCGCAGATTACTGCA-1	-0.06479	0.04512	-0.57801	-0.54332	0.10652	LEP	stroma-rich
GTCGCAGTATTAGGAT-1	-0.09460	0.13288	-0.23649	0.33779	-0.04036	LEP	stroma-rich
GTCGCATGCGGTAGAT-1	-0.12786	0.15068	1.68190	0.48449	0.07292	LEP	tumor-rich
GTCGCATTACCAGGCA-1	-0.07173	0.10526	0.90113	0.55090	0.15811	LEP	tumor-rich
GTCGCTAAGTGAGGTT-1	-0.11789	0.35641	-0.63148	0.06125	0.02954	LEP	stroma-rich
GTCGGCCGTTGTGAAT-1	-0.13587	0.00342	0.06571	0.41293	0.08390	LEP	tumor-rich
GTCGGCCTCCGGCATC-1	0.08716	0.19529	1.27654	0.33099	0.21886	LEP	tumor-rich
GTCGGCCTCGGTTCAT-1	-0.09705	-0.04271	-0.33281	-0.16492	-0.10285	LEP	stroma-rich
GTCGTAGACTGACAAG-1	-0.04465	0.08064	0.45333	0.47187	-0.06905	LEP	tumor-rich
GTCGTGCTAATGCCTT-1	-0.10521	0.11878	-0.68654	-0.02415	-0.07899	LEP	stroma-rich
GTCGTGTTCATGTCAG-1	0.02300	0.13802	-0.04397	0.40345	-0.00358	LEP	stroma-rich
GTCTAAGATCGGACTA-1	0.00562	0.27653	-0.43792	0.69142	0.07530	LEP	stroma-rich
GTCTAAGCGGCACGCC-1	0.02237	0.05545	-0.48010	0.10440	-0.06590	LEP	stroma-rich
GTCTAATACGGCTAAG-1	-0.04275	-0.07737	-0.10388	0.09685	0.18175	LEP	stroma-rich
GTCTAATCGAATTGGA-1	-0.16542	-0.12321	-0.51596	-0.38877	0.10709	LEP	stroma-rich
GTCTAGCATGGTACGT-1	-0.05108	0.06145	0.62692	-0.08205	0.11931	LEP	tumor-rich
GTCTAGCGTTGTGACC-1	0.11375	0.01853	0.42765	0.37722	0.21733	LEP	tumor-rich
GTCTAGGACAGGATAA-1	-0.08671	0.13075	1.04876	-0.08921	0.18619	LEP	tumor-rich
GTCTAGTCTAGCGACG-1	0.07762	0.13455	-0.25167	0.17246	0.01122	LEP	stroma-rich
GTCTATAGAATCGAGC-1	0.06670	0.08973	0.53213	-0.15696	0.20531	LEP	tumor-rich
GTCTATCAATGGATTA-1	-0.08344	-0.04049	0.38618	0.36294	0.15039	LEP	tumor-rich
GTCTATCAGTACTAAT-1	-0.03948	0.12490	-0.16730	-0.13179	0.01725	LEP	stroma-rich
GTCTATCCAGGACGTC-1	0.12429	-0.18316	0.08479	-0.18747	0.11036	LEP	tumor-rich
GTCTATGGTGAAGAGC-1	-0.03155	0.20473	-0.65700	0.41379	0.07673	LEP	stroma-rich
GTCTATGTTAATAGAA-1	0.20035	0.10089	0.09121	0.14935	0.19072	LEP	tumor-rich
GTCTATTAAGCACTTA-1	-0.16975	0.04012	-0.32632	0.53065	0.06288	LEP	stroma-rich
GTCTATTAGTGAGGCC-1	-0.00090	-0.10174	-0.01174	0.19531	0.03364	LEP	stroma-rich
GTCTATTGCGAGTTAC-1	-0.08517	0.03256	-0.52861	0.82382	0.02143	LEP	stroma-rich
GTCTCAATACTATGAG-1	0.01161	0.09358	0.32538	0.25298	0.16572	LEP	tumor-rich
GTCTCATGACTAGTTG-1	0.03597	-0.02323	0.41660	0.07565	0.25441	LEP	tumor-rich
GTCTCGACTGACGAGT-1	0.13242	0.12556	0.89504	0.34293	0.31231	LEP	tumor-rich
GTCTGAACAAGGTTAG-1	0.00098	0.07780	0.64626	0.38217	0.18880	LEP	tumor-rich
GTCTGAAGGCCTTAAT-1	-0.05400	-0.16519	-0.75900	0.48588	-0.05291	LEP	stroma-rich
GTCTGATAGATTATAA-1	0.03624	0.01123	0.03713	-0.00203	0.06003	LEP	tumor-rich
GTCTGATATCTGAATT-1	0.00573	-0.00979	-0.04524	-0.19882	0.15415	LEP	stroma-rich
GTCTGCTCAACACCAA-1	0.05720	0.02623	0.11178	0.30268	0.13057	LEP	tumor-rich
GTCTGTGGATCTGACG-1	0.17030	0.12015	0.39739	-0.22767	0.05701	LEP	tumor-rich
GTCTTCGATAGGTGTT-1	0.04866	-0.05151	-0.05759	0.54093	0.07720	LEP	stroma-rich
GTCTTCGGTAGCTACA-1	-0.03183	0.08889	0.21880	0.41800	0.08003	LEP	tumor-rich
GTCTTGAACAATTACA-1	-0.05176	-0.02596	0.28655	0.16476	0.03679	LEP	tumor-rich
GTCTTGAAGATTCATG-1	0.05943	-0.06071	-0.06688	0.37138	0.04793	LEP	stroma-rich
GTCTTGACAATAGCAA-1	-0.01050	0.07437	0.32551	-0.27278	0.14890	LEP	tumor-rich
GTCTTGACCGGAGGCC-1	0.10856	0.10176	1.20098	0.17766	0.29453	LEP	tumor-rich
GTCTTGACTTGCTCTG-1	-0.13808	0.23789	-0.08067	0.10927	0.12349	LEP	stroma-rich
GTCTTGATTGCCACCT-1	0.06391	0.01920	0.48098	-0.13252	0.15458	LEP	tumor-rich
GTCTTGCGATGAATGC-1	-0.15359	-0.07968	-0.35623	0.20215	-0.07414	LEP	stroma-rich
GTCTTGCGGCGATTCA-1	0.09404	0.18064	0.11554	0.27668	0.08123	LEP	tumor-rich
GTCTTGCTCAGATTAC-1	0.08901	0.01289	0.20581	0.33394	0.21777	LEP	tumor-rich
GTCTTGCTGGACGATA-1	0.00149	-0.01007	-0.44826	-0.03460	-0.09650	LEP	stroma-rich
GTCTTGCTTGATCCAC-1	-0.07658	0.10706	-0.53301	0.39545	-0.07945	LEP	stroma-rich
GTCTTGTATTGTAGAT-1	0.07021	0.09593	0.42092	0.37005	0.12584	LEP	tumor-rich
GTGAACATTCAACGAT-1	0.11411	-0.01474	0.16732	-0.22108	0.25593	LEP	tumor-rich
GTGAACGGTTCTAACG-1	-0.07267	0.07495	-0.77815	0.10985	-0.00430	LEP	stroma-rich
GTGAACTCACCAGTAT-1	0.01400	0.06174	0.38217	0.22876	0.21339	LEP	tumor-rich
GTGAACTCGTGGTATC-1	0.14058	0.05457	0.73011	0.31435	0.23548	LEP	tumor-rich
GTGAACTGAGTTCGGC-1	-0.01256	0.03238	0.25827	0.06725	0.15940	LEP	tumor-rich
GTGAAGATGAGTGCCT-1	0.00371	-0.00377	-0.54917	-0.30837	0.14165	LEP	stroma-rich
GTGAAGCCACAACCGG-1	0.07700	0.02978	-0.65569	0.06091	-0.10712	LEP	stroma-rich
GTGAAGTATTGGTCAC-1	0.27943	0.10146	0.34104	0.65308	0.10619	LEP	tumor-rich
GTGAAGTGATCGTGCT-1	-0.06372	0.07852	-0.46042	-0.13805	-0.23501	LEP	stroma-rich
GTGAATTAGACATTGC-1	-0.14035	-0.08786	0.17276	-0.01883	-0.14865	LEP	tumor-rich
GTGACAAGATGCTCAT-1	-0.00300	0.02132	-0.25305	-0.16403	0.13005	LEP	stroma-rich
GTGACAATAGGTATGT-1	-0.25315	0.17083	-0.37443	0.02155	-0.07182	LEP	stroma-rich
GTGACAATTGCGATAA-1	0.07751	0.03317	0.17257	0.59530	0.24760	LEP	tumor-rich
GTGACACCAAGTGAAT-1	0.06101	0.24614	0.30147	0.30916	0.16042	LEP	tumor-rich
GTGACAGCCTAGCCTC-1	-0.06419	-0.06172	-0.25664	0.49718	-0.13865	LEP	stroma-rich
GTGACATACAGGTCCT-1	0.25433	-0.06817	-0.52227	0.03722	-0.13000	LEP	stroma-rich
GTGACATAGTTAGCTG-1	-0.00881	0.13520	0.30925	-0.00181	0.12190	LEP	tumor-rich
GTGACATATGCTAGAT-1	0.01499	-0.02108	0.14740	-0.05202	0.14054	LEP	tumor-rich
GTGACATGCAATTAAT-1	0.01322	0.00227	0.18380	0.05953	0.18688	LEP	tumor-rich
GTGACATGTACCACCT-1	0.08048	-0.09668	-0.23317	0.60544	-0.04838	LEP	stroma-rich
GTGACCAGATCGAGAT-1	0.06226	-0.08747	-0.48849	0.16540	0.11472	LEP	stroma-rich
GTGACCGGAGTCATAC-1	-0.13168	-0.13209	-0.32669	0.71170	0.01022	LEP	stroma-rich
GTGACCGTGGATTAGC-1	-0.03477	0.01001	0.63172	0.00170	0.20740	LEP	tumor-rich
GTGACTATGGCATGGA-1	0.11947	0.25911	0.54150	0.63372	0.06320	LEP	tumor-rich
GTGACTGTCCTGGTAT-1	-0.01191	-0.04924	-0.13725	-0.04917	0.06372	LEP	stroma-rich
GTGACTTCAACATCCG-1	-0.00197	-0.11339	0.43798	0.11846	0.14965	LEP	tumor-rich
GTGACTTCCTCACGAC-1	-0.05518	-0.00404	-0.47106	0.23235	-0.00012	LEP	stroma-rich
GTGAGCACCAGCATCC-1	0.15321	-0.05596	0.23370	0.61745	0.05271	LEP	tumor-rich
GTGAGGATCTCAGCCT-1	-0.02250	0.17651	-0.69165	0.20736	-0.08615	LEP	stroma-rich
GTGAGGCAGTGAGTTA-1	-0.07417	0.08413	-0.01878	0.11054	0.08962	LEP	stroma-rich
GTGAGGCATTCGGTGG-1	-0.13509	-0.08023	-0.24021	-0.28870	-0.06081	LEP	stroma-rich
GTGAGGTACGCTGAGT-1	0.11014	0.12871	-0.22721	0.12164	-0.07301	LEP	stroma-rich
GTGAGGTCACAGGCCA-1	0.03732	-0.11995	-0.60585	-0.02729	-0.10878	LEP	stroma-rich
GTGAGGTTGGACGGCG-1	0.04046	-0.00085	0.74075	0.09008	0.17341	LEP	tumor-rich
GTGATCTACGAGATCC-1	0.00072	-0.05123	0.50930	-0.01918	0.15518	LEP	tumor-rich
GTGATGGATTAGAACA-1	-0.22425	-0.06464	0.14957	0.09789	0.11898	LEP	tumor-rich
GTGCAACGACGGTGTT-1	0.01548	0.10189	0.54938	0.03548	0.23039	LEP	tumor-rich
GTGCAACTACTGTACG-1	0.09050	0.02199	-0.04249	0.04340	-0.04723	LEP	stroma-rich
GTGCACCAATCATAAC-1	0.10371	0.20242	-0.60502	0.18925	0.01537	LEP	stroma-rich
GTGCACCGAATGTTAA-1	0.01564	0.07632	0.58392	-0.21240	0.16124	LEP	tumor-rich
GTGCACTTGTAAGCAC-1	0.07636	0.11006	0.56735	0.04248	0.22235	LEP	tumor-rich
GTGCACTTGTTCCTGG-1	-0.07319	-0.02964	0.48293	0.08229	0.13175	LEP	tumor-rich
GTGCAGAAGGTGCGAG-1	-0.11918	-0.07354	-0.45334	0.18148	-0.20264	LEP	stroma-rich
GTGCAGCCGGTCTGCA-1	-0.05620	-0.04255	-0.67850	-0.15200	0.07006	LEP	stroma-rich
GTGCAGGACTCCAAGG-1	0.02751	0.09846	0.88869	0.27429	0.25230	LEP	tumor-rich
GTGCAGGCACTCTAGG-1	-0.00544	0.26834	-0.30503	0.09472	0.08290	LEP	stroma-rich
GTGCAGGCTGGACATG-1	-0.01927	0.18007	-0.83045	0.08621	-0.11110	LEP	stroma-rich
GTGCAGTGGTAGATTC-1	0.14427	0.01110	0.46455	0.17976	0.12013	LEP	tumor-rich
GTGCAGTTGTGGCGCT-1	-0.10846	0.12900	-0.79844	0.56146	-0.18113	LEP	stroma-rich
GTGCATGGTTGAGTTC-1	-0.07574	0.07634	-0.14141	-0.16353	-0.05802	LEP	stroma-rich
GTGCATTCCTGTGGTC-1	-0.02924	0.02584	0.32591	-0.11365	0.34465	LEP	tumor-rich
GTGCATTGCAATGTTG-1	0.03079	0.01758	0.72237	0.19018	0.19051	LEP	tumor-rich
GTGCCACCTAGCAGCC-1	0.06217	0.08611	0.39907	0.47607	0.17651	LEP	tumor-rich
GTGCCACCTTGAGCAT-1	-0.02604	0.00218	0.06027	0.53629	0.08099	LEP	tumor-rich
GTGCCGCATCCTTCCT-1	-0.03854	0.03481	0.02181	0.17994	0.10521	LEP	tumor-rich
GTGCCGTCCTGTCAGC-1	0.00032	-0.03224	0.07551	0.06176	-0.05880	LEP	tumor-rich
GTGCCTGACACGTTGG-1	0.06633	-0.08694	0.09461	0.27510	0.07055	LEP	tumor-rich
GTGCGGCATGCTCATC-1	0.00398	0.06459	0.37420	0.26155	0.19097	LEP	tumor-rich
GTGCGTTCACGGATAA-1	-0.06632	0.14234	0.32302	0.10237	0.18511	LEP	tumor-rich
GTGCTACGTTCTAACC-1	-0.02799	0.04510	-0.43340	0.47514	0.05819	LEP	stroma-rich
GTGCTCAATGCAACCT-1	0.09318	-0.03328	0.21836	0.00039	0.15195	LEP	tumor-rich
GTGCTCGACGTGAACT-1	-0.03983	0.19935	-0.28764	0.57772	0.00999	LEP	stroma-rich
GTGCTCGCTTGATCGG-1	0.18228	-0.01653	0.39661	0.79314	-0.06773	LEP	tumor-rich
GTGGAACAGAAGTCGA-1	0.10262	0.40936	0.11027	0.07939	-0.06796	LEP	tumor-rich
GTGGACCAACTAGGAG-1	-0.01266	0.05573	0.60981	0.05622	0.18589	LEP	tumor-rich
GTGGAGTACAATCAAT-1	0.08447	0.04199	0.93354	0.20050	0.30108	LEP	tumor-rich
GTGGATAATCATAATC-1	0.19271	0.16238	0.31384	0.23896	0.10069	LEP	tumor-rich
GTGGATTAACAGCGGT-1	-0.20584	-0.08639	1.01628	0.30329	0.08441	LEP	tumor-rich
GTGGCGACCTAATATT-1	-0.06584	0.15805	0.64578	-0.02327	0.00302	LEP	tumor-rich
GTGGCGACCTTGATTC-1	-0.08049	-0.08303	-0.28447	-0.29579	0.01755	LEP	stroma-rich
GTGGCGACTGATTAAC-1	0.03914	-0.04587	0.28480	0.08735	-0.04513	LEP	tumor-rich
GTGGCGAGGAAGGCTA-1	-0.18494	0.10937	-0.55281	0.22123	0.02574	LEP	stroma-rich
GTGGCGATAGGCAGAA-1	0.13472	0.09009	1.06446	0.19987	0.34193	LEP	tumor-rich
GTGGCGATCTGCGATA-1	-0.13488	0.02527	-0.73290	-0.15441	-0.07028	LEP	stroma-rich
GTGGCGCACCTGTTCC-1	0.19162	0.06022	-0.38853	-0.08747	-0.09920	LEP	stroma-rich
GTGGCGCCAACAGCTC-1	-0.13912	0.18099	-0.45065	0.01791	0.02269	LEP	stroma-rich
GTGGCGCCACGCTGAG-1	0.08203	-0.02141	0.40370	0.12449	0.16962	LEP	tumor-rich
GTGGCGCCACTACGCT-1	-0.00826	0.08012	0.23165	-0.03493	-0.13674	LEP	tumor-rich
GTGGCGCCAGACTCGA-1	-0.04660	0.01523	-0.13565	0.17753	0.30301	LEP	stroma-rich
GTGGCGCCAGCTAACC-1	0.14138	0.12147	-0.47917	0.45789	-0.00483	LEP	stroma-rich
GTGGCGGACATTCTCG-1	-0.02681	-0.01507	-0.54893	-0.12169	-0.03999	LEP	stroma-rich
GTGGCGGTCCGGATGA-1	0.02811	0.14036	0.49457	0.35996	0.26136	LEP	tumor-rich
GTGGCTGAATGCGAGT-1	-0.00194	-0.15151	-0.69629	-0.14932	-0.14807	LEP	stroma-rich
GTGGCTTCCTACCGTT-1	-0.16030	-0.08317	-0.52322	0.40385	-0.12764	LEP	stroma-rich
GTGGTAAGCCTCTTCG-1	-0.08642	-0.04656	0.36550	-0.13781	0.10770	LEP	tumor-rich
GTGGTACTGGTTCCAA-1	0.08291	0.09275	0.62879	0.24045	0.23566	LEP	tumor-rich
GTGGTACTGTTGTAGC-1	-0.09170	-0.09181	-0.33441	0.09890	0.12707	LEP	stroma-rich
GTGGTACTTGGTTGGA-1	0.00903	-0.02354	-0.46389	0.18538	-0.04452	LEP	stroma-rich
GTGGTAGGTCTAAGAA-1	0.20024	0.02697	-0.19183	-0.14666	0.07708	LEP	stroma-rich
GTGGTCGCTCTGTAGC-1	-0.03656	0.05877	0.37757	-0.08664	0.08136	LEP	tumor-rich
GTGGTTACCTTGCGCA-1	-0.03996	-0.15396	-0.54220	0.52057	-0.06255	LEP	stroma-rich
GTGGTTGACAAGGAGC-1	0.00608	0.06860	0.28494	-0.08987	0.18981	LEP	tumor-rich
GTGGTTGCACGCGGCA-1	0.03331	-0.11140	-0.55346	0.50581	0.12106	LEP	stroma-rich
GTGGTTGCCGCTTCAA-1	0.05997	0.09894	0.72263	-0.18029	0.00238	LEP	tumor-rich
GTTAACAACTTCGGAT-1	-0.09551	0.01705	-0.12159	0.14218	0.10358	LEP	stroma-rich
GTTAACTCCGACCACT-1	0.07171	-0.02896	-0.15821	-0.08584	0.15263	LEP	stroma-rich
GTTAATACATAATGCT-1	-0.13217	-0.13062	-0.40312	-0.34609	-0.10083	LEP	stroma-rich
GTTAATACGACACGCC-1	0.14283	-0.07617	-0.18363	0.24608	0.22408	LEP	stroma-rich
GTTAATGGCGCAACGC-1	-0.11631	0.12390	0.39721	0.07518	0.20975	LEP	tumor-rich
GTTACAGGTACATGGC-1	-0.08165	0.16849	0.54461	0.25195	-0.15733	LEP	tumor-rich
GTTAGACAATGGATGA-1	0.27324	0.09729	-0.00394	0.45015	0.08187	LEP	stroma-rich
GTTAGAGGTGTTAAGA-1	0.07270	0.15495	0.21750	-0.12518	0.05264	LEP	tumor-rich
GTTAGGAAGTATACGA-1	-0.15694	0.13738	-0.26106	-0.07775	0.07467	LEP	stroma-rich
GTTAGGCCTGAACATC-1	0.13624	-0.05110	-0.18546	0.44428	-0.04546	LEP	stroma-rich
GTTAGGTACTAACTGG-1	-0.13545	-0.13977	-0.65622	0.10887	-0.08017	LEP	stroma-rich
GTTAGGTCCACTGGCG-1	-0.03753	0.10018	0.29551	0.35025	0.09444	LEP	tumor-rich
GTTATCCTATACTGGC-1	-0.12913	-0.04658	-0.05811	-0.25028	0.17082	LEP	stroma-rich
GTTATGATACGATTAT-1	-0.07130	-0.04943	-0.11667	-0.20418	0.02494	LEP	stroma-rich
GTTATGTTGCTTAGAT-1	-0.09037	0.03151	-0.50557	-0.05241	0.10737	LEP	stroma-rich
GTTATTCGCCGATCGC-1	-0.20253	0.03983	-0.27941	0.16947	0.01490	LEP	stroma-rich
GTTATTCGGCCATTCG-1	0.02003	0.07594	-0.16879	0.04717	0.16821	LEP	stroma-rich
GTTATTCGTAACGTCC-1	-0.15194	0.01584	-0.42303	0.09603	-0.14080	LEP	stroma-rich
GTTATTGACCTCATTC-1	0.01635	0.07303	0.48525	0.30128	0.14229	LEP	tumor-rich
GTTATTGCTGAATCCG-1	-0.20486	0.06642	-0.59650	0.41935	-0.12865	LEP	stroma-rich
GTTATTGGCATGTAGA-1	0.13633	0.07008	0.59710	0.19504	0.23186	LEP	tumor-rich
GTTATTGTACGTATAC-1	0.18872	0.01270	-0.65428	0.54789	-0.09271	LEP	stroma-rich
GTTATTGTCTATTCAT-1	-0.17951	-0.17546	-0.53593	0.05375	-0.06111	LEP	stroma-rich
GTTCATACCTTGGTTA-1	-0.19345	0.04659	0.21703	0.11421	0.02828	LEP	tumor-rich
GTTCATCTTACATTCC-1	0.00425	-0.18599	-0.12939	-0.11214	-0.04177	LEP	stroma-rich
GTTCATTGCCTGAATA-1	-0.22026	-0.08071	-0.45638	0.44414	-0.02933	LEP	stroma-rich
GTTCCAGTGCCTTACC-1	0.11430	0.11726	0.31916	-0.21687	0.09305	LEP	tumor-rich
GTTCCATGAATCGCAT-1	-0.03086	0.12877	0.02482	0.03936	0.18572	LEP	tumor-rich
GTTCCGAGTATGATCG-1	0.29239	-0.06143	-0.57537	-0.49024	-0.27224	LEP	stroma-rich
GTTCCGATGAACCGGC-1	-0.05872	0.11611	-0.54476	-0.03948	0.02977	LEP	stroma-rich
GTTCCGGCTGAGCCGA-1	-0.00959	0.11786	0.08232	0.15898	0.01765	LEP	tumor-rich
GTTCCGGCTGCAGTCA-1	-0.01826	-0.00228	0.68845	-0.16953	0.29592	LEP	tumor-rich
GTTCCGTAACTAATAC-1	-0.09512	0.28738	-0.23067	-0.25436	-0.15310	LEP	stroma-rich
GTTCCGTACCTCCACT-1	-0.08830	0.11947	0.73568	0.27256	0.17908	LEP	tumor-rich
GTTCCGTATGGTAACG-1	0.14404	-0.03968	-0.61903	0.19085	-0.12329	LEP	stroma-rich
GTTCCGTCATACGGCT-1	0.04054	-0.00066	0.54029	0.00728	0.04125	LEP	tumor-rich
GTTCCGTCTTATCTTA-1	-0.00120	-0.02610	0.09373	-0.25000	0.06715	LEP	tumor-rich
GTTCCTGAACCTTCAA-1	-0.15863	-0.14309	-0.44859	-0.48180	-0.07581	LEP	stroma-rich
GTTCCTTGAGGAACGC-1	-0.03785	-0.02048	-0.06813	-0.15329	0.28589	LEP	stroma-rich
GTTCGAATCACGTACG-1	-0.00625	-0.14694	0.46086	0.03621	0.19834	LEP	tumor-rich
GTTCGAGCTCGCGAAT-1	0.01865	0.03177	0.74138	0.12795	0.23911	LEP	tumor-rich
GTTCGCTGGTATTAGA-1	0.00896	0.02926	-0.24380	0.15631	0.07236	LEP	stroma-rich
GTTCGTAGGTAGTGAA-1	-0.10687	0.13526	0.32529	0.32292	-0.03528	LEP	tumor-rich
GTTCTACTATACGAAC-1	-0.01733	-0.02606	0.74985	0.22187	0.22643	LEP	tumor-rich
GTTCTACTATCATATT-1	0.12025	-0.00113	0.90757	0.24592	0.31045	LEP	tumor-rich
GTTCTACTTATGGTAG-1	-0.01594	0.07072	0.77280	0.38613	0.09882	LEP	tumor-rich
GTTCTGCGCCAAGCGA-1	0.02377	0.12204	1.01418	0.47192	0.18403	LEP	tumor-rich
GTTCTGGACACGCAAC-1	-0.06871	-0.07130	-0.18632	0.41928	-0.02517	LEP	stroma-rich
GTTCTTACTGAAGTAT-1	-0.16349	0.08988	0.44514	0.21788	0.15283	LEP	tumor-rich
GTTCTTGATCTGTTGA-1	0.00198	0.07693	-0.40884	0.10389	-0.04758	LEP	stroma-rich
GTTGAACCAGGATCGC-1	0.06081	0.05284	0.70186	-0.12288	0.27793	LEP	tumor-rich
GTTGAACTACCGTTCA-1	0.06105	0.10871	1.18404	0.34812	0.29890	LEP	tumor-rich
GTTGAAGGAAGTCGGC-1	-0.19732	0.08890	-0.56031	-0.18090	-0.07648	LEP	stroma-rich
GTTGAATAAGTCAGCA-1	0.00999	-0.01220	-0.22949	0.28841	0.10252	LEP	stroma-rich
GTTGAATCAACCTGGC-1	-0.09352	-0.06767	-0.65308	0.35185	-0.10212	LEP	stroma-rich
GTTGAATGGTACAGTA-1	-0.15940	0.00866	-0.46466	0.34903	0.09164	LEP	stroma-rich
GTTGAATGTCCTTCTG-1	0.04306	0.07152	0.57689	0.42026	0.23571	LEP	tumor-rich
GTTGAATGTTGCTGCC-1	0.01056	-0.13381	-0.77612	0.13271	-0.14622	LEP	stroma-rich
GTTGAATTATTCGGTG-1	0.02767	0.01269	0.59782	-0.02080	0.21126	LEP	tumor-rich
GTTGAATTCATAAGAT-1	0.12349	-0.00288	0.37901	0.17512	0.28047	LEP	tumor-rich
GTTGACATGAACCAAC-1	0.08365	0.06083	-0.21814	0.05072	0.24858	LEP	stroma-rich
GTTGACGAACCAGAAC-1	0.05366	-0.14433	-0.64140	-0.13743	0.16621	LEP	stroma-rich
GTTGACGAATCAACTA-1	-0.09799	0.35421	-0.28952	-0.18450	-0.04062	LEP	stroma-rich
GTTGACGCTCGATGGC-1	-0.13721	0.05934	-0.02949	0.23990	0.13395	LEP	stroma-rich
GTTGACGGATAGCCAT-1	-0.12781	0.00030	-0.74231	0.26750	-0.00912	LEP	stroma-rich
GTTGACGTCAGATTAG-1	-0.07946	0.10545	0.04168	-0.18079	0.01603	LEP	tumor-rich
GTTGACTACAACATAC-1	-0.07816	0.01785	-0.00193	0.44097	0.06774	LEP	stroma-rich
GTTGACTAGAGCACGT-1	-0.06788	0.05122	-0.56980	-0.06770	0.07050	LEP	stroma-rich
GTTGACTTCTATGCTG-1	-0.09071	0.18348	-0.54284	0.36408	-0.04486	LEP	stroma-rich
GTTGAGAATCACGGAG-1	-0.05533	0.13115	0.56437	-0.17761	0.15881	LEP	tumor-rich
GTTGAGCTTCGTCCGG-1	0.20752	0.03620	-0.30747	0.68375	0.09962	LEP	stroma-rich
GTTGCAGCCGGCTTGG-1	-0.02433	-0.05092	-0.02437	0.04739	0.14943	LEP	stroma-rich
GTTGCCACAAGTCATA-1	0.04200	-0.00268	-0.69438	0.29568	-0.04506	LEP	stroma-rich
GTTGCCACGACAAGAA-1	0.03917	0.14150	0.74014	0.62393	0.13548	LEP	tumor-rich
GTTGCCATCTACGCAC-1	0.05254	0.11507	0.43127	0.02620	0.19671	LEP	tumor-rich
GTTGCCGGTGGAAGTA-1	0.02288	-0.03618	0.64142	0.14616	0.22050	LEP	tumor-rich
GTTGCTACGTCTTAAT-1	0.01539	-0.00730	0.41048	0.35230	0.06998	LEP	tumor-rich
GTTGCTAGATCGTTGA-1	-0.19917	-0.04587	-0.44489	0.01216	-0.15216	LEP	stroma-rich
GTTGCTAGTCCATACC-1	-0.07984	0.15861	0.40400	-0.06542	0.26519	LEP	tumor-rich
GTTGCTCCTGAGATTC-1	-0.01488	0.24154	0.70284	-0.11555	0.07368	LEP	tumor-rich
GTTGCTGACTCATTCG-1	-0.06151	0.17101	-0.32423	-0.26162	-0.04870	LEP	stroma-rich
GTTGCTTGCAATCACT-1	0.02648	0.16342	-0.50193	0.93092	-0.00641	LEP	stroma-rich
GTTGGCGTGAGCGACC-1	-0.09857	0.00963	-0.26157	-0.09933	0.03967	LEP	stroma-rich
GTTGGTCCGCCAATCT-1	0.38824	0.03418	1.11798	0.17194	0.29483	LEP	tumor-rich
GTTGTCCTGTGATGTA-1	-0.01422	0.05867	0.21654	-0.09856	-0.00061	LEP	tumor-rich
GTTGTCCTTGAGCGGT-1	0.11983	0.11373	0.53831	0.16942	0.20654	LEP	tumor-rich
GTTGTCGAACCATGTT-1	0.04796	0.08507	0.90155	0.10603	0.33398	LEP	tumor-rich
GTTGTCGTAATATGGA-1	-0.11142	-0.12566	-0.43149	0.45245	-0.06527	LEP	stroma-rich
GTTGTCGTGGCATTAC-1	-0.05725	-0.04400	-0.06273	-0.04705	-0.10193	LEP	stroma-rich
TAACAGCAGGCCTTAC-1	0.11604	-0.04801	-0.52361	0.24021	-0.20222	LEP	stroma-rich
TAACAGGAACCGACAA-1	0.15589	0.01794	-0.11082	0.01009	0.39040	LEP	stroma-rich
TAACAGGTCCATACCA-1	-0.08308	0.11754	-0.49172	-0.02574	-0.01691	LEP	stroma-rich
TAACAGTCTACTATGG-1	-0.07062	0.12398	0.16888	-0.10244	0.14920	LEP	tumor-rich
TAACAGTTCCACTTCG-1	-0.02578	0.01105	0.28489	0.04193	0.18173	LEP	tumor-rich
TAACATGCGTGCGAAC-1	0.07754	0.22587	-0.51575	0.24330	-0.14526	LEP	stroma-rich
TAACATGGCCACCTCC-1	-0.07615	0.08511	-0.80347	0.00445	-0.13942	LEP	stroma-rich
TAACCAAGGTGCTCTA-1	-0.03728	-0.01817	0.70345	0.22783	0.09720	LEP	tumor-rich
TAACCAGATACGCTTC-1	0.09727	0.10576	0.03628	0.02701	0.22264	LEP	tumor-rich
TAACCGGATGGACAGG-1	0.12030	0.12286	0.44384	0.37079	0.19785	LEP	tumor-rich
TAACCGTACCATCCTG-1	0.21361	0.07299	-0.23972	0.63456	0.01818	LEP	stroma-rich
TAACCGTACTTCTAAC-1	-0.07760	0.20795	-0.17127	-0.23500	0.06158	LEP	stroma-rich
TAACCTACGGACTCGT-1	0.03355	-0.03766	0.58976	0.08968	0.29682	LEP	tumor-rich
TAACCTTGAGACTTCG-1	-0.12956	0.12551	-0.42001	0.10556	-0.08108	LEP	stroma-rich
TAACGAATCCTAGATA-1	-0.00043	0.26159	0.31334	0.01709	0.11784	LEP	tumor-rich
TAACGAATGCTCCAAT-1	-0.05979	0.08211	0.09477	0.00117	-0.05860	LEP	tumor-rich
TAACGAATGGTAGTAC-1	-0.04446	0.10847	0.55566	0.35801	0.27298	LEP	tumor-rich
TAACGACCTTGCCTAT-1	0.25347	-0.12802	0.45446	0.69854	-0.03495	LEP	tumor-rich
TAACGACTGGCCGTCG-1	0.24091	0.02074	0.12857	0.79389	0.07604	LEP	tumor-rich
TAACGAGCCGAAGGTC-1	-0.09957	-0.07821	-0.19118	-0.22039	0.08450	LEP	stroma-rich
TAACGAGCGTCTGGCC-1	0.00839	0.16759	0.15561	-0.13303	-0.01902	LEP	tumor-rich
TAACGAGCTATCCGTC-1	0.16308	0.13743	0.39627	-0.10005	0.20346	LEP	tumor-rich
TAACGAGTTGCCAACC-1	0.07390	0.03813	0.33060	-0.04760	0.12324	LEP	tumor-rich
TAACGCATTGGTCCAA-1	0.12400	-0.03761	0.82532	-0.08963	0.25174	LEP	tumor-rich
TAACGCCGAGTACACG-1	-0.02699	0.07287	-0.57858	0.52692	-0.01809	LEP	stroma-rich
TAACGCGGCTATAGGT-1	-0.04497	-0.05214	-0.17344	-0.16762	0.15884	LEP	stroma-rich
TAACGCGTAATATGGC-1	0.39267	0.08475	-0.22247	-0.37793	0.22491	LEP	stroma-rich
TAACGCGTCAAGCGTT-1	-0.02423	0.00605	0.32460	0.03209	0.07129	LEP	tumor-rich
TAACGCGTCCTACAAC-1	0.05998	0.06303	0.42714	0.13558	0.14635	LEP	tumor-rich
TAACGCTAGTACGCAG-1	-0.13472	0.05230	0.64151	-0.40839	0.05338	LEP	tumor-rich
TAACGCTCACATTCTA-1	0.00103	-0.04066	0.46784	-0.02783	0.21172	LEP	tumor-rich
TAACGCTCATACGGCA-1	0.17277	0.11991	-0.22093	-0.00339	0.27520	LEP	stroma-rich
TAACGCTTATGCCATA-1	-0.19699	0.03863	-0.17101	-0.12290	-0.06757	LEP	stroma-rich
TAACGCTTCGGCACTT-1	-0.14991	0.20580	-0.46247	0.09264	-0.08474	LEP	stroma-rich
TAACGTCACTATAATC-1	0.16459	0.07552	0.28292	-0.28214	0.31796	LEP	tumor-rich
TAACGTGATTCACTAG-1	0.03704	0.06685	-0.46354	-0.02368	-0.06643	LEP	stroma-rich
TAACGTGCCATAGTTA-1	-0.07652	0.20643	-0.42087	0.24939	0.19933	LEP	stroma-rich
TAACGTTGCGTCGATG-1	-0.09294	0.10115	-0.38711	0.13433	-0.00242	LEP	stroma-rich
TAACTCCAACATGGAC-1	0.06602	0.00493	-0.26831	0.14978	-0.00768	LEP	stroma-rich
TAACTCCAGGTAGGCT-1	0.11784	0.07086	0.32587	0.10015	0.16501	LEP	tumor-rich
TAACTCCGATACGTAA-1	-0.04329	-0.06742	-0.39772	0.01664	0.00758	LEP	stroma-rich
TAACTTAACCTCGGTG-1	-0.09865	-0.05537	-0.13816	-0.27570	0.11987	LEP	stroma-rich
TAACTTGCACGGCGGA-1	0.06629	0.08249	0.31564	0.32387	0.06141	LEP	tumor-rich
TAAGAACAGGTGTAAC-1	0.12890	0.06805	0.87721	0.21208	0.31107	LEP	tumor-rich
TAAGAATATGAGATAG-1	0.04989	0.18228	-0.51741	0.30332	0.10958	LEP	stroma-rich
TAAGACCGAGTGAACA-1	-0.04927	0.00985	0.53877	0.31962	0.11561	LEP	tumor-rich
TAAGACCTCAAGTGCC-1	0.00158	0.07759	0.30306	-0.03925	0.13860	LEP	tumor-rich
TAAGATTAGATATTCC-1	-0.16946	0.20292	-0.38806	-0.43826	0.01947	LEP	stroma-rich
TAAGATTGAGATTACA-1	0.21054	0.07098	0.08864	-0.17785	0.19441	LEP	tumor-rich
TAAGATTGCAAGTTCT-1	-0.08523	-0.04722	-0.36650	-0.16035	0.02050	LEP	stroma-rich
TAAGATTGCTCACTTC-1	-0.06966	-0.03141	-0.25076	-0.20374	0.03442	LEP	stroma-rich
TAAGATTGGCGGTCGT-1	-0.07382	0.72947	-0.18121	-0.26872	0.15246	LEP	stroma-rich
TAAGCAAGTAATGTGG-1	0.03859	-0.01224	0.01389	0.19655	0.12346	LEP	tumor-rich
TAAGCACGAGACCTAC-1	-0.05804	0.01168	-0.71047	0.20290	-0.16758	LEP	stroma-rich
TAAGCAGTAGATACTC-1	0.11151	0.03087	0.13265	-0.06570	0.33104	LEP	tumor-rich
TAAGCCACAATTGCCT-1	-0.02949	0.02177	-0.13907	0.10943	0.01440	LEP	stroma-rich
TAAGCCATACGACACG-1	-0.21791	-0.04151	0.46419	0.07923	0.06420	LEP	tumor-rich
TAAGCCTGGCTTCAGT-1	-0.00988	0.00347	-0.18653	0.29595	0.16812	LEP	stroma-rich
TAAGCCTGTAGCGTCC-1	0.08694	-0.03330	-0.01698	0.39027	-0.05583	LEP	stroma-rich
TAAGCTCCTTCACGCC-1	0.03996	0.06647	0.38429	0.89610	-0.15039	LEP	tumor-rich
TAAGGACGCCTGGTTG-1	-0.07397	0.00697	-0.35791	-0.20142	0.15979	LEP	stroma-rich
TAAGGATCTGAAGATA-1	0.02190	-0.16955	-0.42253	0.17940	0.09407	LEP	stroma-rich
TAAGGATTGGAAGTGG-1	0.07528	0.18597	-0.45502	-0.44218	0.01099	LEP	stroma-rich
TAAGGTACGGATAGTG-1	-0.15092	-0.09521	-0.30507	0.00880	-0.00177	LEP	stroma-rich
TAAGGTATGAATGCTA-1	-0.19404	0.09876	-0.37694	0.39906	-0.08138	LEP	stroma-rich
TAAGGTCCGTGACCGT-1	0.08491	0.02533	0.20017	0.00219	0.13788	LEP	tumor-rich
TAAGTGCTTGACGATT-1	-0.09680	-0.08598	-0.32177	0.43059	-0.02394	LEP	stroma-rich
TAAGTGGCCGCTCACC-1	0.09255	-0.06444	0.31686	-0.09604	0.15954	LEP	tumor-rich
TAAGTGTCAAGGTGGC-1	-0.14697	-0.14742	0.57003	0.35044	-0.04149	LEP	tumor-rich
TAATACCATTCTAGAT-1	-0.00500	-0.03564	-0.27918	0.59213	0.07113	LEP	stroma-rich
TAATACCGTTAATTGC-1	-0.08674	0.18991	0.78025	0.01236	0.11643	LEP	tumor-rich
TAATAGCGCTGTACTC-1	0.09077	-0.00299	0.18483	0.04386	0.07679	LEP	tumor-rich
TAATAGGCTTGCTGAA-1	0.16654	0.05705	-0.81258	0.58990	-0.15791	LEP	stroma-rich
TAATCGACATTGTTGG-1	0.21720	-0.10889	-0.61158	-0.08604	-0.10686	LEP	stroma-rich
TAATCGCAATGTAATA-1	0.00147	0.18006	0.95558	0.44810	0.29527	LEP	tumor-rich
TAATCTGATAAGATGT-1	-0.06140	-0.03906	-0.79012	0.04520	-0.08772	LEP	stroma-rich
TAATGACGAAGCGGCT-1	-0.08825	-0.06343	-0.13565	1.01305	0.20405	LEP	stroma-rich
TAATGATCCGGTTATT-1	0.09214	0.09494	0.32272	0.22053	0.17060	LEP	tumor-rich
TAATGATCTACTAACC-1	-0.05159	0.08212	0.24781	0.49079	0.15246	LEP	tumor-rich
TAATGGCAGATGTCGG-1	-0.13427	0.06622	-0.40995	-0.35164	-0.10930	LEP	stroma-rich
TAATGTGCACGATCTG-1	0.09380	-0.01395	0.20342	0.19535	0.00922	LEP	tumor-rich
TAATTAAGGAGTACTG-1	-0.14341	-0.01852	-0.59116	-0.08830	-0.12649	LEP	stroma-rich
TAATTACCGGTGCGAG-1	-0.02865	0.04676	-0.16139	0.26375	0.00617	LEP	stroma-rich
TAATTAGCTCGATTGT-1	0.04216	-0.17808	0.05329	0.20903	0.02033	LEP	tumor-rich
TAATTCCTGCAGAAGG-1	-0.23694	0.05206	0.00873	0.79261	-0.08862	LEP	tumor-rich
TAATTGACGTCGTTCC-1	0.11432	-0.08363	-0.33295	0.06838	0.07047	LEP	stroma-rich
TAATTGATTCTGTCGC-1	0.06585	0.07617	0.24583	0.50203	0.07643	LEP	tumor-rich
TACAACGGACGGCTCA-1	0.08121	0.02250	0.30888	0.12432	0.18410	LEP	tumor-rich
TACAAGCAGATCGTTG-1	0.09549	0.02803	0.28652	0.10362	0.02502	LEP	tumor-rich
TACAAGCATAGGCTGG-1	-0.04996	0.05980	0.05303	0.24900	0.05257	LEP	tumor-rich
TACAAGCGCCATCGGA-1	-0.00699	-0.16519	0.36543	0.21444	0.00952	LEP	tumor-rich
TACAAGCGCCTCTACA-1	0.07535	0.06484	-0.27634	0.30994	0.02437	LEP	stroma-rich
TACAAGCGGAAGTACG-1	-0.09214	0.15246	0.61914	0.14992	0.15871	LEP	tumor-rich
TACAAGGTCGACAAGT-1	-0.04116	0.04241	0.02522	0.12940	0.07153	LEP	tumor-rich
TACAAGGTTATGCGGT-1	-0.04519	0.14378	-0.37701	0.13723	-0.11444	LEP	stroma-rich
TACAAGTCCACGGTGA-1	-0.06432	-0.04646	-0.19295	0.60565	0.01233	LEP	stroma-rich
TACAAGTCGAATGCAA-1	-0.03029	-0.04032	0.17660	0.11616	-0.03642	LEP	tumor-rich
TACAAGTGGTCTGAGG-1	-0.12401	0.28354	-0.36748	-0.35571	-0.20433	LEP	stroma-rich
TACAAGTGTCTGTCCG-1	0.07943	0.01325	-0.19282	0.38887	0.03184	LEP	stroma-rich
TACAAGTTATACGCTG-1	0.10786	0.12741	1.24836	0.60944	0.24469	LEP	tumor-rich
TACACCAGTGCCGACA-1	-0.08524	0.27763	-0.35812	0.11594	0.10112	LEP	stroma-rich
TACACCGGTATGTATC-1	-0.02702	0.10251	0.60792	0.55714	0.15666	LEP	tumor-rich
TACACCTCGTACTCCA-1	0.19445	0.10250	0.15800	0.52361	0.08903	LEP	tumor-rich
TACACCTTGCGGCAGG-1	-0.13791	-0.14043	0.55579	0.15190	-0.08718	LEP	tumor-rich
TACACGAACAGCTACT-1	0.06508	0.05819	-0.71614	0.69914	-0.00702	LEP	stroma-rich
TACACTCAGCGTATAA-1	0.12846	0.10201	0.90695	0.24869	0.30668	LEP	tumor-rich
TACACTCAGTAGAATG-1	-0.21526	-0.09463	-0.49481	-0.06572	0.16468	LEP	stroma-rich
TACACTGAATAGCAGA-1	0.11923	0.27820	-0.39556	0.24372	0.13087	LEP	stroma-rich
TACACTGCAGGTTAGA-1	-0.03527	-0.02372	0.05824	-0.07881	0.05526	LEP	tumor-rich
TACACTGCGTCCGGAC-1	-0.13194	0.16433	-0.40050	-0.34864	-0.17091	LEP	stroma-rich
TACACTGTAGTCAACG-1	0.05248	0.03091	0.55305	0.18406	0.25310	LEP	tumor-rich
TACACTGTCGAACCAA-1	0.07751	0.00403	0.26914	0.05406	0.03612	LEP	tumor-rich
TACACTTAGTCGTGGT-1	-0.11227	0.17002	-0.26038	-0.25392	-0.04793	LEP	stroma-rich
TACACTTCGAGGTGAC-1	-0.11648	-0.01557	-0.74894	0.05028	-0.05233	LEP	stroma-rich
TACACTTCGCACCGAT-1	0.22617	0.02684	-0.36376	0.28366	-0.03980	LEP	stroma-rich
TACAGCCTCGCATTGC-1	-0.02735	0.02962	-0.32559	0.28897	0.15133	LEP	stroma-rich
TACAGTACTTAGTGTA-1	-0.02003	-0.02432	1.66896	0.18107	-0.04433	LEP	tumor-rich
TACAGTCTCGGCACGG-1	0.02408	-0.00067	-0.42939	0.22018	0.01552	LEP	stroma-rich
TACATAGCAGACCAAG-1	0.08965	0.05778	0.53585	-0.02552	0.24813	LEP	tumor-rich
TACATATGCACCAGTG-1	-0.00650	-0.02738	-0.04343	-0.23244	0.11620	LEP	stroma-rich
TACATCGGACAACTGG-1	-0.00646	0.08592	-0.38778	-0.23237	-0.07715	LEP	stroma-rich
TACATCGTCAGCGGTT-1	-0.03697	0.03871	-0.31130	0.14234	0.06469	LEP	stroma-rich
TACATCTAACATGTCC-1	0.04636	0.09517	-0.36854	0.27721	0.00853	LEP	stroma-rich
TACATTGAATACGATC-1	-0.16937	-0.01356	0.22495	0.94599	-0.03156	LEP	tumor-rich
TACATTGAATGAACGT-1	-0.06387	0.27562	-0.65207	0.22724	0.06574	LEP	stroma-rich
TACATTGACTGAGTCC-1	0.08894	0.09164	1.05983	0.37871	0.19809	LEP	tumor-rich
TACCACAGGCCATTGC-1	0.06670	0.08264	0.19180	0.06146	0.23961	LEP	tumor-rich
TACCAGACAACCTCAG-1	-0.16544	0.07140	-0.75518	0.15945	-0.17715	LEP	stroma-rich
TACCATCTCGGCCGAA-1	0.12350	0.16278	1.03502	0.29407	0.28170	LEP	tumor-rich
TACCATGGCGCCTTGT-1	0.14397	0.02411	0.38066	0.29291	0.12881	LEP	tumor-rich
TACCATTGATCATTAG-1	0.10709	0.06365	1.11508	0.45548	0.30926	LEP	tumor-rich
TACCATTGGTCTCCAA-1	0.05216	0.04175	-0.32868	-0.47670	-0.07633	LEP	stroma-rich
TACCATTGTCCGCCTT-1	-0.09127	-0.14748	-0.72991	0.49258	-0.00942	LEP	stroma-rich
TACCGGACCGTTAGGT-1	-0.03456	0.01614	0.25746	0.14192	0.05864	LEP	tumor-rich
TACCGTAGGTATAACA-1	0.04245	0.14788	0.44777	0.48572	0.20496	LEP	tumor-rich
TACCTCAGCGGTTGAT-1	-0.20870	0.01638	-0.45135	0.24123	-0.09496	LEP	stroma-rich
TACCTCAGGCAACAGA-1	0.08167	0.31830	0.05306	0.23374	0.16955	LEP	tumor-rich
TACCTGATCGATCTCG-1	-0.13669	0.02580	-0.57973	0.13666	-0.11212	LEP	stroma-rich
TACCTGCGGTTGTCCT-1	-0.10922	-0.00436	-0.07402	0.54146	0.13855	LEP	stroma-rich
TACCTGTTAACGGCCT-1	0.03336	0.06643	0.70769	0.19077	0.31595	LEP	tumor-rich
TACCTGTTCGGTAACT-1	0.06172	0.17043	0.13274	0.11460	0.13774	LEP	tumor-rich
TACGACCGAGCGCAAC-1	-0.04029	0.03807	0.42840	0.57599	0.09285	LEP	tumor-rich
TACGACGCGATTCAAG-1	-0.06887	0.07167	0.62049	-0.11445	-0.02364	LEP	tumor-rich
TACGACGTCTCATATT-1	0.05879	0.10343	0.14806	0.34074	0.03008	LEP	tumor-rich
TACGACGTGAAGTATC-1	0.02506	0.06410	0.58865	0.39927	0.21139	LEP	tumor-rich
TACGACTACCTTCCTC-1	-0.08600	-0.07506	0.65784	-0.27659	-0.14856	LEP	tumor-rich
TACGACTAGCCTTACC-1	0.03647	0.02193	0.26407	0.08200	0.21537	LEP	tumor-rich
TACGACTCTGAACACT-1	-0.14019	0.05745	-0.45672	0.04713	0.09269	LEP	stroma-rich
TACGACTGATAATCGC-1	0.25889	0.13037	-0.35002	0.43320	0.08754	LEP	stroma-rich
TACGAGATTGGTCTGT-1	-0.04277	-0.00547	-0.67086	0.07332	-0.10706	LEP	stroma-rich
TACGCCAGCACCGGAA-1	0.06218	-0.01545	0.38329	0.12486	0.27380	LEP	tumor-rich
TACGCCGGAGTTCTGA-1	0.02091	0.01121	-0.28984	0.09583	0.00665	LEP	stroma-rich
TACGCCTTGCCGTGTT-1	-0.02035	-0.04855	-0.73463	-0.02047	-0.10533	LEP	stroma-rich
TACGCTCCGGTTGGTA-1	-0.03795	0.06292	0.67499	-0.03740	0.16578	LEP	tumor-rich
TACGCTCCTTGAGCAA-1	-0.04831	-0.05601	-0.12422	-0.14310	0.04298	LEP	stroma-rich
TACGCTGATAGCAGTC-1	0.00445	0.04154	0.37752	0.18871	0.22856	LEP	tumor-rich
TACGCTTCCGCAAGCT-1	-0.01887	0.04312	0.26332	0.00282	0.22211	LEP	tumor-rich
TACGGAACAGACGCGG-1	0.11930	0.03296	-0.37772	0.20547	0.20013	LEP	stroma-rich
TACGGAATACTCGTTC-1	-0.14285	0.15653	0.44505	0.17338	0.13943	LEP	tumor-rich
TACGGAATTGAACCAA-1	-0.24978	-0.00772	-0.16879	-0.02894	-0.16667	LEP	stroma-rich
TACGGACACCTCCATA-1	-0.06648	-0.04103	-0.23401	-0.21142	-0.10462	LEP	stroma-rich
TACGGACCTCACGTAC-1	0.07643	0.12741	0.10828	0.30393	0.22107	LEP	tumor-rich
TACGGAGGAAGCACCT-1	-0.09253	-0.05430	-0.71119	0.33201	-0.01597	LEP	stroma-rich
TACGGAGTCAACGAAG-1	-0.16362	0.22820	-0.47108	0.07356	-0.13778	LEP	stroma-rich
TACGGATCAGCCATCC-1	-0.07750	0.12156	-0.28453	-0.46255	0.14366	LEP	stroma-rich
TACGGATCCTTGCGAT-1	0.07313	0.08092	0.69599	0.28674	0.23573	LEP	tumor-rich
TACGGATCTTGCGATG-1	-0.02381	0.19489	-0.04095	0.50661	-0.07727	LEP	stroma-rich
TACGGCCTTGTAGGAG-1	-0.09947	0.04251	0.07025	-0.21425	0.21538	LEP	tumor-rich
TACGGTAGTTGCGTGA-1	-0.20810	0.07184	-0.69632	0.28207	0.00636	LEP	stroma-rich
TACGGTGAGCCGATGT-1	0.16740	0.06659	0.62914	0.48101	0.18617	LEP	tumor-rich
TACGGTTAATGTACTA-1	-0.09867	0.17811	-0.02383	0.34258	-0.12729	LEP	stroma-rich
TACGTAATCTAGTAAG-1	0.09069	0.22319	-0.61941	0.06027	-0.08687	LEP	stroma-rich
TACGTACACCTTAAGC-1	0.01404	0.07534	0.26244	0.17036	0.03509	LEP	tumor-rich
TACGTATCCTATCACG-1	0.08630	-0.00656	-0.60784	-0.03701	-0.20685	LEP	stroma-rich
TACGTATCGAGGTTGT-1	0.09132	-0.01214	-0.56809	-0.21262	-0.06620	LEP	stroma-rich
TACGTGACGGATCCAC-1	0.00843	-0.15944	0.20220	-0.21839	-0.09881	LEP	tumor-rich
TACGTGAGGACAACCG-1	-0.00839	0.11094	-0.32177	0.24485	0.13122	LEP	stroma-rich
TACGTGATGGTAGGAT-1	-0.12646	0.01675	-0.57518	0.04651	-0.11283	LEP	stroma-rich
TACGTGGAGGCATGGC-1	0.05582	0.03342	0.65344	0.25778	0.27042	LEP	tumor-rich
TACGTGGCATCATATG-1	0.05567	0.05386	0.57033	0.31143	0.12516	LEP	tumor-rich
TACGTGTACATCCGTG-1	0.00329	0.02691	0.56787	0.04791	0.30902	LEP	tumor-rich
TACGTGTTGCCACTGA-1	0.22771	-0.08306	-0.23623	-0.34032	-0.09613	LEP	stroma-rich
TACGTTACTGGTAGCG-1	0.01946	0.08473	-0.59230	0.01356	-0.21295	LEP	stroma-rich
TACGTTATCCAGACGC-1	0.11429	0.06906	1.20405	0.32270	0.18600	LEP	tumor-rich
TACGTTCCACGCTCGT-1	0.14721	0.12617	0.36250	0.24374	0.20775	LEP	tumor-rich
TACGTTCTACCGCCAT-1	0.10586	0.02398	0.44867	0.17362	0.21451	LEP	tumor-rich
TACTAAGGAACATCAA-1	0.00905	0.01107	0.42656	0.10527	0.25604	LEP	tumor-rich
TACTAGACTAGTGACA-1	-0.06188	-0.07358	-0.25917	-0.27687	-0.07341	LEP	stroma-rich
TACTAGGATCAATGGC-1	-0.00410	0.15547	0.00231	-0.03506	0.20701	LEP	tumor-rich
TACTAGTACACCTAAG-1	-0.06840	-0.07728	0.06940	-0.00080	0.06319	LEP	tumor-rich
TACTAGTACCGGATGG-1	0.21746	-0.01100	-0.63735	0.37965	0.03405	LEP	stroma-rich
TACTAGTGAGACAATG-1	-0.04652	-0.05222	-0.11582	-0.23443	-0.00108	LEP	stroma-rich
TACTATGTTGAATCTT-1	-0.14322	-0.01585	-0.33907	0.07521	-0.09369	LEP	stroma-rich
TACTCACTACTCACTC-1	0.07377	0.02367	-0.47833	0.50712	0.03339	LEP	stroma-rich
TACTCCGAAGTAGAAT-1	-0.02511	0.00653	-0.53750	0.24715	-0.14682	LEP	stroma-rich
TACTCCGCCAATACAA-1	0.03230	0.09335	0.50195	0.07000	0.21135	LEP	tumor-rich
TACTCCTACATCAACT-1	0.07343	0.09056	0.12917	-0.08890	0.16316	LEP	tumor-rich
TACTCCTGAAGGATTA-1	0.18754	0.07835	-0.18676	0.23325	-0.00712	LEP	stroma-rich
TAGAACATGATTAACA-1	-0.01373	0.17849	-0.50168	0.52683	-0.03283	LEP	stroma-rich
TAGAACGATTGCCTCC-1	-0.05141	-0.05298	1.38807	-0.15547	-0.09929	LEP	tumor-rich
TAGAAGTATTCAGTTG-1	-0.01713	0.07183	0.73712	0.57641	0.23376	LEP	tumor-rich
TAGAATTCAACGTGGC-1	0.13879	0.07723	0.75602	0.38132	0.25645	LEP	tumor-rich
TAGACAATACTGGAAG-1	0.00255	0.08922	0.44483	0.11873	0.24061	LEP	tumor-rich
TAGACACCGGCGTCAA-1	-0.01810	0.02108	0.19594	0.27841	0.29910	LEP	tumor-rich
TAGACAGGAGATCATT-1	0.12502	-0.07939	-0.16838	0.34586	-0.10022	LEP	stroma-rich
TAGACAGGATGCAATA-1	-0.11798	0.29326	-0.39406	-0.36733	-0.13079	LEP	stroma-rich
TAGACAGTTCAGATTA-1	0.05565	-0.03879	0.10670	-0.12315	0.26237	LEP	tumor-rich
TAGACATACGTCTAAT-1	-0.15475	0.16877	-0.35777	-0.41401	0.10217	LEP	stroma-rich
TAGACATATGGCGAGG-1	0.06832	0.05063	0.36169	0.11654	0.18962	LEP	tumor-rich
TAGACATGGTTAGGTC-1	0.05037	0.03943	0.48542	-0.29561	0.23809	LEP	tumor-rich
TAGACATTGACTTGCA-1	0.22501	0.03275	-0.64734	0.26594	-0.02743	LEP	stroma-rich
TAGACCAGGATATCGG-1	-0.21722	0.03804	-0.66702	0.61677	-0.08404	LEP	stroma-rich
TAGACCAGGTACGATC-1	-0.10848	-0.08983	-0.81422	0.22020	-0.06150	LEP	stroma-rich
TAGACCATCGATTGAG-1	-0.08699	-0.03563	-0.15241	0.41432	-0.12059	LEP	stroma-rich
TAGACCATTGCTTAGA-1	0.07270	-0.06088	0.27326	0.29897	0.21874	LEP	tumor-rich
TAGACCGAAGCAGAGC-1	-0.02634	0.08050	0.59534	0.59125	0.23198	LEP	tumor-rich
TAGACCGCGGAAGGAC-1	0.05706	-0.10759	-0.28078	0.04189	-0.03531	LEP	stroma-rich
TAGACCGGCCAGTACG-1	0.07753	0.11619	0.17754	-0.12962	0.16569	LEP	tumor-rich
TAGACCTGAGGAGCTG-1	0.06477	0.01470	0.11597	-0.02119	0.26249	LEP	tumor-rich
TAGACTAATATGGCGA-1	0.07680	0.07235	0.22712	-0.07692	0.16834	LEP	tumor-rich
TAGAGCAGACAGTCCA-1	0.01946	-0.07074	0.94042	0.16331	0.22683	LEP	tumor-rich
TAGAGGCGATTGATTC-1	-0.08168	0.04638	0.66701	-0.34362	0.11545	LEP	tumor-rich
TAGATGAGCCGTCATT-1	-0.01404	0.12790	1.00663	0.34610	0.31602	LEP	tumor-rich
TAGATGAGGACGCTTA-1	-0.12994	-0.09171	-0.35593	-0.25468	-0.11705	LEP	stroma-rich
TAGATGCGTGCCAGCG-1	0.00226	0.09496	-0.56521	0.69129	-0.04113	LEP	stroma-rich
TAGATGCGTGGTTGAA-1	-0.09894	0.12506	-0.16571	0.36340	0.09692	LEP	stroma-rich
TAGATGCTGTATCGTA-1	-0.02181	0.05743	0.16069	0.39112	0.07413	LEP	tumor-rich
TAGATGGCTGTATGCC-1	-0.02214	0.06432	0.23284	0.12742	0.37232	LEP	tumor-rich
TAGATGGTTCCTGATG-1	-0.05098	-0.12167	-0.29654	0.25468	-0.14811	LEP	stroma-rich
TAGATGTCACGGTCGA-1	0.00031	0.11105	-0.60464	0.06521	-0.03918	LEP	stroma-rich
TAGATGTCGAGGCCAG-1	-0.00417	0.02523	0.12877	0.30121	0.01495	LEP	tumor-rich
TAGCAATACTCGAACA-1	0.00592	0.03332	-0.31653	0.26827	-0.00396	LEP	stroma-rich
TAGCAATTATGGACCG-1	-0.01836	0.07819	0.55527	0.13777	0.14286	LEP	tumor-rich
TAGCAGTCGTCATGAA-1	-0.12671	-0.05205	-0.70144	-0.01601	0.03182	LEP	stroma-rich
TAGCAGTGATTCTGTC-1	-0.16126	-0.13079	-0.64901	0.00588	-0.15577	LEP	stroma-rich
TAGCCGCAATACCTGC-1	-0.20119	-0.04528	-0.69849	-0.05881	0.04000	LEP	stroma-rich
TAGCCGCTGTGGCTGG-1	-0.04712	-0.03643	-0.06059	0.55710	0.02119	LEP	stroma-rich
TAGCCGTAGCCAGGTG-1	0.05490	0.00961	0.24202	0.06877	0.10269	LEP	tumor-rich
TAGCGGACCACTGTTA-1	-0.17941	0.08211	-0.26758	0.07143	0.02534	LEP	stroma-rich
TAGCGTACCTTGACAT-1	-0.01610	-0.03873	-0.46284	0.13010	0.00531	LEP	stroma-rich
TAGCGTACGGAGCGCC-1	0.18915	0.18134	0.98771	-0.29902	-0.00461	LEP	tumor-rich
TAGCGTATAGCGCTAA-1	0.26082	-0.11200	-0.57031	-0.10571	-0.17761	LEP	stroma-rich
TAGCGTCACGACAGGC-1	-0.08587	-0.07922	-0.45757	0.32443	-0.10564	LEP	stroma-rich
TAGCGTCTCAAGGTGG-1	-0.07859	0.12796	-0.32409	-0.27458	-0.05667	LEP	stroma-rich
TAGCGTCTCGGTCTAT-1	-0.11417	0.02090	0.29800	0.55409	0.23317	LEP	tumor-rich
TAGCGTGGCGCAAGCC-1	-0.09880	-0.10125	-0.58818	-0.37417	0.01390	LEP	stroma-rich
TAGCGTGGTATTGTGC-1	0.03482	0.26854	-0.09387	0.70982	0.07023	LEP	stroma-rich
TAGCGTTATGACCTCC-1	0.02794	0.13142	1.09179	0.06651	0.25776	LEP	tumor-rich
TAGCTACCATACTGCT-1	-0.10133	0.02916	-0.15282	-0.04579	0.08813	LEP	stroma-rich
TAGCTACCTGTAGGAT-1	0.03677	-0.04836	0.23873	0.81784	0.03339	LEP	tumor-rich
TAGCTAGAAGCGATCA-1	-0.01922	0.00264	-0.35228	0.30705	-0.02729	LEP	stroma-rich
TAGCTAGACACTGGTT-1	-0.11097	-0.08422	-0.37947	0.18965	-0.00343	LEP	stroma-rich
TAGCTAGAGCACGCCG-1	-0.12635	-0.15475	-0.48871	0.08193	0.03233	LEP	stroma-rich
TAGCTAGAGGCCTGAA-1	-0.15303	-0.10741	0.56465	0.21483	-0.02496	LEP	tumor-rich
TAGCTATGTTGAGCAC-1	-0.02114	-0.03033	-0.56311	-0.08995	-0.10624	LEP	stroma-rich
TAGCTCGAATCGTCCG-1	-0.09221	0.03849	-0.71807	-0.02017	-0.08867	LEP	stroma-rich
TAGCTTAACTAGGTTC-1	-0.08048	-0.05600	-0.30482	-0.22581	-0.02781	LEP	stroma-rich
TAGCTTAAGCTGGCGT-1	0.01732	-0.10685	0.09771	-0.29545	0.07470	LEP	tumor-rich
TAGGACATCAGCATGG-1	-0.03540	0.07859	0.27491	0.09618	0.18992	LEP	tumor-rich
TAGGACCAATTGCCAA-1	-0.06711	-0.06052	-0.33810	-0.44859	0.20251	LEP	stroma-rich
TAGGACGGCCAGCCGA-1	-0.04795	0.14292	-0.43577	0.10673	-0.02359	LEP	stroma-rich
TAGGACTTCATGTTAT-1	0.25390	0.00536	0.74858	0.63593	0.17487	LEP	tumor-rich
TAGGAGCCAGACTCAG-1	-0.04591	-0.02027	-0.81440	0.09454	-0.08996	LEP	stroma-rich
TAGGAGGCGTATTGCC-1	-0.07307	0.01344	0.73833	0.40516	0.06183	LEP	tumor-rich
TAGGATGCACCGTTCA-1	-0.13129	-0.09997	-0.36532	0.30230	0.00753	LEP	stroma-rich
TAGGCAGGCGGACGCC-1	-0.08294	0.05405	-0.20713	0.60208	0.11326	LEP	stroma-rich
TAGGCAGTGCGTAGAC-1	0.07266	0.00534	0.65425	0.13999	0.26051	LEP	tumor-rich
TAGGCATAAGTGAGGC-1	0.07625	0.04743	0.11640	0.40395	0.14800	LEP	tumor-rich
TAGGCATCGGAGCCTC-1	-0.09729	-0.11631	0.37872	-0.04167	0.13432	LEP	tumor-rich
TAGGCATCTGCGGACC-1	-0.03826	-0.07123	-0.57785	-0.01792	-0.00412	LEP	stroma-rich
TAGGCGAGCGATCGGT-1	-0.18837	-0.01630	-0.64775	0.09035	0.12778	LEP	stroma-rich
TAGGCGCATATCTAAC-1	0.16246	-0.05454	-0.37966	0.36685	-0.01267	LEP	stroma-rich
TAGGCTCCGGCATACA-1	-0.04184	-0.02948	-0.33346	0.17254	0.07326	LEP	stroma-rich
TAGGCTTATCTAGCTC-1	0.15522	0.01783	0.31820	0.39841	0.16933	LEP	tumor-rich
TAGGTCCGTAGCCTAT-1	0.12536	-0.03759	1.16917	0.01960	0.21201	LEP	tumor-rich
TAGGTCGCCGCAACTC-1	0.06558	0.04141	0.94349	0.12051	0.25643	LEP	tumor-rich
TAGGTCTACTCGTGAA-1	-0.12588	0.06931	-0.62287	0.26634	-0.17329	LEP	stroma-rich
TAGGTCTATGGATTAT-1	0.18618	0.12009	-0.21012	0.32291	0.12405	LEP	stroma-rich
TAGGTCTGCCTCTGTA-1	0.10201	-0.02836	-0.03906	-0.08214	0.15837	LEP	stroma-rich
TAGGTCTTGGCTCGTC-1	0.07196	-0.03207	-0.03187	-0.14218	0.14600	LEP	stroma-rich
TAGTAAGCGGTGGATA-1	0.11249	-0.03168	0.01844	0.21131	0.00739	LEP	tumor-rich
TAGTATAACCTCGACA-1	0.11881	0.12414	-0.52547	-0.35644	0.16259	LEP	stroma-rich
TAGTATCCAATTACGT-1	0.02810	0.06784	-0.00222	0.18953	0.18574	LEP	stroma-rich
TAGTATTGCCGAGTTG-1	-0.10627	-0.04334	-0.76641	0.34693	-0.07054	LEP	stroma-rich
TAGTCACTGGATAGGC-1	0.00463	-0.00594	0.23569	0.10188	0.19722	LEP	tumor-rich
TAGTGAACATGCAGAT-1	-0.03651	0.14948	-0.63343	-0.02194	-0.07084	LEP	stroma-rich
TAGTGAATGTTCAGTG-1	-0.06597	0.13862	-0.30335	0.32574	-0.05002	LEP	stroma-rich
TAGTGACCAGTTGCGG-1	-0.13050	0.08293	0.10374	0.58027	0.06023	LEP	tumor-rich
TAGTGACCGTCGATTA-1	-0.17121	-0.03707	0.11758	-0.14826	0.16635	LEP	tumor-rich
TAGTGACTCAATTGCT-1	-0.05947	0.04635	0.47454	-0.39284	0.13102	LEP	tumor-rich
TAGTGACTCGCTCCGC-1	-0.21492	0.00856	-0.43223	0.45030	0.01652	LEP	stroma-rich
TAGTGAGGACATGTTG-1	0.09942	-0.00661	-0.04436	-0.05334	0.05456	LEP	stroma-rich
TAGTGAGGACGCGAAT-1	-0.00165	0.04506	0.41891	0.01664	0.28620	LEP	tumor-rich
TAGTGAGGTATCGACC-1	-0.01804	0.11488	0.20473	0.11103	0.32171	LEP	tumor-rich
TAGTGAGGTGCCATCA-1	0.04341	0.03298	0.19120	0.14911	0.17203	LEP	tumor-rich
TAGTGATGACTCCTGG-1	-0.07663	0.02114	-0.21533	-0.06128	0.01900	LEP	stroma-rich
TAGTGCACATAGTCTG-1	-0.04883	0.10221	0.53266	0.34057	0.04225	LEP	tumor-rich
TAGTGCACTATTGTCA-1	0.14712	0.01396	0.45709	-0.19492	0.10812	LEP	tumor-rich
TAGTGCACTTGTACCG-1	-0.16737	-0.12597	-0.53442	0.41872	-0.03264	LEP	stroma-rich
TAGTGCAGCTGGCGTC-1	0.07434	0.05552	-0.31677	-0.02573	-0.11003	LEP	stroma-rich
TAGTGCAGTGCGGTAG-1	0.37211	-0.03354	0.11287	0.35806	0.00627	LEP	tumor-rich
TAGTGCGTGGAGAAGT-1	-0.18878	0.21140	-0.50738	-0.07504	0.00868	LEP	stroma-rich
TAGTGCTGTAGCGTTG-1	-0.00186	0.13222	0.35863	0.37775	0.20202	LEP	tumor-rich
TAGTGGTTGAACCAAT-1	0.13980	-0.11430	-0.31638	0.07970	0.12746	LEP	stroma-rich
TAGTTACATAGAAGAT-1	-0.00210	0.04623	-0.51097	0.41258	-0.06405	LEP	stroma-rich
TAGTTCAAGGTCCACG-1	0.10825	0.08838	1.07030	0.21695	0.31791	LEP	tumor-rich
TAGTTCAATCGACCTC-1	0.01808	-0.11219	-0.54644	0.41873	-0.05500	LEP	stroma-rich
TAGTTCACAGGCAATG-1	-0.17220	-0.03925	-0.30832	-0.04884	0.03306	LEP	stroma-rich
TAGTTCCGATAGAATC-1	0.16324	-0.00046	-0.49647	0.22067	0.03842	LEP	stroma-rich
TAGTTCGAAGACATGC-1	-0.10652	0.24472	-0.32910	0.12725	0.16925	LEP	stroma-rich
TAGTTCGAATTAGCGG-1	-0.22528	0.30064	-0.35119	0.11116	-0.20583	LEP	stroma-rich
TAGTTCGAGTAGGAAG-1	-0.04976	-0.05124	0.32954	0.60172	0.21225	LEP	tumor-rich
TAGTTCGATCCTCACG-1	0.12897	0.19151	1.29021	0.55914	0.32697	LEP	tumor-rich
TAGTTCGTTGCTAATT-1	-0.03349	0.12488	-0.56867	0.14334	-0.08456	LEP	stroma-rich
TAGTTCTGTCTGATAG-1	-0.12129	-0.05215	-0.39434	0.38950	-0.12407	LEP	stroma-rich
TAGTTGAGCCAGCCAG-1	-0.12275	0.00310	-0.23688	0.18662	0.08619	LEP	stroma-rich
TAGTTGAGCGACGCTA-1	0.01908	0.06354	0.32296	0.33609	0.16411	LEP	tumor-rich
TAGTTGAGTTCTGCAC-1	0.06660	0.03729	0.04369	0.18974	0.07227	LEP	tumor-rich
TAGTTGGCTTAGGCCT-1	0.39973	0.07944	0.82354	0.35617	-0.00178	LEP	tumor-rich
TATCAACGAATATGAG-1	-0.14147	0.20403	-0.72922	0.04065	-0.15574	LEP	stroma-rich
TATCAAGGCCGCGTGG-1	-0.09405	0.01625	-0.03612	-0.03717	-0.13523	LEP	stroma-rich
TATCAAGGCTCGTCGG-1	0.08267	0.09488	0.63651	0.21163	0.16004	LEP	tumor-rich
TATCAATCGCCGAGTG-1	-0.24049	-0.02958	0.44724	0.45039	0.04319	LEP	tumor-rich
TATCAATGCCGCTCAC-1	0.05931	-0.07829	0.68232	0.45442	0.02521	LEP	tumor-rich
TATCACATAGCGAACT-1	0.06559	0.01249	-0.50157	0.32596	0.00828	LEP	stroma-rich
TATCACCGGCATCGTG-1	-0.06893	-0.08742	-0.11279	-0.31138	0.07290	LEP	stroma-rich
TATCACTTCGAGCCGT-1	0.01380	0.01898	-0.72828	-0.10827	0.20758	LEP	stroma-rich
TATCATGGATGTTGCC-1	0.15183	-0.10884	-0.57192	0.53367	0.03533	LEP	stroma-rich
TATCCAAGCGCCGTAG-1	0.22579	-0.05708	-0.36209	0.22414	-0.03271	LEP	stroma-rich
TATCCAATACCGCAAT-1	-0.06618	0.15552	-0.69153	-0.07616	-0.04436	LEP	stroma-rich
TATCCACTTGCGTATC-1	0.02225	0.06309	0.46366	-0.09248	0.26564	LEP	tumor-rich
TATCCGACGTCTAGAT-1	-0.15745	0.16168	-0.30309	0.07712	0.15467	LEP	stroma-rich
TATCCGATCTTGGCGG-1	-0.01024	0.04361	-0.23605	-0.25099	0.02764	LEP	stroma-rich
TATCCGGAATGAGCGG-1	-0.01159	0.01817	0.09995	0.55917	0.21799	LEP	tumor-rich
TATCCGTAAGCCAGCG-1	0.00816	-0.03935	-0.28025	0.41976	-0.10054	LEP	stroma-rich
TATCCTGCGGTTGATC-1	0.16635	-0.02751	0.09397	0.35771	0.03831	LEP	tumor-rich
TATCCTGGCCGGCATA-1	-0.01538	-0.06399	0.02910	0.22537	0.05136	LEP	tumor-rich
TATCCTTACCACGACT-1	-0.11569	0.04445	0.04123	0.25347	0.05097	LEP	tumor-rich
TATCGGCTTCCTCGAA-1	0.11566	0.08578	0.18436	0.43994	0.11678	LEP	tumor-rich
TATCTAATCACCTCGG-1	0.05837	0.03425	0.67605	0.16829	0.24558	LEP	tumor-rich
TATCTAATGCATTACA-1	0.37922	0.02439	-0.43121	0.44470	0.09895	LEP	stroma-rich
TATCTAGGAGTGGACA-1	0.08402	0.15612	0.31058	0.12051	0.05239	LEP	tumor-rich
TATCTAGTCGCATGCA-1	-0.01042	0.08668	-0.06183	-0.08656	0.09897	LEP	stroma-rich
TATCTAGTGAATGATC-1	-0.08207	0.06477	0.44173	0.41030	0.29840	LEP	tumor-rich
TATCTAGTGAGGTAGG-1	0.01071	0.08790	0.22814	0.23245	0.16559	LEP	tumor-rich
TATCTAGTGCCATATT-1	-0.11059	-0.09101	0.59320	-0.01843	-0.01112	LEP	tumor-rich
TATGAACTACGCGGTG-1	0.02481	0.12032	0.58409	0.20071	0.04579	LEP	tumor-rich
TATGAAGCGACCGTCC-1	-0.01005	-0.05627	-0.72895	-0.07518	-0.02193	LEP	stroma-rich
TATGACAAGTGGAAGA-1	0.03584	-0.05360	0.15839	0.29748	0.21284	LEP	tumor-rich
TATGACAATGCTTGAA-1	-0.09828	0.07770	0.19550	-0.01803	0.13135	LEP	tumor-rich
TATGACAGCGAGAAGC-1	0.08992	0.02590	0.41447	0.03256	-0.02256	LEP	tumor-rich
TATGACCGATGAAGTG-1	-0.07831	-0.07904	-0.31688	0.47116	-0.02227	LEP	stroma-rich
TATGACGCCTTCCGTG-1	-0.14637	-0.10217	-0.42694	-0.43749	-0.10590	LEP	stroma-rich
TATGACGCGTATGTCG-1	-0.17860	0.24104	0.77524	0.47525	0.16939	LEP	tumor-rich
TATGACGGAGATTGGC-1	0.20362	-0.05311	-0.39740	0.00144	-0.20314	LEP	stroma-rich
TATGACTCAATGATCG-1	0.04454	0.10608	0.02447	0.19903	0.10870	LEP	tumor-rich
TATGAGCCGCAATCCG-1	0.01864	-0.04473	0.38822	0.12925	0.22262	LEP	tumor-rich
TATGAGCGATCCATTA-1	0.02846	0.06195	-0.49801	0.86690	0.11350	LEP	stroma-rich
TATGAGGATCTACTGG-1	0.17958	0.18567	0.37744	0.00328	0.05264	LEP	tumor-rich
TATGAGTTCCGAGTGA-1	0.09331	0.07129	-0.26837	0.55935	-0.09880	LEP	stroma-rich
TATGCCACAGCCGGTG-1	-0.03423	0.10167	0.43514	0.07484	0.20555	LEP	tumor-rich
TATGCGTACCTGAGTC-1	-0.02583	0.08941	-0.02597	0.53626	-0.15187	LEP	stroma-rich
TATGCTCCTGGTTAGT-1	0.11274	0.00611	0.59150	0.70592	0.12057	LEP	tumor-rich
TATGGAGTTCTACGGC-1	0.02006	0.26033	0.08946	-0.03237	0.06836	LEP	tumor-rich
TATGGATATGGTGCGA-1	0.19341	0.10925	-0.33737	0.37530	0.00963	LEP	stroma-rich
TATGGCAGTTCGTCTA-1	0.05509	0.00097	-0.31787	0.46987	-0.02981	LEP	stroma-rich
TATGGCCATAATAGAC-1	-0.05023	0.05626	-0.65591	0.08306	0.02444	LEP	stroma-rich
TATGGCCGGCGACACT-1	-0.09454	0.06509	0.58642	-0.50889	0.11255	LEP	tumor-rich
TATGGCCTCACGTACA-1	-0.11887	0.12487	-0.23295	-0.32296	0.00671	LEP	stroma-rich
TATGTAGAGCTGATCA-1	0.00047	0.09030	0.42524	0.27690	0.13517	LEP	tumor-rich
TATGTCATAAGCGTCG-1	0.08636	0.06058	-0.23226	0.03706	-0.03147	LEP	stroma-rich
TATGTCGAGGTTGAAG-1	0.04558	0.09545	0.23279	-0.34548	0.01831	LEP	tumor-rich
TATGTCTAAGACGCAA-1	0.04630	0.08991	0.93600	0.53828	0.20437	LEP	tumor-rich
TATGTTAGGCCGAACC-1	-0.00690	-0.04354	-0.31035	0.71381	-0.11388	LEP	stroma-rich
TATGTTGCAGTCTAGG-1	0.08990	0.05116	0.77909	0.24821	0.27665	LEP	tumor-rich
TATGTTGGAGTTGTAA-1	0.02296	0.10560	0.44839	0.54998	0.20521	LEP	tumor-rich
TATGTTGGCGAGAACA-1	-0.04246	-0.12079	-0.76527	0.31229	-0.09360	LEP	stroma-rich
TATGTTGGTAGGTCGT-1	-0.16302	0.00412	-0.13432	0.05720	0.04665	LEP	stroma-rich
TATGTTGGTCCAGTGA-1	0.06920	-0.02675	0.26595	0.88356	-0.01379	LEP	tumor-rich
TATTAACTTCCGCTCA-1	0.05684	-0.17440	1.18421	0.04776	0.16671	LEP	tumor-rich
TATTAAGCAGCGCCGG-1	-0.02592	-0.02614	0.67586	0.39770	0.10185	LEP	tumor-rich
TATTAATAGAATGGCA-1	-0.21365	-0.02731	0.08653	0.29708	-0.02943	LEP	tumor-rich
TATTAATATGTCGACT-1	0.06128	0.04042	0.48939	0.11286	0.09466	LEP	tumor-rich
TATTCCGGTTGTTAAT-1	0.02640	0.01154	0.79304	0.15910	0.18339	LEP	tumor-rich
TATTCGACAACCGTGA-1	-0.15223	0.16625	-0.55164	-0.19385	0.11662	LEP	stroma-rich
TATTCGACATTACTAT-1	0.08859	0.06318	-0.54054	0.02173	0.12910	LEP	stroma-rich
TATTCGATGATCTAGT-1	0.02919	0.14927	0.29108	0.18569	0.08633	LEP	tumor-rich
TATTCGGTGGAGATTC-1	0.00411	-0.01343	0.30058	0.06242	0.14703	LEP	tumor-rich
TATTCGTCTGCGGTGG-1	-0.02815	0.17434	-0.53338	-0.06621	-0.02290	LEP	stroma-rich
TATTCGTGCGTTCTGG-1	-0.10613	0.04472	-0.68170	-0.06954	-0.19510	LEP	stroma-rich
TATTCGTTAACAGGCA-1	0.03235	0.07324	0.14490	0.62514	0.18009	LEP	tumor-rich
TATTCGTTAATGCTCC-1	0.00569	-0.10859	-0.05955	-0.05518	0.21102	LEP	stroma-rich
TATTCGTTATCGCCTG-1	0.02373	0.00208	0.10203	0.19259	0.08167	LEP	tumor-rich
TATTCTAAGGCTCATC-1	0.03147	0.01965	-0.08096	0.28855	0.17627	LEP	stroma-rich
TATTCTAGAATCGGAC-1	-0.10656	-0.11266	-0.48554	0.16749	0.22282	LEP	stroma-rich
TATTCTCAGCGGCTGG-1	-0.08214	-0.11323	0.04007	-0.12590	0.05367	LEP	tumor-rich
TATTCTCCTATGATGG-1	-0.04849	0.17873	0.01965	0.23951	0.16636	LEP	tumor-rich
TATTCTCGTGCTTGGC-1	0.05498	-0.03997	-0.29432	0.30024	-0.03191	LEP	stroma-rich
TATTGAATCCGACTAA-1	-0.08273	-0.06887	-0.05728	-0.22143	0.13051	LEP	stroma-rich
TATTGAATGAATGTGG-1	-0.17590	0.14080	-0.40341	-0.00868	-0.13006	LEP	stroma-rich
TATTGAATTAAGCGTT-1	0.04191	0.00691	0.72796	0.24129	0.07240	LEP	tumor-rich
TATTGAGCATGGACCG-1	0.03752	-0.00088	0.68258	-0.10879	0.29566	LEP	tumor-rich
TATTGATCGTGATCTT-1	-0.05106	0.04968	-0.34144	0.10295	0.01711	LEP	stroma-rich
TATTGATCTACTTCGG-1	0.06978	0.21017	0.06269	0.20893	-0.00915	LEP	tumor-rich
TATTGTTAACCGAGAC-1	-0.06327	0.07020	-0.60263	-0.04783	-0.11017	LEP	stroma-rich
TCAACAATGGAGGCCT-1	0.15240	0.33203	-0.42739	-0.11862	0.31629	LEP	stroma-rich
TCAACACCAATCATTA-1	0.14854	-0.12763	0.12627	0.03389	0.20289	LEP	tumor-rich
TCAACAGGACAGCAAC-1	0.02988	0.09837	0.38606	0.09846	0.12219	LEP	tumor-rich
TCAACAGGCCATGCCG-1	-0.10854	0.04770	-0.31897	-0.37153	-0.03307	LEP	stroma-rich
TCAACATGGATACAAC-1	0.12235	-0.00001	0.90147	0.39200	0.27777	LEP	tumor-rich
TCAACCGGAGACCTCG-1	-0.16136	-0.10249	-0.39151	0.33322	-0.03069	LEP	stroma-rich
TCAACGTCTTCGGTCC-1	0.08234	0.06768	0.54189	0.02524	0.26672	LEP	tumor-rich
TCAAGGAACCTATTGC-1	-0.00164	0.03048	-0.75698	0.04292	-0.05899	LEP	stroma-rich
TCAAGGACGTTAGGAG-1	0.00280	-0.04553	0.15878	0.28273	0.06813	LEP	tumor-rich
TCAAGGCAACGCGGCT-1	-0.17155	0.13645	-0.80949	0.04597	-0.11401	LEP	stroma-rich
TCAAGGCCATAGCCTG-1	0.29181	0.07891	-0.02956	0.42640	0.07236	LEP	stroma-rich
TCAAGGCGTCTACTCC-1	0.08123	0.11827	0.95915	0.20888	0.17535	LEP	tumor-rich
TCAAGGTACACGAAGA-1	0.01738	-0.13780	-0.41019	0.26782	-0.02370	LEP	stroma-rich
TCAAGGTATCAACTTA-1	0.08160	0.28439	-0.38005	0.39264	0.04501	LEP	stroma-rich
TCAAGGTCTGAATATG-1	-0.01641	0.03531	-0.01253	-0.09272	0.18016	LEP	stroma-rich
TCAAGTGATGGTTAAT-1	0.01643	0.05335	0.24755	0.45699	0.11698	LEP	tumor-rich
TCAATATTCCGGTTAG-1	-0.02331	0.02018	0.50588	0.16767	0.13339	LEP	tumor-rich
TCAATATTCGACAAGA-1	0.03958	0.06808	-0.28070	0.24521	0.13570	LEP	stroma-rich
TCAATCAGATGACGTG-1	0.06142	0.07622	0.87008	0.28891	0.31827	LEP	tumor-rich
TCAATTAATAGAACCT-1	-0.04212	0.05056	-0.45537	0.25217	0.02656	LEP	stroma-rich
TCAATTATACCAGAAC-1	-0.09107	0.07036	-0.35210	-0.31812	-0.15602	LEP	stroma-rich
TCACAAGACTTAGCTT-1	-0.08084	-0.00058	0.44011	-0.01335	0.17647	LEP	tumor-rich
TCACAAGATGACTCGA-1	0.04879	0.32240	-0.42632	0.13888	0.06332	LEP	stroma-rich
TCACAAGCTCGAGGCA-1	-0.01824	0.02715	-0.09862	0.20836	0.17220	LEP	stroma-rich
TCACAAGGAGAACAAG-1	0.03368	-0.01272	-0.91425	-0.09210	-0.01308	LEP	stroma-rich
TCACAGCACCAAGGTT-1	-0.04300	0.09567	0.22733	0.07430	0.22563	LEP	tumor-rich
TCACATAAGCGTTGCC-1	-0.14211	-0.02625	-0.38319	0.30726	0.00802	LEP	stroma-rich
TCACATAGACCTCCGT-1	0.00807	0.21842	-0.21917	0.26440	0.05182	LEP	stroma-rich
TCACATCCTGTCGCGG-1	-0.14137	-0.05159	-0.44989	-0.09026	-0.02703	LEP	stroma-rich
TCACATCCTTATACAG-1	0.02245	0.25456	-0.46033	-0.00012	-0.16787	LEP	stroma-rich
TCACATCCTTCTCAGT-1	-0.16871	0.28509	0.21613	-0.42438	0.28044	LEP	tumor-rich
TCACATGGATAACTGT-1	0.05037	0.18668	0.05486	0.04603	0.18372	LEP	tumor-rich
TCACATTGTCGGTGAC-1	-0.14165	0.13586	0.83278	-0.26217	0.35211	LEP	tumor-rich
TCACCATAGATTGTTA-1	-0.09193	0.03689	-0.58637	0.04595	-0.00077	LEP	stroma-rich
TCACCGTTGCTAATGG-1	0.00217	0.05883	-0.15450	0.16451	0.05178	LEP	stroma-rich
TCACGACATCAGAAGG-1	0.03790	0.01759	-0.57906	-0.02183	-0.00799	LEP	stroma-rich
TCACGATACCTAGCCA-1	-0.06666	0.10315	0.03460	0.25914	0.01721	LEP	tumor-rich
TCACGCTATCCACTAC-1	-0.11916	0.05099	-0.68004	0.33184	-0.06149	LEP	stroma-rich
TCACGTCTAAGACTAG-1	-0.05940	-0.05670	-0.20507	-0.01809	-0.03335	LEP	stroma-rich
TCACTAACGTATAGTT-1	0.24935	-0.02620	-0.76064	0.16885	0.05692	LEP	stroma-rich
TCACTACCAAGCCTGT-1	-0.05898	0.07697	-0.03983	0.09919	0.09455	LEP	stroma-rich
TCACTACGACTCTGCG-1	-0.03287	0.28495	-0.50765	0.47138	-0.21958	LEP	stroma-rich
TCACTCCGCTCACTGG-1	0.04390	0.01663	0.56264	0.06856	0.15610	LEP	tumor-rich
TCAGAATCCTACGGTG-1	-0.19554	0.02958	-0.57049	0.03951	-0.14770	LEP	stroma-rich
TCAGAATCGATATCAT-1	-0.01945	-0.15371	-0.63555	-0.11085	0.04931	LEP	stroma-rich
TCAGAATCTAATAGTC-1	-0.11290	-0.06479	-0.26393	-0.31003	0.08523	LEP	stroma-rich
TCAGACCGGCCTGCTC-1	0.01307	-0.00962	0.62839	0.36143	0.21303	LEP	tumor-rich
TCAGATTACCAGGTTA-1	0.18139	0.07975	-0.24389	0.28335	-0.03109	LEP	stroma-rich
TCAGCGCCTAGTCTTA-1	0.06152	0.04476	0.24170	0.18219	0.07170	LEP	tumor-rich
TCAGCGTGACCTTACC-1	0.00513	0.03112	-0.62385	-0.24992	0.08700	LEP	stroma-rich
TCAGCTACCAACTCCG-1	0.01002	0.08620	0.27100	-0.01895	0.18471	LEP	tumor-rich
TCAGCTAGGATGTACT-1	0.05595	0.02056	-0.08954	0.07502	0.15203	LEP	stroma-rich
TCAGCTATTAATCGCT-1	-0.23961	0.15477	0.04701	0.33243	0.15645	LEP	tumor-rich
TCAGCTCGATGACTTC-1	-0.10567	-0.06451	-0.12624	0.27021	-0.04723	LEP	stroma-rich
TCAGCTCGCCAGGATG-1	0.04836	0.08553	-0.37728	0.09003	0.08085	LEP	stroma-rich
TCAGGAATAGAACCTG-1	0.01953	0.06505	0.18384	0.38422	0.02739	LEP	tumor-rich
TCAGGAGCAACGGTCG-1	-0.06335	0.08711	0.50787	-0.11442	0.07400	LEP	tumor-rich
TCAGGATACACTACAA-1	-0.19587	0.03286	-0.14272	0.17771	-0.03603	LEP	stroma-rich
TCAGGTCTAGTAAGCA-1	0.07772	0.06982	0.57996	-0.08204	0.23219	LEP	tumor-rich
TCAGGTTGGCCTTGGC-1	0.35941	-0.10522	-0.41148	-0.35995	-0.05841	LEP	stroma-rich
TCAGTATGTAGGACAA-1	0.09326	0.05509	0.24391	0.03883	0.18382	LEP	tumor-rich
TCAGTCAGCGATCAGA-1	-0.15286	0.03392	-0.76058	-0.09596	-0.12832	LEP	stroma-rich
TCAGTCATTGCAAGTG-1	-0.03086	-0.07995	-0.61369	-0.02234	-0.03132	LEP	stroma-rich
TCAGTCCAACGGAAGT-1	-0.13341	0.04402	-0.25627	-0.50460	0.04254	LEP	stroma-rich
TCAGTCCGGCGATTGG-1	0.03522	0.00323	0.21384	0.25441	0.22193	LEP	tumor-rich
TCAGTCGAAGTATCTA-1	0.00122	0.07125	0.51934	0.35195	0.09927	LEP	tumor-rich
TCAGTCGAGCGATGAA-1	-0.06930	0.13971	-0.25433	0.16519	0.09694	LEP	stroma-rich
TCAGTCGCCAAGGTTG-1	0.04264	-0.00546	0.36090	0.32223	0.17109	LEP	tumor-rich
TCAGTCGTCACTGAGC-1	-0.14554	-0.12430	-0.21700	0.25024	0.00132	LEP	stroma-rich
TCAGTCGTGCCGGCAG-1	-0.11553	0.18838	0.34692	-0.08283	0.12429	LEP	tumor-rich
TCAGTCTGAGTGCTTG-1	0.05619	0.06507	0.22064	0.19972	0.18108	LEP	tumor-rich
TCAGTGAAGAGTTCTA-1	-0.01656	0.00936	-0.07392	0.66188	0.02171	LEP	stroma-rich
TCAGTGCCAAGTAGCA-1	0.17218	0.02117	-0.40974	0.55554	-0.11461	LEP	stroma-rich
TCAGTGTAGGACGTCG-1	0.14711	0.09031	-0.26165	0.24316	-0.08149	LEP	stroma-rich
TCAGTTCAGAATCTCG-1	0.34581	0.05081	-0.51097	0.44569	0.01199	LEP	stroma-rich
TCAGTTCTCCGGACCG-1	-0.05842	-0.04643	-0.69444	0.09084	-0.16556	LEP	stroma-rich
TCAGTTGACAGTGCCA-1	0.20392	-0.08996	-0.10562	-0.21775	0.13859	LEP	stroma-rich
TCAGTTGCAGTTCTTA-1	-0.03793	0.03278	0.47776	0.14827	0.19616	LEP	tumor-rich
TCAGTTGCTAAGCCTA-1	-0.02312	0.07804	0.14272	0.05759	0.05394	LEP	tumor-rich
TCATAATTCGTGCAGA-1	0.23491	0.01922	0.25625	0.69138	0.11061	LEP	tumor-rich
TCATACTGGTGAACCG-1	-0.14447	-0.02178	-0.66276	0.02788	-0.04897	LEP	stroma-rich
TCATAGCTTCCAGTAC-1	-0.00274	0.03458	0.52035	-0.12609	0.13321	LEP	tumor-rich
TCATAGGTAGTGACGA-1	0.04958	0.02192	0.49513	0.01967	0.22872	LEP	tumor-rich
TCATAGGTATTGCGTG-1	0.07479	0.03657	0.33316	0.18489	0.06620	LEP	tumor-rich
TCATAGGTGAGTCGAC-1	0.17294	-0.09899	-0.35914	0.29778	-0.00742	LEP	stroma-rich
TCATAGTACTAGTTCA-1	0.01694	0.01472	-0.22966	0.39623	0.05738	LEP	stroma-rich
TCATAGTAGACTCATA-1	0.26915	-0.08537	1.56292	0.28083	0.20054	LEP	tumor-rich
TCATCCACGTGGTCAC-1	-0.11736	-0.09150	-0.44751	-0.23190	-0.07214	LEP	stroma-rich
TCATCCATGCCAAGCG-1	0.02795	0.03206	0.26244	0.57685	0.19619	LEP	tumor-rich
TCATCCGATTGAATTC-1	-0.08051	-0.00732	-0.73026	0.54311	-0.00577	LEP	stroma-rich
TCATCCTAGGACTCGC-1	-0.23295	-0.00599	0.76823	0.49647	0.16436	LEP	tumor-rich
TCATCGCTGCGTATTG-1	0.11463	0.11706	0.95693	0.31546	0.28371	LEP	tumor-rich
TCATCGCTGTGCAACA-1	0.05619	0.08171	0.64853	0.16605	0.13377	LEP	tumor-rich
TCATCGGCCTGTGCGG-1	0.01531	0.06830	0.31630	0.02645	0.12443	LEP	tumor-rich
TCATCGGTCTCAGTTC-1	0.07158	0.00524	0.15609	0.52755	0.18752	LEP	tumor-rich
TCATCGTTATGTATCT-1	-0.10028	-0.03538	-0.80770	0.06414	-0.16938	LEP	stroma-rich
TCATCTATCCACGATT-1	-0.11174	0.14492	-0.21762	-0.27862	-0.04902	LEP	stroma-rich
TCATCTCATGATACGT-1	-0.00487	-0.02067	0.51987	-0.05215	0.30383	LEP	tumor-rich
TCATCTCCAACCACCT-1	0.03794	0.02590	0.00870	0.76242	0.12229	LEP	tumor-rich
TCATCTCCAGCCGGTG-1	0.17748	0.05149	-0.57261	0.45845	-0.05170	LEP	stroma-rich
TCATCTGCCGCTATTC-1	0.20198	-0.06995	-0.05688	0.31005	-0.08759	LEP	stroma-rich
TCATCTTCCACGTATG-1	0.05773	0.07005	-0.57549	0.39585	0.18540	LEP	stroma-rich
TCATCTTCGACACCGT-1	0.04214	0.13500	0.32359	0.15824	0.11838	LEP	tumor-rich
TCATGAGGCTTGACGC-1	-0.00701	-0.13257	-0.66455	0.26689	-0.02054	LEP	stroma-rich
TCATGAGGTTGATATG-1	0.04042	0.01595	0.54581	0.24991	0.09487	LEP	tumor-rich
TCATGAGTAAGACATC-1	-0.09457	-0.06652	-0.30040	-0.22256	-0.04180	LEP	stroma-rich
TCATGATTCACTCAGT-1	0.09767	-0.00747	0.63798	0.32486	0.23560	LEP	tumor-rich
TCATGATTCTGATACT-1	0.01428	-0.01544	-0.26072	0.11088	0.08811	LEP	stroma-rich
TCATGCAGCGCCTTCG-1	0.03716	-0.06480	-0.15798	0.34303	0.00870	LEP	stroma-rich
TCATGGTTCCGAACTT-1	-0.07531	-0.04387	-0.10945	-0.25814	-0.09098	LEP	stroma-rich
TCATTACGGCACAGTA-1	-0.15121	0.05627	-0.33854	0.24148	0.02660	LEP	stroma-rich
TCATTCACGCGAGCTC-1	-0.07466	0.06947	0.49998	0.35432	0.13383	LEP	tumor-rich
TCATTCACTGTAATGG-1	-0.12688	-0.19083	-0.63313	0.24092	-0.02423	LEP	stroma-rich
TCATTCTGATGGTGCG-1	0.10497	0.02711	0.08714	0.40054	0.11847	LEP	tumor-rich
TCATTCTTGGCATCGG-1	-0.01158	0.03054	0.08951	0.56013	0.15330	LEP	tumor-rich
TCATTGATAGACTTGC-1	-0.13342	0.24390	-0.23372	0.08800	0.02902	LEP	stroma-rich
TCATTGATAGGTGGAA-1	-0.12431	0.05037	0.36506	0.29885	-0.02101	LEP	tumor-rich
TCATTGCAAGTGCTCA-1	0.00831	0.06666	0.37378	0.00195	0.15614	LEP	tumor-rich
TCATTGGCGACCGACG-1	-0.09284	0.05017	-0.20664	0.01380	0.00922	LEP	stroma-rich
TCATTGTTCAATGCGT-1	0.14125	-0.08731	-0.15816	-0.31606	0.09024	LEP	stroma-rich
TCCAACAGATGCGGCA-1	-0.23805	-0.12339	-0.62778	0.28005	0.08070	LEP	stroma-rich
TCCAACATGACCGGTC-1	-0.05322	0.12686	-0.46324	0.07491	-0.14572	LEP	stroma-rich
TCCAACGAAGATGCTT-1	0.02897	0.02443	-0.27435	-0.07165	0.11610	LEP	stroma-rich
TCCAACGCGACGTTGG-1	0.05589	0.08751	0.50811	0.12523	0.26747	LEP	tumor-rich
TCCAACGTGGTTGTTC-1	0.01007	-0.03799	0.18021	0.43896	0.02163	LEP	tumor-rich
TCCAACTAAGACTCCA-1	0.10452	0.01416	0.24759	0.06164	0.14091	LEP	tumor-rich
TCCAACTGAATAAGGT-1	-0.08000	0.03173	-0.26411	0.17682	-0.05613	LEP	stroma-rich
TCCAACTGCCGCCATA-1	-0.02269	-0.05076	0.15418	0.16113	0.08603	LEP	tumor-rich
TCCAACTGGCTGAAGA-1	0.08674	0.00964	-0.30794	0.44676	-0.01055	LEP	stroma-rich
TCCAAGACCGCTTGAT-1	-0.04299	-0.00142	-0.24706	0.33112	0.06874	LEP	stroma-rich
TCCAATAACGTGCTAG-1	0.03534	0.10364	0.82775	0.38833	0.12976	LEP	tumor-rich
TCCAATACTATCTGTT-1	-0.10679	0.15101	-0.56475	0.33790	0.03245	LEP	stroma-rich
TCCAATACTGGAGCGT-1	0.00794	0.01265	0.46757	0.16866	0.12344	LEP	tumor-rich
TCCAATCCAGATACAT-1	-0.14020	0.13097	-0.44095	-0.11584	0.17162	LEP	stroma-rich
TCCAATCTAACACGCA-1	-0.24176	0.01111	-0.35716	0.10480	-0.18633	LEP	stroma-rich
TCCAATGCAAGTATCT-1	-0.17334	-0.12652	0.14001	0.26184	0.14441	LEP	tumor-rich
TCCAATGTCCACGAGC-1	-0.11806	-0.08984	0.65140	-0.43012	0.07308	LEP	tumor-rich
TCCAATTAGCAATCAA-1	0.06916	-0.02783	-0.15245	0.13087	0.13283	LEP	stroma-rich
TCCAATTCCTGTGCGA-1	-0.10714	0.01422	-0.34743	-0.34346	-0.03154	LEP	stroma-rich
TCCAATTGGTTACAGT-1	0.04037	0.02088	-0.66228	0.35469	0.05017	LEP	stroma-rich
TCCACCAAGTGACGAA-1	0.03118	0.02140	1.20396	0.23165	0.26378	LEP	tumor-rich
TCCACGCTGAGTACTT-1	0.01845	0.16638	0.39644	0.39522	0.02379	LEP	tumor-rich
TCCAGAGGCAAGAACT-1	-0.00349	0.07331	0.52525	-0.02896	0.25128	LEP	tumor-rich
TCCAGAGGTCGACAGC-1	-0.13775	-0.14610	-0.45911	0.37110	-0.02054	LEP	stroma-rich
TCCAGATCGGTCGAGT-1	-0.05750	-0.03241	-0.12937	-0.11657	-0.07751	LEP	stroma-rich
TCCAGATCTTCGCTTA-1	-0.19395	0.08552	-0.40905	0.20743	0.04463	LEP	stroma-rich
TCCAGCTCTGCTATAG-1	0.04806	0.03837	0.35404	0.01898	0.28655	LEP	tumor-rich
TCCAGTACCGAGCGCA-1	-0.14414	0.03965	-0.53827	-0.33454	-0.09734	LEP	stroma-rich
TCCAGTACGTGCTATG-1	0.09456	-0.00197	0.02717	0.05245	0.17759	LEP	tumor-rich
TCCAGTCACGGTGGCT-1	-0.16196	-0.10502	-0.38560	-0.47101	-0.01702	LEP	stroma-rich
TCCAGTCAGTACATTA-1	0.00207	0.07853	0.31402	0.18415	0.20922	LEP	tumor-rich
TCCAGTGATGCGTATC-1	-0.14206	0.00156	-0.43892	0.32422	-0.03329	LEP	stroma-rich
TCCAGTGATTGGTGCT-1	-0.13196	-0.12173	-0.48025	0.05906	0.00007	LEP	stroma-rich
TCCAGTTGAAGTAGCA-1	0.02591	0.13779	0.56306	0.31120	0.13295	LEP	tumor-rich
TCCAGTTGCGGTGCAC-1	0.22800	-0.17527	-0.62978	0.48425	0.01605	LEP	stroma-rich
TCCAGTTGTACCTGTC-1	0.26494	-0.04017	1.31737	-0.26969	0.07408	LEP	tumor-rich
TCCATAGCGACTCAGT-1	0.06216	0.07994	0.18941	0.02913	0.19465	LEP	tumor-rich
TCCATCGGCTAGACGA-1	-0.17142	0.06137	-0.61245	-0.01870	0.10582	LEP	stroma-rich
TCCATGATGTGATCAA-1	-0.14624	0.06460	0.22156	-0.19783	0.03815	LEP	tumor-rich
TCCATGCCATTCCAGC-1	-0.11194	-0.11980	-0.15070	0.12202	-0.00063	LEP	stroma-rich
TCCATGCGTCCACCAG-1	0.01832	0.05799	-0.75721	-0.04229	-0.12301	LEP	stroma-rich
TCCATGCGTCGGTTAC-1	-0.10136	-0.09390	-0.40907	0.03356	0.01795	LEP	stroma-rich
TCCATGTCGGACCGAC-1	-0.00411	-0.02338	0.22768	0.15662	0.09488	LEP	tumor-rich
TCCGAACATAGTCTGA-1	-0.08005	0.04242	-0.75726	0.01151	-0.03998	LEP	stroma-rich
TCCGAACCTCAACCAT-1	-0.09108	0.10371	-0.11151	0.14143	0.16613	LEP	stroma-rich
TCCGAAGTGACAGGCT-1	-0.01586	0.09993	1.06350	0.19073	0.32480	LEP	tumor-rich
TCCGAATACCGAATAG-1	-0.18368	0.13859	0.25725	0.54187	0.08097	LEP	tumor-rich
TCCGAATACTCGCTGG-1	0.02403	0.12170	0.19796	0.28561	0.17716	LEP	tumor-rich
TCCGAATAGAAGCACC-1	-0.16996	-0.12089	-0.40855	0.26208	-0.05707	LEP	stroma-rich
TCCGAATCATGTTGTC-1	-0.12658	0.11866	-0.47210	0.14378	0.01158	LEP	stroma-rich
TCCGAATCGCAGGTTC-1	0.02468	-0.03482	0.37258	0.60198	0.07324	LEP	tumor-rich
TCCGACCGCAAGTCCT-1	0.05449	0.06576	0.43231	0.25836	0.23053	LEP	tumor-rich
TCCGAGACAATACGCA-1	-0.07047	-0.03466	-0.17297	-0.29825	0.09521	LEP	stroma-rich
TCCGAGTACGACTTAG-1	-0.08899	-0.03018	-0.23160	0.17735	0.10109	LEP	stroma-rich
TCCGATGCGTATCCGG-1	-0.06529	0.01494	0.10105	0.42056	0.12461	LEP	tumor-rich
TCCGCCAACATTGCTC-1	-0.15219	0.20146	0.40089	-0.46295	-0.19308	LEP	tumor-rich
TCCGCCAAGGTCCGTT-1	0.06359	-0.06071	0.19320	0.30807	-0.02297	LEP	tumor-rich
TCCGCCAGTGATTAAT-1	-0.02793	0.13385	0.66912	0.22944	0.15604	LEP	tumor-rich
TCCGCCGGTCTATTCA-1	-0.19272	0.28323	0.14321	0.01701	-0.04655	LEP	tumor-rich
TCCGCCTTGTTCTGAT-1	0.04011	0.06562	0.25924	0.26563	0.18821	LEP	tumor-rich
TCCGGCTATGCTCAGT-1	0.01099	0.02753	0.36754	0.26036	0.01973	LEP	tumor-rich
TCCGGCTCTATGGACA-1	0.27654	-0.06884	-0.43602	0.15289	0.28649	LEP	stroma-rich
TCCGGTACGTGGCCTC-1	-0.01604	0.04428	0.57090	0.07732	0.05982	LEP	tumor-rich
TCCGGTTCCGTTCTAG-1	-0.12783	-0.03585	0.02971	-0.10589	0.02519	LEP	tumor-rich
TCCGTACTATCCTGCT-1	-0.02746	-0.01873	0.11452	-0.21096	0.23601	LEP	tumor-rich
TCCGTCACGCTAAGGT-1	0.05561	0.06043	0.32101	0.52605	0.08466	LEP	tumor-rich
TCCGTCATAAGATGAC-1	0.29741	0.19092	0.31849	0.68066	-0.00911	LEP	tumor-rich
TCCGTCCACTCGGAGC-1	-0.18764	0.01597	-0.62492	0.00172	-0.01918	LEP	stroma-rich
TCCGTCGGTACAAGTT-1	0.27717	0.06517	-0.18485	-0.40227	0.16510	LEP	stroma-rich
TCCGTGTCTTACATAA-1	0.14939	0.07219	-0.00801	0.20028	0.09517	LEP	stroma-rich
TCCGTGTTCTGTTCTG-1	-0.00737	-0.05488	0.01790	-0.02520	0.16856	LEP	tumor-rich
TCCGTTGGAGCTCACT-1	0.18539	0.20232	-0.45567	0.35345	-0.01270	LEP	stroma-rich
TCCGTTGGTTCACTCG-1	-0.01376	0.08277	0.45577	0.13243	0.18169	LEP	tumor-rich
TCCTAAGCGGTTCATC-1	0.18852	0.13267	-0.17793	0.07791	-0.06003	LEP	stroma-rich
TCCTAAGCTTAGGTTA-1	-0.13593	-0.07286	-0.34444	0.21851	0.04169	LEP	stroma-rich
TCCTAATTGCGGCCTG-1	0.11412	0.01041	0.98702	0.36105	0.19826	LEP	tumor-rich
TCCTAATTGCTCAACG-1	0.09195	-0.12529	-0.43688	0.31583	-0.01902	LEP	stroma-rich
TCCTACAAGCTCGAAC-1	-0.04926	0.06539	0.57533	0.08024	0.13856	LEP	tumor-rich
TCCTACCGATCGTGGC-1	0.02281	0.01633	0.72458	0.30564	0.25621	LEP	tumor-rich
TCCTACCGGTTCCTAG-1	0.10716	-0.11890	-0.41930	-0.36147	-0.07219	LEP	stroma-rich
TCCTACGTAAGCCAGA-1	0.10957	0.04543	0.55680	0.37003	0.13264	LEP	tumor-rich
TCCTAGGTATCTGATG-1	-0.13508	0.19060	-0.41924	-0.01502	-0.05879	LEP	stroma-rich
TCCTATCCTCGAATCA-1	0.11187	0.12546	0.79886	0.41238	0.27601	LEP	tumor-rich
TCCTATCCTGTCAATA-1	0.03409	0.35577	0.43987	0.24922	0.07958	LEP	tumor-rich
TCCTATGAGGATTGTT-1	-0.04157	-0.06691	-0.37416	-0.29912	-0.07834	LEP	stroma-rich
TCCTATTGACTGTTGA-1	-0.09891	-0.09939	0.74390	-0.38208	-0.00860	LEP	tumor-rich
TCCTCAAGCGAGGTCC-1	-0.04578	-0.06623	-0.27540	-0.22693	-0.04326	LEP	stroma-rich
TCCTCAATGAGGAACG-1	0.11890	0.09989	-0.37996	0.14801	-0.07272	LEP	stroma-rich
TCCTCAATGCTAAGGC-1	-0.11598	0.07486	0.42187	-0.43996	0.05060	LEP	tumor-rich
TCCTCACGTGTAGACG-1	-0.14128	-0.08742	-0.14883	-0.07631	-0.02689	LEP	stroma-rich
TCCTCAGTCGGATGCG-1	-0.00196	0.04393	0.35121	0.35237	0.17210	LEP	tumor-rich
TCCTCATCGTGCTGGA-1	0.11339	0.02639	0.24430	0.00082	0.11928	LEP	tumor-rich
TCCTCATGGCACCGTT-1	0.17143	0.10998	0.32233	0.34796	0.13351	LEP	tumor-rich
TCCTGAAGCGTGCACT-1	-0.10828	0.13805	-0.43340	-0.07278	-0.06241	LEP	stroma-rich
TCCTGACAACGCTCGT-1	-0.07904	0.04390	-0.06370	0.39302	0.18051	LEP	stroma-rich
TCCTGACACTTCACGG-1	-0.16900	0.00842	-0.61006	-0.00125	-0.15312	LEP	stroma-rich
TCCTGACAGGCAGCAA-1	0.04442	0.05677	-0.35469	0.42071	0.04608	LEP	stroma-rich
TCCTGATAAGTGCCGT-1	-0.08083	-0.02525	-0.58335	-0.02090	-0.20786	LEP	stroma-rich
TCCTGATCACCGGTCC-1	0.09025	-0.01160	0.65665	0.10515	0.26060	LEP	tumor-rich
TCCTGCCGTGTCTAAG-1	-0.03741	0.06527	0.35319	0.44784	-0.04945	LEP	tumor-rich
TCCTGCTACATGCAGA-1	-0.02633	0.00775	-0.20573	0.31507	0.10720	LEP	stroma-rich
TCCTGGTGCGAGGCCT-1	-0.09511	0.33267	-0.18926	-0.31178	-0.05277	LEP	stroma-rich
TCCTGGTGGCAATAGC-1	-0.12052	0.04030	0.17016	-0.21588	0.05776	LEP	tumor-rich
TCCTTACTCGCAATGA-1	0.02860	-0.14217	-0.66656	-0.15964	-0.11210	LEP	stroma-rich
TCCTTCCAACCGCAAC-1	0.18496	0.06336	0.43034	0.50090	0.17876	LEP	tumor-rich
TCCTTGAACAGGACCA-1	-0.13379	0.01790	-0.44557	0.05921	-0.00520	LEP	stroma-rich
TCCTTGAACGATGGTC-1	-0.01754	0.09340	0.57522	0.05498	0.30654	LEP	tumor-rich
TCCTTGGCTCAAGAGT-1	-0.12708	0.09113	-0.21900	-0.01567	-0.02953	LEP	stroma-rich
TCGAACAGGTTGCACG-1	0.01504	0.02166	0.16181	0.33646	0.01558	LEP	tumor-rich
TCGAATCTTGCGTTAC-1	0.12248	0.07248	0.82328	0.54766	0.18972	LEP	tumor-rich
TCGAATGGTTCCACGC-1	0.00184	0.08693	0.63643	0.04722	0.31361	LEP	tumor-rich
TCGAATTAGTTACTCC-1	-0.07146	-0.05260	1.20748	0.33468	0.01682	LEP	tumor-rich
TCGAATTGTACACTAT-1	0.20462	-0.17637	-0.67557	-0.10936	-0.02565	LEP	stroma-rich
TCGACCAATCCGGTTG-1	-0.09000	0.14156	0.38961	-0.00235	0.21982	LEP	tumor-rich
TCGACCTGCAGCTCAG-1	0.01343	-0.14972	-0.48288	0.10888	-0.05324	LEP	stroma-rich
TCGACGAAGAGCAAGT-1	0.03417	-0.12126	-0.53903	0.49216	-0.02570	LEP	stroma-rich
TCGACGAAGCAGCTCA-1	-0.08587	-0.07578	-0.48976	-0.04039	-0.03500	LEP	stroma-rich
TCGACTCAGGTTAACC-1	0.07539	0.06568	0.70229	0.33583	0.27075	LEP	tumor-rich
TCGACTGCAATTCTCG-1	0.02434	0.07915	0.64711	-0.06494	0.19126	LEP	tumor-rich
TCGACTTATTAATCCT-1	0.04880	-0.00903	0.53172	0.00797	0.26011	LEP	tumor-rich
TCGAGCTGGTTGCCGA-1	-0.09528	0.07990	0.14370	0.19822	0.06740	LEP	tumor-rich
TCGAGTGGTAGGTCAC-1	-0.00182	0.08752	0.67467	0.10456	0.17250	LEP	tumor-rich
TCGATAGGAGCTGCAG-1	-0.13686	0.18496	-0.39425	0.22832	-0.12159	LEP	stroma-rich
TCGATATTAGACATAC-1	0.02586	0.06294	0.51373	-0.15577	0.32911	LEP	tumor-rich
TCGATATTGTCCTAAC-1	0.06931	0.02951	0.53076	-0.04581	0.19512	LEP	tumor-rich
TCGATCCAACGTCCTT-1	-0.00726	0.06226	0.64049	-0.04443	0.17475	LEP	tumor-rich
TCGATCCAGTCTGTAG-1	0.10806	0.08771	0.45490	-0.26232	-0.05490	LEP	tumor-rich
TCGATCGCACCTAATC-1	-0.12919	0.31640	-0.46505	0.22111	0.02621	LEP	stroma-rich
TCGATCGTATAACGAC-1	-0.07509	-0.04273	-0.17703	0.63103	0.01124	LEP	stroma-rich
TCGATCGTGAGGCGCC-1	-0.11813	-0.06714	-0.29316	1.00485	-0.05175	LEP	stroma-rich
TCGATCGTTGTCTGAA-1	-0.12281	-0.10051	-0.41968	-0.42175	0.12445	LEP	stroma-rich
TCGATCTAATGTTAGT-1	-0.03385	-0.05495	-0.30464	0.73086	0.01939	LEP	stroma-rich
TCGATCTAGCCGATTC-1	-0.10215	-0.00851	0.67788	0.37074	0.15045	LEP	tumor-rich
TCGCAATAGTGACGCA-1	0.13320	0.06045	1.04508	0.23908	0.28145	LEP	tumor-rich
TCGCAATGATAGTTCA-1	-0.03748	0.02426	0.52916	0.02196	0.03973	LEP	tumor-rich
TCGCACCTCATGTCAG-1	-0.00204	0.15663	0.03417	-0.17718	0.03417	LEP	tumor-rich
TCGCACGATTCGGTGG-1	-0.22490	0.11255	-0.42493	-0.16396	-0.14648	LEP	stroma-rich
TCGCACTCTTGGACAG-1	0.19808	0.09740	-0.10892	0.10160	0.26660	LEP	stroma-rich
TCGCACTGCTGTGCTC-1	-0.02263	0.07473	0.75173	0.58309	0.16640	LEP	tumor-rich
TCGCACTGTACGGCGA-1	-0.00344	-0.00708	0.18823	-0.24958	0.26575	LEP	tumor-rich
TCGCACTTACTGAAGT-1	0.05563	0.09107	0.80985	0.35092	0.18862	LEP	tumor-rich
TCGCACTTCAGTGACA-1	0.18445	0.10113	1.31222	0.30743	0.23349	LEP	tumor-rich
TCGCACTTGGTCCGTC-1	0.08987	0.12373	-0.62252	0.22420	-0.13645	LEP	stroma-rich
TCGCCAGGCATGCCTC-1	0.08464	0.09349	0.17241	0.20257	0.19336	LEP	tumor-rich
TCGCCGGAAGGCAGGA-1	0.20735	0.05357	0.21737	-0.18725	0.19337	LEP	tumor-rich
TCGCCGTATCATGCTT-1	-0.19809	-0.03051	0.32982	0.06745	-0.00317	LEP	tumor-rich
TCGCCGTTCGCCACAG-1	-0.05584	-0.11794	-0.72435	0.52780	0.01042	LEP	stroma-rich
TCGCCGTTGTTACAAG-1	0.13609	0.02260	0.30908	0.47793	0.08318	LEP	tumor-rich
TCGCCTAATGACCGGT-1	0.06485	0.02379	1.13549	0.42759	0.17716	LEP	tumor-rich
TCGCCTAGATAATTAA-1	-0.06654	0.05756	0.26172	-0.01928	0.21804	LEP	tumor-rich
TCGCCTATCGACTCCT-1	0.02788	0.13264	0.20591	0.07637	0.15578	LEP	tumor-rich
TCGCCTGACGGCCACT-1	0.26992	-0.01219	0.01521	0.44251	0.03722	LEP	tumor-rich
TCGCCTGCACGGAAGG-1	-0.06765	0.02988	0.02483	0.23276	0.13429	LEP	tumor-rich
TCGCCTGCGTGCGTGG-1	0.14836	0.36087	-0.43008	-0.24736	0.05820	LEP	stroma-rich
TCGCCTGCTATCAGTC-1	-0.14493	-0.09044	-0.21930	0.23458	0.05077	LEP	stroma-rich
TCGCCTGGTGGATTCT-1	-0.18117	0.00218	-0.44759	-0.53440	-0.03750	LEP	stroma-rich
TCGCCTTGTTCTGATT-1	-0.16575	0.14854	0.13274	0.35277	0.08754	LEP	tumor-rich
TCGCGACGTGGTAAGT-1	-0.04108	-0.06080	0.11452	0.51070	-0.05483	LEP	tumor-rich
TCGCGGAAGCACCACG-1	0.03096	0.07274	0.32570	0.08946	0.18823	LEP	tumor-rich
TCGCGGAGTACAACCA-1	0.11240	0.08185	0.91800	0.17703	0.26459	LEP	tumor-rich
TCGCGGAGTTAGACTT-1	-0.08085	-0.00776	0.27523	0.37314	0.02597	LEP	tumor-rich
TCGCGGTAGTATGATC-1	0.05660	0.08620	0.46702	0.54607	0.12246	LEP	tumor-rich
TCGCGGTCCGGATCAG-1	0.03877	0.08262	0.79713	0.20134	0.22071	LEP	tumor-rich
TCGCGTGCGAATGGTT-1	-0.23863	0.31259	-0.70879	0.40156	-0.08641	LEP	stroma-rich
TCGCGTTACGCAGAAT-1	0.11668	0.03921	0.79192	0.11653	0.28263	LEP	tumor-rich
TCGCTTACTCGCAAGT-1	-0.02180	0.05631	0.24347	0.35258	0.09266	LEP	tumor-rich
TCGCTTGTTCCAGTTG-1	0.15201	-0.09547	-0.36297	0.96215	0.12417	LEP	stroma-rich
TCGGAACGTCTGCAAG-1	-0.02158	0.08105	-0.66615	-0.16220	-0.10042	LEP	stroma-rich
TCGGAATCAGCCTAAC-1	0.21105	0.09469	0.48968	0.43821	0.18489	LEP	tumor-rich
TCGGACATTCTATGAG-1	-0.06685	-0.02619	1.50317	-0.19607	0.03283	LEP	tumor-rich
TCGGACCAACCATACA-1	0.01736	-0.00810	0.22985	0.19541	0.20658	LEP	tumor-rich
TCGGACCAGATTCAAT-1	0.07170	0.06991	0.55165	0.07068	0.26755	LEP	tumor-rich
TCGGACCAGGATCGCC-1	-0.09611	-0.09244	-0.61187	0.12916	0.05309	LEP	stroma-rich
TCGGACGGCCGAGGAA-1	0.07777	0.10897	-0.51211	0.37396	0.02206	LEP	stroma-rich
TCGGACGTTGCCTCAG-1	-0.00771	-0.07847	0.77858	0.14570	0.17222	LEP	tumor-rich
TCGGACTGCCACCTCC-1	0.02121	-0.00758	0.06610	0.32627	-0.07669	LEP	tumor-rich
TCGGAGCGTTACCTCG-1	-0.04330	0.12141	-0.45678	0.09825	0.05324	LEP	stroma-rich
TCGGAGCTGAGTCGGA-1	0.08946	-0.10217	-0.47392	-0.32027	-0.10634	LEP	stroma-rich
TCGGAGGCTGTAGTTG-1	0.05272	0.01824	0.54429	0.40466	0.12202	LEP	tumor-rich
TCGGAGTGGTACTTGC-1	-0.12525	-0.10896	0.46533	0.96915	-0.06637	LEP	tumor-rich
TCGGAGTTGTCTTGTT-1	0.09462	0.07772	-0.16272	-0.08406	0.37624	LEP	stroma-rich
TCGGCACTGGCGCCGA-1	-0.11466	0.05028	0.35616	0.32594	0.21977	LEP	tumor-rich
TCGGCGACCTCGCTGA-1	-0.01667	0.16424	0.66558	0.54228	0.23483	LEP	tumor-rich
TCGGCGCAGAATGTCT-1	-0.12458	-0.08980	-0.03335	-0.14609	0.01968	LEP	stroma-rich
TCGGCGCAGATAGATA-1	0.01281	-0.10324	-0.00110	-0.10228	-0.01155	LEP	stroma-rich
TCGGCGCTATCACGTG-1	-0.11890	0.27326	-0.44261	-0.29353	-0.09232	LEP	stroma-rich
TCGGCGGAACATACGC-1	-0.04558	-0.06459	-0.13053	-0.18247	-0.08574	LEP	stroma-rich
TCGGCGTAAGGCCTTA-1	0.12351	0.02266	0.41502	0.12866	0.23110	LEP	tumor-rich
TCGGTAATAGCGGTTC-1	-0.14046	0.11041	0.06709	0.51694	0.00162	LEP	tumor-rich
TCGGTAATTACGTGGA-1	-0.07168	-0.08314	0.73109	0.21436	-0.06344	LEP	tumor-rich
TCGGTAGGCATCACGC-1	-0.12784	-0.05143	-0.25013	0.20232	0.27115	LEP	stroma-rich
TCGGTATCGTAATTGG-1	0.02099	0.10849	0.51811	0.06814	0.13261	LEP	tumor-rich
TCGGTATCTAGTATAC-1	0.09572	0.14570	0.68444	0.26438	0.09850	LEP	tumor-rich
TCGGTGATCGCCGGCC-1	0.13671	-0.06827	-0.38193	0.38493	-0.07169	LEP	stroma-rich
TCGGTGTCAACAGGCA-1	-0.03077	-0.01901	0.67718	0.18318	0.10799	LEP	tumor-rich
TCGGTGTCTAACCAAG-1	-0.10807	-0.01758	-0.60309	-0.00619	-0.16133	LEP	stroma-rich
TCGTAAGGCGTTCAGG-1	-0.06618	0.21904	0.45570	-0.20766	0.16848	LEP	tumor-rich
TCGTATACAAGACGAG-1	0.04694	0.11107	0.91322	0.19961	0.27531	LEP	tumor-rich
TCGTATAGGAGCCTAT-1	-0.13718	0.15418	-0.23753	-0.00010	0.07379	LEP	stroma-rich
TCGTATCAACAGCACC-1	-0.08693	0.04396	0.18814	0.26468	0.01439	LEP	tumor-rich
TCGTATCACGTTATGA-1	0.03877	-0.01777	0.50814	-0.12660	0.14213	LEP	tumor-rich
TCGTATCCTGATGCAA-1	0.01574	0.09182	0.54464	-0.10637	0.13180	LEP	tumor-rich
TCGTATCGGTCTCCTT-1	0.00292	-0.03305	-0.40724	-0.12277	-0.01158	LEP	stroma-rich
TCGTATGCCGGACGTT-1	-0.18303	0.08122	0.31301	0.81407	-0.12420	LEP	tumor-rich
TCGTATGTCGTGCCTA-1	-0.08913	-0.04823	-0.21391	1.11450	0.00439	LEP	stroma-rich
TCGTATGTGGCCATTA-1	-0.07152	-0.05168	-0.22923	-0.13891	0.08012	LEP	stroma-rich
TCGTATTAGATCCGGT-1	-0.07656	-0.14707	-0.32303	0.27510	0.06967	LEP	stroma-rich
TCGTATTCTGAGTGGC-1	0.10282	-0.02280	0.47052	0.18468	0.14858	LEP	tumor-rich
TCGTCAAGCCTAATCT-1	0.30184	0.04443	-0.32847	0.43700	0.04425	LEP	stroma-rich
TCGTCAAGTCCAGGTT-1	0.02016	-0.01694	1.07303	0.10412	0.10706	LEP	tumor-rich
TCGTCACGATGTTCGA-1	0.03507	0.10359	0.87692	0.07219	0.12462	LEP	tumor-rich
TCGTCAGAACAGCCAG-1	0.04812	-0.10264	-0.55973	-0.44131	0.10384	LEP	stroma-rich
TCGTCATCGTACCAAT-1	0.12535	0.09368	1.40290	0.44423	0.35724	LEP	tumor-rich
TCGTCCAGCATGGCTT-1	0.01812	-0.05155	-0.62621	0.09583	0.00450	LEP	stroma-rich
TCGTGCCTCGGTAGTT-1	0.12576	0.05106	-0.30970	0.05774	-0.13770	LEP	stroma-rich
TCGTTAGCCAGGCCAG-1	-0.10549	-0.07950	-0.32897	-0.33407	0.08970	LEP	stroma-rich
TCGTTAGCTTACTCAT-1	-0.22959	0.02930	0.02119	0.58921	-0.07373	LEP	tumor-rich
TCTAACAAGCCAATCC-1	0.11951	0.07840	0.09800	-0.12143	0.17840	LEP	tumor-rich
TCTAACCGTGCTAGCT-1	0.27985	0.05799	-0.34613	0.30328	-0.13584	LEP	stroma-rich
TCTAACTCTATGTTCT-1	0.03031	0.08769	0.83790	0.20766	0.25314	LEP	tumor-rich
TCTACAACTGGAACTT-1	0.33839	-0.00830	0.26902	-0.41080	0.12026	LEP	tumor-rich
TCTACACTAATTACTC-1	-0.00892	-0.08503	0.22127	0.31785	0.13344	LEP	tumor-rich
TCTACACTCCGGCTCC-1	-0.12412	-0.10085	-0.29863	0.10147	0.08380	LEP	stroma-rich
TCTACACTGAGCTTCT-1	0.08236	0.15577	0.66951	0.09647	0.25250	LEP	tumor-rich
TCTACAGCACCGAACC-1	0.08402	0.11510	1.24277	0.23084	0.36757	LEP	tumor-rich
TCTACAGCACGTCCGA-1	-0.10842	-0.08014	-0.19994	0.20148	0.00322	LEP	stroma-rich
TCTACAGCTGAATCAA-1	-0.06381	0.06340	-0.62657	-0.00419	-0.11902	LEP	stroma-rich
TCTACAGGTACGCAGT-1	-0.08950	-0.09764	-0.41570	0.33132	0.08418	LEP	stroma-rich
TCTACATAGACGTGAG-1	-0.16955	-0.06248	-0.52005	-0.04361	0.06875	LEP	stroma-rich
TCTACATGAACTATAC-1	0.02728	0.00904	-0.42009	0.16550	-0.00961	LEP	stroma-rich
TCTACATGAATCTGAT-1	0.03003	0.03572	1.00223	-0.04287	0.26295	LEP	tumor-rich
TCTACATGTCCGACTT-1	-0.26360	-0.06865	-0.72981	-0.09905	-0.04185	LEP	stroma-rich
TCTACATTCGATCGCC-1	-0.07102	0.18838	-0.17432	-0.15057	0.11485	LEP	stroma-rich
TCTACATTGGAGTAAT-1	0.01307	0.24162	0.16792	0.18805	-0.13042	LEP	tumor-rich
TCTACCGGTCAATAGC-1	-0.03000	0.07867	-0.15047	0.32763	0.00872	LEP	stroma-rich
TCTACTATGCTAGCTC-1	-0.16781	-0.09013	-0.47405	0.03639	0.11704	LEP	stroma-rich
TCTACTCCGACTCGGC-1	-0.03601	-0.07926	0.01998	0.28648	-0.02814	LEP	tumor-rich
TCTACTCGAGCAGAGG-1	-0.08149	0.03096	0.69887	0.65003	0.18444	LEP	tumor-rich
TCTACTCGTTCATCGC-1	0.37544	0.12376	-0.24518	-0.37808	-0.18351	LEP	stroma-rich
TCTACTGTCTCAATGA-1	-0.16527	0.04052	-0.43115	0.31294	-0.09666	LEP	stroma-rich
TCTACTTAACCGGCCT-1	-0.09460	0.12704	-0.33038	-0.19752	0.13797	LEP	stroma-rich
TCTACTTAGGTTCTTA-1	-0.03314	0.01127	0.35306	0.42013	0.23076	LEP	tumor-rich
TCTACTTAGTATTAGT-1	0.04802	0.11273	0.46704	0.23395	0.13243	LEP	tumor-rich
TCTACTTCACCGTGGA-1	0.04956	-0.06126	0.01521	0.16976	0.11122	LEP	tumor-rich
TCTAGAACTTCTTGCA-1	0.03312	0.18049	0.56039	0.44135	0.15091	LEP	tumor-rich
TCTAGAATTGCGGTTG-1	0.26802	-0.05925	-0.56989	-0.56494	-0.07451	LEP	stroma-rich
TCTAGACGGTGGCTGA-1	-0.07490	0.14000	-0.10735	-0.24702	0.03610	LEP	stroma-rich
TCTAGAGTCTCCACGC-1	0.08946	0.04931	0.90339	0.29416	0.18438	LEP	tumor-rich
TCTAGATAAGGTTAGC-1	0.35727	0.09457	-0.51901	0.37612	0.03939	LEP	stroma-rich
TCTAGCAGCGGATCAG-1	-0.03295	-0.02612	0.33651	-0.09322	0.17822	LEP	tumor-rich
TCTAGCGACACCGAGC-1	-0.12759	-0.03963	0.44295	0.32488	0.06873	LEP	tumor-rich
TCTAGCGGAATGGATC-1	0.06043	0.06408	0.91377	-0.04902	0.24618	LEP	tumor-rich
TCTAGCTCCGAGGACC-1	0.08540	0.09921	1.10281	0.65927	0.12658	LEP	tumor-rich
TCTAGCTTATTCGCCA-1	0.08667	0.12332	1.24510	0.46737	0.28231	LEP	tumor-rich
TCTAGGACTGCCACCG-1	0.01131	-0.06726	-0.71905	0.08034	-0.08579	LEP	stroma-rich
TCTAGGCGGAAGGCAC-1	-0.20558	0.15458	0.34583	-0.35275	0.09833	LEP	tumor-rich
TCTAGGCTCGCACCAA-1	-0.03645	0.12038	0.31701	0.26077	0.21673	LEP	tumor-rich
TCTAGGCTTAAGACTG-1	-0.05215	0.19155	-0.23468	-0.33664	0.01861	LEP	stroma-rich
TCTATCCGTGTTGCCA-1	-0.04262	0.04270	0.04183	0.42989	0.14152	LEP	tumor-rich
TCTATGATCGGTGCCT-1	0.06741	-0.11109	-0.51190	-0.09141	-0.10246	LEP	stroma-rich
TCTATTCCTTCCGGAA-1	0.07866	0.12817	1.02515	0.32570	0.28502	LEP	tumor-rich
TCTATTCTGCATTGGC-1	0.04690	-0.04871	0.29056	-0.21883	0.23495	LEP	tumor-rich
TCTATTGATGCATGCC-1	-0.06989	-0.04011	-0.22874	-0.20686	0.00079	LEP	stroma-rich
TCTATTGGCTTCGATC-1	-0.07741	0.25119	-0.20343	0.50330	-0.11614	LEP	stroma-rich
TCTGAGCGTAATTGTC-1	0.11001	0.05918	0.86536	0.19326	0.29321	LEP	tumor-rich
TCTGAGTCAGATCTTG-1	-0.03541	-0.03312	-0.68829	0.33863	0.23332	LEP	stroma-rich
TCTGATCATAATGATT-1	0.02399	-0.02083	0.38459	0.48596	0.06975	LEP	tumor-rich
TCTGCAAGGACGGCAA-1	0.08062	-0.07104	-0.46247	-0.36755	0.02066	LEP	stroma-rich
TCTGCAATTCACAAGA-1	0.08575	0.08109	0.26934	0.34210	0.16942	LEP	tumor-rich
TCTGCAGTAGTTATGA-1	0.13651	0.24121	-0.50593	0.18145	0.19777	LEP	stroma-rich
TCTGCCTGGATGTCAG-1	0.05056	-0.13019	-0.23464	-0.43495	-0.17116	LEP	stroma-rich
TCTGCGAGGTGCACGT-1	-0.08037	0.17608	-0.18015	-0.25365	-0.10935	LEP	stroma-rich
TCTGCGCTTGCAGATA-1	-0.21507	0.14681	-0.58926	-0.23311	0.05680	LEP	stroma-rich
TCTGCGTGCTATTCTA-1	-0.11606	0.05371	-0.19029	-0.11253	0.03270	LEP	stroma-rich
TCTGCGTGCTTCAGAC-1	-0.08635	0.05328	0.03446	0.09603	-0.01152	LEP	tumor-rich
TCTGCGTTAGATAGGT-1	-0.10043	0.04698	0.21885	-0.04791	0.07155	LEP	tumor-rich
TCTGGACGCTAAGACA-1	-0.20540	0.01318	0.23615	0.17394	0.03323	LEP	tumor-rich
TCTGGATATTAACCTA-1	-0.09121	0.13021	-0.10261	-0.35703	0.24122	LEP	stroma-rich
TCTGGTAATCGTCCAA-1	0.00349	0.03357	0.77408	0.16202	0.27849	LEP	tumor-rich
TCTGGTAGTGCAGCAA-1	-0.10794	0.20514	-0.79018	-0.04997	-0.00378	LEP	stroma-rich
TCTGGTATCTGTAGCC-1	0.05489	-0.09144	-0.39452	0.33738	-0.11527	LEP	stroma-rich
TCTGGTCACTATCTGT-1	-0.06616	-0.03597	0.09983	-0.00974	0.14447	LEP	tumor-rich
TCTGGTCCTCCACTGT-1	-0.04073	-0.00048	-0.71082	0.30292	-0.00470	LEP	stroma-rich
TCTGTACCTCACTCGC-1	-0.12659	0.05964	-0.14173	0.70510	0.05669	LEP	stroma-rich
TCTGTACGCTGTCCTC-1	0.11655	-0.02632	0.22569	0.03084	0.03837	LEP	tumor-rich
TCTGTCACCGTTAATA-1	0.08375	0.03490	-0.31140	0.06765	0.14532	LEP	stroma-rich
TCTTACATTACTTCGC-1	0.08082	0.18589	-0.23882	-0.07860	0.14284	LEP	stroma-rich
TCTTACCATTCTAAGC-1	-0.11057	-0.08756	-0.23060	-0.29201	-0.03470	LEP	stroma-rich
TCTTACCGCACTGAAT-1	0.05175	0.09213	0.40716	0.11372	0.02406	LEP	tumor-rich
TCTTACCGCTCGTATG-1	-0.18770	0.01558	-0.58013	0.30461	-0.01053	LEP	stroma-rich
TCTTACCGGATCCGCT-1	-0.07966	0.05745	0.62116	0.55272	0.20421	LEP	tumor-rich
TCTTACGAATCAGTGC-1	0.19750	0.11278	-0.43695	0.34532	0.07509	LEP	stroma-rich
TCTTACGAGGAATAAG-1	-0.00818	0.00939	-0.56826	-0.01380	0.03089	LEP	stroma-rich
TCTTACGAGGCCGACA-1	0.09036	0.04526	0.53621	-0.02642	0.24068	LEP	tumor-rich
TCTTACGGCCGCAACA-1	0.01505	-0.07868	-0.20122	0.11259	0.10824	LEP	stroma-rich
TCTTACTCTGTATGCG-1	0.02396	0.10771	0.22208	-0.08142	0.12373	LEP	tumor-rich
TCTTACTGAGACTAGT-1	-0.00471	-0.05570	-0.54304	0.05695	-0.10795	LEP	stroma-rich
TCTTAGATGCCTCCGA-1	0.14153	-0.00074	-0.04345	-0.00006	0.30720	LEP	stroma-rich
TCTTAGGCCTGGCGTA-1	0.04129	0.11786	0.82919	0.11612	0.25931	LEP	tumor-rich
TCTTAGGCGACAGTCA-1	-0.05114	-0.01486	0.06705	0.22563	0.10206	LEP	tumor-rich
TCTTAGTCGCGGCAGA-1	0.32345	0.02973	-0.42792	0.38517	0.02295	LEP	stroma-rich
TCTTAGTCGTCTCGGC-1	0.06495	-0.02992	-0.18157	-0.10869	0.16716	LEP	stroma-rich
TCTTAGTCTGCCATCA-1	0.11726	0.07039	0.45044	0.40746	-0.01776	LEP	tumor-rich
TCTTCGAACAGCGTTA-1	0.07313	0.05984	-0.16220	0.52623	-0.05007	LEP	stroma-rich
TCTTCGAATTGTATAC-1	0.08704	0.01985	0.80746	-0.03874	0.22196	LEP	tumor-rich
TCTTCGCCATTCGAAT-1	-0.02643	-0.00806	0.83015	-0.02825	0.22265	LEP	tumor-rich
TCTTCGTCAGACCAGG-1	-0.11479	-0.08861	0.84684	0.26842	0.24881	LEP	tumor-rich
TCTTGAGCGGCAACGC-1	0.11192	0.02845	-0.62251	0.37724	-0.07544	LEP	stroma-rich
TCTTGAGTCATTATAC-1	0.09828	0.14486	-0.48904	0.08670	-0.07843	LEP	stroma-rich
TCTTGAGTCTCCGAAT-1	-0.14708	0.08972	-0.20743	0.09726	-0.06273	LEP	stroma-rich
TCTTGCACCAATCTAT-1	0.10004	0.05999	0.67333	0.18176	0.33404	LEP	tumor-rich
TCTTGCACGGTGAGCC-1	-0.25908	-0.03372	-0.23011	0.30026	0.06421	LEP	stroma-rich
TCTTGCACGTATGGAC-1	-0.09091	-0.05758	-0.39455	0.01274	0.00405	LEP	stroma-rich
TCTTGCACGTCTAATG-1	0.12739	0.02258	-0.31858	0.45353	0.06724	LEP	stroma-rich
TCTTGCACTATTCAGA-1	-0.05153	0.18928	-0.11595	0.41170	0.11234	LEP	stroma-rich
TCTTGCACTGGTGCTC-1	0.03382	0.03688	0.25198	0.46545	0.07518	LEP	tumor-rich
TCTTGCAGACTGCGAG-1	0.37888	0.01946	-0.60044	0.40919	0.05437	LEP	stroma-rich
TCTTGCATAGACAATA-1	0.08477	-0.01192	-0.55684	0.37185	0.00368	LEP	stroma-rich
TCTTGCCACGTTCACT-1	0.14235	0.12419	0.64349	0.72127	0.19071	LEP	tumor-rich
TCTTGCCATCGTTGTA-1	0.02493	0.01296	0.47742	0.16322	0.12460	LEP	tumor-rich
TCTTGCCGGAGCCAGA-1	0.05849	0.21354	-0.23533	0.30201	-0.15935	LEP	stroma-rich
TCTTGCCGGCAGTCTA-1	-0.17245	0.02843	-0.60479	-0.29648	-0.05971	LEP	stroma-rich
TCTTGCGGCCTTAGTG-1	-0.03672	0.06535	0.76010	0.25417	0.14069	LEP	tumor-rich
TCTTGCTCCGTCGGCA-1	0.09508	0.04872	-0.53913	0.26107	0.13056	LEP	stroma-rich
TCTTGCTGTCCTAGGC-1	0.01505	0.13692	-0.32838	0.13959	-0.00283	LEP	stroma-rich
TCTTGTTACCGGTTAC-1	-0.15515	0.02772	-0.35086	0.00551	-0.02283	LEP	stroma-rich
TCTTGTTATTCTTGAT-1	0.17628	0.05258	-0.46152	-0.12926	0.30534	LEP	stroma-rich
TGAACCAATGTTGAGC-1	-0.06323	0.15853	-0.15520	0.44415	-0.07771	LEP	stroma-rich
TGAACGAATCTTAATT-1	-0.10333	0.11626	0.11649	0.06590	0.15741	LEP	tumor-rich
TGAACGGACACGTATC-1	-0.03742	0.02411	-0.34427	-0.21545	0.07045	LEP	stroma-rich
TGAACGGACATTGAGT-1	0.09665	0.13035	0.43324	0.16979	0.16283	LEP	tumor-rich
TGAACGGATCTGGTAC-1	-0.13101	0.02007	-0.49244	-0.09169	0.18365	LEP	stroma-rich
TGAACGGATTCAAGTT-1	0.03110	0.01216	-0.01838	0.49302	-0.06582	LEP	stroma-rich
TGAACTCAAGGTCGGT-1	0.06357	0.09504	0.69758	0.45026	0.22081	LEP	tumor-rich
TGAAGATACAATCTGC-1	-0.11714	-0.09733	0.76675	0.39350	-0.04726	LEP	tumor-rich
TGAAGCACCGTCATGA-1	-0.03777	-0.13854	-0.65701	0.00944	-0.06633	LEP	stroma-rich
TGAAGTATGATCGTGC-1	-0.07923	0.01881	0.00947	0.19712	0.12460	LEP	tumor-rich
TGAATACAGACTGCTC-1	-0.15065	-0.12231	-0.59777	-0.50623	-0.15413	LEP	stroma-rich
TGAATATGAGCCGGTG-1	-0.18257	0.15902	-0.76000	-0.05942	-0.11541	LEP	stroma-rich
TGAATATGGCCTGCCA-1	-0.05178	-0.05227	-0.27806	-0.24688	0.00164	LEP	stroma-rich
TGAATGCGGTTATGGA-1	-0.10119	0.02349	-0.35270	-0.01517	-0.02641	LEP	stroma-rich
TGAATGGTGCTTCGAT-1	0.15806	0.05122	0.37170	0.64436	0.10973	LEP	tumor-rich
TGAATGTACCTTCGTC-1	0.13685	-0.11546	-0.26007	0.39584	-0.02253	LEP	stroma-rich
TGAATGTTGACATCGT-1	-0.20809	-0.20849	-0.04792	0.00638	-0.17318	LEP	stroma-rich
TGAATTATGCCGCAGT-1	-0.20535	0.02542	0.08018	0.22686	0.16326	LEP	tumor-rich
TGAATTCGTGGTATAA-1	-0.05607	-0.09042	-0.62261	0.18627	-0.14625	LEP	stroma-rich
TGACAGTACTATTCTA-1	-0.07180	0.06268	-0.34264	0.24884	0.05647	LEP	stroma-rich
TGACATTACAACGCCG-1	-0.05753	-0.06658	0.58880	-0.14222	0.07628	LEP	tumor-rich
TGACCAACAGATAGGT-1	0.04125	-0.05473	0.92688	-0.17213	0.17200	LEP	tumor-rich
TGACCAACTTGGTCAA-1	-0.12336	0.03800	0.80502	-0.39485	0.19982	LEP	tumor-rich
TGACCAAGCTGCACAT-1	0.26434	0.03420	-0.57847	0.46503	0.02425	LEP	stroma-rich
TGACCAAGTAAGGACC-1	0.02123	0.01907	0.19653	0.13259	0.11902	LEP	tumor-rich
TGACCAATCAGCCACG-1	0.00429	0.00238	-0.37011	0.18537	-0.09663	LEP	stroma-rich
TGACCACGAAGCCGAG-1	-0.02408	0.08707	0.23897	0.32784	0.08018	LEP	tumor-rich
TGACCAGCACTCCAGC-1	-0.20959	0.11038	-0.60435	0.46342	-0.10667	LEP	stroma-rich
TGACCAGGCTCATGCA-1	0.03339	0.15340	-0.46289	0.37334	0.05903	LEP	stroma-rich
TGACCAGGTATGACCT-1	-0.05154	0.06634	-0.82967	0.05264	-0.19448	LEP	stroma-rich
TGACCATCCATCTGCT-1	0.03667	0.13396	0.81605	0.51942	0.16956	LEP	tumor-rich
TGACCATCCGCCACGT-1	-0.10816	-0.00592	-0.32573	0.71936	-0.01061	LEP	stroma-rich
TGACCATGTACACTCA-1	-0.04793	-0.05173	-0.67661	0.24669	-0.07396	LEP	stroma-rich
TGACCTCACGCACGAG-1	-0.02174	0.03471	0.19399	0.49622	0.09899	LEP	tumor-rich
TGACCTCACTCCTTAT-1	-0.08910	0.06152	-0.15696	-0.31520	-0.17020	LEP	stroma-rich
TGACCTCCTTCAGATT-1	0.05486	0.09698	0.55328	0.03128	0.09389	LEP	tumor-rich
TGACCTGTCTATCTCG-1	0.04621	0.07095	0.56860	0.55023	0.07489	LEP	tumor-rich
TGACGCCTGCTTGTGA-1	0.03321	0.00171	0.40142	-0.02593	0.16810	LEP	tumor-rich
TGACGCTCACCAAGCC-1	0.03576	0.08311	-0.01574	0.56517	0.11993	LEP	stroma-rich
TGACGCTCGCGGTAGT-1	0.08783	0.09866	-0.39778	-0.16107	0.00739	LEP	stroma-rich
TGACGCTGCAGCTCAT-1	-0.01383	0.03567	0.19640	0.38557	0.17838	LEP	tumor-rich
TGACGCTGCGATAGTA-1	-0.07777	-0.04505	-0.37243	0.82437	-0.02640	LEP	stroma-rich
TGACGCTTACTAGACA-1	-0.06129	0.15387	-0.68862	-0.08414	0.11765	LEP	stroma-rich
TGACGGAGCGCTATAC-1	0.16271	0.12371	-0.35809	0.16484	0.05006	LEP	stroma-rich
TGACGGAGTGAGGTTA-1	-0.09065	0.07489	-0.32269	0.15310	-0.15384	LEP	stroma-rich
TGACGGCAGCCAGACC-1	-0.17088	-0.10307	-0.30846	-0.34717	-0.04619	LEP	stroma-rich
TGACTCCAAGTCTACC-1	-0.17147	0.04304	-0.35793	0.03471	0.11310	LEP	stroma-rich
TGACTCGGCCGACCGA-1	-0.08352	-0.08711	-0.30428	-0.39135	-0.01920	LEP	stroma-rich
TGACTCGGTGTCATCG-1	-0.16053	0.07629	0.68101	-0.41630	0.04952	LEP	tumor-rich
TGACTCTGCTCGCACG-1	-0.13781	0.02427	0.60591	0.15942	0.00054	LEP	tumor-rich
TGACTTAATGCGTTGG-1	-0.03197	0.14174	0.50596	-0.15293	0.00831	LEP	tumor-rich
TGACTTCGGCGTAACA-1	0.12819	-0.03957	-0.18124	0.39487	0.03064	LEP	stroma-rich
TGACTTGCACTCACGG-1	0.12245	-0.05080	-0.25153	0.20811	-0.01586	LEP	stroma-rich
TGAGAACGAGTTCTGT-1	0.11263	0.03771	0.61655	-0.08435	0.29671	LEP	tumor-rich
TGAGACAAGGACGACC-1	-0.17301	-0.08310	-0.74969	-0.09114	-0.09852	LEP	stroma-rich
TGAGACAGAAGTGCTC-1	-0.09924	0.14341	0.55945	-0.05412	0.25493	LEP	tumor-rich
TGAGACCTGAGCCGAG-1	0.07866	-0.01739	0.34114	0.45719	0.09985	LEP	tumor-rich
TGAGACGTGAACGGTC-1	-0.08111	-0.04056	0.44901	0.33221	0.17520	LEP	tumor-rich
TGAGACTATTGAATCT-1	-0.05605	0.01482	0.30073	0.14396	0.19541	LEP	tumor-rich
TGAGATGCTCTAATGA-1	0.03841	-0.00931	0.24095	0.06371	0.25501	LEP	tumor-rich
TGAGCACCTCGACGTT-1	0.15002	-0.07037	-0.24341	-0.28943	-0.07282	LEP	stroma-rich
TGAGCATAGTCTTATT-1	0.05222	0.02725	-0.23207	0.34453	0.04748	LEP	stroma-rich
TGAGCCGCGTGATCAT-1	-0.11138	0.26060	-0.40726	-0.34205	0.04967	LEP	stroma-rich
TGAGCCTTGATGTATC-1	-0.00498	0.03629	0.25987	0.59851	0.06621	LEP	tumor-rich
TGAGGAATCCATAGAA-1	-0.07380	0.35215	-0.26347	0.36589	0.23566	LEP	stroma-rich
TGAGGACCACTGTTAC-1	0.02431	0.04959	0.08779	0.27140	0.12250	LEP	tumor-rich
TGAGGTAGGACTACTG-1	0.02829	0.04409	0.32197	-0.34343	0.27967	LEP	tumor-rich
TGAGGTCGGCTCGGCT-1	0.01156	0.11443	0.19459	0.37126	0.13900	LEP	tumor-rich
TGAGGTGCTTAAGCGA-1	0.11365	0.14802	1.27842	0.40563	0.24121	LEP	tumor-rich
TGAGTAAGCGCAATCC-1	-0.00928	0.08335	0.38099	0.46887	0.13238	LEP	tumor-rich
TGAGTACGCTGCTCAG-1	0.00820	0.04695	-0.57425	0.08535	-0.07130	LEP	stroma-rich
TGAGTATTCTAGGACT-1	0.11884	0.08749	-0.24972	0.61997	0.17907	LEP	stroma-rich
TGAGTCGCCTCCGTCG-1	-0.04329	0.05842	0.37919	0.47902	0.03928	LEP	tumor-rich
TGAGTGACCTACTCGT-1	0.00525	0.23028	-0.32051	-0.25413	0.12279	LEP	stroma-rich
TGAGTGAGATCGCTAA-1	-0.04712	0.15283	0.50473	0.01876	0.12014	LEP	tumor-rich
TGAGTGAGGCACGCCT-1	0.19059	0.07522	-0.29405	-0.27604	-0.12350	LEP	stroma-rich
TGAGTGCAGAGGACCA-1	-0.01495	-0.15845	-0.71038	0.56303	-0.04523	LEP	stroma-rich
TGAGTTCGCTTGACCT-1	-0.00333	0.01992	0.02505	0.27663	0.07702	LEP	tumor-rich
TGAGTTGTCCTCGCTT-1	0.11175	0.04664	-0.56930	0.33437	0.07462	LEP	stroma-rich
TGAGTTGTTAGCACCG-1	0.05624	0.03634	0.51342	-0.03411	0.23062	LEP	tumor-rich
TGATAAGCAGTAAGAA-1	-0.13120	-0.08670	0.86525	0.14647	0.17796	LEP	tumor-rich
TGATAGGAGCATCAAC-1	0.18160	0.16574	0.25275	0.02886	-0.03555	LEP	tumor-rich
TGATCCGCACTCCTTA-1	0.06901	-0.07342	0.34982	-0.14490	0.23857	LEP	tumor-rich
TGATCGGACCTGGATG-1	0.04043	-0.02314	-0.35974	0.06129	0.05554	LEP	stroma-rich
TGATCTTGCCTATTGT-1	0.19723	0.06827	-0.43849	0.31427	0.05220	LEP	stroma-rich
TGATGGAACTAACGAA-1	0.09845	-0.02752	-0.21421	0.29610	-0.09234	LEP	stroma-rich
TGATGGATGATCACGG-1	0.07213	0.01377	0.81500	0.02799	0.21000	LEP	tumor-rich
TGATGGCCGGCATCGC-1	-0.07660	0.06260	-0.16063	-0.03836	0.16063	LEP	stroma-rich
TGATGGCGCAGGCTAG-1	-0.13951	-0.04735	-0.69284	0.17066	0.02712	LEP	stroma-rich
TGATGGCTAATCCATA-1	0.12709	0.03136	0.50202	0.29704	0.17483	LEP	tumor-rich
TGATGGCTGCGACGAT-1	-0.02326	0.01523	0.09902	0.18786	0.11762	LEP	tumor-rich
TGATGGTTCCACTGAT-1	0.07593	0.08286	0.38778	-0.09927	0.18901	LEP	tumor-rich
TGATTAGAATGACATA-1	-0.08067	0.12407	-0.19360	-0.30206	-0.06869	LEP	stroma-rich
TGATTCAACGACAAGG-1	-0.02861	0.15904	0.18895	-0.13420	-0.05211	LEP	tumor-rich
TGATTCAAGATCGAGC-1	0.02926	-0.07104	0.25594	0.34255	-0.01087	LEP	tumor-rich
TGATTCACATGCAGAA-1	-0.03571	-0.06440	-0.38562	-0.18210	-0.10670	LEP	stroma-rich
TGATTCGTCTGGATCT-1	0.15403	-0.08479	0.03449	0.07491	0.04521	LEP	tumor-rich
TGCAACAGTGAAGCTC-1	-0.00981	-0.13299	0.24413	-0.00377	0.13071	LEP	tumor-rich
TGCAACGTTACCTGGT-1	-0.01167	0.05198	-0.44066	0.01252	-0.05646	LEP	stroma-rich
TGCACCGGTCACCTCC-1	0.03446	0.02548	0.65828	0.01101	0.24083	LEP	tumor-rich
TGCACGAATGTACTAA-1	0.14239	0.08952	-0.09219	0.32735	0.06684	LEP	stroma-rich
TGCACGAGTAGAGTTA-1	0.10045	0.07915	1.08143	0.15612	0.27738	LEP	tumor-rich
TGCACGAGTGTCAGCC-1	-0.15874	-0.03954	0.04962	0.48358	-0.11191	LEP	tumor-rich
TGCACGCTCCTATCCG-1	0.15216	-0.01051	-0.55703	0.39637	-0.06436	LEP	stroma-rich
TGCACGGCCTGTGATA-1	-0.00613	0.08928	0.04524	0.48375	0.08957	LEP	tumor-rich
TGCACGGCTGAGACTT-1	0.26502	-0.03064	-0.18348	0.50975	0.01802	LEP	stroma-rich
TGCACGGCTGGTAAGG-1	0.01892	-0.02178	0.57869	0.16848	0.17252	LEP	tumor-rich
TGCACGGTAGACGGTA-1	-0.06216	-0.09856	-0.41576	0.44124	-0.01390	LEP	stroma-rich
TGCACGTAGTTCGAAG-1	0.03820	-0.06719	-0.34530	0.13323	-0.05379	LEP	stroma-rich
TGCACGTGATTATCAA-1	-0.05219	0.05224	0.24863	-0.14647	0.08258	LEP	tumor-rich
TGCACTCCAGCTACTC-1	-0.19390	-0.12938	0.41069	-0.14956	0.01581	LEP	tumor-rich
TGCAGAACTATCAACT-1	0.08733	0.03462	0.75294	0.53764	0.21056	LEP	tumor-rich
TGCAGAAGCAGTAGGC-1	0.22057	0.02266	-0.40330	0.44002	0.03094	LEP	stroma-rich
TGCAGAATCGGAGGCT-1	0.07503	0.05148	0.44229	0.10634	0.19983	LEP	tumor-rich
TGCAGACAATACTGTT-1	-0.11229	0.00294	-0.20379	0.02988	-0.02550	LEP	stroma-rich
TGCAGACGAACCAGAT-1	-0.05566	0.07420	0.27974	0.33856	0.10139	LEP	tumor-rich
TGCAGAGCCTTGCCGG-1	0.05605	0.10831	-0.19925	0.25005	-0.00187	LEP	stroma-rich
TGCAGAGGAAGGCCTG-1	0.08180	0.07171	0.91107	0.39208	0.21509	LEP	tumor-rich
TGCAGAGGTCGTAATT-1	0.27567	-0.10443	-0.35150	-0.53883	-0.02423	LEP	stroma-rich
TGCAGATGAGATCTAG-1	0.08554	0.11022	0.54840	0.33646	0.19019	LEP	tumor-rich
TGCAGTACAACGAGTG-1	0.17783	-0.08826	-0.20580	-0.29871	-0.06086	LEP	stroma-rich
TGCAGTCGAGCACCAA-1	-0.04926	0.17547	-0.10297	0.21301	0.02391	LEP	stroma-rich
TGCAGTTATTCCACTC-1	0.01948	0.00995	0.40132	-0.46719	0.16766	LEP	tumor-rich
TGCAGTTGTCGGAGCG-1	-0.10362	-0.09809	-0.35215	-0.38779	-0.01108	LEP	stroma-rich
TGCATAAGTTCCTGAA-1	-0.03015	0.20217	-0.70919	0.16675	0.16665	LEP	stroma-rich
TGCATTAATGGCCACC-1	-0.08293	-0.01612	0.20723	-0.01641	-0.05322	LEP	tumor-rich
TGCATTCACGTGTACT-1	0.03061	0.07320	0.09227	0.34423	0.16042	LEP	tumor-rich
TGCATTCACTTCGCCG-1	0.00102	0.10615	0.16414	0.35846	0.11364	LEP	tumor-rich
TGCATTCGCCAGCGAT-1	-0.00364	0.06758	-0.43268	0.00727	-0.10176	LEP	stroma-rich
TGCATTCGCTACAATG-1	-0.04907	0.09607	-0.09471	0.27965	0.18757	LEP	stroma-rich
TGCATTCGTCTACAGG-1	-0.23762	-0.17684	0.90703	0.11608	0.18178	LEP	tumor-rich
TGCATTCTTACGGAGG-1	-0.08621	-0.08176	-0.73192	0.20907	-0.05876	LEP	stroma-rich
TGCATTGATAGACATA-1	0.01487	0.01758	-0.36303	-0.02021	0.08849	LEP	stroma-rich
TGCATTGCTGTCGGCG-1	-0.08425	-0.09959	-0.78393	-0.10245	-0.16788	LEP	stroma-rich
TGCCAATCCATGTCTA-1	0.03798	0.05737	0.23410	0.38307	0.07288	LEP	tumor-rich
TGCCACAATGCTACCG-1	-0.01407	0.09681	0.10633	0.38187	-0.03256	LEP	tumor-rich
TGCCACCTATTACATT-1	0.10799	0.04717	0.92153	0.09370	0.22644	LEP	tumor-rich
TGCCACTATCAGGCAG-1	0.14744	0.08080	1.22686	0.35314	0.28034	LEP	tumor-rich
TGCCACTCAACCGGCC-1	0.15353	0.10018	0.07114	0.13437	0.17678	LEP	tumor-rich
TGCCACTTAAGTGATG-1	0.16597	0.03606	0.76355	0.37550	0.06462	LEP	tumor-rich
TGCCAGACGAGTTAGG-1	-0.09370	-0.09965	-0.30249	-0.25795	-0.06861	LEP	stroma-rich
TGCCAGATACGACTGG-1	-0.03515	0.02962	0.21104	0.42241	0.16202	LEP	tumor-rich
TGCCAGCTATTGTAGA-1	-0.09191	-0.06185	-0.33225	0.15071	0.03752	LEP	stroma-rich
TGCCAGGATGAGGTTC-1	-0.01546	0.08613	-0.55903	0.10287	-0.14912	LEP	stroma-rich
TGCCAGTGATTCGTGC-1	0.06860	0.13929	-0.11429	-0.04872	-0.03021	LEP	stroma-rich
TGCCAGTGCAGAGTAT-1	-0.07193	-0.06487	0.00000	-0.20173	-0.04310	LEP	stroma-rich
TGCCAGTTATGCAGCT-1	-0.01591	0.08140	0.82359	0.17418	0.26956	LEP	tumor-rich
TGCCGAATCAAGCGTC-1	0.09624	0.11030	0.56217	0.24906	0.21551	LEP	tumor-rich
TGCCGACGATGAACTG-1	-0.03477	0.03875	0.38765	0.30099	0.10230	LEP	tumor-rich
TGCCGAGTTAAGAACG-1	-0.20013	0.08767	0.08473	0.23766	-0.00766	LEP	tumor-rich
TGCCGGAACTTAGGCA-1	0.15261	-0.09427	-0.34554	-0.37967	0.18479	LEP	stroma-rich
TGCCGGCATTATAGAT-1	-0.10699	-0.03193	-0.24115	0.12900	-0.12574	LEP	stroma-rich
TGCCTAAGTTAATTAT-1	-0.00369	0.06488	0.71017	0.08374	0.18090	LEP	tumor-rich
TGCCTACGCAGGCTGC-1	-0.02049	-0.05139	1.18116	0.45975	0.12806	LEP	tumor-rich
TGCCTATCAATGCCAT-1	0.00917	0.04628	-0.52523	-0.49701	0.08595	LEP	stroma-rich
TGCCTATCGGCTATGT-1	-0.02885	0.11534	-0.63260	0.24573	-0.00270	LEP	stroma-rich
TGCCTATGGACTGGTC-1	0.03410	-0.01815	0.78315	0.40428	0.19141	LEP	tumor-rich
TGCCTTAGGCGTCTAT-1	0.06822	0.04647	0.26558	0.17687	0.14600	LEP	tumor-rich
TGCGAACATATCGGCT-1	-0.03129	0.06379	0.19360	0.08400	-0.01553	LEP	tumor-rich
TGCGAATCCGGCTTGA-1	0.07604	0.11708	0.84989	0.43278	0.24384	LEP	tumor-rich
TGCGAATTCTCCGCAC-1	0.02863	-0.03624	0.22139	-0.12182	0.10810	LEP	tumor-rich
TGCGACTACGTGCGAG-1	0.33093	0.27991	-0.34608	0.47397	0.13232	LEP	stroma-rich
TGCGAGCCAGACGAAT-1	-0.14668	0.13047	-0.42612	0.00305	-0.10420	LEP	stroma-rich
TGCGATACGCCTCGCA-1	-0.03289	0.25461	1.00639	0.01047	0.10784	LEP	tumor-rich
TGCGATCGCAATGAGC-1	-0.01299	0.01057	0.45202	0.18847	0.18327	LEP	tumor-rich
TGCGATCGGATTCACT-1	0.03809	0.06439	0.58759	-0.07061	0.30170	LEP	tumor-rich
TGCGATCTTGCTCGAT-1	0.04629	0.02103	0.80831	0.20507	0.05671	LEP	tumor-rich
TGCGATGCAGGTGCGA-1	-0.09551	-0.08784	-0.02352	-0.29212	-0.19367	LEP	stroma-rich
TGCGATGTGCCTTGGC-1	0.17577	0.02409	0.08469	0.32207	0.06954	LEP	tumor-rich
TGCGATTAGCTCCGCC-1	-0.18042	-0.11638	-0.48961	0.96407	0.11035	LEP	stroma-rich
TGCGCAATTGATCATA-1	-0.09581	0.09471	0.83711	0.38955	-0.11597	LEP	tumor-rich
TGCGCCAGTAATGATC-1	-0.19428	-0.18962	-0.03404	0.07981	-0.11993	LEP	stroma-rich
TGCGCCGAACGGACTC-1	-0.11350	0.21330	-0.46575	0.07183	0.15198	LEP	stroma-rich
TGCGCCGATCGCGAAG-1	-0.08693	0.04254	-0.08479	-0.20758	0.13286	LEP	stroma-rich
TGCGCCTCTGGCTACA-1	-0.09506	-0.11619	-0.35600	-0.41708	-0.16143	LEP	stroma-rich
TGCGCCTCTTCGGCGA-1	0.05729	0.04569	0.81408	0.41004	0.23773	LEP	tumor-rich
TGCGCTCATAGAACGA-1	-0.06709	-0.01617	-0.18414	0.43882	-0.10746	LEP	stroma-rich
TGCGGACATTCGCCGG-1	0.02746	0.02559	0.52031	0.23144	0.22358	LEP	tumor-rich
TGCGGACCATGGTACC-1	0.18633	-0.09036	-0.07942	0.22928	0.02800	LEP	stroma-rich
TGCGGACGATACGGAC-1	0.09494	0.08392	0.36896	0.24949	0.15989	LEP	tumor-rich
TGCGGACTCACGTGAT-1	-0.01980	0.04898	0.52024	-0.23597	0.05801	LEP	tumor-rich
TGCGGACTTAACTTCC-1	0.09012	0.05844	0.85763	0.03735	0.28710	LEP	tumor-rich
TGCGGACTTCTGTCGC-1	-0.00337	0.09829	-0.02923	0.00764	0.18010	LEP	stroma-rich
TGCGGAGGCTGGACCG-1	0.19009	0.04861	1.08497	0.77719	0.16343	LEP	tumor-rich
TGCGGATCATCCTAGA-1	0.06601	-0.10592	-0.45408	-0.35109	-0.00726	LEP	stroma-rich
TGCGGATCGGATCTTA-1	0.10992	0.07773	-0.33395	-0.37913	-0.03647	LEP	stroma-rich
TGCGTATCTTGTACCG-1	-0.12678	0.18840	0.49794	-0.19452	0.11590	LEP	tumor-rich
TGCGTCCTAAGTTCCA-1	0.04546	0.08629	0.55711	0.46983	0.22339	LEP	tumor-rich
TGCGTCTGGATCGGAT-1	-0.07469	0.03449	-0.20948	0.20411	0.06208	LEP	stroma-rich
TGCGTGTCAGCCAGTG-1	0.04497	-0.02232	0.29534	0.22694	0.13133	LEP	tumor-rich
TGCGTGTCGGCGGATA-1	0.02862	0.05386	-0.77785	-0.02868	-0.10667	LEP	stroma-rich
TGCGTTAGCACGTACC-1	0.08417	0.13674	0.88682	0.72696	0.16878	LEP	tumor-rich
TGCGTTATGTTCCGGA-1	-0.06446	0.01574	0.23628	-0.23263	0.19297	LEP	tumor-rich
TGCGTTATTGTTGCGA-1	0.17078	0.10516	0.52698	0.27680	0.15816	LEP	tumor-rich
TGCGTTGTATTGCCTG-1	0.03002	0.15023	0.96039	0.55445	0.24779	LEP	tumor-rich
TGCTACATCACCGGAT-1	0.09627	-0.07103	-0.33991	0.38517	-0.14156	LEP	stroma-rich
TGCTACGCTGCGTGGA-1	-0.06398	0.11211	0.07746	-0.03258	0.02359	LEP	tumor-rich
TGCTACTTGTGGCTGG-1	0.24364	-0.03239	0.71331	-0.34742	0.25138	LEP	tumor-rich
TGCTATAATGTCGCTG-1	-0.10578	-0.08210	0.66230	0.25071	-0.02850	LEP	tumor-rich
TGCTATCCATGTAATA-1	0.01847	0.11881	-0.27141	-0.18702	0.15062	LEP	stroma-rich
TGCTATCCTAAGACGA-1	0.05079	0.02225	0.07991	0.34999	0.04909	LEP	tumor-rich
TGCTATGGTTGCGACA-1	-0.14504	0.09836	-0.68694	0.02897	-0.04482	LEP	stroma-rich
TGCTATTGCGGCGTGG-1	-0.07011	0.00784	0.09263	0.02586	0.08767	LEP	tumor-rich
TGCTATTGGTAAGTTC-1	0.04681	0.02287	0.73433	-0.10345	0.21406	LEP	tumor-rich
TGCTATTGTCAAGGAG-1	-0.03193	0.02354	0.52397	-0.00205	0.02631	LEP	tumor-rich
TGCTCAGATTGGTAGC-1	-0.01577	0.10830	0.76514	0.35778	0.13386	LEP	tumor-rich
TGCTCCTAACGGAAGA-1	0.14418	-0.08001	-0.31054	0.79175	0.06453	LEP	stroma-rich
TGCTGTATTAGCGGTC-1	-0.06316	-0.03120	0.79443	0.43855	0.14942	LEP	tumor-rich
TGCTGTCAGAACGAAG-1	-0.03627	-0.05653	0.10464	0.42056	0.30088	LEP	tumor-rich
TGCTGTCTTGTTAATG-1	-0.12769	0.05241	-0.36286	0.35703	-0.02044	LEP	stroma-rich
TGCTGTGAAGTCAAGA-1	-0.09889	0.21676	-0.05756	0.70633	0.01402	LEP	stroma-rich
TGCTGTTCTGTAGACC-1	0.22563	0.15720	-0.39856	-0.16247	0.00176	LEP	stroma-rich
TGCTGTTCTTGTCCAA-1	-0.07129	0.05379	0.69396	0.41046	0.09868	LEP	tumor-rich
TGCTTACTCACCGGTC-1	-0.04124	-0.04199	-0.67914	0.04914	-0.17985	LEP	stroma-rich
TGCTTAGCCTGTTGGT-1	0.01593	-0.02476	1.08878	0.72747	0.14017	LEP	tumor-rich
TGCTTAGCTCCTGGCT-1	-0.00593	0.01577	0.29564	-0.09072	0.20502	LEP	tumor-rich
TGCTTAGTTGACTTAC-1	0.02704	-0.01357	0.60763	0.35468	0.12163	LEP	tumor-rich
TGCTTATGAATAAGCA-1	-0.13625	-0.11801	-0.29119	0.29859	-0.00051	LEP	stroma-rich
TGCTTATGACGCTGGC-1	-0.18844	0.04488	0.32731	0.29353	0.10491	LEP	tumor-rich
TGCTTATGCGGTTCTG-1	-0.14605	-0.09586	-0.71147	-0.05342	-0.08447	LEP	stroma-rich
TGGAAGACGTGAGTAG-1	0.27369	0.06952	-0.54867	0.45294	0.04477	LEP	stroma-rich
TGGAAGACTAGTCTTG-1	-0.10405	0.08680	0.62281	0.50544	0.09194	LEP	tumor-rich
TGGAAGCCATAACAGT-1	0.03111	0.03243	0.10758	-0.14560	0.08037	LEP	tumor-rich
TGGAAGCTAGTAATAC-1	-0.11568	-0.01743	-0.12063	0.25147	-0.11937	LEP	stroma-rich
TGGAAGCTCCATCGAC-1	0.05728	-0.15149	-0.31216	0.03480	0.05409	LEP	stroma-rich
TGGAAGGTTCGCTTGC-1	0.25013	0.00137	0.41933	0.23820	0.15939	LEP	tumor-rich
TGGAAGTCCGCAGTCT-1	0.03989	0.01896	0.09753	0.25832	0.18262	LEP	tumor-rich
TGGAAGTCTGGACTAA-1	-0.00409	0.02100	0.49853	-0.08850	0.18830	LEP	tumor-rich
TGGACGCCTGCGACCG-1	-0.07841	0.17063	-0.26132	0.59520	0.05519	LEP	stroma-rich
TGGACTGACGTACCAC-1	-0.05950	0.10818	0.03254	0.54395	0.03881	LEP	tumor-rich
TGGACTGAGTACCTAG-1	-0.11839	0.16652	-0.38146	0.32233	-0.01862	LEP	stroma-rich
TGGACTTCGCGGAACT-1	0.06471	-0.02864	-0.58838	0.02856	0.07226	LEP	stroma-rich
TGGAGTCGGCAAGCTC-1	0.12403	0.14250	0.98085	0.17792	0.33315	LEP	tumor-rich
TGGAGTGAACGCGGTC-1	0.12357	0.02274	-0.38800	-0.06514	-0.12233	LEP	stroma-rich
TGGAGTGATGGCTCTT-1	0.08415	-0.05402	-0.38834	0.13086	0.14000	LEP	stroma-rich
TGGAGTGCTCCTGATC-1	-0.04286	0.05973	-0.29107	0.17924	-0.14023	LEP	stroma-rich
TGGAGTTGAGTCGACA-1	-0.10127	0.00078	-0.52852	0.01648	-0.17632	LEP	stroma-rich
TGGAGTTGGTGAATCA-1	-0.05469	0.09880	0.69434	-0.01968	0.24394	LEP	tumor-rich
TGGATCATTGTAACGG-1	-0.03048	0.06780	0.35756	0.36834	0.15710	LEP	tumor-rich
TGGATCCAGTCACTTC-1	-0.14910	-0.00796	-0.60758	0.08173	-0.19145	LEP	stroma-rich
TGGATCGGCCTCCATG-1	-0.02960	0.02709	0.60703	0.09564	0.17212	LEP	tumor-rich
TGGATTAGTACATTGC-1	-0.04434	-0.03864	-0.19281	-0.24101	-0.12146	LEP	stroma-rich
TGGCAAGCGACACTTA-1	-0.15029	-0.16371	-0.38345	-0.10320	0.09209	LEP	stroma-rich
TGGCATCGATCAATTG-1	-0.13351	0.09959	0.28050	0.23548	0.23293	LEP	tumor-rich
TGGCATGCGTTCACGC-1	-0.01036	0.01539	0.40235	-0.07819	0.26435	LEP	tumor-rich
TGGCATGTTCGAACAG-1	-0.09104	0.08010	-0.13629	0.09511	-0.06951	LEP	stroma-rich
TGGCCAACATTCTGAG-1	-0.00402	0.03325	-0.14189	0.00002	0.12434	LEP	stroma-rich
TGGCCAAGCGTACAAG-1	0.02647	-0.02242	0.65781	0.23998	0.19187	LEP	tumor-rich
TGGCCAAGCTGGCACC-1	-0.05412	-0.07591	-0.21647	-0.21676	-0.04073	LEP	stroma-rich
TGGCCACTCCGCGGAC-1	0.10770	0.02136	0.32034	-0.07301	-0.03318	LEP	tumor-rich
TGGCCACTCCTGAGTG-1	0.03894	-0.01591	-0.08551	-0.11552	-0.08024	LEP	stroma-rich
TGGCCAGAATCACTTG-1	-0.11528	0.04646	-0.25143	0.13794	-0.16155	LEP	stroma-rich
TGGCCAGAGTATCTCC-1	-0.09470	0.05752	-0.42615	-0.01195	-0.07167	LEP	stroma-rich
TGGCCAGATCCGGACA-1	-0.13457	0.01901	-0.68644	-0.01069	-0.07842	LEP	stroma-rich
TGGCCGTCTATCAGGA-1	0.23882	-0.17401	-0.42321	0.09275	-0.03822	LEP	stroma-rich
TGGCCTGACATACTCA-1	0.04234	0.03501	-0.24161	-0.00951	0.17483	LEP	stroma-rich
TGGCCTGGCACTGTGG-1	0.14180	0.09739	-0.69125	0.02108	0.08627	LEP	stroma-rich
TGGCGAATTCTATGGT-1	0.17023	0.07426	-0.06078	0.31825	0.00406	LEP	stroma-rich
TGGCGACACTCGCATC-1	0.43901	0.33314	-0.03452	0.31078	0.28375	LEP	stroma-rich
TGGCGACACTGCCGGA-1	0.13241	0.04328	-0.52804	0.56138	-0.01858	LEP	stroma-rich
TGGCGACAGCACGGCC-1	0.13837	0.13773	-0.00282	0.55558	0.15606	LEP	stroma-rich
TGGCGACATACGCTCA-1	0.04122	0.09176	0.07088	0.46503	0.13361	LEP	tumor-rich
TGGCGACTGCTATCAA-1	-0.11009	-0.09202	0.62532	-0.49260	-0.04463	LEP	tumor-rich
TGGCGAGCCACTAGCG-1	-0.13728	0.02774	-0.37467	-0.39155	-0.00910	LEP	stroma-rich
TGGCGAGCTCCACGTG-1	-0.10819	0.09406	0.47520	-0.10599	0.13218	LEP	tumor-rich
TGGCGATGAGTGGCAG-1	0.13835	0.08923	0.73969	0.01523	0.32347	LEP	tumor-rich
TGGCTCACTCAATCAC-1	-0.12786	0.08146	-0.74518	0.54184	-0.15703	LEP	stroma-rich
TGGCTCCGCATCAGAT-1	-0.03044	-0.04176	-0.67329	-0.06152	-0.01176	LEP	stroma-rich
TGGCTGGACCTTAGGA-1	-0.02958	0.03159	0.46597	0.35775	-0.01744	LEP	tumor-rich
TGGCTGGAGTTATTGT-1	0.04067	0.07471	0.50072	0.20346	0.27807	LEP	tumor-rich
TGGTACAAGACACTGA-1	0.06188	0.02869	-0.03957	0.30193	0.18987	LEP	stroma-rich
TGGTACAAGACCAATC-1	0.01223	0.06694	0.73678	0.48367	0.16392	LEP	tumor-rich
TGGTACCAATACTTAC-1	-0.17732	0.06465	-0.70881	-0.09028	-0.14161	LEP	stroma-rich
TGGTACCAGATTGTTA-1	0.05882	0.12416	-0.09380	-0.03516	0.13427	LEP	stroma-rich
TGGTACGGACGTAGTT-1	-0.03141	0.05757	0.27893	0.15191	0.16494	LEP	tumor-rich
TGGTACGGTCGGCGAA-1	0.12710	-0.08657	0.03381	0.08112	0.25964	LEP	tumor-rich
TGGTACGTGCTGTTGA-1	-0.17562	0.21427	-0.24631	0.13442	0.04784	LEP	stroma-rich
TGGTACTGACCGCTGC-1	0.11472	-0.07622	0.89891	0.23744	0.21623	LEP	tumor-rich
TGGTACTGGTATCTTG-1	0.01118	0.08128	0.43117	0.01991	0.20219	LEP	tumor-rich
TGGTAGACGTATTAAT-1	0.37684	0.18563	-0.30204	0.67290	0.11156	LEP	stroma-rich
TGGTAGCATCAAGTCT-1	0.08938	0.19013	0.36180	-0.07761	0.21007	LEP	tumor-rich
TGGTAGCCAGTTGACA-1	0.12415	0.06387	0.36633	0.02726	0.23842	LEP	tumor-rich
TGGTATGCAAGTCTAT-1	-0.03510	-0.00899	-0.03605	0.01070	0.02264	LEP	stroma-rich
TGGTATTAGCTAGACC-1	0.01497	-0.12968	0.14861	0.09715	0.06435	LEP	tumor-rich
TGGTATTCCTAGTCCA-1	0.22148	-0.08130	0.42875	0.08293	0.08925	LEP	tumor-rich
TGGTATTGAGTTGTAA-1	0.01667	0.03113	0.38569	0.16311	0.02725	LEP	tumor-rich
TGGTCATCTAGGTCAT-1	-0.04705	0.18681	-0.28468	0.25691	0.07009	LEP	stroma-rich
TGGTCGAGATCTGTAA-1	-0.07938	-0.08718	-0.45051	0.38064	-0.13772	LEP	stroma-rich
TGGTCGCCGGCTTACT-1	-0.11083	0.06335	-0.78839	0.01427	0.00148	LEP	stroma-rich
TGGTCTCAGAATGCAC-1	0.00077	0.04770	0.43991	0.23624	0.16402	LEP	tumor-rich
TGGTCTGCTCAGGTTG-1	-0.07225	0.00519	0.05123	0.19455	0.03671	LEP	tumor-rich
TGGTGCACGACCTTAG-1	0.09346	0.09445	0.77774	-0.02709	0.21605	LEP	tumor-rich
TGGTGCAGACCGAAGT-1	0.37451	0.15290	1.19447	-0.19062	0.22409	LEP	tumor-rich
TGGTGCAGTACCATGC-1	-0.20084	0.03556	0.22490	-0.55915	-0.16279	LEP	tumor-rich
TGGTGCATTGTAATCC-1	-0.11894	-0.08531	-0.42706	0.09667	-0.05133	LEP	stroma-rich
TGGTGCCGCTGCAACA-1	-0.00492	0.13327	-0.35229	0.19395	0.10596	LEP	stroma-rich
TGGTGCCTAGCACGGC-1	-0.05500	-0.04395	0.00726	0.19722	-0.00912	LEP	tumor-rich
TGGTGCCTGTGGTTAC-1	0.11096	-0.03883	-0.38101	-0.03540	-0.00158	LEP	stroma-rich
TGGTGCCTTCCGCTAA-1	0.25982	0.04120	-0.22786	0.23119	-0.09336	LEP	stroma-rich
TGGTGCGAACGTGGCG-1	0.30057	-0.01556	-0.31148	0.45735	0.05302	LEP	stroma-rich
TGGTGCGAATCCTGCT-1	0.18294	-0.01711	0.49108	0.65043	0.04995	LEP	tumor-rich
TGGTGCGAGGTCGTAT-1	-0.08160	0.10946	-0.71609	-0.06331	-0.09424	LEP	stroma-rich
TGGTGCTTCTAGGCAA-1	0.01022	0.03625	0.32624	0.14135	0.20554	LEP	tumor-rich
TGGTTGAACACGCCAA-1	0.16061	-0.05131	-0.59762	0.02673	0.10282	LEP	stroma-rich
TGGTTGCCAGTGTCAA-1	-0.10763	-0.03672	-0.15707	-0.23561	-0.03095	LEP	stroma-rich
TGGTTGCCTCCGGCTT-1	-0.11912	-0.06785	-0.05642	-0.20412	0.05894	LEP	stroma-rich
TGGTTGGATTGAGCTG-1	-0.14251	0.09738	-0.59497	-0.06820	-0.12285	LEP	stroma-rich
TGGTTGGCGAAGCCTT-1	0.01961	0.00819	0.31866	0.48451	0.03798	LEP	tumor-rich
TGGTTGGTATCGGCAT-1	0.17942	0.18381	0.17378	0.36086	0.13710	LEP	tumor-rich
TGGTTGTCTATCGACA-1	0.05975	0.13025	0.53931	0.39581	0.26599	LEP	tumor-rich
TGTAAGATCTTCACAT-1	-0.05217	0.05401	0.38005	-0.07933	0.05648	LEP	tumor-rich
TGTAAGGTGAGCGACC-1	0.08922	0.03220	-0.53141	0.36071	-0.12306	LEP	stroma-rich
TGTAAGTGATCAGACC-1	0.07079	0.04782	0.36028	0.53291	0.28057	LEP	tumor-rich
TGTAATACTACACGGT-1	0.06173	0.07750	0.64308	0.74940	0.17702	LEP	tumor-rich
TGTAATAGCCGATTAT-1	-0.04512	-0.00491	-0.60756	-0.06373	-0.03126	LEP	stroma-rich
TGTAATCATATGAGAC-1	-0.10315	-0.12853	-0.50083	0.22220	0.12018	LEP	stroma-rich
TGTAATCGAGACTGGC-1	0.06287	0.10073	0.78887	0.18198	0.16585	LEP	tumor-rich
TGTAATGCACTACGAG-1	-0.09466	-0.00122	-0.53998	0.28900	-0.01725	LEP	stroma-rich
TGTAATGCCTAACACC-1	0.12977	0.04229	1.09391	0.37941	0.28400	LEP	tumor-rich
TGTAATTGTATCCTCG-1	0.06708	-0.08855	-0.33616	0.38198	-0.13750	LEP	stroma-rich
TGTACCAACTACGCAT-1	0.03099	-0.13971	0.21040	-0.07967	-0.09291	LEP	tumor-rich
TGTACCAATATTAGTC-1	0.01428	-0.02914	0.16875	0.44764	0.02329	LEP	tumor-rich
TGTACCACATACTGGT-1	0.18863	-0.13109	-0.48038	0.67351	0.14919	LEP	stroma-rich
TGTACCTGCAGGAACA-1	0.09297	0.07943	1.08933	0.33454	0.34146	LEP	tumor-rich
TGTAGCCGTACATAAC-1	-0.09148	0.05303	-0.72304	-0.19616	-0.18891	LEP	stroma-rich
TGTAGGAGCTTCAATA-1	-0.05686	-0.02775	-0.05539	-0.20717	-0.11678	LEP	stroma-rich
TGTAGGATCAGAGCGT-1	0.25469	0.10491	-0.30961	0.52358	0.03428	LEP	stroma-rich
TGTAGGCACGTACCTC-1	0.08965	0.04251	0.01075	0.20233	0.12518	LEP	tumor-rich
TGTAGGCAGGTCTAGC-1	-0.20637	-0.09222	-0.15994	-0.21499	-0.02301	LEP	stroma-rich
TGTAGGTCACTACATG-1	-0.23848	-0.05944	-0.77456	0.00219	-0.12171	LEP	stroma-rich
TGTAGGTCTGAACGCA-1	-0.12211	-0.08078	-0.44572	1.42729	-0.06931	LEP	stroma-rich
TGTAGGTTCTGGCTTA-1	0.13660	0.03744	0.20435	-0.34744	0.20995	LEP	tumor-rich
TGTATCACGGTGGAAC-1	0.11687	0.11831	0.73546	0.00173	0.15848	LEP	tumor-rich
TGTATCGGCGGTCGCA-1	0.22529	0.05598	-0.14482	0.39714	-0.01300	LEP	stroma-rich
TGTATGATTGTAGGTG-1	-0.00467	0.05614	0.70161	0.39661	0.16477	LEP	tumor-rich
TGTATGCAGGATTCAC-1	0.07142	0.00974	0.20257	0.50468	0.08857	LEP	tumor-rich
TGTATGCCTATCTTAT-1	0.00110	0.07703	0.32318	-0.11443	0.19078	LEP	tumor-rich
TGTATGCTCGCCTAGT-1	0.11342	-0.11644	0.98934	0.17166	0.02674	LEP	tumor-rich
TGTATGGAACTACGCA-1	-0.17249	-0.12742	-0.49425	-0.37983	-0.05999	LEP	stroma-rich
TGTATGGTGCCAAGGT-1	-0.03835	0.07413	0.16439	0.30495	0.07914	LEP	tumor-rich
TGTATGTCGAGGAAGC-1	0.03736	0.14937	0.05295	0.02810	0.24843	LEP	tumor-rich
TGTCAACTCATCAACG-1	0.16069	0.16986	-0.08976	-0.23050	0.14870	LEP	stroma-rich
TGTCAACTTATTCAAT-1	0.03227	0.09436	1.01418	0.51982	0.15060	LEP	tumor-rich
TGTCAAGAACTCGGCG-1	0.01158	0.19280	-0.66150	0.09561	0.04641	LEP	stroma-rich
TGTCAAGCGGATCGGT-1	-0.16422	0.01222	0.24295	0.48264	-0.01548	LEP	tumor-rich
TGTCACAGACGTATCC-1	-0.11199	0.01700	-0.07942	0.32918	0.11043	LEP	stroma-rich
TGTCACTAGCTCAGAC-1	0.00303	0.03510	0.75340	0.27444	0.08901	LEP	tumor-rich
TGTCACTCCGTCAAGT-1	-0.06507	0.14347	0.64117	0.49539	0.19156	LEP	tumor-rich
TGTCAGAAGTTGTAAC-1	-0.08149	-0.18722	1.13054	-0.01988	0.30220	LEP	tumor-rich
TGTCAGACGAAGCACC-1	0.12904	0.16126	0.69063	0.48920	0.18733	LEP	tumor-rich
TGTCAGATAAGGTGAC-1	-0.03270	0.01277	0.38341	0.28889	0.16969	LEP	tumor-rich
TGTCAGTGGCTTCCAT-1	-0.05386	0.06966	0.59212	0.33078	0.06764	LEP	tumor-rich
TGTCATCCAAGCTGCG-1	0.03994	0.02799	0.60487	0.23231	0.17918	LEP	tumor-rich
TGTCATGCATGAGCAC-1	-0.13466	0.07302	-0.35156	0.44825	0.01621	LEP	stroma-rich
TGTCATGTGACACGCT-1	0.20949	0.00701	0.05863	0.52653	0.04411	LEP	tumor-rich
TGTCCATGTATGGAAT-1	-0.09071	0.00722	-0.01773	-0.09114	0.03089	LEP	stroma-rich
TGTCCGATAGTCACAG-1	0.05979	0.11877	0.49527	0.30673	0.22254	LEP	tumor-rich
TGTCCGGATGGCAGTT-1	0.05625	0.02203	0.83546	0.10443	0.27137	LEP	tumor-rich
TGTCCTCAACGTTCTA-1	0.18668	0.08743	0.27145	0.09915	0.06617	LEP	tumor-rich
TGTCCTTCGCCTCGTA-1	-0.02972	0.20103	0.39307	-0.23927	0.21965	LEP	tumor-rich
TGTCGAGTGCGTTAGC-1	0.05261	-0.03020	0.77089	-0.06873	0.11352	LEP	tumor-rich
TGTCGATTCACGTAGT-1	-0.07514	-0.02370	0.58910	0.17080	0.21412	LEP	tumor-rich
TGTCGCGGAAGAGCTA-1	0.00388	0.01717	0.49822	0.08181	0.14991	LEP	tumor-rich
TGTCGTTCATACGATA-1	0.20478	-0.00905	0.54761	0.40392	0.22136	LEP	tumor-rich
TGTCTAAGCAGACGTA-1	-0.03981	-0.05897	0.48780	0.32444	0.07039	LEP	tumor-rich
TGTCTACTAGATTGCC-1	0.16477	0.10443	0.90564	0.14218	0.17165	LEP	tumor-rich
TGTCTGGCTTGTCTGT-1	-0.04412	-0.04547	-0.05672	-0.23685	0.00766	LEP	stroma-rich
TGTCTGTAAGCGAACT-1	0.07578	0.02947	0.03141	-0.07938	0.07760	LEP	tumor-rich
TGTCTTGCGACTAATT-1	0.04850	-0.01584	0.25586	-0.07644	0.15731	LEP	tumor-rich
TGTCTTGGAATTGGCA-1	-0.03803	0.02308	-0.16569	0.20858	-0.12723	LEP	stroma-rich
TGTTAAGGAAGTCTTA-1	-0.05762	-0.00431	0.04773	0.22785	0.03503	LEP	tumor-rich
TGTTACCTATTGGACA-1	0.03814	0.02060	0.53510	0.21360	0.20524	LEP	tumor-rich
TGTTCACTCACGGTAA-1	-0.13135	0.05640	-0.18299	-0.39388	0.01315	LEP	stroma-rich
TGTTCACTGTCTTCCT-1	-0.21820	-0.01751	-0.66145	-0.00450	0.00191	LEP	stroma-rich
TGTTCAGAACGGTGTA-1	-0.03562	-0.03687	0.01342	0.16762	0.06905	LEP	tumor-rich
TGTTCAGATAACGGTC-1	-0.00480	0.07619	-0.05423	0.10729	0.14398	LEP	stroma-rich
TGTTCAGCGAGGCAGT-1	0.09883	0.11667	0.99795	0.47135	0.15163	LEP	tumor-rich
TGTTCATAGTATGACG-1	0.06656	0.12872	0.65869	0.38190	0.24459	LEP	tumor-rich
TGTTCATTGGTCCAAG-1	0.03432	0.12215	0.10663	0.02936	-0.07162	LEP	tumor-rich
TGTTCCTCACATTAAT-1	0.04878	-0.00743	-0.76727	0.15416	-0.03147	LEP	stroma-rich
TGTTCGCAACCGCCAA-1	0.04585	0.01474	0.91267	0.23252	0.22969	LEP	tumor-rich
TGTTCGTGACCAGTAG-1	0.09521	0.01468	0.68689	0.58765	0.18596	LEP	tumor-rich
TGTTCTGCTCTGTCGT-1	-0.09733	-0.06026	-0.16998	0.35617	-0.01819	LEP	stroma-rich
TGTTGCGTCCAAGATT-1	0.14311	-0.12615	0.66475	1.04973	-0.01690	LEP	tumor-rich
TGTTGGAACCTTCCGC-1	0.00643	0.11291	-0.50893	-0.09428	0.14107	LEP	stroma-rich
TGTTGGAACGAGGTCA-1	0.08472	0.08138	0.40001	-0.17872	0.24819	LEP	tumor-rich
TGTTGGAAGCTCGGTA-1	-0.15463	0.05328	-0.46448	-0.35584	-0.02297	LEP	stroma-rich
TGTTGGATGGACTTCT-1	0.13145	0.15433	0.85790	-0.00104	0.30879	LEP	tumor-rich
TGTTGGCCAGACCTAC-1	-0.14592	0.05992	-0.11225	0.30352	0.18378	LEP	stroma-rich
TGTTGGCCTACACGTG-1	0.04913	-0.01860	0.57428	0.31671	0.22794	LEP	tumor-rich
