"B.cells.naive","B.cells.memory","Plasma.cells","T.cells.CD8","T.cells.CD4.naive","T.cells.CD4.memory.resting","T.cells.CD4.memory.activated","T.cells.follicular.helper","T.cells.regulatory..Tregs.","T.cells.gamma.delta","NK.cells.resting","NK.cells.activated","Monocytes","Macrophages.M0","Macrophages.M1","Macrophages.M2","Dendritic.cells.resting","Dendritic.cells.activated","Mast.cells.resting","Mast.cells.activated","Eosinophils","Neutrophils","P-value","Correlation","RMSE","sample","patient","grp"
0,0.142214811701911,0.000496477627066522,0.00781039341672834,0,0.0539570976447183,0.0451330670207519,0.00738097750136289,0.0391923387541476,0,0.0541594979256234,0.0122223808825972,0,0.240368478376522,0.0913457800927939,0.151944790880795,0.0812989378307475,0,0.0597827196617416,0,0.0126922506824928,0,9999,0.297226471219597,1.03897000836871,"TCGA-69-7978-01","TCGA-69-7978","high"
0,0,0,0.0768957590639506,0.0141305730965669,0.0764064068534211,0,0.0590048329058879,0,0,0,0.120457220383129,0.0749784447848979,0.212937171048596,0,0.16484333173155,0,0.0659885238729303,0.035094135847415,0,0.0992636004116557,0,9999,0.0399221086298018,1.19416172444497,"TCGA-62-8399-01","TCGA-62-8399","low"
0,0.0884330734367926,0,0.083837504667099,0.109549198183304,0.0377170073236427,0.00991080371471531,0,0,0,0.0037118693144895,0.0504104137971821,0.0590366279472954,0.223872833008205,0.079441772334094,0.0685985141636712,0.0294832206397052,0.0426536771881227,0.0793062070033369,0,0.0340372772783438,0,9999,0.189367658570243,1.10071019555469,"TCGA-78-7539-01","TCGA-78-7539","low"
0,0.153002402232586,0,0,0.103077798370244,0.0254163271403699,0.0563136117431834,0,0.0226480847401375,0,0,0.058997060438231,0.101574292198131,0.144796067770826,0.0389202941297795,0.036201047264966,0.169435578306033,0,0,0.0280408830939799,0.0615765525715331,0,9999,0.281681176943033,1.04156503543507,"TCGA-73-4658-01","TCGA-73-4658","low"
0,0.105870504771415,0,0.0314125500405878,0,0.0842497541597187,0,0.0509747652229636,0.0112281310806714,0,0,0.0308818827087238,0,0.372010512903019,0,0.237079969261795,0,0.0546262035104446,0.0216657263406618,0,0,0,9999,0.343970268339771,1.0206673578108,"TCGA-44-6775-01","TCGA-44-6775","high"
0,0.130516867163945,0,0.0137101643119964,0.0739964302083074,0.101633928192695,0,0.093708937739223,0,0,0.0198498964772493,0,0.0438072008252332,0.109928835205063,0.0836353959543873,0.101948257839408,0.14830540026128,0,0.0724863328364782,0,0.0064723529847339,0,9999,0.22012104733092,1.08167724659798,"TCGA-44-2655-01","TCGA-44-2655","high"
0,0.0760425256001229,0.00377982375389043,0.112327554061832,0.0977599260609213,0.0413424645003195,0.0127672684663829,0,0.0107901656874679,0,0,0,0,0.165815634782122,0.00658777975632964,0.02743640195162,0.251876603814605,0.0514996778662318,0.0777819036093292,0,0,0.0641922700888255,9999,0.123166213659939,1.15060624607733,"TCGA-44-3398-01","TCGA-44-3398","high"
0,0.067870164590474,0,0.0427175438492421,0.0754788638562471,0.101474768379611,0,0,0.0306219395440536,0,0,0.0396037879331517,0.147764299037724,0.199956329691732,0,0.154234629223868,0.0742724836547659,0,0.0660051902391309,0,0,0,9999,0.166440298710172,1.12388634193441,"TCGA-62-8397-01","TCGA-62-8397","low"
0,0.0147681928649835,0.0396059534839253,0.0313446899217546,0.13071522823637,0.112779857224777,0,0.0229807486315207,0,0,0.029306171770905,0.0488974180962499,0.161345522508156,0.0973807311682943,0.0552626143677658,0.059447153446732,0.172088691397282,0,0,0,0.0240770268812836,0,9999,0.107657414554494,1.15423422758684,"TCGA-53-A4EZ-01","TCGA-53-A4EZ","high"
0,0,0.0980504748618971,0,0,0.0169057948903524,0,0.158993879154076,0.0335933308017293,0,0.112088068259919,0.0459724100493037,0.0482256611249056,0.229706556181866,0.10366858396769,0.0714715410655083,0.0136595695324427,0,0.0676641301103094,0,0,0,9999,0.184931739489364,1.09644746398362,"TCGA-50-7109-01","TCGA-50-7109","low"
0,0.0145706110083306,0.0029829654505194,0.0638687744585374,0.0925291160338334,0.083942932821971,0,0.0253439498612829,0,0,0,0.0908874987379126,0.0261185187928836,0.22391892803761,0.0507681738002321,0.166705388288828,0,0.0394362620436456,0.111107470763179,0,0.0078194099012332,0,9999,0.148405576739078,1.12624944863934,"TCGA-38-6178-01","TCGA-38-6178","high"
0,0.0418308430204268,0.00837390877911573,0,0.0810235903764877,0.0687527660302153,0,0.0708589264521727,0.0283583150068585,0,0,0.0393764868022989,0.156320748105717,0.205438718300539,0.0564428554230531,0.0380677381263138,0.0831705605505222,0,0.0603716609967554,0,0.0616128820295243,0,9999,0.113967708004848,1.14725048924485,"TCGA-86-8056-01","TCGA-86-8056","low"
0,0.0907386088465171,0,0.000655616486316859,0.061096473533934,0.00143410644743615,0,0.112822637814245,0,0,0,0.118767334577989,0,0.358581838682006,0,0.223210449944941,0,0,0.0295091490267813,0,0.00318378463983339,0,9999,0.240563770395861,1.07895712650722,"TCGA-55-1592-01","TCGA-55-1592","low"
0,0,0.0894466214731972,0,0.0939373101898023,0,0.0213297543665765,0.0571804070832826,0,0,0.0654773018290782,0.0547665561207859,0,0.256537307243603,0.146378291973783,0.0983697956545596,0.0470956347874014,0.00963720915599719,0.0598438101219331,0,0,0,9999,0.136151314973646,1.13267812672259,"TCGA-86-A4JF-01","TCGA-86-A4JF","low"
0,0.196760290652518,0,0,0.0240455113028993,0.0716559565477133,0.00976961391887851,0.0259765926398809,0.021888148655021,0,0,0.0293039728820493,0,0.181148442009131,0.066188479145933,0.185476418952569,0.136135980044537,0,0,0,0.0516505932488686,0,9999,0.23534836142394,1.08385794821811,"TCGA-69-7974-01","TCGA-69-7974","low"
0,0.118249534767788,0.00676661840403802,0.037446244641754,0.0036386929947052,0.0160315038772022,0,0.0779814099581672,0.0546595418466278,0,0,0.103289409114493,0.16131277390358,0.195952537571667,0.0411462842487173,0.053957587854202,0.00273473653485372,0.0416580469573652,0,0,0.0851750773248404,0,9999,0.10740376714734,1.15217661231455,"TCGA-86-A456-01","TCGA-86-A456","high"
0,0.0288632689964298,0,0.0320264494723131,0.125873895262288,0,0,0.00615464821947954,0.0693191982677941,0,0.0624120450304829,0.0271475435440612,0.0840174043356192,0.226535336758679,0.0203581264536187,0.0838466094566834,0.157986771810996,0.00291815602519365,0.0725405463663625,0,0,0,9999,0.170059291634663,1.11644702333893,"TCGA-97-8547-01","TCGA-97-8547","low"
8.13772746333035e-05,0,0.0589989984300836,0.0176902509464996,0.0683851095696171,0.0251901331573844,0.032268614119417,0.0303347436538264,0.0435781164052967,0,0.0882747207855007,0,0.0494402896366526,0.257607790421578,0.0249246527880928,0.0795054530230363,0.0262459894126766,0,0.197473760375704,0,0,0,9999,0.247040822072784,1.05796378479698,"TCGA-55-1595-01","TCGA-55-1595","low"
0,0.0521772319217263,0,0.0955018783009105,0.0615116982145526,0,0,0.132435302392911,0.00992490652796121,0,0.0153209793618061,0.107771009313466,0,0.243759578550568,0.0987560133935667,0.164592292856941,0,0.0142398790695899,0,0.00400923009599968,0,0,9999,0.171825354547526,1.11569015871455,"TCGA-NJ-A4YP-01","TCGA-NJ-A4YP","low"
0,0.0856700898802686,0,0,0.0694505400068457,0.0426749427802397,0,0.0438806990259436,0,0,0,0.0534053241461426,0.0121380773861609,0.313943111237563,0.0768706944552645,0.186841521789687,0.00632381801654838,0,0.101680325838981,0,0.00712085543635588,0,9999,0.247278952396944,1.07474838127465,"TCGA-05-4424-01","TCGA-05-4424","high"
0,0.147405219737268,0,0.0477794649137095,0.0698143055633195,0.039320366088782,0,0.067352339081013,0.0108024871923777,0,0,0.040287245531778,0.0616684475857928,0.0819348891157126,0.0349791627344409,0.123591458276269,0.123077562404946,0.0307096558430393,0.0531891987229838,0,0.0680881972085677,0,9999,0.224029387976245,1.07548427033326,"TCGA-97-A4M7-01","TCGA-97-A4M7","low"
0,0.0535699262914466,0,0.0740197656897916,0.0124607117764339,0,0,0.0527898300711217,0.0202964982136171,0,0,0.0624374692486332,0,0.339901918159215,0.0432387928817729,0.0369821079290525,0,0.134588323121998,0,0.131478687190681,0.00920141510378245,0.0290345543224539,9999,0.367358840294954,0.995729841043513,"TCGA-44-2668-01","TCGA-44-2668","high"
0,0.192622488755641,0,0.0668198260770996,0.125681413725641,0.0979638795735876,0,0.0677779604972607,0,0,0.00754421176196793,0.0131213161713672,0,0.0744271594226181,0.0692191560159756,0.126735472996991,0.058248626893641,0,0.0522172663225305,0,0.0476212217856788,0,9999,0.161263976255456,1.11771885420926,"TCGA-NJ-A55A-01","TCGA-NJ-A55A","low"
0,0.147965901243376,0.0412055400371667,0,0.0256413915208846,0,0.0096134832533592,0.0764992486493484,0.0514822058448553,0,0.127461818958767,0,0.0207896917964513,0.197962178461687,0.139325409050187,0.0714942056117451,0.085007912092461,0,0,0,0,0.00555101347971186,9999,0.351168645255862,0.996141149803258,"TCGA-05-5420-01","TCGA-05-5420","high"
0,0,0.0312883352163071,0.0486350026255412,0.111638991105729,0,0.0374801907764341,0.0305063140776731,0,0,0,0.0903674797053687,0,0.300155732253447,0.050188720120953,0.151053561166391,0.00687409024591526,0,0.14181158270624,0,0,0,9999,0.177047986253859,1.10739432647936,"TCGA-55-1594-01","TCGA-55-1594","high"
0,0.0496353806412343,0.00470695407580117,0.0849296862115718,0.0669884218425511,0.0996686596395975,0,0.0145446581545369,0.0125978543165804,0,0,0.0764208456099778,0.0155884350728619,0.205813075390385,0.0548711041313767,0.124819692335396,0.025236347978429,0,0.164178884599701,0,0,0,9999,0.185199860508917,1.1005813005767,"TCGA-44-2659-01","TCGA-44-2659","low"
0,0.048619097008067,0.0257115919862035,0.094949000268552,0.00284696733310985,0.099375316886596,0,0.139038735105442,0.00753748616666682,0,0,0.057254133376303,0.0843844910697417,0.10366581347519,0.0953212599184722,0.0172547150116352,0.158744403851544,0,0.0652969885424766,0,0,0,9999,0.209189391278006,1.08908802986091,"TCGA-78-7162-01","TCGA-78-7162","high"
0,0.176570455982902,0.00450878319882388,0,0.069352930216793,0,0.10062498074734,0.00282051990314735,0.0534667439650909,0,0.00544841840401129,0,0.0246591263349998,0.163593863151206,0,0.0863549033671608,0.165446520784085,0.0768771175949182,0.0523634461280786,0,0,0.0179121902214427,9999,0.244742139229161,1.0696848676056,"TCGA-38-4632-01","TCGA-38-4632","high"
0,0.127971052666835,0.0188513629008304,0.0180735527457468,0.000890545522336225,0,0.0479422271797576,0.149977860306537,0,0,0,0.0887936593107312,0.0535539391259383,0.187805029362038,0.0899731876708744,0.0941236579301962,0.0723316943838253,0.0263359254950873,0,0,0.0233763053992665,0,9999,0.218446791647214,1.08439162212651,"TCGA-49-6761-01","TCGA-49-6761","low"
0,0.0985573497508683,0.00547579525716955,0,0.0711700826868841,0.0386245588184676,0.00565174829109229,0.102965115286028,0,0,0.0201992111458707,0.0231087147395368,0.0821799850435783,0.154202593383159,0.120203430399216,0.102246164076081,0.175415251122048,0,0,0,0,0,9999,0.222477495848597,1.09011315037742,"TCGA-91-6828-01","TCGA-91-6828","low"
0,0.103847670485713,0.0254817398807321,0.00839778101326364,0.0525335392880212,0.0176598411506879,0,0.121372902787225,0.057659336094103,0,0.0319619946419474,0,0.00542562299620881,0.239216730367109,0.129966749759039,0.0861932807535822,0.0788442277743518,0,0.0218826565611779,0,0.0195559264468388,0,9999,0.259832642510325,1.05706694472023,"TCGA-05-4418-01","TCGA-05-4418","high"
0,0.121221209151251,0,0.0369716170883158,0.0627798805463016,0.140965184060047,0,0.0706707949381437,0.00798053858577538,0,0.0680778540236002,0.046760060321425,0.0626972994039405,0.169633927276206,0.0814697786612415,0.0725302279185243,0.0420889311663493,0,0.0161526968588786,0,0,0,9999,0.263715582447816,1.0572727467042,"TCGA-99-AA5R-01","TCGA-99-AA5R","low"
0,0,0.0155999896294472,0.105887538954089,0.0862051380323872,0,0.0297456323961219,0.0165652418730403,0.0293150337026806,0,0,0.128113359186675,0.0674652226362803,0.21241126538154,0.0511508827745042,0.110037838422536,0.0585579130157359,0.0299333572185229,0.0590115867764401,0,0,0,9999,0.130370223781211,1.13663652405374,"TCGA-55-7903-01","TCGA-55-7903","low"
0,0,0.102836672226549,0,0.181249268104556,0.0331611766655621,0,0.0558316685080573,0,0,0,0.113498195793408,0.0609440700411298,0.103297306242237,0.0775839803773455,0.117648848767748,0.0661220045458438,0,0.0878268087275632,0,0,0,9999,0.135612710587992,1.11796142635451,"TCGA-55-A492-01","TCGA-55-A492","high"
0,0.123503322795214,0,0.148917827621433,0.0814799430356115,0.0567019183749642,0,0.0687124222343116,0.045354134069844,0,0,0,0.0444403440758419,0.117937254503836,0,0.192978353000349,0,0.0144570090483525,0.0562254957543117,0,0.0492919754859309,0,9999,0.128721242780145,1.13581731944426,"TCGA-55-8616-01","TCGA-55-8616","low"
0,0.0180215749203854,0,0.139473605894187,0,0.0130104854803886,0,0.0753253674055258,0.0290822799920132,0,0,0,0.0457793525025388,0.230151815415212,0.129362925848297,0.189593369297905,0,0.0294394990078657,0.0805501372772526,0,0.020209586958429,0,9999,0.212995444419231,1.09691225790528,"TCGA-86-7954-01","TCGA-86-7954","high"
0,0.126928912802786,0,0,0.0698524658086006,0.107908553369195,0,0.0481466622561977,0,0,0.0186597082486517,0.0568852752048684,0,0.313331255682753,0.0431814279262719,0.136652590557756,0,0,0.0652318060086321,0,0.0132213421342871,0,9999,0.221165659803782,1.0850514400822,"TCGA-05-4433-01","TCGA-05-4433","high"
0,0.0520152976958933,0.0110160307695814,0.0444065410359919,0.136338774149959,0,0,0.0996740272199944,0.0716067160212545,0,0.0912067224912837,0.0154765321392058,0.0356911710017492,0.129249327273214,0.0941895177290287,0.0435496138140723,0.168404174913027,0,0,0,0,0.00717555374574594,9999,0.127046232362888,1.13487784019642,"TCGA-69-8253-01","TCGA-69-8253","high"
0,0,0.0901586315494713,0.0892654692514327,0.0116225848609874,0,0,0.236327315554957,0,0,0,0.126267028465733,0,0.1985827636925,0,0.164342400989886,0.0138223159036824,0.0485118060457644,0,0.0174016544267276,0.00369802925885825,0,9999,0.0899579035842915,1.15808665083143,"TCGA-86-8674-01","TCGA-86-8674","high"
0,0.180201741709487,0.0295036234674494,0,0.00274228193126191,0.082429180344885,0.0215698414757832,0.0213131388501802,0.0248272407879237,0,0.0625911856110917,0,0,0.252827901790386,0.0429476990109812,0.113646565734172,0.0579063378725174,0.00317604888374474,0.0991982776651823,0,0.00511893486495445,0,9999,0.176498459119535,1.11315294915321,"TCGA-69-7765-01","TCGA-69-7765","low"
0,0.0112185216984433,0.0383051167936031,0.177060600449812,0.0218715333225424,0,0.00809935937892578,0.0917072156422034,0.0696143178386766,0,0.0384835218727711,0.0142367925978499,0,0.315654631714803,0.0618307501860872,0.144990396295104,0,0.00692724220917846,0,0,0,0,9999,0.277449139906881,1.04966554003599,"TCGA-86-8672-01","TCGA-86-8672","high"
0.0401348696365936,0,0.00785803793035896,0.0443780341309693,0.0640002224312735,0.104362039643015,0,0.107176665332919,0.00369686655375882,0,0.0114623449443436,0.0544053822227423,0.0714313689787584,0.216807167053105,0.0788971893473543,0.0511026147990274,0,0.00694236551995482,0.129381752091194,0,0.00796307938463214,0,9999,0.119325893395105,1.1398704821698,"TCGA-MP-A4T6-01","TCGA-MP-A4T6","low"
0,0.0741844293153928,0.0599722330207877,0.0212935392470299,0.0277371759769166,0.116551517128888,0,0.0930121250687532,0,0,0.0639895549353106,0,0.00292529462092478,0.179902967188405,0.0904000172929027,0.162152571975069,0.0505308385964831,0,0.0573477356331373,0,0,0,9999,0.1520998832992,1.12242108861684,"TCGA-97-7547-01","TCGA-97-7547","low"
0,0.019990298085955,0,0.0356965938827432,0.111073074921229,0,0.0513532227479342,0.0806408823692739,0.0509418821641561,0,0.00387622673937588,0.0625209259176982,0.0345943467003449,0.142414696363456,0.113747390685892,0.0969593482142401,0.0404892572116721,0.0592360481583331,0.0964658058376971,0,0,0,9999,0.241443226184394,1.06031543927956,"TCGA-55-7911-01","TCGA-55-7911","low"
0.0203708782821018,0.099275201807435,0,0.101569397115603,0,0.100112615112113,0,0.0828221949220869,0.0211620961155655,0,0.0142039961988874,0,0.00901158241719132,0.190834551021948,0.139348332174878,0.0949414579803605,0.0607521105808694,0,0.0655955862709598,0,0,0,9999,0.288004269548912,1.04163445290644,"TCGA-91-6835-01","TCGA-91-6835","low"
0,0.0493531869652896,0.0694015446598153,0.0795077238488759,0.103180679309817,0.00573255856398213,0,0.032868402974154,0.0365600705932647,0,0.00592223436965857,0.0332318918699472,0,0.213088844351392,0.0458550904441568,0.207732183243863,0.0626417759732781,0,0.0549238128325053,0,0,0,9999,0.202557930985932,1.09051215985294,"TCGA-55-A48Z-01","TCGA-55-A48Z","low"
0,0.259239689424811,0,0.0747676336763631,0.0584641015179342,0,0.0140068942913982,0.0376238613358171,0.0151156899534272,0,0,0.0333104727971074,0.0175529933058542,0.192270378275714,0.0016042178322307,0.119245828619582,0.148201383995573,0.0105041495766899,0,0,0.0180927053974982,0,9999,0.377432608352203,0.985639334883758,"TCGA-50-5045-01","TCGA-50-5045","low"
0,0.0312735594053754,0.0441194232406239,0,0.0843153150054745,0.0851466985198468,0,0.0802329260458698,0,0,0,0.155604329566858,0,0.315351402562732,0.0221574570290599,0.174887073681209,0,0.00691181494295153,0,0,0,0,9999,0.0785297724261385,1.17233274824474,"TCGA-55-7913-01","TCGA-55-7913","high"
0,0.0662307798778151,0,0,0.0246042987240625,0.0726276667794834,0,0.0689727526005994,0,0,0,0.12265321025125,0,0.370214040017258,0.0121673922594311,0.169682660742064,0,0.0298029605303564,0,0.0175106026864422,0.0455336355312377,0,9999,0.198462899877456,1.1079925852695,"TCGA-86-8075-01","TCGA-86-8075","high"
0,0.184160527914882,0,0.0176366214334622,0.0431190997928423,0.0366619396744247,0,0.0763332883550746,0,0,0,0.0804205761154827,0.00945492384087737,0.236946067811347,0,0.130032702774994,0.0698170033121334,0.0521280142944247,0,0.00647441960147664,0.0568148150785779,0,9999,0.22854676941334,1.0810592082784,"TCGA-97-8177-01","TCGA-97-8177","low"
0,0.0777731512686241,0,0.0254559026554056,0.0138294609029059,0.0861486679072739,0.0432767195066871,0.0623746116977269,0,0,0.104420909110278,0,0,0.228904971821706,0.0822586645293856,0.13050017548138,0.0198047745793558,0,0.125251990539271,0,0,0,9999,0.192960910055847,1.09784409430168,"TCGA-55-7907-01","TCGA-55-7907","low"
0,0.10980611570081,0,0.0224076754779873,0,0.109282121535805,0,0.0906462400030863,0.0185323333803343,0,0,0.0640739459655225,0.0178711446154183,0.26640382151465,0.0474107762907903,0.117107231416414,0,0.00285692184483204,0.121473968854831,0,0.012127703399519,0,9999,0.0908175486541739,1.16055490910029,"TCGA-44-8117-01","TCGA-44-8117","low"
0,0.110478423974028,0,0,0.0900492367727564,0.0497155120348723,0,0.0567156536763573,0.00798846668110974,0,0.00363535618794557,0.0817521246873646,0.029007364976156,0.195805523609631,0.081114541813932,0.12289128729298,0.0310916270329095,0,0.138349442556244,0,0.00140543870371357,0,9999,0.192577447452257,1.0935648812231,"TCGA-86-8668-01","TCGA-86-8668","low"
0,0.0977506623225549,0,0.108266823317719,0.0456416637889045,0,0.0509732051006136,0.0587424925845552,0.0350426724174211,0,0.00421250970134142,0.0422649352380371,0.0167982880709768,0.226264004419455,0.0941329467866583,0.12841573181746,0.0360113076444675,0,0.0356349912174588,0,0.0198477655723771,0,9999,0.284840050229568,1.03902604467826,"TCGA-78-8660-01","TCGA-78-8660","high"
0,0,0.0821168363756102,0.117590403825745,0,0,0.0732542353169084,0.0681596687406323,0.0426218337983969,0,0,0.0900050024680761,0.00714146147647235,0.217775137963953,0.0996512684232132,0.184171349548615,0,0,0.0175128020623783,0,0,0,9999,0.0885294749446446,1.15992807257352,"TCGA-05-4415-01","TCGA-05-4415","high"
0.0255536603946799,0.0641111395839313,0.00804526516740048,0,0.0405032286509885,0.1535661406794,0,0.00501754961831525,0.0157191563883337,0,0,0.0434993891686677,0.0419670569844926,0.159913756560791,0.0988940682742275,0.0928277335168554,0.150133290534837,0,0.100248564477079,0,0,0,9999,0.13460969944968,1.14008150617265,"TCGA-75-6212-01","TCGA-75-6212","low"
0,0.070426660802548,0,0.0203056176549828,0.0768055149826861,0.0842108203458898,0,0,0,0,0,0.0468632665754463,0.0419993277333591,0.238768741285426,0.0667966427990092,0.122085283311998,0.0988159486638809,0,0.125547781194663,0,0.00737439465011078,0,9999,0.148497662335319,1.13416648814987,"TCGA-67-6215-01","TCGA-67-6215","low"
0,0.0599042681729435,0,0,0.0183409326560208,0.0210401389917371,0.0281443018681786,0,0.084818984237961,0,0.0449306002376172,0,0,0.217928640155059,0.117536852995524,0.0991882468166719,0.224094422101096,0,0.084072611767191,0,0,0,9999,0.338088313013663,1.01818804438112,"TCGA-05-4430-01","TCGA-05-4430","high"
0,0,0.0671262207019028,0.0249439316725424,0.0983485996229343,0.1257589526681,0,0,0,0,0,0.113690349195011,0.0243631220535456,0.228027245793181,0.0571468329183644,0.186444422630286,0,0,0.074150322744133,0,0,0,9999,0.0986835567456161,1.15424639815577,"TCGA-49-6742-01","TCGA-49-6742","high"
0,0.0933950473157348,0,0.0195138472895059,0.0922907329340413,0.0579453140548935,0,0.00553042751761518,0,0,0,0.00768824668524701,0.0527124757430625,0.224294700293586,0.00676839474577229,0.199768843782099,0.132929593198756,0.041248199256096,0.0659141771835899,0,0,0,9999,0.334702665937777,1.02208308340306,"TCGA-38-4627-01","TCGA-38-4627","high"
0,0.0332030921004693,0.0380076907848442,0,0.162706302534882,0,0.0152407021027196,0.0125136979093452,0,0,0,0.12941124635647,0.0346293145564659,0.18749303849717,0.0769896128385631,0.163137909513799,0.0772893747543383,0,0.0585273159973217,0,0.0108507020536114,0,9999,0.0634725893526413,1.17190630975297,"TCGA-69-7979-01","TCGA-69-7979","high"
0.0258683350114322,0,0.0826013996286483,0.0363446109454865,0.0452033935799317,0.141922085894274,0.00657319902556515,0,0.0151046933585479,0,0.0383127375654354,0.0171331258911568,0,0.195428451164649,0.0526991084857836,0.166411802626754,0,0,0.176397056822335,0,0,0,9999,0.102690244255655,1.14684412329202,"TCGA-69-7973-01","TCGA-69-7973","high"
0,0.0603850208839336,0,0.125643943478452,0,0.0271590747822214,0.0369307294821214,0.0773288552017455,0,0,0.0430679971104864,0,0.00384552083517507,0.178282347044497,0.140873392781753,0.0755021344796538,0.0705995552431205,0,0.16038142867684,0,0,0,9999,0.286574372889396,1.03801410812683,"TCGA-73-7499-01","TCGA-73-7499","high"
0,0.0737905397647968,0,0.0422054621337619,0.0746348309549726,0.0531989962008016,0.0129429524579324,0,0.0679855083568919,0,0.0165923853523445,0.0198863338289885,0.0757735999457797,0.0943568861351005,0.0613600270751557,0.0665140628123942,0.299875335022944,0,0.040883079958136,0,0,0,9999,0.275697412179846,1.05345656081304,"TCGA-44-A47A-01","TCGA-44-A47A","low"
0,0,0.0011465027905842,0.00645621127320701,0,0.130267020457777,0,0.158927028072585,0,0,0.0300528847760575,0.0797339233630952,0.00973893782855228,0.154913077002392,0.0632077875021505,0.151791863982511,0.0438311013023659,0,0.169933661648722,0,0,0,9999,0.0765775200148363,1.16498177200995,"TCGA-78-8662-01","TCGA-78-8662","high"
0,0,0.0565233183045637,0.0209062687371919,0,0.0783403553616664,0.00158643553681417,0.166929617575136,0,0,0.110998363722334,0,0,0.263043762830484,0.0880129926356831,0.166264028142043,0.036264046991005,0,0,0,0.0111308101630791,0,9999,0.23930931781537,1.07413194571805,"TCGA-55-8085-01","TCGA-55-8085","high"
0,0.0669346972650065,0,0,0.0215855325322782,0.0119423956997863,0,0.143104914177512,0,0,0.0304104625007416,0.00116368925242127,0,0.372570094835983,0.00560216263437045,0.251666827035886,0,0.0272978892110522,0.0189604718459528,0,0.0487608630090097,0,9999,0.213982286597021,1.1065419639831,"TCGA-75-6206-01","TCGA-75-6206","low"
0,0.0391009546864466,0.00114386205953908,0,0.120535784834239,0.145504981785794,0,0.0109620786955095,0,0,0,0.105153865584608,0.0221767335014856,0.238772049330584,0.0166802011143464,0.198202100710999,0,0.00876186500708455,0.0930055226893645,0,0,0,9999,0.0673369733889402,1.17557801756383,"TCGA-50-5932-01","TCGA-50-5932","high"
0,0.0514244218048744,0.0061413410353582,0.0544320768501239,0.0200099954469526,0,0.0550710801491597,0.0149035298836267,0.105154825875632,0,0.0951773127357588,0.0231531412734045,0,0.332250894842398,0,0.0660810922433072,0.0646330848086076,0.0560173558556351,0.0436642665548564,0,0.0118855806403052,0,9999,0.100538744222816,1.15912594022069,"TCGA-50-6594-01","TCGA-50-6594","high"
0,0,0.0469037994646919,0.125984274565058,0.142586807058311,0,0.0511393828072705,0.0166506725309223,0.000569437457869412,0,0.040202133197054,0.0373161308608674,0.0131232734244299,0.109701349911385,0.137816661154513,0.0834347067641423,0.0243749464443701,0.0241538892067225,0.146042535152392,0,0,0,9999,0.157343522921998,1.11038196104461,"TCGA-49-AARQ-01","TCGA-49-AARQ","high"
0,0.256512125417338,0,0.0952681745104714,0.0708508014180382,0.0128930470019943,0,0.10291938118771,0.0232001432085703,0,0.00802294611004849,0.022441267442817,0,0.174341609575482,0,0.11863017466736,0,0.0227729428863526,0.0506705439570014,0,0.0414768426168155,0,9999,0.280255605306623,1.04448335115187,"TCGA-55-7574-01","TCGA-55-7574","low"
0,0.0626412245328899,0.0922264734467042,0.195937909141413,0.0047318335257712,0,0.110475357227616,0.0029568771295197,0,0,0,0.0159587815372737,0.0699174033067836,0.209571301986645,0.0537235010470755,0.101775061147083,0.0594970100855851,0.0047570572184261,0.0158302086672142,0,0,0,9999,0.365134709153436,0.987711408601055,"TCGA-50-5066-01","TCGA-50-5066","high"
0,0.092483161788879,0,0.112294985014699,0,0.0235996253082921,0,0.123482262241847,0.0505861358526595,0,0,0.0644706443409657,0.0208953222061157,0.233356643031513,0.0189484961555131,0.172561720935991,0,0,0.0545560126115425,0,0.0327649905119822,0,9999,0.196428108415104,1.09438338090622,"TCGA-86-A4P7-01","TCGA-86-A4P7","low"
0,0.065803610955556,0.105559293022471,0.127580712887594,0.00691100447974417,0.0288509543150832,0.0534831325063346,0.103890406600139,0.00818149461009876,0,0.0998724681719546,0,0.0708476922827318,0.194839266285303,0,0.081052709243767,0,0.0013404824114578,0.0517867722277666,0,0,0,9999,0.135320636094866,1.13086674743441,"TCGA-64-5779-01","TCGA-64-5779","low"
0,0.0657018084643415,0.0551848899981139,0,0.0244441360772073,0.0945709741268665,0.020090090624208,0,0.0233213663311948,0,0.0106609763511391,0.0706867298567905,0.0638784939805309,0.359539571021475,0,0.170503142555573,0,0,0.0414178206125589,0,0,0,9999,0.243338852536108,1.07965085913987,"TCGA-55-8096-01","TCGA-55-8096","low"
0,0.132189327306475,0,0,0.145222606887177,0,0,0.0306392880693516,0,0,0,0.0749300349079905,0.0645958994658988,0.255233105124011,0.0698666475998811,0.0375588923991433,0.152776854519107,0,0.0369873437209652,0,0,0,9999,0.198685766361312,1.10296058372373,"TCGA-97-8175-01","TCGA-97-8175","low"
0,0.0720133029661826,0,0.0674627964390717,0.0749448818660511,0,0,0.0713189631738497,0.0423399236404119,0,0.0573831597671021,0.0284309521383736,0.00771914871989859,0.310541484746618,0.0915932146091342,0.0775119882187353,0.0311760048215006,0.0248786789748115,0.0198355099226788,0,0.0228499899955797,0,9999,0.25949664515579,1.05959103495205,"TCGA-44-A4SS-01","TCGA-44-A4SS","high"
0,0.033524979986514,0.0438271126485011,0.056047788432659,0.028390502542105,0.127448128784797,0,0.0925881122077332,0,0,0,0.0690372377417119,0.0662986257840291,0.204052208644445,0.0518370900560369,0.159902165089289,0.0399586197746352,0,0,0,0.0270874283075438,0,9999,0.296682887609515,1.03423104636756,"TCGA-91-7771-01","TCGA-91-7771","low"
0,0.0635854935292761,0.0122678484788728,0.0935816949772678,0.0341973176652874,0.0395605079120919,0,0.0541833130086135,0.0273297004630618,0,0,0.110105290298784,0.0270200863822715,0.173974744412973,0.058226585470147,0.0992714229739233,0,0.0514127558934043,0.136436809007247,0,0.0188464295267788,0,9999,0.0946318401929093,1.15072503369013,"TCGA-86-8278-01","TCGA-86-8278","low"
0,0.042308466313349,0,0.0303092494788656,0.0934631976945167,0.0843787751254794,0,0.0657211227138188,0,0,0,0.0668344378181439,0.0127636545937643,0.113066128531329,0.000691985651526554,0.180385788517816,0.177158368961819,0,0.132918824599573,0,0,0,9999,0.179243341303758,1.1062677571573,"TCGA-55-8087-01","TCGA-55-8087","low"
0,0,0,0.024346272936978,0.095511664908804,0.105464901594276,0,0.0094987341647795,0.0279345151200928,0,0.0375874458305252,0.0753536293621867,0,0.263800723901648,0,0.191915201960948,0,0.11706362258585,0.0289805270074778,0,0.0225427606264335,0,9999,0.0474562819841554,1.19466446280468,"TCGA-MP-A4T8-01","TCGA-MP-A4T8","high"
0,0.118697994535135,0.000602441455100018,0.0664785686713489,0,0.0517320327059301,0,0.0641171647866913,0.0511097824544829,0,0.00603556093072112,0.05163738123985,0.0272911423028294,0.383526764635887,0.0553643223520579,0.046922287887998,0,0,0,0.00508981280623684,0.0713947432357307,0,9999,0.167038891539805,1.12452555801762,"TCGA-L9-A5IP-01","TCGA-L9-A5IP","high"
0,0.163133754168264,0,0.0263675501177,0.00836644752608333,0.00149586570758075,0,0.0740101356292241,0.015475575339064,0,0.011560795566129,0.0505708636338819,0.0395719999217896,0.20278469481413,0.176228253813417,0.119013242578169,0.0239990967078139,0,0.0874217244767538,0,0,0,9999,0.342997401505608,1.00710233914446,"TCGA-55-6979-01","TCGA-55-6979","low"
0,0.130310093710825,0,0.0388934426410329,0.0440359034381564,0.102376847739901,0,0.0646346493386266,0,0,0.0125622062907556,0.0524557899217579,0.0484325227713189,0.167250164290484,0.06223366389586,0.179064033828984,0,0,0.0900974374005385,0,0.00765324473175996,0,9999,0.217593293374437,1.08195693730083,"TCGA-69-7980-01","TCGA-69-7980","low"
0,0,0,0.0382844789539175,0.000891580349078105,0.164647814023361,0,0.061539241759724,0.0473518159848409,0,0,0.122071427805304,0.126761977707991,0.127265647896671,0.0641402493878352,0.020235696824709,0.0933909835247862,0.00560728367835963,0.127811802103422,0,0,0,9999,0.105758825024438,1.15172529262215,"TCGA-62-A472-01","TCGA-62-A472","low"
0,0.0358550075104283,0.0633245566563237,0.229974851355125,0.0122961293298574,0,0.0438393221665848,0.0199688053204826,0.023970809302292,0,0.0365481432040315,0.105730725848064,0,0.207000677759684,0.0770328807194966,0.0640032035512627,0.057999764674435,0,0,0,0.0224551226019321,0,9999,0.286385171519869,1.04309187907386,"TCGA-49-4507-01","TCGA-49-4507","high"
0,0.114740209171018,0.162325740444703,0,0.0748891918088773,0,0.0661512569766286,0.00247152251616683,0.027577109348338,0,0.135696663497187,0,0.00514482866963993,0.256530523870388,0,0.154472953697053,0,0,0,0,0,0,9999,0.204060663140665,1.08689964062843,"TCGA-55-6642-01","TCGA-55-6642","low"
0,0.193081875085929,0.0300999943083166,0.0894725494736048,0.0299537970947707,0.016760682936933,0.0340195783723037,0.0441792989187721,0.0372908665327361,0,0.0671081785359962,0,0,0.188946652885701,0.0782529208445879,0.0883265080498907,0.0261313488882608,0,0.0763757480721971,0,0,0,9999,0.0797111077420268,1.16409474765994,"TCGA-86-7701-01","TCGA-86-7701","high"
0,0.0391961377355402,0,0,0.0284804067886257,0.154364458383666,0,0.0450571657225523,0.0830333667859602,0,0.027214567642683,0.0340042448291283,0.0980944648383431,0.160174666251686,0.0113459880863494,0.0865947143342209,0.0385856811598227,0.045975650627864,0.147878486813558,0,0,0,9999,0.100828116481647,1.14933806408506,"TCGA-62-A46R-01","TCGA-62-A46R","low"
0,0,0.00719287705891082,0.048272352451131,0.155647719263811,0.0388676361128705,0,0.0247739322583716,0.00396452729643676,0,0,0.017433629830737,0.0288213709197245,0.173017728142976,0.00487614551733032,0.188269152233176,0.2016898354327,0,0.100508106158352,0,0.00666498732347237,0,9999,0.149889031539593,1.13485972598978,"TCGA-62-A46V-01","TCGA-62-A46V","low"
0,0.0798979391638821,0.00204186430062082,0,0.059383700596618,0.241107428878156,0,0.0336803632614411,0,0,0,0.103433139275173,0.0505617656027034,0.157097814117763,0,0.110621632954209,0,0.0466078039387982,0.101117489586876,0,0.0144490583237582,0,9999,0.0897209161934508,1.16269712148656,"TCGA-44-6146-01","TCGA-44-6146","low"
0,0.124201063652708,0,0.0729854315123186,0.112387273110052,0.0579498714826725,0,0.0174818038942841,0,0,0,0.0633899029793387,0.0291965368601229,0.21885433999556,0,0.128392068180616,0.00846629427600121,0.0581854212967326,0.108509992759594,0,0,0,9999,0.152769803051324,1.12158433781629,"TCGA-49-4501-01","TCGA-49-4501","low"
0,0.0436987437125537,0.0296405009347804,0,0.0469010808488282,0.175353267658449,0,0.0579464115305818,0.0154779455782215,0,0.0647862445190796,0.0450762951353771,0.0183692303825632,0.15245139642674,0.123073676282616,0.155883140761727,0.0413696422979404,0,0.0299724239305415,0,0,0,9999,0.201429685651038,1.09462822426435,"TCGA-55-7914-01","TCGA-55-7914","low"
0,0.10162015890514,0,0,0.0923731308128059,0.043759479172708,0.00937527313649447,0.00329327134299179,0,0,0.0476432454607469,0.0238477865549202,0,0.302598526502098,0.0695041691172617,0.151084768412057,0.0786708827093614,0,0.0762293078734144,0,0,0,9999,0.169567574738105,1.12647491155502,"TCGA-73-4659-01","TCGA-73-4659","high"
0,0.0460321579825032,0.0818227750980917,0,0.0841009643370924,0.0721064126321584,0,0.113520352829463,0.00363151697407117,0,0.106379206185591,0.00124466021696724,0.0910588025176327,0.17973962976289,0.0454886561493617,0.0617914905505077,0.11308337476367,0,0,0,0,0,9999,0.198879035221318,1.09329098794178,"TCGA-86-8669-01","TCGA-86-8669","high"
0,0.135511992897453,0,0.0890762462913089,0.097916691418957,0.0213172303035678,0,0.0677948905864254,0.052077247042858,0,0.0197190744704829,0.0380094727419399,0,0.179383928865521,0.078590245236076,0.14968215770398,0.00715215397957294,0,0.0474417148491479,0,0.0163269536127091,0,9999,0.0948569809384577,1.15308623885932,"TCGA-49-AAQV-01","TCGA-49-AAQV","high"
0,0.00729188145344741,0.11367070486862,0.0867459212311606,0.0914381039577921,0.00117671841529891,0,0.128215512321584,0,0,0,0.127522164564106,0,0.138540131616141,0.0890012049100341,0.139151484825296,0.0312095006542886,0,0.0460366711822311,0,0,0,9999,0.0951308115044745,1.14644613996353,"TCGA-78-7149-01","TCGA-78-7149","low"
0,0.068132974417418,0,0,0.0788077839809345,0.129410119617744,0.0399391470903057,0,0.0187546617065141,0,0,0.0465294810487066,0,0.406866006236078,0.0140682677819279,0.168424769681291,0.0290667884390811,0,0,0,0,0,9999,0.247604069198622,1.08283776228403,"TCGA-86-8055-01","TCGA-86-8055","high"
0.0211468038966578,0,0.0230398012349723,0.016652639262885,0,0.0920423972796849,0,0.0402682895847992,0.0446961254200509,0,0.0476531332517645,0.0258269963576968,0.0245340741322636,0.317912941014154,0,0.157616214392963,0,0,0.188610584172107,0,0,0,9999,0.191916955270595,1.10511629301549,"TCGA-91-6829-01","TCGA-91-6829","high"
0,0.102509650767474,0.0430829460832925,0,0.179663136723657,0.0954189556567556,0.0149243516214582,0,0,0,0.00746222078606024,0.0890898240606103,0,0.174738882786444,0.0768835130890818,0.0934685117268442,0.0597181669358762,0,0.0630398397624459,0,0,0,9999,0.112090647593986,1.1407836799663,"TCGA-78-7163-01","TCGA-78-7163","low"
0,0.0699478377273396,0,0.0357159259721417,0.0560368600072554,0,0,0.0935975623900385,0.0366031870640389,0,0,0.110379661185763,0,0.344681307824844,0.0390246925754941,0.167756392302888,0,0,0.046256572950197,0,0,0,9999,0.203054543164421,1.09749125979189,"TCGA-62-8398-01","TCGA-62-8398","high"
0,0.226353936553039,0,0.0135164610330218,0.0737868357712846,0.0411733430680318,0,0.0831319428624252,0.0258584064215454,0,0.0123554062663233,0.0507281761424159,0.0115727855270706,0.233802111671649,0,0.127695372297305,0.0408439202492487,0,0.00789702604567628,0,0.051284276090963,0,9999,0.283833204456973,1.04240681997599,"TCGA-38-A44F-01","TCGA-38-A44F","low"
0,0.010416544066065,0.0962292397310801,0.0671048909503866,0.0750882133660096,0,0.0618311581727506,0.0554046335301899,0,0,0,0.126021326259018,0.0660432185820363,0.223538097784581,0.036478017158634,0.0392036674593684,0,0.0507728243658003,0.0480035934203552,0,0,0.0438645751537252,9999,0.123939076114329,1.13320130129903,"TCGA-38-4631-01","TCGA-38-4631","high"
0,0,0.00122309274061198,0.0812168810507775,0,0.139493844435955,0,0.0735784436489899,0.0172442914371967,0,0,0.0528253011745773,0.111144371593735,0.177251864328939,0,0.0928289817212484,0,0.062230133282011,0.158947503614275,0,0.0320152909716828,0,9999,0.0573262016023708,1.17956373727829,"TCGA-L9-A7SV-01","TCGA-L9-A7SV","high"
0,0.0388562974677926,0.153830737234423,0.102536316716402,0.0991877775822076,0.00351160702171865,0,0.0818998275288196,0.0302411267740977,0,0.0723502754594038,0,0,0.130722261436281,0.108855174983223,0.167828788499761,0.0101798092958698,0,0,0,0,0,9999,0.13191544705926,1.12724110467691,"TCGA-49-AAR2-01","TCGA-49-AAR2","high"
0,0.0131091849946732,0,0.0134127922414672,0.0986105213704097,0.0470249683402574,0,0.0477819978615183,0,0,0,0.0858404067148881,0,0.348536403380915,0.0192793363481969,0.141348089211468,0.108830088072913,0,0.0511865487915174,0,0.0250396626717755,0,9999,0.214048691072774,1.09923887393319,"TCGA-MP-A4SY-01","TCGA-MP-A4SY","high"
0,0.067317119310087,0.0313512228540634,0,0.0729008575768247,0.116471857068196,0,0.081159895508186,0,0,0.0350517016078349,0.0241978847292391,0.0207335970563396,0.249089986774103,0.137683059648635,0.0900892295763387,0.0601814220552451,0,0.0137721662349079,0,0,0,9999,0.247224376910154,1.06967015287335,"TCGA-05-4432-01","TCGA-05-4432","high"
0,0.154812737149731,0.0653034601376198,0,0,0,0.0436800940001179,0.0714640625689673,0.0577712864696916,0,0.0708531591982478,0,0,0.231739846377329,0.0646870195437844,0.0911766064194638,0.0889825993332273,0,0,0.0558601890395669,0,0.00366893976225281,9999,0.220919713583942,1.08124404576486,"TCGA-05-4398-01","TCGA-05-4398","high"
0,0.110345103818842,0,0.00384706794905232,0,0.0972958802832966,0,0.0875123279929146,0.042848496087143,0,0.0391804794889915,0.0420568847945553,0.098028282811594,0.204657338876804,0.0881557080114877,0.0960718746632324,0.0684035057058655,0,0,0,0.0215970495162207,0,9999,0.254901667002525,1.0642850352385,"TCGA-44-6778-01","TCGA-44-6778","high"
0,0.0678058019481192,0,0.0500837434958929,0.0295639856335565,0.0474065837188069,0,0.0211390294472741,0.0357249813579135,0,0.040924380698003,0.0316947001328949,0.076787848173412,0.279788931755551,0.0716747365036975,0.0902719565194537,0.0978703853000898,0,0.059262935315335,0,0,0,9999,0.280617416594899,1.05325530416775,"TCGA-55-8510-01","TCGA-55-8510","high"
0,0.201267598821967,0,0.0286364396960519,0.110640646498112,0.0803386653338377,0,0.090730333855076,0,0,0,0.0754668083459732,0,0.171165852445559,0,0.208384080319983,0,0,0.0240702315722316,0,0.0092993431112079,0,9999,0.206442061497647,1.09160711593691,"TCGA-MP-A4TD-01","TCGA-MP-A4TD","high"
0,0.130508781497478,0,0.1008017681046,0,0,0.0345461692642326,0.035487250347793,0.00966285831736141,0,0,0.0907125490248482,0.0684980782652047,0.275208380306219,0.0584722123984288,0.122415472069724,0.0287885892778037,0.0116244812685048,0,0,0.0332734098578015,0,9999,0.263753266404462,1.06221420592529,"TCGA-55-8205-01","TCGA-55-8205","high"
0,0.147702960306793,0,0.0205658906034547,0.0530459326001718,0.0977568575186744,0,0.0826789788076307,0,0,0.0653602630795736,0.0100189481327982,0.0408216047029321,0.119571394173585,0.0717911939664652,0.090179671905927,0.0884800694856374,0,0.0723293387097401,0,0.0396968960066171,0,9999,0.128392397824492,1.13452862738074,"TCGA-55-7573-01","TCGA-55-7573","low"
0,0.0644658196403579,0.0393191102653046,0.0599309579584145,0.0223627353119788,0,0,0.104088980899155,0.0112857300326377,0,0.0766112728158391,0.0624292534523171,0,0.250760980896493,0.0954481287289899,0.0975535863456165,0.0561925441055215,0,0.0595508995473742,0,0,0,9999,0.249848025406196,1.06181776479987,"TCGA-MP-A4T4-01","TCGA-MP-A4T4","high"
0,0.124402724007587,0,0.00482351434667586,0.0768893245943788,0.12568784867888,0,0.0358179126364975,0.019302856130881,0,0.0636001706317918,0.0132892773816017,0,0.207489045062543,0.0502297287055571,0.193124986834416,0.0294653917876493,0,0.0558772192015404,0,0,0,9999,0.234485462100161,1.07359982583991,"TCGA-97-7941-01","TCGA-97-7941","high"
0,0.164599437753185,0,0.00564139469549847,0.00965820267425369,0.042623512745069,0.0288795993861753,0.0211941340064996,0.0110766098475965,0,0.00772763641556154,0.0494437019945128,0,0.203634344697348,0.138012716680903,0.141837683864961,0.0924880482818733,0,0.0831829769565635,0,0,0,9999,0.241027892462927,1.07890923646922,"TCGA-55-7994-01","TCGA-55-7994","high"
0.0564876543542685,0,0.0772644065692589,0.0571674038188577,0,0.146763603155183,0.00181938157546129,0.0322583194936755,0,0,0,0.0474654159149594,0.138395249205298,0.194271796856581,0,0.0961344415195539,0,0,0.0763461294041182,0,0,0.0756261981327841,9999,0.0748564098803132,1.17510324985149,"TCGA-05-4420-01","TCGA-05-4420","high"
0.0121966802460246,0,0,0.0574677685387017,0.0757336837652356,0.0415176715773427,0,0.0745518161031712,0,0,0,0.161479758738789,0.0112052696006873,0.188915035053939,0,0.123858894460876,0,0.0691069345526949,0.183966487362537,0,0,0,9999,0.0310851632543981,1.18846227376863,"TCGA-50-6591-01","TCGA-50-6591","high"
0,0,0.0500656613006282,0,0.0631649308393195,0,0,0.169734446753926,0.0450415938087344,0,0.0909952934986503,0,0.0121299282022098,0.1939069449109,0.0474413602875686,0.126886159840066,0.138116730829685,0.00822596422624088,0.046948907959171,0,0.00734207754289955,0,9999,0.108246644048775,1.14530311115888,"TCGA-38-4630-01","TCGA-38-4630","high"
0,0.0775542343969356,0,0.0816787504156383,0.0260289461568125,0.0106054613972799,0,0.0807830077948464,0.0188644748769859,0,0,0.0343741618717577,0,0.456173012702267,0.0131666274401427,0.141723608417726,0,0.0289353486470376,0.0205678702189563,0,0.00954449566361402,0,9999,0.252987940920492,1.08236043764931,"TCGA-49-6743-01","TCGA-49-6743","high"
0,0.109199318052102,0,0.00621986681404173,0.0777993469986524,0.063202007538092,0,0.0414311314145429,0,0,0.0230464437737718,0,0.167337229381651,0.0775070491237495,0,0.0965416569459755,0.181939502527668,0,0.12164950712587,0,0.0341269403038837,0,9999,0.124136353391151,1.14641337491951,"TCGA-55-8206-01","TCGA-55-8206","low"
0,0,0.111670946573477,0,0.125985359031846,0.036803103410988,0,0.141832924353272,0,0,0,0.19475106775276,0.043270570032365,0.0908117499738934,0.0389217566716492,0.128809893300527,0.0613513794852543,0,0,0,0.0257912494139671,0,9999,0.107769980922657,1.13980280851237,"TCGA-MP-A5C7-01","TCGA-MP-A5C7","high"
0,0,0.0724252924899887,0.134870989055848,0.00171973002065224,0.0107536011675186,0,0.167122319956019,0.0356102863377208,0,0.0198887968204936,0.0417226717813689,0.0230949902687506,0.185830030052631,0.0390439525535151,0.166496146497355,0,0.0210965106082375,0.0437358961439446,0,0.0365887862459562,0,9999,0.159421935442453,1.11244007696886,"TCGA-49-AARE-01","TCGA-49-AARE","high"
0,0,0.0874111695919585,0.0275428188097554,0.108917616141405,0,0,0.11739613223639,0,0,0,0.18432751095262,0.011141309032763,0.111684436606681,0.0685412832313553,0.156485629575243,0,0,0.124494578260382,0,0.00205751556144574,0,9999,0.060631881213935,1.16087719455065,"TCGA-86-7955-01","TCGA-86-7955","high"
0,0.083381894656433,0,0.126701372310219,0.0623718573458454,0.0403971246156905,0,0.0134070289130369,0.0392192199834084,0,0,0.0267589719087485,0.05106338369703,0.244723042912754,0.0738576653136799,0.0563879613543213,0.136813804980296,0.00585187931620886,0.039033787098001,0,3.10055943276624e-05,0,9999,0.243282882608669,1.07470150999055,"TCGA-49-6744-01","TCGA-49-6744","low"
0,0.0386334345003374,0,0.104361818422614,0,0.0176474179737219,0.0463365662502413,0.130411672825495,0,0,0.0434694072950905,0,0.111699252742526,0.0691329835047314,0.214731020464161,0.0197360860828521,0.165856946058781,0,0,0.0147151665559074,0.0232682273235396,0,9999,0.321433849664906,1.0215280719109,"TCGA-95-A4VN-01","TCGA-95-A4VN","low"
0,0.0990280893734104,0,0.0463423500038814,0.0432018647322972,0.0184823173196392,0,0.0680608614268451,0,0,0,0.0734669352119965,0,0.305449536691623,0,0.196780411204106,0.0300206835949901,0.0170604135062663,0.0938822539332555,0,0.00822428300168915,0,9999,0.186751237173522,1.11049236785624,"TCGA-55-7576-01","TCGA-55-7576","high"
0,0.185074404665837,0,0.0797957643686254,0.0212277552429555,0.037618614159666,0,0.106241217651358,0,0,0,0.123048115602592,0.0605750723899121,0.162199375677163,0.0419128355951954,0.071873124896779,0.0507807674592833,0,0,0,0.0596529522906329,0,9999,0.177385951218553,1.1112458708409,"TCGA-53-7626-01","TCGA-53-7626","low"
0,0.0754236914578423,0.002488188449988,0.115438560825133,0,0.0342847189377371,0.0455073925300403,0.0936483403291038,0.0229028847505928,0,0,0.0279606945558395,0.0902848328932276,0.175981178900006,0.0581295171198126,0.0751955472872559,0.0738820721390275,0,0.0531182832421259,0,0.0557540965822674,0,9999,0.0465975903276653,1.18426824938094,"TCGA-97-7546-01","TCGA-97-7546","low"
0,0.161671660716535,0,0.10020818773401,0.0496687065645705,0,0.0257088637103344,0,0.0633684541206157,0,0.0800292085147261,0,0,0.268959822164778,0.0705150169935709,0.103378942111065,0.0482348353979866,0,0.024632483901474,0,0.00362381807033316,0,9999,0.315379825943218,1.02272801578259,"TCGA-44-7672-01","TCGA-44-7672","high"
0.0242901905605494,0,0.0717242785703729,0.0651710188445102,0.0390786197165883,0,0,0.0958646792045642,0,0,0,0.131322914528848,0.0802681843912556,0.198502709440203,0,0.0786974805306206,0,0.0936444269540007,0.0689362536234474,0,0.0524992436350404,0,9999,0.0538821037844994,1.17307399111357,"TCGA-62-A46O-01","TCGA-62-A46O","high"
0,0.175086595297762,0,0.0127265465863144,0.124901918566838,0.0656637503935229,0,0.0786590536256079,0.0260788451433462,0,0,0.101568076353084,0,0.273588213689903,0.0291237017213739,0.0970357840588393,0,0,0.0108552983084486,0,0,0.0047122162549587,9999,0.155612093115366,1.12419255026978,"TCGA-55-6984-01","TCGA-55-6984","high"
0,0.00817168586741914,0,0.038701319784028,0.0900590181637363,0.107820629449141,0,0.0727037135826202,0,0,0.085477740286051,0,0,0.146456931803868,0.109189574453082,0.17518805687706,0.0626188741713352,0,0.103612455561659,0,0,0,9999,0.252007573347603,1.06041074366766,"TCGA-97-8174-01","TCGA-97-8174","low"
0,0.0892647804385595,0,0.222879354624856,0,0,0.0540717572133568,0.0593190680893033,0.0228972939851888,0,0,0.0983214811516131,0.043307509533489,0.183684253579539,0,0.142078496248674,0.0043034948132824,0.0618569165097652,0,0.0180155938123719,0,0,9999,0.36213920555946,0.991876777169737,"TCGA-35-4123-01","TCGA-35-4123","high"
0,0.194458557794339,0,0.0810662200360925,0.0619367593568872,0,0,0.0999070435128935,0.0341169162238008,0,0.00478997141468859,0.0487371350810514,0.0491741606596247,0.170781550926754,0.0490704877977924,0.136108331294226,0.00883053762147525,0,0.0185212224290546,0,0.0425011058513204,0,9999,0.321445968160916,1.01380797839404,"TCGA-93-A4JO-01","TCGA-93-A4JO","low"
0,0.0198542488994651,0,0.0653499741326489,0,0.105814162040668,0,0.038506180967279,0.0446062421213399,0,0,0.0850882515180491,0.100587928367443,0.229180473445827,0.0432643272684305,0.0750457625887808,0.0659152515208078,0,0.107261423653752,0,0.0195257734755088,0,9999,0.111185944657414,1.15150938261146,"TCGA-97-7937-01","TCGA-97-7937","low"
0,0.0539882512081977,0.0924226849587061,0.141635385030888,0.126523315728072,0.0455799895510826,0.0074590516062171,0.00361568229231581,0.00604661331516627,0,0,0.0657722738741163,0.0255511708243478,0.0624320154559111,0.113177377187946,0.0853604951435479,0.0973048718501316,0.0148642352635553,0.0582665867097982,0,0,0,9999,0.195830611578637,1.09062177376008,"TCGA-50-6597-01","TCGA-50-6597","low"
0,0.043190529676976,0,0,0,0,0,0.172784334711388,0.0501081642902527,0,0.0820324969229639,0.124683375026516,0.0985112284230437,0.319852946957329,0.0856696256509871,0,0,0.0231672983405435,0,0,0,0,9999,0.211804045032436,1.09391831423533,"TCGA-99-8033-01","TCGA-99-8033","high"
0.00209981836344354,0,0.100157975458573,0.123372918713202,0.0443893274262855,0,0.0399638222552035,0.152440367574616,0.0147751689285942,0,0,0.0503352906927856,0,0.247640692307583,0,0.117745668293735,0,0,0.107078949985978,0,0,0,9999,0.133824954249256,1.12616955749404,"TCGA-55-7570-01","TCGA-55-7570","high"
0,0.138055307905792,0,0,0.0499781848493973,0.0936656634409169,0,0,0,0,0,0.0306296377324269,0.0489661639112592,0.350732183151612,0.065764998496471,0.174973355758378,0.00447008510071441,0,0.00741252028859742,0,0.0353518993644347,0,9999,0.22057143112927,1.10282693802759,"TCGA-38-4626-01","TCGA-38-4626","low"
0,0,0.0531327279425607,0.147491352995399,0.0205864216507849,0.0937863107091157,0,0.124259029136582,0,0,0,0.0672933474952293,0,0.168246695435543,0.0601186850754526,0.090953781794733,0,0.0365509953747624,0.116617166628208,0,0.0209634857616298,0,9999,0.0732273457651267,1.16701980085545,"TCGA-69-7764-01","TCGA-69-7764","low"
0,0.0537354753152672,0,0,0.141477240971501,0.0287681897923688,0,0.00450735232872699,0,0,0,0.0433720030511026,0,0.299643501264927,0.0633920699729617,0.15609297055673,0.052775696961476,0,0.138281962856179,0,0.0179535369287593,0,9999,0.225100029877719,1.08576045786353,"TCGA-05-5715-01","TCGA-05-5715","low"
0,0.07303599028395,0,0.0492883729351317,0,0.023348213457819,0.0741106288288624,0,0.0493548745957781,0,0.033657574042777,0.0189906318980164,0.0446312109163819,0.269850766721099,0.153847320679883,0.0154042421281766,0.0763595149404199,0,0.0924800739803238,0,0.0256405845913815,0,9999,0.304448295884277,1.03195787550661,"TCGA-50-6590-01","TCGA-50-6590","high"
0.0551226398995577,0,0.108329071172201,0,0.124744080042051,0,0,0.13832392403835,0,0,0.0635450686218152,0,0.0461287434670207,0.176775737495578,0.0824815250812521,0.12855129950991,0,0,0.0671272181030883,0,0.00887069256917538,0,9999,0.00743918837483321,1.19420102277437,"TCGA-86-7713-01","TCGA-86-7713","low"
0,0.221942664397715,0.0175954308120969,0.0525958907819689,0.0874405961945818,0.0717098263026163,0,0.0591497041289447,0.0370496888024433,0,0.0548992284065555,0,0.00146835539281601,0.188177585164314,0,0.116426769224988,0,0.0518015542945177,0.0204817929690178,0,0.0192609131274237,0,9999,0.328194508125404,1.01253681491428,"TCGA-S2-AA1A-01","TCGA-S2-AA1A","low"
0,0,0.0484840829478436,0,0.0348389009394433,0.0934713211109545,0,0.0547067424982523,0.0336933926647864,0,0.134091756326785,0,0.0042972753661304,0.287001335893546,0,0.17285636117228,0,0.00453901545537015,0.118265116915278,0,0.0137546987093302,0,9999,0.175121777340873,1.10867765017881,"TCGA-75-7027-01","TCGA-75-7027","high"
0,0.0874767683791875,0.0187040743760233,0.147370190232525,0,0,0.000334933083750275,0.0979655426956949,0.0150663060537396,0,0,0,0.0630813744627496,0.186735640190998,0.126895553262778,0.119284102533711,0.105558212612887,0,0,0,0.0315273021159567,0,9999,0.357442113564956,0.997476629326529,"TCGA-50-5049-01","TCGA-50-5049","low"
0,0.0846789392277772,0.0452227954806501,0,0.115213028918249,0.0258861623825454,0,0.052959257908751,0,0,0,0.103233358325765,0,0.380278123333342,0.0296856104427261,0.143716016951247,0,0,0,0,0.0191267070289478,0,9999,0.170915991436283,1.1198536316726,"TCGA-55-8505-01","TCGA-55-8505","high"
0,0.0933430239056506,0,0.105326957596541,0.0508241079518907,0,0,0.115647589234177,0.0169365478399444,0,0,0.0533117516457096,0,0.275131697993544,0.0491657555062233,0.186476650868668,0,0,0,0,0.0538359174576508,0,9999,0.272086798245222,1.05023028831565,"TCGA-49-AAR0-01","TCGA-49-AAR0","high"
0,0.106036529250947,0,0,0.0865328881705218,0.0941592324818798,0,0.0336397279464071,0,0,0.0465783169298048,0.0376424607736044,0.00504188929266331,0.295939928868864,0.0552947256570418,0.109299347492609,0.0601845027941215,0,0.0519255675869341,0,0.0177248827546021,0,9999,0.21419222529313,1.09044031752197,"TCGA-MP-A4T9-01","TCGA-MP-A4T9","low"
0,0.0999716517579742,0.0450983925060942,0,0.0086351526943412,0.0604006881929433,0.00113112033313416,0.166615933496167,0.0366523331928366,0,0,0.014883811954482,0.0119102085401294,0.186030325126859,0.132392574337778,0.176360555837355,0.0458694756733055,0.0140477763566006,0,0,0,0,9999,0.216026456279159,1.09008764033801,"TCGA-95-7567-01","TCGA-95-7567","low"
0,0.119321593026493,0.0764650851983933,0.134681489548494,0.029113774995077,0.0567496203809952,0,0.0557014943398853,0.0303562613747202,0,0,0.0419123278517202,0.00913067405790228,0.132544208021475,0.072433246320488,0.145172138207512,0.04660932989749,0,0.0498087567793547,0,0,0,9999,0.201452076613307,1.08984906991825,"TCGA-05-4422-01","TCGA-05-4422","high"
0,0.0284351919329426,0.0233167087533592,0,0.0333678173509207,0.0505595078130561,0,0.0933040222641122,0.0528404822952715,0,0.167137549120422,0,0,0.257286839900966,0.1223237093094,0.0637416329429031,0.0681686314686559,0,0.0246260839341249,0,0.0148918229138666,0,9999,0.0642458942700772,1.17694430178918,"TCGA-86-8673-01","TCGA-86-8673","low"
0,0.0667354047468365,0.0294588381037206,0,0.0343068291518957,0.123506898678863,0,0.0092840918730851,0.0170823042716472,0,0,0.0727718650164144,0.0490181559024588,0.335946086949754,0.0530941167847585,0.112515957780012,0.0227854288248816,0,0.0623587866747905,0,0.0111352352408818,0,9999,0.13573475874438,1.14488695066823,"TCGA-55-6543-01","TCGA-55-6543","low"
0,0.014860760677981,0.0486132705007239,0.0858782605889311,0.0984502765211407,0.128107985547962,0,0,0.00282987233442053,0,0,0.192028324227724,0.0560718230359808,0.0580098944258457,0.0484818437185511,0.0700834222978546,0.0845962884336444,0,0.108722728267031,0,0.00326524942220922,0,9999,0.0494538569404082,1.18388057394618,"TCGA-NJ-A7XG-01","TCGA-NJ-A7XG","low"
0,0.0774570446595047,0.0147838217444552,0,0.0870372331344714,0.122600483655527,0,0.0707400387389561,0,0,0.0517684995293806,0.0190188691359182,0.0461467533573809,0.195054772686768,0.101778290402011,0.0744093804772953,0.0825891771104979,0,0.0326743652113073,0,0.0239412701565264,0,9999,0.242810769688073,1.06716896325661,"TCGA-86-8280-01","TCGA-86-8280","low"
0,0.158059444437096,0,0.138198638411193,0,0,0.0199516300521785,0.01971759240357,0.0986705094379124,0,0.0211648518041725,0.0104479685297606,0.0162258362025664,0.245343520192837,0.109302626790878,0.0910945115721176,0.0622179035328922,0,0,0,0.00960496663282711,0,9999,0.364241060678538,0.99095718755043,"TCGA-99-8028-01","TCGA-99-8028","low"
0,0.0638417449445751,0,0.0952173128656521,0.0176140554003031,0.0573611270206652,0,0.125496099694392,0,0,0,0.0115740092727959,0.0168705658978612,0.192700510978706,0.0932455217601483,0.0401698240044501,0.0577801225637699,0.0308810879060634,0.154097482577223,0,0.0431505351133944,0,9999,0.167594957336426,1.11038745747289,"TCGA-55-7725-01","TCGA-55-7725","low"
0,0.0877422882540482,0.0257666881210845,0.217454483410609,0.0278691523296156,0,0.056086603876337,0.040188456202898,0.0184990548547395,0,0.0541315295196061,0,0,0.147323364746471,0.131015522012386,0.105009763248936,0.00950513150516509,0,0.0557831550762014,0,0.0236248068419035,0,9999,0.226533812176092,1.07715349023673,"TCGA-64-5778-01","TCGA-64-5778","low"
0,0.165958128411206,0,0.0420293245529338,0.0656119332175387,0.0692652425083018,0,0.0328448102271309,0.0635986477578061,0,0.0544455014861085,0.0066979891026488,0.00645983322217029,0.196764232965373,0.106752979697631,0.0620983650320314,0.0627371699663007,0,0.0647358418528194,0,0,0,9999,0.304073586969279,1.02573518287504,"TCGA-86-8671-01","TCGA-86-8671","low"
0,0.10468555899768,0,0,0.0833366499617188,0.09265080645816,0,0.00804227010882343,0,0,0,0.0530191634018638,0,0.372150685683126,0.043991691404645,0.170943346230876,0.00831889958015106,0,0.0628609281729571,0,0,0,9999,0.261214268485779,1.06957311120673,"TCGA-05-4403-01","TCGA-05-4403","high"
0,0.0691498894375331,0.0160754330738297,0,0.0946585773968704,0.14171254640709,0,0.0860429057450478,0.00329821265199915,0,0.042175248009725,0.0469218574314559,0.109887500228481,0.22488649888938,0.0440637633025444,0.070639290910502,0,0.0134354228161838,0.0155280940403685,0,0.0215247596589892,0,9999,0.155043348540072,1.12443266646015,"TCGA-69-7763-01","TCGA-69-7763","low"
0,0.0483032534206951,0,0.19950301345569,0,0,0.103195446419116,0.061415699752011,0.00132453486909313,0,0.024316932910752,0,0.114317627097621,0.188922857741524,0.134113441742705,0.0606442655754494,0.0639429270153425,0,0,0,0,0,9999,0.252608526436564,1.06999913379682,"TCGA-49-4506-01","TCGA-49-4506","high"
0,0.0783587510590065,0,0.00703172132243837,0.090552701760683,0.113156777263705,0,0.018244155523627,0,0,0.0310588672486747,0.0624209448249987,0.117024167029303,0.15587347896631,0.0102331912329448,0.171707513497934,0.0276513237828037,0,0.11064258220575,0,0.00604382428182175,0,9999,0.218047241137127,1.08273109736422,"TCGA-97-A4M1-01","TCGA-97-A4M1","low"
0,0,0.0563983395172568,0.0448875427292406,0,0.0933366476882032,0.00911047177621687,0.170937122435014,0.0525172079814382,0,0.154700489988271,0,0.1015675045222,0.22903359828527,0.0111481826421571,0.00566465223195294,0,0.0530926909390822,0.0176055492636961,0,0,0,9999,0.198339938265,1.09920918369844,"TCGA-86-8359-01","TCGA-86-8359","low"
0,0.153691154484335,0,0,0,0.0651894007692918,0,0.0967919431112561,0.0505927940720753,0,0.0614529200979618,0.0141578673205206,0.0378377126143615,0.197668744081299,0.0372428079366336,0.12717590335787,0.0750951120951338,0,0.0647558983084832,0,0.0183477417507789,0,9999,0.190903750436417,1.09953863925044,"TCGA-05-4405-01","TCGA-05-4405","low"
0,0.0294974881551605,0,0.0356928962957002,0.1046844516668,0.0070765554024878,0,0.059360215812692,0,0,0,0.127053514530474,0,0.311121440851176,0,0.249116693249866,0,0,0.0378976729843923,0,0.0384990710512508,0,9999,0.110369700176185,1.15601702297014,"TCGA-62-A470-01","TCGA-62-A470","high"
0,0.213181745120691,0,0.0854105816027835,0.0608171319889973,0,0.0337233376727463,0.048030023601078,0.0525238902274515,0,0.0453498949845492,0.0024022535164311,0,0.222290939145109,0.0896413053148982,0.0775105386760926,0,0,0.065167601771653,0,0.00395075637751966,0,9999,0.326594489734921,1.01075403690454,"TCGA-49-4487-01","TCGA-49-4487","high"
0,0.0933665852686761,0.00519176990658109,0.148637436191599,0,0,0.0354082320895831,0.063505713651826,0.0147582016987892,0,0.0559764289874607,0,0.0656375644318687,0.203997761605745,0.13955196863281,0.0550307521382244,0.0705742897297313,0,0.048363295667105,0,0,0,9999,0.320766964039981,1.01992195207033,"TCGA-44-6145-01","TCGA-44-6145","high"
0,0.0855516116673668,0,0.0101505065350586,0.0642752008647728,0.027094662689877,0,0.119416926809005,0,0,0.0703851795113034,0,0,0.280177384588478,0.0667923694547742,0.111750783785143,0.0466714526764942,0,0.117733921417728,0,0,0,9999,0.247289635894351,1.06503084175298,"TCGA-91-8499-01","TCGA-91-8499","low"
0,0.179395797102746,0,0,0.0937553537826046,0,0.01126454400023,0.0344156938079221,0.000950785247664874,0,0,0.13977180882074,0.119415089421012,0.115455625875906,0.00947237545473744,0.103729413430488,0.177253576416689,0,0,0,0.0151199366392604,0,9999,0.11105652184897,1.15463031762417,"TCGA-95-8494-01","TCGA-95-8494","high"
0,0.126371472535917,0,0.00292408551706244,0.110457118386951,0.0655380511083944,0,0.0338433425275013,0,0,0,0.146101021510752,0.040861426915338,0.0654715500851622,0.0938247404480442,0.0945762582342377,0.123715348908388,0.0282709866299831,0.0418322425522677,0,0.0262123546400012,0,9999,0.190318725569525,1.09624421887988,"TCGA-64-1681-01","TCGA-64-1681","high"
0,0.0806809402107675,0.00389008850664502,0.0509117253783528,0.0309922472922771,0.0143237791967815,0,0.0578663409362703,0.00930635116087534,0,0,0.102051901494035,0.0557424883820288,0.283390610503998,0.0734642738054717,0.109239024791062,0.0245508212051758,0,0.10358940713626,0,0,0,9999,0.231876659990796,1.07869564439846,"TCGA-55-A491-01","TCGA-55-A491","low"
0,0.0477807633223267,0.000435729738138852,0,0.0443056494599549,0.129534675515444,0,0.0361059206857642,0.004277098296936,0,0.0103120284992117,0.0863204570843847,0.0676470977639552,0.314185068135882,0,0.0599153550326732,0,0.0861959405473909,0.112984215917937,0,0,0,9999,0.155880516070657,1.12880683434381,"TCGA-75-6214-01","TCGA-75-6214","high"
0,0.0556073064337859,0.0668248180773475,0.142519964797444,0,0,0,0.0987640804559082,0.038667056105603,0,0.0281165621660923,0.0469064679519949,0.00423166089025012,0.202969737872036,0.0422717470595933,0.204045473774076,0,0.0111112926491815,0.0579638317666881,0,0,0,9999,0.245646426298722,1.06158997793569,"TCGA-86-6851-01","TCGA-86-6851","low"
0,0.159735021824636,0,0.084359793548228,0.076173269043592,0,0,0.106573809534258,0,0,0.031702688173995,0,0,0.280523144997332,0.0170316189625095,0.150991526524132,0.0635880101183165,0,0,0,0.0293211172729998,0,9999,0.158486749211969,1.12778897527592,"TCGA-91-6849-01","TCGA-91-6849","high"
0,0.0241010848682077,0,0,0.102686916281296,0.0820589766856965,0.0427748674555531,0,0,0,0.0540786149269094,0.0742563602432047,0,0.185627086412251,0.122915431675226,0.104714817242638,0,0.0938990004257219,0.112886843783297,0,0,0,9999,0.234123609146596,1.07276635269699,"TCGA-62-8402-01","TCGA-62-8402","high"
0,0,0.0617746791960772,0,0.0299749299277636,0.18750627039457,0,0.153752259119829,0,0,0,0.120977515789113,0.0868238126715148,0.107138019930658,0.062535283446385,0.0297295524972362,0.061091514226667,0,0.0986961628001861,0,0,0,9999,0.0844212565332215,1.16187924735826,"TCGA-78-7156-01","TCGA-78-7156","high"
0,0.147828545717095,0,0.130146286358219,0.0239182164466971,0,0,0.0699720691210667,0.0270975294904597,0,0,0.0596076278091701,0,0.272707603293203,0.0720551546481983,0.151302473483335,0,0.0209481568736767,0.00763108519305928,0,0.0167852515658207,0,9999,0.263142450450053,1.05964774986148,"TCGA-50-5941-01","TCGA-50-5941","low"
0,0.131523365663587,0,0,0.0837799520977195,0.0900027467388033,0,0.0271766923726254,0.0369293923692662,0,0,0.0614791114419371,0.0890656677595754,0.16659287673239,0.0478537326225448,0.0850062000300447,0.0830399874892029,0,0.074098307326725,0,0.0234519673555787,0,9999,0.065575548350715,1.1721985879043,"TCGA-62-A46Y-01","TCGA-62-A46Y","low"
0,0.0453879602602368,0,0,0.0479007143567049,0.00525041567187696,0,0.12179214412395,0.0369957071250728,0,0.0985310289701077,0.0138411773869925,0.00207280472860545,0.221254443374134,0.0489042384306229,0.166600748605706,0.0436232345992469,0,0.140258006540369,0,0.00758737582637278,0,9999,0.211540281356324,1.08253201611091,"TCGA-44-7660-01","TCGA-44-7660","high"
0,0.0532008509108398,0.0654660381271582,0,0.0460727393771599,0.138753390893296,0,0.114791224773016,0,0,0,0.121920581603911,0.0533606483816995,0.209883580808785,0.0351241850044673,0.072852414728135,0,0.0487210870998582,0,0,0.0398532582916745,0,9999,0.0990073320692306,1.15438038163528,"TCGA-MP-A4TF-01","TCGA-MP-A4TF","high"
0,0.0340343151369735,0.0400987184394725,0,0.0962287372887528,0.0842855080727674,0.0301794425576214,0,0.00816992014647956,0,0.0938208367399984,0,0.0487853683376339,0.215825910945747,0.0644345646414859,0.104173556777934,0.0696248819488857,0,0.0858577433929337,0,0.0244804955733145,0,9999,0.218111166292116,1.07988828085756,"TCGA-05-4402-01","TCGA-05-4402","high"
0,0,0.107107728590677,0.0944901747811432,0.0307143532165388,0,0,0.174010594522221,0.0189590472791187,0,0.064916230175916,0.0982480935892457,0.0172386301334047,0.253476797275895,0.0716961288380355,0.0549455317020989,0,0,0.0116187040521951,0,0.00257798584351061,0,9999,0.0989787929823114,1.15312183865742,"TCGA-62-A471-01","TCGA-62-A471","high"
0,0.168235619339023,0,0,0.0761341245611327,0.0970871710288523,0,0.0352084485089811,0,0,0.0512776288879828,0.00569577258354659,0.0361489858645146,0.204790627084234,0.0418138601922167,0.176823054541546,0.0242323812752405,0,0.0379777936919123,0,0.0445745324408172,0,9999,0.244972692727272,1.06779693011169,"TCGA-55-8513-01","TCGA-55-8513","low"
0,0,0.00825683728329065,0,0.116813778893949,0.0239324463792877,0.0338492377119004,0.0286146010434569,0,0,0.127367067161972,0,0,0.307034337343606,0.11761676590661,0.109685973831444,0.0343542159952035,0,0.0924747384492799,0,0,0,9999,0.177593924350778,1.11392453855253,"TCGA-05-4397-01","TCGA-05-4397","high"
0,0.0852764188829878,0,0.042082739484683,0.103558109079763,0,0,0.080540759465042,0,0,0,0.170542179028552,0.0298571400719138,0.22718265849239,0,0.116566917327938,0,0.0819128693710611,0.040338422060464,0,0.022141786735205,0,9999,0.106451362510927,1.1479853198813,"TCGA-05-5429-01","TCGA-05-5429","high"
0.0482821893846701,0,0.0483456917870737,0.0433154983397379,0.0541321479237524,0.197701156431664,0,0.0769011957231956,0,0,0.0122565853333988,0.0165396056060163,0,0.130096610130485,0.0572764515784298,0.18987191233132,0.0202016186440972,0,0.105079336786159,0,0,0,9999,0.0848682736395984,1.16085322093826,"TCGA-78-7167-01","TCGA-78-7167","low"
0,0.173178426158293,0,0.0167138409542699,0.0895400709679678,0,0,0.0401508557218344,0.0269239925440915,0,0.0917872561554254,0,0.0376377945925556,0.233952925502386,0.00512774581981304,0.157875525044694,0.110600170927776,0,0.0165113956108934,0,0,0,9999,0.336786094954116,1.01129950636496,"TCGA-50-8459-01","TCGA-50-8459","low"
0,0.0929587473479268,0,0,0.106665239642234,0,0,0.0815352803782485,0.039396233312756,0,0.0217165589165912,0.0895557758426097,0,0.191558544325017,0.049580432963044,0.139934932973371,0.131155224577947,0.00925156216285145,0.000124518621621957,0,0.0465669489357821,0,9999,0.159336973781335,1.11693822499694,"TCGA-93-8067-01","TCGA-93-8067","high"
0.0107899695726771,0,0.0849276370245905,0.150533083592851,0.0911651667110939,0.0204238398006227,0,0.0896171763259882,0.0439127194277455,0,0.0112525046121868,0.0208358063037384,0.0296081065725818,0.159167586522475,0,0.109082805221306,0.0764262646936212,0.0399309920456711,0.0623263415728516,0,0,0,9999,0.092140293621766,1.15201556650933,"TCGA-44-6776-01","TCGA-44-6776","high"
0,0,0.07044538632905,0,0.0968991876633941,0.000200593600589698,0.0891892888396586,0.0123712833793679,0,0,0.107717853364761,0.00100995984818281,0,0.234895391177613,0.123796789342495,0.0839277872501948,0.117763484973169,0,0.0565894444349765,0,0,0.00519354979654637,9999,0.178512595581476,1.10740124376444,"TCGA-44-7667-01","TCGA-44-7667","high"
0,0.0251198001442837,0,0.0546865762502148,0.101358104858133,0,0,0.0706788171709493,0,0,0,0.070701696860643,0,0.239596621010768,0.0860353325731737,0.194989769825575,0.05651239433548,0,0.10032088697078,0,0,0,9999,0.173177004456672,1.11522404726221,"TCGA-35-3615-01","TCGA-35-3615","high"
0,0.0991394611655228,0,0.010029420906256,0.0453983381562657,0.138913052676979,0,0.0464490794787394,0.015019651893171,0,0.059038153882069,0,0.050645947876618,0.24279774726904,0.0630783375997051,0.127894207064061,0.0280331836073485,0,0.0317713570007818,0,0.0417920614234434,0,9999,0.273815509674758,1.05026121624492,"TCGA-86-A4P8-01","TCGA-86-A4P8","low"
0,0,0.0168325005195945,0.0196251938667014,0.0172206021394613,0.229683643808956,0,0.0537593484423335,0,0,0,0.119917474719541,0,0.098542224742405,0.0227313576163952,0.129757887848135,0.0332580232754039,0.0113902661540455,0.18661998190952,0,0.0606614949575078,0,9999,0.0922495117780796,1.15603900840107,"TCGA-44-2666-01","TCGA-44-2666","low"
0,0,0.0439987373100536,0.080932724194603,0,0.0303115111850629,0.0471904971388707,0.226316667598985,0.0281248189308405,0,0.0419156676644381,0.0379080595780119,0,0.151162746549168,0,0.118224973704927,0.0325643420766792,0.0941035763639828,0.0158255669694329,0,0.0514201107349434,0,9999,0.276346120892331,1.04294471720137,"TCGA-44-5643-01","TCGA-44-5643","high"
0,0.1450454012762,0,0.10771965305471,0,0.0265081452124946,0,0.0289519371267356,0.030378568055964,0,0,0.0488265966861605,0.0417361093778089,0.117417352876751,0.0615981164287015,0.118229670177315,0.153657008333937,0,0.0873952149974575,0,0.0325362263957644,0,9999,0.310889195231001,1.0238695203955,"TCGA-44-2661-01","TCGA-44-2661","low"
0.0247076254395338,0,0.003519951262113,0.161346012095629,0.00571276618001931,0,0.100934485326445,0.0967301431378297,0.0626599304141024,0,0.08429812106855,0.00911815786461443,0.0958041391969996,0.181077661552356,0.0802858466662786,0.0411288914929259,0.0280754866284563,0,0.0246007816741464,0,0,0,9999,0.230786801768537,1.07696619322472,"TCGA-69-8255-01","TCGA-69-8255","high"
0,0.0810052112749729,0.0317960713997185,0.138553002954665,0.0857362943977194,0,0.0630677444654708,0.0767164441177276,0.0250204647581825,0,0.0817350198799899,0,0.0240536593386255,0.158193387989386,0.0355582326642893,0.113404149917162,0.0585621930278157,0.00214229164636716,0,0.0244558321679072,0,0,9999,0.17772476247416,1.10567545694807,"TCGA-49-4514-01","TCGA-49-4514","high"
0,0.0161402297486667,0.044943872446823,0.00364141914549335,0.137732229113555,0,0.0348009073013525,0.0763760366265252,0,0,0.00881109311184379,0.124829186448493,0.0155987690543081,0.191092109333592,0.0558657499167501,0.114639940119288,0.0384067694877969,0.0249260205592768,0.101606681810328,0,0.0105889857759079,0,9999,0.124674653426178,1.127354389107,"TCGA-78-7154-01","TCGA-78-7154","high"
0,0.0583676437227149,0.0200461797173578,0.0113295846922153,0.0813972558019838,0.100239795053596,0,0.064667825802655,0,0,0,0.141826718774218,0,0.33122367513795,0.0530139769435456,0.123844446965694,0.00031562306928849,0,0.0119689823702833,0,0.001758291948499,0,9999,0.145878277809861,1.1336385782137,"TCGA-55-8507-01","TCGA-55-8507","low"
0.0495408637411737,0,0.0275116419715089,0.135113272440878,0.048417375616181,0.0732374240058787,0.0159569824320082,0.085649741452797,0,0,0.0241866221736547,0.0154267621270405,0.0300029732053575,0.154745734323827,0.122230193749783,0.144792088415775,0.047986022013581,0,0,0,0.0252023023305556,0,9999,0.213668233818522,1.0883441648573,"TCGA-95-A4VP-01","TCGA-95-A4VP","low"
0,0.0463931645050244,0,0.0328814804947075,0.0397613128011768,0.055116313372105,0.0428526600001278,0,0,0,0.050132530139865,0,0.0231986496290035,0.309882356738799,0.126578789597089,0.134894449571314,0,0.0854357745092371,0.0528725186415515,0,0,0,9999,0.284186683300837,1.05945786387386,"TCGA-50-6595-01","TCGA-50-6595","high"
0,0,0.0229687843877179,0,0.152694684097915,0,0.0379547522488959,0.0820742545756084,0,0,0,0.091681862710378,0,0.138398715540414,0.11030313497051,0.181592290709536,0.106671644310838,0,0.0481428639832501,0,0.0275170124649365,0,9999,0.0406698104853864,1.18332351685614,"TCGA-78-7155-01","TCGA-78-7155","high"
0,0.0429129076670538,0,0,0.034062253160492,0.116402030565017,0,0.00245100024794431,0.0433622337032241,0,0,0.0846871905994329,0.0299362719279159,0.333922702758117,0.0693457862785067,0.201781218361148,0,0,0,0,0.0411364047311485,0,9999,0.306174627005083,1.03865266156456,"TCGA-05-4382-01","TCGA-05-4382","high"
0,0,0,0.0438818071664112,0,0.102062725857395,0,0.0338286663284763,0,0,0,0.0458517390241365,0.0631280139952575,0.28419638862527,0,0.16745525469236,0.0748366991117961,0.0614618831248031,0.123296822074094,0,0,0,9999,0.237842083806174,1.08977442264924,"TCGA-05-5428-01","TCGA-05-5428","high"
0,0,0.10724659812989,0.00822851393138932,0.165637879703462,0,0.00905720965563945,0.089252175291651,0,0,0,0.157878405695093,0,0.247781284784189,0.0483371806642961,0.103251492566831,0.0488907432031387,0,0.00165927450446799,0,0,0.0127792418699526,9999,0.03991823770843,1.1811363637504,"TCGA-44-5644-01","TCGA-44-5644","high"
0,0.0621042214198492,0,0.116476963988118,0.0168697815847458,0,0.102915767798296,0.0144588165520379,0.0034840693720686,0,0,0.104393295712548,0.00447490565162957,0.252598773352179,0.0268068763414557,0.123813677982828,0.0378811189975828,0.0802247985186696,0.0381890926741478,0,0.0153078400538445,0,9999,0.252796170857734,1.06535873498751,"TCGA-55-6978-01","TCGA-55-6978","high"
0,0.0833208843169773,0.115523176200202,0.0387613370744064,0.109461899845634,0,0,0.142103242188105,0,0,0.057228976957077,0,0,0.131636177072894,0.0226099070902579,0.228202983699742,0,0,0.0711514155547044,0,0,0,9999,0.122435164750567,1.12944493037659,"TCGA-NJ-A55R-01","TCGA-NJ-A55R","high"
0,0.0539150732617702,0,0.0227176095512039,0.062508133831445,0.0787029370628615,0,0.123633250892247,0,0,0.00246848702356342,0.0918410030431524,0,0.198909919559916,0.158008301558666,0.122353808764143,0,0,0.0739352586690528,0,0.0110062167819782,0,9999,0.202572938349493,1.09159633929582,"TCGA-91-6840-01","TCGA-91-6840","high"
0.0203580729232728,0,0.0971952656922585,0,0.0883682988363296,0.0497933944400065,0.00423856895634014,0.0950718682277786,0,0,0,0.166583086354056,0,0.197598247082379,0,0.184742360442483,0,0.0109784168706945,0.0850724201744021,0,0,0,9999,0.078683368953778,1.15492714379641,"TCGA-55-8094-01","TCGA-55-8094","high"
0,0.0802846262671807,0,0,0.0735819257715137,0.128872971944138,0.0103951782291708,0,0.00505897682659422,0,0,0.0712755639496896,0.0303766625030055,0.167427387199123,0.156173871495598,0.1050223820798,0.159688195385216,0,0,0,0.011842258348971,0,9999,0.297801188127423,1.04139243039092,"TCGA-44-7661-01","TCGA-44-7661","high"
0,0,0.100223318281996,0,0.126586363202478,0,0.015601138433348,0.083400681571211,0,0,0.0780847727242536,0.0563014556663454,0.020704895404504,0.287782741858539,0.0492115728044869,0.121484248529908,0.06061881152293,0,0,0,0,0,9999,0.203415098183962,1.09062157965111,"TCGA-NJ-A4YF-01","TCGA-NJ-A4YF","high"
0.027572029657814,0,0.0717569065059152,0.120508575926515,0.0455093093519224,0.0798585450624389,0,0.0664181187240487,0.0354010232937119,0,0.0211212810141562,0,0.110632267005481,0.108635412461056,0.0808714284124722,0.0580540307922562,0.165882352410644,0,0.00777871938156792,0,0,0,9999,0.113811846851925,1.14879092603316,"TCGA-67-6217-01","TCGA-67-6217","low"
0,0.0410811201245263,0.071443991352463,0.0350632695769758,0.121156253182872,0,0.0807858963330504,0.0413463753792639,0,0,0,0.174848844282641,0.04589928748634,0.188130647316958,0.00305088886990534,0.143501166617026,0.00580141342596884,0.0188267449861008,0.0290641010659088,0,0,0,9999,0.122179486870115,1.13298660831801,"TCGA-86-A4D0-01","TCGA-86-A4D0","high"
0,0.159414280825022,0,0,0.0793711247786693,0.0642116719946661,0,0.0658241403174768,0.0190541798936284,0,0,0.0221662804522267,0.0992554591407536,0.213183303577703,0.0902162656714857,0,0.086538469543628,0,0,0.0587590109932864,0.0420058128114543,0,9999,0.233787675018999,1.07559369121247,"TCGA-50-5939-01","TCGA-50-5939","high"
0,0.077517946475321,0,0,0.0225279093572787,0.099206461028088,0,0,0.00889557321689481,0,0.00309109140117406,0.072711390515329,0.128586740675089,0.171535188396311,0.106212363340799,0.132596337205405,0.0887973981564995,0,0.0883216002318111,0,0,0,9999,0.235901985389556,1.08396371513347,"TCGA-55-7816-01","TCGA-55-7816","low"
0,0.110432458738082,0.0754095435328058,0,0.0666674140612879,0.117438545481844,0,0.0951582927337046,0,0,0.0315159070767108,0.0333337185494487,0.110383767521566,0.105406360182973,0.0354443089857021,0.0706587046114297,0.0927392075103271,0,0,0.0499354527740109,0.00547631824010713,0,9999,0.12580006849735,1.13603303685576,"TCGA-50-5051-01","TCGA-50-5051","high"
0,0.140285455531334,0,0,0.170691011520535,0.0650668002695186,0.0218802016091043,0.0112847259292847,0,0,0,0.0287633538859155,0.0110708119232341,0.206008767131817,0.0971790164823753,0.0342966558556068,0.194496832289055,0,0.0189763675722194,0,0,0,9999,0.104249788829816,1.16029954241506,"TCGA-86-8279-01","TCGA-86-8279","low"
0,0.132714878245425,0,0,0.0629076342322822,0.0394491964427137,0,0.0731525630576637,0,0,0,0.0947009197406468,0,0.253015773393887,0.0671757214704188,0.13438645444951,0,0.0145180450179472,0.0957142374503983,0,0.0322645764991075,0,9999,0.22268493843285,1.07763642750091,"TCGA-55-6970-01","TCGA-55-6970","high"
0,0.0939743255311188,0.0157335052801949,0.148398542014268,0,0.00562273990170865,0.0187124774076685,0.0246377037658789,0,0,0,0.158466533158126,0.0114064604755305,0.106790255601607,0.0291220433964422,0.171864986774509,0.0764771121676072,0.0876110498668549,0.0511822646584854,0,0,0,9999,0.136479039320283,1.13740799217208,"TCGA-49-4488-01","TCGA-49-4488","high"
0,0.1812894968085,0,0.0866806747950417,0.0244369878105007,0.0806862074622936,0,0.045720695563643,0.0142795688294865,0,0.0452557964653596,0.0469862726382706,0,0.1924305549485,0.0697747214496105,0.140615975385455,0,0.027264384590991,0.0394459677661384,0,0.0051326954862093,0,9999,0.275731309334405,1.0486740815314,"TCGA-97-7552-01","TCGA-97-7552","low"
0.00526726403998134,0,0.0144622317754493,0.0710592070445129,0.0793942250139966,0.0836760248642191,0,0.113887422786029,0.0246329068094846,0,0.0099323417349506,0.0324765880592968,0,0.171019042266445,0.13472877022703,0.147411851072221,0.0853278418922822,0,0.0267242824141016,0,0,0,9999,0.181084589258018,1.10874761115762,"TCGA-95-7947-01","TCGA-95-7947","low"
0,0.189974407510348,0,0,0.0546505900451562,0.0800429167846234,0,0,0.00904875646348626,0,0,0.0734425214419108,0.0277845424415264,0.23061250361004,0.0805375766367993,0.0990102395115077,0.0908181752519077,0,0.0610508133662542,0,0.00302695693643943,0,9999,0.29439435061243,1.04041345591165,"TCGA-05-4425-01","TCGA-05-4425","low"
0,0,0.00685768857558892,0,0.0897481587965905,0.170261477893351,0,0.0348291831674022,0,0,0,0.142630551749338,0.0228212836479415,0.196401429040759,0.00607942313537876,0.200820149630524,0.00357959837464046,0.0198607887594016,0.0266370759470979,0,0.0794731912819866,0,9999,0.0849628077904027,1.1644072264494,"TCGA-78-7633-01","TCGA-78-7633","low"
0,0,0.164382681673847,0.0781023603329171,0.0651540837564736,0,0.0790484570240706,0.056244298717196,0,0,0,0.105671838863466,0.0407304310218098,0.133350851804252,0,0.149113667623596,0.0408763643023861,0.0123041612178334,0.0750208036621524,0,0,0,9999,0.107756169918537,1.13475366416713,"TCGA-64-1678-01","TCGA-64-1678","high"
0,0.0177772382533588,0.0498885096260765,0.00911731247600589,0.115780136682143,0.0571954214215287,0,0.0422786472036885,0,0,0.0261401733806901,0.134356565419677,0,0.257639724205437,0.136161426899512,0.0685883456558188,0.0524780457037695,0,0.0109748262705236,0,0,0.0216236268017712,9999,0.0935036878920754,1.16025295297805,"TCGA-80-5608-01","TCGA-80-5608","low"
0,0.0633010193102901,0,0.0253779877190915,0,0.115104492855854,0.0750211256352179,0,0.0346227345468202,0,0,0.0522475535920916,0.0255954578195741,0.257627053172725,0.0607923314862903,0.231074099833592,0.00171749279931208,0,0.0575186512291401,0,0,0,9999,0.104644819235983,1.16257389584198,"TCGA-64-5775-01","TCGA-64-5775","high"
0,0.133085215215348,0.111118353476128,0,0.0750250866207006,0.0147514989001697,0.0131973931391448,0.0648196535463967,0.0314793680881172,0,0.0530066036238393,0.014439881237944,0,0.288317101446704,0.0280475701744198,0.141814800795451,0,0,0.0244360647270233,0,0,0.00646140900861386,9999,0.20753320801416,1.08757216869367,"TCGA-55-8508-01","TCGA-55-8508","low"
0,0.194145493499567,0.0305517281831377,0.107731240715482,0.0604587942199103,0,0.0263167830171433,0.00413208225777405,0.00134524963008429,0,0.0156460510961339,0,0.0282850144716357,0.20560875955939,0.0976428845075031,0.0932947808262,0.076610738278563,0,0.0489417001997995,0,0.00928869953767623,0,9999,0.22473601856253,1.08391101598323,"TCGA-44-2656-01","TCGA-44-2656","high"
0,0.181077317570024,0,0,0.11002365648514,0.0156576225208557,0,0.0212259899178027,0,0,0,0.117496600586086,0.0839106612567466,0.125259675963287,0.016415291204533,0.085366995306819,0.227304842722454,0,0,0,0.016261346466253,0,9999,0.225792320915883,1.08571783185284,"TCGA-55-7281-01","TCGA-55-7281","low"
0,0,0.0500143045061875,0,0.115324464793332,0.0170586857540742,0.0210506746317794,0.0676104471676,0,0,0.119719498441044,0,0.15982787208022,0.166588274164463,0.108349549471021,0.02851975469018,0.134280094140826,0,0,0.0116563801592738,0,0,9999,0.196245478146051,1.0995205682504,"TCGA-J2-8194-01","TCGA-J2-8194","high"
0,0,0.062456030058233,0.0572805162958163,0.079262078474325,0,0,0.131437868257605,0.00162341843251044,0,0,0.155969054115031,0,0.243410194502146,0.0210785829229538,0.146582575901255,0,0.0851896718001217,0.0157100092400025,0,0,0,9999,0.1119564296488,1.14551458268169,"TCGA-78-7150-01","TCGA-78-7150","high"
0,0.151607241649002,0.0255143816414756,0.121162816782574,0.024975884176644,0.0789458727729112,0,0.0439910193602162,0.0275967627413641,0,0,0,0.0462196144132193,0.180079398074522,0.108515377529359,0.0765433854970188,0.103029484677507,0,0,0,0.0118187606841862,0,9999,0.28126548414481,1.04894657235655,"TCGA-44-A47G-01","TCGA-44-A47G","low"
0,0.0222620121471013,0.0394896791128125,0.136974788774134,0.054832612288009,0.0253510116875407,0,0.0852557860516524,0,0,0,0.0553776348045848,0,0.204470555714791,0.0268500623236265,0.274434974676975,0,0.0267209943009746,0.0440907996360513,0,0.00388908848174708,0,9999,0.13933334795161,1.13432277661415,"TCGA-99-8025-01","TCGA-99-8025","low"
0,0.00636708830853263,0,0.121125607234303,0.00189113421473189,0,0.0541050222152048,0.0209262252083603,0.0486120860301249,0,0,0.0598970970675626,0.0102527498549896,0.361764425528925,0.11473910019093,0.109161366191296,0,0.010130513806961,0.0434293425538664,0,0.0375982415942112,0,9999,0.292209618870024,1.0456056138967,"TCGA-50-6592-01","TCGA-50-6592","high"
0,0.0636119502474721,0,0.00160193716969968,0.0487597437556118,0.120523132768972,0.0118725311708816,0.00348501265874826,0,0,0,0.00807528735440547,0.0149148418372176,0.105303399123093,0.0881474688739748,0.0711336083351955,0.25175822989744,0,0.20108457887859,0,0,0.00972827792869883,9999,0.241446489099468,1.07575911207777,"TCGA-05-4249-01","TCGA-05-4249","low"
0,0.191259689349516,0,0.0314350286715878,0,0.0340870272501123,0,0.0666967384117316,0,0,0,0.0286102402612051,0.027509039229861,0.393506090149,0.0233724230925104,0.115945897617731,0.0125048914339547,0.011775511296486,0,0,0.0632974232363035,0,9999,0.248571773471668,1.08323840760774,"TCGA-97-7553-01","TCGA-97-7553","high"
0,0.125118020684441,0.00403650735179234,0,0.0382378694822919,0.0484100932588181,0.0551952181479147,0.00921177616601501,0,0,0.0262595919115527,0.0346697274590729,0,0.17201607616938,0.119210722851436,0.184262776437708,0.0690908213646932,0,0.114280798714885,0,0,0,9999,0.301320653287,1.03272061702801,"TCGA-75-5125-01","TCGA-75-5125","high"
0,0.0252517646464636,0.117481805149225,0.0768858222914388,0.0327382513611031,0.0502097487614798,0,0.0883414319324605,0,0,0,0.010114247835858,0.0623918772716468,0.114062864800313,0.0323257005385308,0.149407899489706,0.177002267811884,0.0265832408743694,0.037203077235521,0,0,0,9999,0.19865200217037,1.09726822983383,"TCGA-67-3772-01","TCGA-67-3772","low"
0,0.0268925871201229,0,0,0.104199518584025,0.117397404544904,0,0.0723541342416623,0,0,0.0263335956718237,0.0854237190851967,0.0122942076167414,0.141923569749492,0.10633546930647,0.0759098944419428,0.0799323947173288,0.000425359505357814,0.150578145414932,0,0,0,9999,0.119674324250483,1.13619891138358,"TCGA-78-7147-01","TCGA-78-7147","low"
0,0.0379137677421061,0,0,0.0193188239956321,0.0711536825790719,0.0660735328865317,0,0,0,0,0,0.0708444755322215,0.353369115626533,0,0.147825246865307,0.0720825787816517,0,0.161418775990945,0,0,0,9999,0.245609753008549,1.09001887553683,"TCGA-38-4628-01","TCGA-38-4628","low"
0,0.125330883944311,0.101859305909043,0.0923591727642771,0.0871356789689387,0,0.00391928003526672,0.0275856140935084,0.0354947477481161,0,0,0.0824685741209875,0,0.208719950791618,0,0.174955575573125,0,0,0.0601712160508076,0,0,0,9999,0.167734096270954,1.10650911346355,"TCGA-99-8032-01","TCGA-99-8032","high"
0,0.103856639995165,0.00266396231566098,0.0298594979648437,0.0546251308377081,0.034992590625839,0,0.0149226089647954,0.0188524774549822,0,0.122302599351909,0,0,0.349213052817492,0.0566754279626284,0.164691622589494,0.0211593088607095,0,0,0,0.0261850802587727,0,9999,0.342863239911258,1.0117283701119,"TCGA-78-8648-01","TCGA-78-8648","low"
0,0,0.0592707627265613,0,0.0369688969773904,0.182091743114885,0,0.0681067618016421,0.012828329406537,0,0,0.0682982398476334,0.183957312208395,0.178780687194697,0.0550200750216605,0.063685980546328,0.0126938244622039,0,0.0473863844905146,0,0.0309110022015518,0,9999,0.113991398042157,1.1482183895341,"TCGA-62-A46S-01","TCGA-62-A46S","low"
0,0.0167474921406863,0,0,0.0292506007862721,0.142424671417879,0,0.0955944140642834,0.0119013702998479,0,0.0713736809181186,0.0335170450720741,0.0647555414705074,0.195438701520081,0.0523469551590533,0.134076529035646,0.0566391696483977,0,0.0959338284671522,0,0,0,9999,0.204356277090001,1.09233242765671,"TCGA-NJ-A55O-01","TCGA-NJ-A55O","low"
0,0.115960234192252,0,0.064318292820814,0.00373912548429082,0.0204181794172503,0,0.0590697551881242,0,0.00376289896347255,0.0106033142272595,0.07432727164634,0,0.241996228956566,0.113120650347941,0.152148680281641,0,0.00477826288378582,0.114893084407324,0,0.0208640211829385,0,9999,0.236706563278943,1.07448942662953,"TCGA-44-6779-01","TCGA-44-6779","high"
0,0.0695098886993694,0,0,0.120851792687139,0.130490671592021,0,0.0678465550470188,0,0,0,0.0919577071667491,0.077076559771748,0.170634688928339,0.0192190919072278,0.0336497159630499,0.0576466508585334,0.0528171192889044,0.0680700840873549,0,0.0402294740025452,0,9999,0.0154415971431139,1.20036677345776,"TCGA-97-7938-01","TCGA-97-7938","low"
0,0.142425480254279,0.00383104385759309,0.0111888749208644,0.103761822599223,0.0436391671876274,0,0.0827831264114367,0.0118449711510937,0,0,0.0584462179749502,0.0193978704326202,0.213669733996125,0.0328043765692595,0.157466509380936,0,0,0.0780091732790033,0,0.040731631984989,0,9999,0.15551256220978,1.11536679432092,"TCGA-MP-A4SW-01","TCGA-MP-A4SW","low"
0,0.14320439223828,0.0247776590234571,0.120546925648637,0.121012741350866,0,0,0.058404308417183,0.0179056396407833,0,0,0.0543158460591632,0,0.127389715493284,0.0358643518237753,0.12752660178886,0.0669850666324337,0,0.0902050439006205,0,0.0118617079826567,0,9999,0.161730895968137,1.11059968241121,"TCGA-49-AARN-01","TCGA-49-AARN","low"
0,0.026358253421859,0,0.0688476470121196,0,0.120585868533194,0,0.146835542891125,0.030943252353766,0,0,0.0387874842218053,0.0687730796573746,0.167783817828537,0.0416933454625637,0.113701887523351,0.0683574257091083,0,0.107332395385197,0,0,0,9999,0.152824732647292,1.12238405474011,"TCGA-55-8097-01","TCGA-55-8097","low"
0,0.211713355645659,0,0.0351734887740797,0.068974962591187,0.0910016903966806,0,0.0809437804012045,0.0204329786818535,0,0.0402107860240602,0.0317182729855977,0.0448021663286997,0.153686892002328,0.091240547694791,0.0697937204506495,0,0,0.0469661557099882,0,0.0133412023132217,0,9999,0.26040406324186,1.05678756345508,"TCGA-93-A4JQ-01","TCGA-93-A4JQ","high"
0,0.0627740027155185,0,0.141163483819843,0.0369735309751755,0,0.00181626529318459,0.0337431367152694,0.0781646883502348,0,0.0350089231493863,0.0465447272759566,0,0.23010172133218,0.136443897374529,0.0586155912268365,0.0457762621664771,0,0.0872104729697554,0,0.00566329663565308,0,9999,0.328871384515777,1.00891484290208,"TCGA-55-8299-01","TCGA-55-8299","low"
0,0.012274526857391,0.125038580911019,0.0748956437164472,0.0201369037945165,0.00618943176708876,0,0.138279062375495,0,0,0,0.110062280373011,0,0.253376214057029,0.0768986492319917,0.148636021341925,0.0280509154768842,0,0,0,0.00616177009720206,0,9999,0.157723373715963,1.11864187818159,"TCGA-4B-A93V-01","TCGA-4B-A93V","high"
0,0.129498741908396,0.0340634318039817,0,0,0.0579497857552918,0.0185310864493235,0.142962536997893,0.0365231770709869,0,0.055194706909424,0,0.00160165224544288,0.150003616510281,0.117466605340309,0.0334073552583399,0.20416846805411,0,0,0.0186288356962202,0,0,9999,0.298643744800695,1.03411921188445,"TCGA-05-4417-01","TCGA-05-4417","low"
0,0.127463042887259,0,0,0.157395808979747,0.0942239293429865,0,0.0175917892190217,0,0,0.0203900861085582,0.05516184099471,0.0288956622180695,0.177365446305884,0.0194383344306528,0.123338775506916,0.108333951396311,0,0.0704013326098844,0,0,0,9999,0.176585155354547,1.10759838134023,"TCGA-78-7143-01","TCGA-78-7143","low"
0,0.00639383616195788,0,0,0.0721861371018113,0.0802031648090564,0.0420621179931857,0.0710993734687142,0.0163917140454197,0,0.0811848210405166,0,0.0614455143746211,0.279167918110241,0.128707688466286,0.0549735672608965,0.0603315685319889,0,0,0.0373412172523719,0,0.00851136138293328,9999,0.324595820642482,1.019432457356,"TCGA-44-3396-01","TCGA-44-3396","low"
0.0268149749093965,0,0.0581498354893814,0.0953528799282918,0.0841962800419623,0,0.0321975419738847,0.0380519610687679,0.00170366697014982,0,0.0298876653172587,0.077551651521277,0.00969993313638096,0.250239389314993,0.126129950156445,0.114865297949217,0,0.0407007288921061,0,0,0.0144582433304876,0,9999,0.190274280768625,1.1023522463093,"TCGA-53-7624-01","TCGA-53-7624","high"
0,0.10217587763312,0.0298502479742011,0.0285042430918527,0.103387152824941,0,0.0154309951788503,0.0207719638314427,0,0,0.0150041798506707,0.0449436335916448,0,0.333453866917641,0.0302964617613553,0.133435529282477,0,0.0635263184172266,0.0792195296445776,0,0,0,9999,0.268825829873804,1.05635193297591,"TCGA-75-5147-01","TCGA-75-5147","high"
0,0.014118108859724,0.042992985708204,0.0215507707735523,0.082209624661953,0,0,0.126745160568842,0,0,0,0.0894209750781874,0.0126511404333678,0.207446334714257,0.0649178220757616,0.13553089269058,0,0.0583122322082085,0.10687779556795,0,0.0372261566594124,0,9999,0.134273149150234,1.12499930223585,"TCGA-55-1596-01","TCGA-55-1596","high"
0,0.137358794409676,0,0.0224777048945566,0.0909570016616846,0.156540447386907,0,0.0298965324840928,0.0610074684543112,0,0.0142836815441623,0,0.0630253337930025,0.108043830914734,0.0767860407865193,0.0733061770312494,0.14825622179673,0,0.0151737381081967,0,0.00288702673417766,0,9999,0.268342805142427,1.05388647129785,"TCGA-44-5645-01","TCGA-44-5645","low"
0,0.113192686392703,0,0.0904921376468665,0.0429893148004244,0.00849795231718931,0.0441318726872267,0.0493239944044015,0.030164820097925,0,0.074842566652584,0,0.016213097811357,0.252649126261721,0.113945353063518,0.138615632512675,0.00539447963509215,0,0.0195469657163167,0,0,0,9999,0.278071430750669,1.04753766748012,"TCGA-55-6971-01","TCGA-55-6971","low"
0,0.0247174652864794,0,0.0518571882089402,0.059841346166481,0.142609748023633,0,0.0449787159944403,0.0311953179663031,0,0.0407358001276687,0.0287339777981386,0.0645746840454421,0.138157191566704,0.0639165445659912,0.144084507219634,0.0495728749080916,0,0.115024638122053,0,0,0,9999,0.119324660381194,1.14119248104225,"TCGA-73-7498-01","TCGA-73-7498","low"
0,0.163685023391827,0,0.0659702148231165,0.0710237347286261,0.0118906861244021,0,0.0786066045016667,0.0122653196901434,0,0.0178402386030813,0.0338771645202224,0.00621332951106396,0.188830191147247,0,0.177160571221151,0.121798593696965,0.0301904957688855,0,0,0.0206478322716013,0,9999,0.317860627124629,1.02264798449542,"TCGA-49-AARO-01","TCGA-49-AARO","low"
0,0,0.0383448869526467,0,0.163857203800898,0,0,0.113851475990759,0,0,0,0.121175590543102,0,0.170296413565436,0.0507627952627149,0.199237859062811,0,0.0111393531093996,0.131334421712234,0,0,0,9999,0.0551321096858183,1.16737487209744,"TCGA-05-4396-01","TCGA-05-4396","high"
0,0.144860906546593,0,0.0829246913984106,0.0105552377512692,0.0679014492806983,0,0.102828428716529,0.0467976004985925,0,0.0212333513937128,0.01927909492441,0.0559079964466613,0.135968286506433,0.0185245452228555,0.120150631577509,0.0814327687917861,0.0167500041895935,0.0464832255368697,0,0.0284017812180768,0,9999,0.108993354941875,1.14867748610264,"TCGA-69-8254-01","TCGA-69-8254","low"
0,0.100215836950999,0,0.0471832942594758,0.0192882924095413,0.161104727706593,0,0.0850416448352948,0,0,0,0.0199143999265687,0.123774283399722,0.112280294407892,0.0942387696849844,0.0599127324589686,0.0824387956706543,0,0,0,0.0946069282893067,0,9999,0.186390834134291,1.10719287449366,"TCGA-J2-A4AG-01","TCGA-J2-A4AG","low"
0,0.0142200610963987,0,0.0560741060210182,0.0819875704130472,0,0.0588198545548435,0.0497498455236461,0,0,0,0.102862331601475,0.0135529318005555,0.396229195114947,0.0234587355743547,0.103293203818648,0,0.0555452806567314,0.0310303711686599,0,0.0131765126556741,0,9999,0.175305217878336,1.12165509669527,"TCGA-78-7146-01","TCGA-78-7146","high"
0,0.0768419423495475,0,0.0472749977591947,0.0989339840851921,0.101461299007046,0,0.0747573938564973,0,0,0,0.0414515427887088,0,0.206480462316405,0.0537421532930173,0.100798487964093,0.0881058376267949,0,0.0870699416417771,0,0.0230819573117271,0,9999,0.148527699419631,1.12351324919007,"TCGA-73-4677-01","TCGA-73-4677","high"
0,0.102249980759953,0.0282540558466887,0.0593996338351519,0.0810562815880531,0,0.0357373702196062,0.0112411551512512,0,0,0,0.0290320683128022,0,0.243461735906713,0.0418243560142202,0.196665085111579,0,0.0262279933503279,0.127561418896611,0,0.0172888650070427,0,9999,0.162973620922942,1.11701540051476,"TCGA-97-7554-01","TCGA-97-7554","low"
0,0,0.0387591526657837,0,0.112423632378495,0.136114974602341,0,0.105821845757483,0,0,0,0.0974758206737358,0.135909314158988,0.13603423582789,0.0310586653536962,0.0401453008620372,0.0489883468088302,0.0389405802927034,0.0783281306180166,0,0,0,9999,0.0794823874491168,1.16306336498717,"TCGA-L9-A443-01","TCGA-L9-A443","low"
0,0.14480334122742,0,0.116314063137996,0,0,0.0134542399544655,0.0699836029114999,0.0297098078155308,0,0.0664697389069838,0.0417579294504107,0.0526878485755705,0.236298792277268,0.104581207162427,0.0621364233614594,0,0,0.0564779602716821,0,0.00532504494728562,0,9999,0.339311834474581,1.00480854079623,"TCGA-55-6987-01","TCGA-55-6987","high"
0,0,0.043422485455728,0.0950477565094115,0.0576550968127273,0,0.0418617513277313,0.0908496916360948,0,0,0,0.0896577291908982,0,0.253214203901809,0.0281654736897598,0.110313984184187,0.0301340000771277,0,0.159677827214525,0,0,0,9999,0.0980917263114122,1.14870945325822,"TCGA-78-7220-01","TCGA-78-7220","high"
0,0.0889914343529642,0.0329572484996836,0.143506220560501,0.0290510284950087,0.0166042357884197,0.0348243289516991,0.0673625437467629,0,0,0.0123254487902453,0.0692933711062018,0.0592859593346483,0.184801337394522,0.200675216329814,0.0305396687573932,0.0297819578921365,0,0,0,0,0,9999,0.214171991141042,1.09245467482884,"TCGA-64-1677-01","TCGA-64-1677","high"
0,0.0603179849394375,0,0.126526949195879,0.0108078590038419,0,0.10232655607451,0.0130542850250892,0.0370378113587803,0,0.0383269861487237,0,0.0555308245673932,0.206614777001365,0.0952563167553627,0.107127349005812,0.0441117918723641,0.0358695646585216,0.0670909443929206,0,0,0,9999,0.236290324190304,1.07339852105095,"TCGA-73-4666-01","TCGA-73-4666","high"
0,0,0.0351699846574181,0.0802116124437861,0.0223825036300239,0.0754266267304769,0,0.198263085004947,0,0,0,0.0655273216218532,0.0418682890137732,0.161380852294939,0.0279284940033055,0.0898138200762136,0.0329918293722914,0.044457311257026,0.0898938543446801,0,0.0346844155492659,0,9999,0.0597134252167011,1.17310094124752,"TCGA-49-4486-01","TCGA-49-4486","high"
0,0,0.0279951441778746,0.186221705964619,0.025862034217773,0,0.0452688551605959,0.112903690439707,0,0,0.0291785425409578,0.0234828668177389,0.0290707479927483,0.191046654261379,0.153920490582787,0.0266366323931653,0.0579804289692272,0,0.0894237286730909,0,0.00100847780833507,0,9999,0.121128960298482,1.14310601023404,"TCGA-MN-A4N5-01","TCGA-MN-A4N5","low"
0,0.16399242832826,0,0.0119726399735318,0.0296808539173807,0.0795744967300117,0.000334054546023456,0.0942611590340715,0,0,0.055816055013339,0,0.0272552872589765,0.197460988175884,0.12661058098228,0.0771733899271804,0.0739028334865424,0,0.0619652326265178,0,0,0,9999,0.219263367302556,1.08601417235814,"TCGA-78-7152-01","TCGA-78-7152","low"
0,0.0890875587408855,0,0.12359297845291,0,0,0.0863995108772089,0.0526022123265892,0.0184951980227919,0,0,0.122642653612925,0.070928776758829,0.128155471409559,0.0676054342665372,0.140491416846585,0,0.0319482837438565,0.032353512999853,0,0.0356969919414702,0,9999,0.215491116294854,1.08255204145821,"TCGA-83-5908-01","TCGA-83-5908","high"
0,0.122307404069222,0,0.0208021037671729,0.110171070942321,0.0158199113180994,0.00616777599794074,0.000839236814712676,0,0,0.0418307635627404,0,0.0260993593840985,0.288873699272407,0.0329890656471138,0.112251778966181,0.168943164288687,0,0.0529046659693036,0,0,0,9999,0.225866742502119,1.09593431124812,"TCGA-50-6593-01","TCGA-50-6593","low"
0,0.114865953792623,0,0,0.0781431245251895,0.0855349622455955,0.0125525806800516,0.0667032678460392,0.0208273725178396,0,0.00693585746806326,0.0660950314954734,0.0807760554224538,0.170810766328003,0.0727896169434852,0.0756404253993612,0.0501262353491078,0.0127264147654524,0.0854723352212616,0,0,0,9999,0.254540571744321,1.05577890013497,"TCGA-MP-A4TC-01","TCGA-MP-A4TC","high"
0,0.0654979700091391,0,0,0.0618794352336763,0.0868092500248253,0,0.0538339021651084,0.0560126224720101,0,0,0.118005344851444,0,0.221263190277757,0.0420713004737274,0.0474664359238533,0,0.0747818122272493,0.113569432095619,0,0.058809304245592,0,9999,0.126104519031786,1.13068728018379,"TCGA-78-7542-01","TCGA-78-7542","high"
0,0,0.0249823714407693,0,0.0929579771896647,0.103391635823625,0,0.121069481534151,0,0,0.0420151093778563,0.0752923655641941,0,0.320533099562574,0,0.219757959507165,0,0,0,0,0,0,9999,0.0919805268918489,1.16849343965147,"TCGA-55-8615-01","TCGA-55-8615","high"
0,0.1106421543643,0,0.131092239073219,0.0459985902814462,0,0.0570024763706645,0.0423121124688107,0.0539919826202522,0,0.0199106775226618,0.0619476129319692,0.0836397576078862,0.242728321386705,0.0203635534381827,0.1191328205292,0.011237701404703,0,0,0,0,0,9999,0.306019723026313,1.02800770475095,"TCGA-55-A493-01","TCGA-55-A493","high"
0,0.0886598418474043,0,0,0.0825620768616685,0.0516192594426109,0,0.0417832993124319,0.0305661093678316,0,0,0.165081686044952,0.0985470608086385,0.133623674409527,0.0500146820218067,0.0603403499087989,0.0577677608811921,0,0.0767217807752198,0,0.0627124183179187,0,9999,0.0290418929679465,1.18744281296938,"TCGA-71-6725-01","TCGA-71-6725","low"
0,0.0800516464114872,0.0130757928539822,0.103664128969066,0,0.115824063469084,0,0.0484317988636718,0,0,0,0.10917597572388,0,0.345157006335294,0,0.135454479633374,0,0.00198816389781959,0.0471769438423408,0,0,0,9999,0.156910543798617,1.13236651492264,"TCGA-73-4668-01","TCGA-73-4668","high"
0,0.059738292745101,0,0.0450257718777835,0.0274893344143316,0.0948345056602201,0,0.061661676808856,0.036817310711887,0,0.0320944383677061,0.0251438601819903,0.0357739257956789,0.2111288501426,0.0247892778423187,0.125062582660794,0.0342571699456022,0,0.176890614239669,0,0.00929238860546133,0,9999,0.117110781561813,1.1407155165508,"TCGA-78-7158-01","TCGA-78-7158","low"
0,0.099921554611535,0,0.0873863291948696,0.0913912223863266,0.026881565256499,0,0.0535440424900198,0,0,0,0.0600528499215214,0.0779476496497848,0.136973237862092,0.0219630516739591,0.142653166471491,0.0487200772758881,0.00199236954418388,0.091154210249012,0,0.0594186734128174,0,9999,0.029446626199334,1.18974504254012,"TCGA-44-7659-01","TCGA-44-7659","low"
0,0.0878773751121975,0,0.0591253692072263,0.0395672612987462,0.0568791655669424,0,0,0.00803485360206833,0,0,0.0614057836777447,0,0.354975151027311,0.118824379121228,0.133330952601225,0,0.0113531086758819,0.0364899067210309,0,0.0321366933883978,0,9999,0.318221879408461,1.03131844486455,"TCGA-05-5425-01","TCGA-05-5425","high"
0,0.124891862820242,0,0.00946729312182173,0,0.118758439212133,0,0.0254403147065562,0.00895262891696505,0,0,0.0916025049324068,0.0204444663699764,0.337918728270601,0,0.136079765124682,0.00286429198166038,0.0455477167295034,0.0780319878134518,0,0,0,9999,0.256457266106396,1.06950525187002,"TCGA-64-1679-01","TCGA-64-1679","low"
0,0.124180482107047,0,0.0585266715551635,0,0.0319128985370481,0,0.0906819186010008,0.0422996707803899,0,0,0.146704789362822,0.0107560636885309,0.270689987670963,0.0584231459460956,0.144587716632186,0,0,0.0212366551187536,0,0,0,9999,0.128827973166175,1.14148200792956,"TCGA-55-8506-01","TCGA-55-8506","low"
0,0.122408026066477,0.0156079576727755,0.00621766310964241,0.0339910418885355,0.0804080246241304,0.00691169824650228,0.12360258927076,0.0113480294554992,0,0.13809019252561,0,0.0682715486759897,0.198272840579328,0.0863920354023413,0.0789018285278471,0.029576523954562,0,0,0,0,0,9999,0.128917432941183,1.140558193487,"TCGA-78-7166-01","TCGA-78-7166","high"
0,0.0771718087792874,0,0.0643840498221683,0.0686866058851301,0.0612664207632434,0,0.00695920590972851,0,0,0,0.0356791764781421,0.136095979444535,0.207666686864581,0.0323158179683206,0.0671045027395357,0.109634782669081,0,0.133034962676247,0,0,0,9999,0.182705532212803,1.11288076666222,"TCGA-91-8496-01","TCGA-91-8496","low"
0,0.0335138530285439,0,0.0388533792861578,0.067699638330414,0.0766224311145171,0,0.0148374070063282,0,0,0,0.12149418377805,0.0635924566711804,0.161203389162688,0.0494614607306381,0.13162851267597,0.0664334160445736,0,0.118843559526981,0,0.0558163126439582,0,9999,0.140663602628013,1.12775630756434,"TCGA-55-7283-01","TCGA-55-7283","low"
0.101602991438533,0,0.00954703946423996,0.067030578199742,0.00521408160769936,0.0955488740436834,0,0.130958698978931,0.00507691050631602,0,0,0.00624849981667934,0.056995067198708,0.172335904739196,0.0928908429385969,0.0973197603190272,0.00983818911742474,0,0.108251566722115,0,0.0411409949091081,0,9999,0.124203044373054,1.13763624278597,"TCGA-55-A4DG-01","TCGA-55-A4DG","low"
0,0,0.0740434078114386,0,0,0.101858655557386,0.0216078087558284,0.16432492429128,0,0,0.0528604574178343,0.034027177588246,0.0523837791165616,0.275305657736154,0.0207129697819287,0.143815637327981,0,0,0.0590595246153616,0,0,0,9999,0.229721142321658,1.07535444888127,"TCGA-44-8119-01","TCGA-44-8119","high"
0,0.0205217682579231,0.00300609584256999,0.0577053902002367,0.0977381960671635,0.0100318025302565,0.0403719878490091,0,0.00275133593344731,0,0,0.163763634812717,0.036469539340547,0.195865681793661,0,0.162087307962021,0,0.0773309306291431,0.132356328781305,0,0,0,9999,0.130641524073562,1.13337434515299,"TCGA-71-8520-01","TCGA-71-8520","low"
0,0.102785665256012,0,0.0516721187763468,0.0351695290113086,0.10005136328617,0.0626520103991172,0,0,0,0,0.0540109906333276,0,0.139803847119997,0.0998348368114969,0.209204576068592,0.0658132089153887,0,0.0635035111959832,0,0.0154983425262605,0,9999,0.215205673680279,1.0870628671942,"TCGA-44-A47B-01","TCGA-44-A47B","low"
0,0.0913488774889955,0,0,0.0496383525987132,0.0199491725673983,0,0.0607089625680289,0.0337151586387268,0,0,0.0845231494217238,0,0.466063643785105,0.0201022794023244,0.0835183179333315,0,0.0201295766058783,0,0.00211790099146254,0.0681846079983115,0,9999,0.121388067549441,1.16101404122175,"TCGA-73-4670-01","TCGA-73-4670","high"
0,0.0895396566949289,0,0,0.127810617102307,0.0035462662048545,0,0.0905207323646845,0.0123323368606461,0,0,0.133195205395922,0.00475265712877607,0.311823976771851,0.0429692442010341,0.134455540072286,0.0394965994508659,0,0,0,0.00955716775184345,0,9999,0.185766389586906,1.10614083293615,"TCGA-MP-A4T7-01","TCGA-MP-A4T7","high"
0,0.0392577925477745,0.0623341874421469,0,0.0464934322601562,0.0593177989510529,0.0280289574593717,0.0340502950681726,0.0475201190379138,0,0.128965699770221,0,0.0160051480625376,0.236617019763257,0.163760892805042,0.0291377840275869,0.0850070859247355,0,0.0217536979573832,0,0.0017500889226483,0,9999,0.186257184466271,1.10352900781974,"TCGA-55-8203-01","TCGA-55-8203","low"
0,0,0.143862972713896,0,0.0852457084963009,0.0396350874594731,0,0.154597076337276,0.0205074202671036,0,0.0392748116379789,0.0797243099283225,0,0.150414790049368,0.0479475464477301,0.18723752447777,0.0271310909247267,0,0,0,0,0.0244216612600549,9999,0.0242691482683137,1.18605342649175,"TCGA-64-5774-01","TCGA-64-5774","low"
0,0.121144631243102,0,0,0,0.109889288222383,0,0.0313564451359881,0,0,0,0.106152369918842,0.0302727889631802,0.357735909778727,0,0.19773956272057,0,0.0457090040172068,0,0,0,0,9999,0.267315316403508,1.07107133381479,"TCGA-50-5933-01","TCGA-50-5933","high"
0,0,0.0930234855166716,0,0.0937109549103282,0,0,0.152857183783711,0,0,0,0.108815356822883,0.0397165601911069,0.143951730741424,0,0.200764192348713,0,0.0616866124626351,0.0740965052393651,0,0.0313774179831614,0,9999,0.0765732702797694,1.15324852729596,"TCGA-50-5946-01","TCGA-50-5946","low"
0,0.000373415872513324,0.0220305620719286,0.137509898886835,0,0.0862528302394548,0,0.0600360630001266,0.0868695947763716,0,0,0.0647374000846642,0.0539820920641268,0.0836197913555364,0.0685631261618307,0.0851814350647302,0.152584678663357,0,0.0982591117585251,0,0,0,9999,0.05698895183815,1.17634700706223,"TCGA-50-8460-01","TCGA-50-8460","low"
0,0.079345903542759,0.00675719018853304,0.0923832822653394,0,0.00440841074063769,0.0360385388713878,0.0890912921459874,0,0,0,0.0749429691601486,0.0772743828364694,0.199531508641407,0.0665237966402321,0.0456064917236554,0.0666123203527706,0,0.14491792949256,0,0.0165659833981134,0,9999,0.197628013470841,1.09282487194317,"TCGA-05-4250-01","TCGA-05-4250","high"
0,0.0178709886280001,0.0196585419742517,0.0120434821360236,0.0940910078285697,0.0929338685244546,0,0.0690766437252274,0,0,0,0.169407744135773,0.0837742170803698,0.0357677438202284,0.0186376948651546,0.121770880678231,0.173128130053775,0,0.0865190214816592,0,0.00532003506828148,0,9999,0.145615314506637,1.12269013824135,"TCGA-L9-A50W-01","TCGA-L9-A50W","low"
0,0.00878012298035808,0,0.0418724632914891,0.0876052482828329,0.0536887319461392,0.0038181542669427,0,0.00927556852042053,0,0,0.0989277713090932,0,0.405272776588002,0.0651520525991484,0.170602333788029,0,0,0.0550047764275442,0,0,0,9999,0.244878228462026,1.08419792495535,"TCGA-44-7662-01","TCGA-44-7662","high"
0,0.104333851076662,0,0.0848692480595654,0.0540292245360366,0.0683114406178213,0,0.0501922466765353,0,0,0.0800110797179596,0.00315693781395314,0.0395528406550899,0.178144863717642,0.116608219382663,0.109713297236739,0.059276559985916,0,0.0518001905234168,0,0,0,9999,0.207379595994338,1.09249405417139,"TCGA-97-A4M6-01","TCGA-97-A4M6","low"
0,0.0781198757760134,0,0,0,0.00291811859412883,0.0278549413229331,0.125193561752118,0,0,0.0621579236112785,0.0485513545360944,0,0.23451446491809,0.0603796338231229,0.202659122810913,0,0,0.128295459132921,0,0.0293555437223867,0,9999,0.234374544188652,1.07197671849003,"TCGA-44-7669-01","TCGA-44-7669","high"
0,0.0252193783525348,0,0,0.0779267788654384,0.0747796213464104,0,0.111433591915786,0,0,0,0.0551872205717968,0,0.266191402504904,0.129868154136236,0.118009351112753,0.0275038835115806,0,0.0529624789888092,0,0.060918138693751,0,9999,0.186312963575261,1.1041950891237,"TCGA-78-8640-01","TCGA-78-8640","high"
0.0132996002918064,0,0.0518845924552803,0.110471501248193,0,0.0248893148109494,0,0.177051719705769,0,0,0.00920270981911566,0.0614486885058375,0.0547221941284689,0.212783763589419,0,0.059894490409469,0,0.0723908665383561,0.0962547973290044,0,0.0557057611683316,0,9999,0.130287971856361,1.13082405597262,"TCGA-50-5931-01","TCGA-50-5931","high"
0,0.0206879713796451,0.0566733771711836,0.0886055340006598,0.0174954567941815,0,0.0541763925499227,0.0558666967928178,0,0,0.0368037025511761,0,0,0.19332422136598,0.151247144708346,0.0905080765986985,0.139701100202712,0,0.094910325884677,0,0,0,9999,0.281364777816056,1.04559916314878,"TCGA-44-3918-01","TCGA-44-3918","low"
0,0.0998003303499632,0,0.0934151409539235,0.0342764611487543,0.071379203600396,0.0189328517272192,0.0298216795524971,0.0660591762917364,0,0.0706606173406384,0,0,0.130660819994867,0.0828011762313037,0.120020569732607,0.142592130237771,0,0.039110973089845,0,0,0.000468869748477556,9999,0.281833866948886,1.04206624417091,"TCGA-93-7347-01","TCGA-93-7347","low"
0,0.227471455565781,0,0.142452999101934,0,0.0687133263928707,0,0.0704739883537572,0.0534130750334623,0,0,0.029905986321632,0,0.098161156383653,0.0755393733623924,0.114138268226543,0.0542313414336331,0,0,0,0.0654990298243418,0,9999,0.322069578162941,1.01949889193333,"TCGA-38-7271-01","TCGA-38-7271","low"
0,0.105011095591886,0,0,0.0478576986425331,0.0556880101092482,0,0.0433881898190064,0,0,0.0422440684958769,0,0,0.23465082504083,0.0993673122468786,0.115318403344649,0.105612333292535,0,0.143919139922578,0,0.00694292349397939,0,9999,0.307587021852598,1.0310906942859,"TCGA-55-7724-01","TCGA-55-7724","high"
0,0.0208994087367406,0.0352603132186382,0.0776688128634079,0,0,0.0125554789986871,0.166082625154697,0.0454185813985471,0,0.0129549437851609,0.049757242991726,0,0.294065252450756,0,0.129592602333901,0,0.0292479403850276,0.119385428875139,0,0.00711136880757178,0,9999,0.104929995918367,1.14761072646369,"TCGA-73-A9RS-01","TCGA-73-A9RS","high"
0,0.0327047697787897,0,0.105200485464909,0.131970717028123,0,0.0631888548458827,0,0,0,0,0.0987193870935279,0.051108813598309,0.114087993995251,0.112133761368178,0.0478535815528545,0.145836514313357,0.0106937628284367,0.086501358132382,0,0,0,9999,0.244282754215156,1.06272509120506,"TCGA-49-4494-01","TCGA-49-4494","high"
0,0.106011577449911,0,0,0.127382406580053,0.0735538496724749,0,0,0.0354600933046934,0,0,0.0507961348005858,0.0963201463102501,0.180889008244187,0.0418791771229209,0.100661716061891,0.115108847985009,0,0.0719370424680235,0,0,0,9999,0.146019292126897,1.12874240835373,"TCGA-49-4512-01","TCGA-49-4512","low"
0,0.0538717943075717,0.0546500828008581,0.0303640522279943,0.0609859786952889,0.0456223138343801,0,0.105300768343572,0,0,0,0.0922634204456398,0.071949433244853,0.151038100240664,0.0426055114064655,0.152862369346401,0.0903189800612198,0,0.0280527232580252,0,0.0201144717870665,0,9999,0.150694273022544,1.12045496937433,"TCGA-62-8395-01","TCGA-62-8395","low"
0,0.105069270157379,0,0,0.122029432720573,0.127334998673813,0,0.0206193260896226,0,0,0,0.0958464850060187,0.10185795214814,0.0909326863105795,0,0.0776684326535473,0.175742134956567,0.0137001268617026,0.044971476247274,0,0.0242276781747836,0,9999,0.132482181055873,1.13651294038163,"TCGA-55-A57B-01","TCGA-55-A57B","high"
0,0.063968140618052,0,0,0.0778781000822567,0.0767860109073199,0,0.0295226330904678,0,0,0.0508490136956806,0.0268666403972397,0,0.267686893028793,0.0780847614741385,0.206151459300218,0.0105894892216215,0,0.0916815897881442,0,0.0199352683960684,0,9999,0.240754906827461,1.07428459332198,"TCGA-97-A4M5-01","TCGA-97-A4M5","high"
0,0.0795627045431637,0.0230662274613289,0.0528503399205858,0.10925381292459,0.0186181510532003,0,0.0942613437119695,0,0,0.0820266411635553,0,0.0553274904875558,0.218946112660776,0.0873934188299257,0.0653782121518519,0.0750604205325814,0,0.0382551245589162,0,0,0,9999,0.202909007203281,1.09161958817365,"TCGA-67-3774-01","TCGA-67-3774","low"
0,0.121692466607946,0,0.000480022574791892,0.0728299227156807,0.100585513765521,0,0.0499634866144301,0,0,0,0.075341958105302,0.0047001667218229,0.224879794311822,0,0.148287534602849,0.0787389424370658,0.0440554795594828,0.0475925045186602,0,0.0308522074646261,0,9999,0.237612615472493,1.07245906366321,"TCGA-J2-8192-01","TCGA-J2-8192","high"
0,0.122892472923643,0,0,0.0739057753059872,0.0633118834350937,0,0.0197432125588536,0,0,0.000818929925109313,0.0794565403146895,0.119253707472593,0.108327297566583,0,0.194623192772337,0.144392099994813,0,0,0,0.0732748877302975,0,9999,0.144150723828851,1.13715286062138,"TCGA-78-7535-01","TCGA-78-7535","low"
0,0.105349944665405,0,0.0786248267691608,0.0628832407494372,0.0663242647917911,0,0.130644697229812,0.0442802789600292,0,0.0412307888172787,0.045393315850013,0.00308963317727187,0.183804930485472,0.0522958745252642,0.133306034531735,0,0.0323083905179989,0.0204637789293302,0,0,0,9999,0.107289789707698,1.15145183041253,"TCGA-95-A4VK-01","TCGA-95-A4VK","low"
0,0.104972536265835,0,0.0599276376649668,0.0820355169799935,0,0.0572739536822937,0,0.018642435810765,0,0,0.0391419054628666,0.000112005854274106,0.365123465634333,0.0815045565130807,0.127857913355285,0,0,0.0410162269534245,0,0.0223918458228821,0,9999,0.331806765280086,1.01602894173017,"TCGA-38-4629-01","TCGA-38-4629","high"
0,0.09279270003968,0,0.182544190014162,0,0,0.0514524674100617,0.0826773655138243,0,0,0,0.0240439403574681,0,0.218556491115802,0.00674838370908207,0.121006222985772,0,0.100545685869245,0.104833420924474,0,0.0147991320604295,0,9999,0.303848783561133,1.0272155743443,"TCGA-35-5375-01","TCGA-35-5375","high"
0,0.0994055210793483,0,0.0819934788033259,0.0367898987452278,0,0.0542859052108994,0.030514218901266,0,0,0,0,0.0369235636965426,0.217901836587598,0.0954970136587436,0.0744255665089807,0,0.0896237443916546,0.148538292093902,0,0.0341009603225108,0,9999,0.21723740498846,1.08462919867879,"TCGA-38-4625-01","TCGA-38-4625","high"
0,0.136328115023972,0.0334148706662214,0.0522361138239558,0,0.14166713335579,0.00755739590809861,0.0801306057321586,0.013959927063161,0,0,0.0382328252259835,0.0055514766656418,0.269996357324724,0,0.0890167314280046,0,0.0834318852350658,0,0.0484765625472223,0,0,9999,0.0839347671341067,1.17285228000447,"TCGA-91-6836-01","TCGA-91-6836","high"
0,0.0559663654675522,0,0,0.0718807237513549,0.086188169583839,0,0.0579109511115281,0.0427824526249522,0,0.0491017582580058,0.0398104974853679,0,0.329924831631651,0,0.194711816086832,0,0,0.071722433998916,0,0,0,9999,0.19432587583229,1.10242334284101,"TCGA-73-4675-01","TCGA-73-4675","high"
0,0.0130262392815334,0.0248378994123884,0,0.134128393804411,0.0509338479977133,0.00634773385090861,0.031705267853534,0,0,0,0.108205836899881,0.0706205873061629,0.24308374368758,0.0370364026848484,0.13945752190446,0,0.068441634982413,0.0721748903341664,0,0,0,9999,0.158438102582867,1.11991791169904,"TCGA-62-8394-01","TCGA-62-8394","low"
0,0.0579977092695386,0,0.0736486462772997,0,0,0,0.0861943579761269,0,0,0,0.0995954124076093,0,0.395957913816172,0.124209919124483,0.0472042167307466,0,0,0,0.0922251596606678,0.00293929067133297,0.0200273740660236,9999,0.120555506961119,1.16269796940601,"TCGA-86-7711-01","TCGA-86-7711","high"
0,0.148950756882078,0,0.050215255640403,0.0513639980568588,0.0279366603329022,0,0.0536831023478163,0.0017817892128837,0,0,0.0581715828961589,0,0.25504833717457,0.0471301344832656,0.137026188463935,0.0320565827587327,0.0527120363106454,0.0417351940857712,0,0.0421883813539798,0,9999,0.271330866338265,1.05223713275117,"TCGA-78-7160-01","TCGA-78-7160","high"
0,0.140889669845052,0,0,0.13588694923583,0,0.0120706816827185,0.0473024784075095,0,0,0.0403314733279492,0.0252049586709988,0,0.334825777316835,0.0921444037186512,0.116969241202586,0.0333620239013544,0,0.0210123426905157,0,0,0,9999,0.220520806468904,1.09051916705069,"TCGA-55-6982-01","TCGA-55-6982","high"
0,0.14374996466232,0,0.105434629514314,0.044284639178697,0.0265045095136904,0,0.0527086496541522,0.0293855736996114,0,0,0.0436010507016143,0,0.272750618840595,0.0385504118714518,0.143392415846286,0,0.0731053081042064,0,0,0.0265322284130612,0,9999,0.211044971137954,1.09402682449645,"TCGA-55-6712-01","TCGA-55-6712","high"
0,0.0355224915111861,0,0.0620104871665076,0,0.0375779182327609,0,0.104001169572066,0.0111059857681037,0,0.114632752821739,0.00848238673745808,0.0587015627125671,0.201761471225218,0.140421151473743,0.0835048335339211,0.0514656492284124,0,0.0908121400163162,0,0,0,9999,0.279101909742857,1.04635957304393,"TCGA-55-7995-01","TCGA-55-7995","high"
0,0.0607540350355296,0.113763855507542,0,0.0702256039187065,0.00601539353861163,0.000886333471797635,0.064517075449421,0.0433269970578171,0,0.0964335551667394,0.0162950183979729,0.0777466313882181,0.261788464238802,0,0.160890522063404,0,0,0,0,0.0273565147654387,0,9999,0.0804891720459619,1.1626296001097,"TCGA-69-A59K-01","TCGA-69-A59K","high"
0,0.131273685165736,0,0,0.057597278272963,0.0980050969715219,0,0.0166996027027759,0.0196477184098867,0,0.0045943305042437,0.041267915333016,0,0.404959275895284,0.0466885676970947,0.131507987639227,0,0,0.0477585414082509,0,0,0,9999,0.268564268930762,1.06575405228152,"TCGA-50-5936-01","TCGA-50-5936","high"
0,0.0704099464482876,0,0,0.0936007519523223,0.0396310134697685,0.0625532694558447,0,0,0,0,0.0738359473879032,0.0360440891388263,0.350879585336766,0,0.145509857780708,0,0,0.127535539029573,0,0,0,9999,0.175856767514443,1.11601478364724,"TCGA-73-4676-01","TCGA-73-4676","high"
0,0.0815166590930539,0,0.037456782875023,0.0621670342509478,0.0041904950038436,0,0.058607719998557,0,0,0,0.096017752784772,0,0.339753760095112,0,0.252902668115344,0,0.0161394786779254,0.0402374403178787,0,0.0110102087875426,0,9999,0.194010650462384,1.11222865742068,"TCGA-86-6562-01","TCGA-86-6562","low"
0,0.119694586608492,0.0174262790671276,0.102097401605775,0,0,0.0655410639985251,0.029152256501625,0,0.0010091461922849,0.000325925195262924,0.0489813804233635,0.0821990296746588,0.351911359254661,0,0.101934801958318,0.0225124317026896,0.0572143378172156,0,0,0,0,9999,0.390838069571689,0.98060912377209,"TCGA-35-4122-01","TCGA-35-4122","high"
0,0.0621787866748097,0,0.00479961234390762,0.0161875383042923,0.0535249589106087,0.029257438754752,0.0373870861425704,0,0,0,0.0625215979710186,0.0709990872566135,0.30086254285661,0.0876599367441381,0.199201431329885,0.00486540346422105,0,0.0575229246549278,0,0.0130316545916449,0,9999,0.315348310536748,1.0348916211764,"TCGA-80-5611-01","TCGA-80-5611","high"
0,0.0843735287211302,0,0,0.0799434422360909,0.0496393625945328,0,0.0771081148026683,0,0,0,0.106967367928467,0.0458821112003334,0.205957795016252,0.0815908524033843,0.100785827814963,0.020990586888796,0,0.0997759696854611,0,0.0469850407079208,0,9999,0.180870292595757,1.09990988673954,"TCGA-93-A4JP-01","TCGA-93-A4JP","low"
0,0.0349754357897364,0,0.0358363065148319,0,0.13115455900635,0,0.0500474790657149,0.0571515334010941,0,0,0.0338127590283073,0.0126553831620073,0.202320160974817,0.101956568893222,0.0890206391833249,0.153453131999939,0,0.0791594399982709,0,0.0184566029823852,0,9999,0.166071151643722,1.12082054674207,"TCGA-50-5935-01","TCGA-50-5935","low"
0,0.00700739531839118,0,0.083703579717369,0,0.0912642262375995,0.0482589298481269,0.0289084489565072,0.00707475928459461,0,0.00842397796407633,0.0540736395039524,0.00619581824509463,0.2022822671507,0.0908292622742747,0.0811321773891332,0.237976774533583,0,0.0528687435765968,0,0,0,9999,0.236786488589444,1.08525634567685,"TCGA-05-4389-01","TCGA-05-4389","high"
0,0,0.0561012453426861,0.0611794441946747,0.00161761742462969,0.0798331250715165,0.0657684606535678,0.034147778681488,0.0518564124782628,0,0.132418693065305,0,0.0584600717346851,0.158226131244787,0.143179700209374,0.0352410293694272,0.116779542321125,0,0.00519074820847166,0,0,0,9999,0.282275247291329,1.04261541803823,"TCGA-44-A479-01","TCGA-44-A479","high"
0,0.00196710010685085,0,0,0.0610085026950719,0.191733253529315,0,0.0470615693269782,0,0,0,0.0496254410943234,0.0297508628361081,0.149215270642747,0.0598926661182977,0.0845900676240312,0.136886596377205,0,0.168691213827613,0,0.0195774558214577,0,9999,0.121380860795885,1.14124041228928,"TCGA-67-4679-01","TCGA-67-4679","low"
0,0.0947000447054785,0,0.0318218813168542,0.0813963350665711,0.071616328844576,0,0.078656876606947,0,0,0,0.058788424158008,0.0123789103016542,0.200018618899503,0.0273228217269436,0.131044694822239,0.107820278517361,0,0.067320445812557,0,0.0371143392213075,0,9999,0.078047053201741,1.16623056375105,"TCGA-44-8120-01","TCGA-44-8120","low"
0,0.109141280901287,0,0.10694760224948,0,0,0,0.0384236795092461,0,0,0.0357964797954157,0.129284361037424,0.00585375905851365,0.209304229732437,0.151968377371156,0.105661218926114,0.061325267433161,0,0.0462937439857654,0,0,0,9999,0.307397696587367,1.0317905011176,"TCGA-55-8089-01","TCGA-55-8089","high"
0,0.0964895651338608,0,0.0725246304453679,0.0224031664051064,0.0714032192946965,0,0.0445115714553895,0,0,0,0.103920568677318,0.0143256836409876,0.141877700344388,0.042869735781968,0.113630810888065,0.12595631020991,0.0245407569353547,0.0764705822129617,0,0.0490756985746254,0,9999,0.164112731267541,1.11541707209598,"TCGA-67-3773-01","TCGA-67-3773","low"
0,0.00395403230041978,0.0264849759032883,0.0198162616494804,0,0.153450551202345,0,0.122082070330605,0.0130031213260573,0,0.029929718636505,0.0831252303286327,0.0384426194685446,0.194185420920008,0.0623637356025066,0.140530350575054,0,0.0179151802474204,0.0589727651476233,0,0.0357439663615096,0,9999,0.134159399902353,1.13293090479995,"TCGA-MP-A4TA-01","TCGA-MP-A4TA","high"
0,0.0366468576005845,0.0180449142031709,0,0.0405583677870553,0.0567357622129158,0,0.126762062044999,0,0,0,0.0880341129368287,0,0.391898649917645,0.0562555336323118,0.106856007268988,0,0,0.0657495728535485,0,0.0124581595419523,0,9999,0.144944738633992,1.13722116966233,"TCGA-50-5072-01","TCGA-50-5072","high"
0,0.129444098890489,0,0,0.110722345405826,0.0813518609647794,0,0.00935574163572756,0,0,0,0.120976834721303,0.00637146392093744,0.113917578494043,0.0732329289225599,0.0967176622578385,0.183399750557343,0.00760578544351942,0.0487316561408273,0,0.0181722926448058,0,9999,0.168418747092067,1.11343472237162,"TCGA-55-8091-01","TCGA-55-8091","high"
0,0.0653875197092337,0,0.0647808294711751,0,0.0874574748882266,0,0.0566294855738266,0.023376545290955,0,0,0.121340682413121,0.0237252018865398,0.198849376696012,0.116476343787203,0.128258505299835,0.0578178398048148,0,0.0559001951790572,0,0,0,9999,0.291044157790687,1.03883976780665,"TCGA-97-A4LX-01","TCGA-97-A4LX","low"
0,0.0906880208128489,0.0283251398984059,0.0698923715908361,0,0,0.0488723020472471,0.105320331479389,0.023537056368807,0,0,0.0861356249932474,0,0.299410555588666,0.0492079141981836,0.198038604788743,0,0,0.000572078233625439,0,0,0,9999,0.247813143943261,1.06917684370314,"TCGA-55-6968-01","TCGA-55-6968","high"
0,0.191976262886422,0,0.0497636338360881,0.0863552309139931,0.117956022871677,0,0.0619673942071841,0.0257454651973091,0,0.0218296020102024,0.0148686187606292,0.048321705876241,0.0952699443526795,0.0636338074930169,0.11309449900316,0.0896629882844531,0,0.0195548243069446,0,0,0,9999,0.224016619897983,1.08256381168641,"TCGA-MP-A4TH-01","TCGA-MP-A4TH","low"
0,0.0873348994637758,0.0305057037165019,0.1193375333549,0,0.0111143938281819,0,0.102497098206835,0.0596184755794496,0,0.0948487151445611,0,0.0678837536774101,0.166686753182402,0.125655692954481,0.04865942520574,0.0858575556857615,0,0,0,0,0,9999,0.329839645092728,1.01082670874105,"TCGA-NJ-A4YQ-01","TCGA-NJ-A4YQ","low"
0,0.113721351326963,0.0528379253942007,0,0.0895293538787252,0.0710824938056874,0,0.184648700942506,0,0,0.014280834326383,0.0601216582401797,0,0.155965255493356,0.054126752740145,0.135950648442396,0.0255417905470861,0,0.042193234862372,0,0,0,9999,0.174025487778338,1.10552383178477,"TCGA-44-A4SU-01","TCGA-44-A4SU","low"
0,0,0.0323993543526761,0.0548256027434087,0.13834480428734,0.0687084345310048,0,0.0594453009339416,0,0,0,0.110669719478227,0.0166028786362733,0.19898284794135,0.0409864624864779,0.156943107181249,0.00498856128513678,0,0.117102926142914,0,0,0,9999,0.110817849761997,1.14116764647854,"TCGA-49-4490-01","TCGA-49-4490","high"
0,0,0.035400114315201,0,0.00637349883176871,0.0756195966114349,0,0.151720106461998,0.0618132459842131,0,0.074467997594362,0.0115974539258417,0.130872956519944,0.216286453896628,0.0369403638179719,0.0655828495095325,0.047121550386023,0,0,0.0511682566666808,0.0350355554784009,0,9999,0.0782403628644441,1.16599368584738,"TCGA-97-A4M3-01","TCGA-97-A4M3","high"
0,0,0.0643732712170042,0,0.0693249653288777,0.0353126968055773,0,0.128060725857946,0.0742653013823263,0,0.0741064755676517,0.0359180673482121,0.17441312783907,0.179211876634555,0,0.0996692922899942,0,0.0222196222963236,0,0,0.0431245774324622,0,9999,0.120634894743791,1.13681424615034,"TCGA-J2-A4AD-01","TCGA-J2-A4AD","high"
0,0.070247955868717,0,0.0516921284027714,0.0813330199125144,0.118370548654724,0,0,0.0158424962573147,0,0.003313909461508,0.0240356275731714,0.0592528929798668,0.175600349872572,0.0604152509628082,0.0754450535054215,0.151806140828665,0,0.112644625719946,0,0,0,9999,0.254225609148308,1.06271741651512,"TCGA-55-7227-01","TCGA-55-7227","low"
0,0.18384721338075,0.0173576640923253,0.00878184543313514,0.00482405234926333,0.066083371857228,0,0.054918125923435,0.0483668029067587,0,0,0.106361712114284,0.0167483264771661,0.156071202571732,0.067413216895583,0.113040406661188,0.114311889332217,0,0.00431032792265034,0,0.0375638420822846,0,9999,0.219262801771603,1.08340347970578,"TCGA-49-4505-01","TCGA-49-4505","low"
0,0.0501373956123909,0.0757508468982277,0.125306613656577,0.117279218592258,0.0132872474949578,0,0.0755306666164921,0,0,0,0.106583885693657,0.0165910639198678,0.144134276288867,0.0540190646399635,0.119821209834359,0.0403420559114562,0,0.0612164548409254,0,0,0,9999,0.112507205484761,1.13938031397046,"TCGA-78-7153-01","TCGA-78-7153","low"
0,0,0,0.027019945083813,0.0962247185890792,0.0692249304378765,0,0,0,0,0,0.0237634315903161,0.124098326212987,0.197139455297556,0.0257505482739836,0.153704945475403,0.0535519979811213,0,0.192127740744922,0,0.0373939603129425,0,9999,0.112702884979705,1.15639032255647,"TCGA-50-5944-01","TCGA-50-5944","low"
0,0.225510561275617,0,0.059470589957911,0.0557500683952497,0.128782706829911,0,0.0443050723140681,0,0,0.0193408900618077,0,0.0271191726700217,0.136913624826569,0.0707321005225241,0.120504403391236,0.0284638137338321,0,0.0693470528707531,0,0.0137599431505001,0,9999,0.313251654765446,1.02361286323696,"TCGA-97-8172-01","TCGA-97-8172","low"
0,0.0343360931281491,0.00539406598113286,0,0.129401689424477,0.079727285256929,0,0.0692768037044299,0,0,0,0.152572092938077,0.000801067958901448,0.235072498984608,0,0.198447633637714,0,0,0.0823813456735633,0,0.0125894233120188,0,9999,0.126850446383019,1.13497912620978,"TCGA-97-8171-01","TCGA-97-8171","low"
0,0.196462908033773,0.0264343660249607,0.0427198555581852,0.0741634087113062,0.0160746406551359,0,0.0899913151963671,0,0,0.0615250975252848,0,0,0.265686307114107,0.10289830987101,0.0673338263201669,0,0.0389252934523312,0.0177846715373721,0,0,0,9999,0.250285122902399,1.06738742815536,"TCGA-69-7761-01","TCGA-69-7761","high"
0,0.0851372341775902,0,0.0899557008704054,0.0453494760167982,0.0436178221642883,0,0.0953645425471624,0.0220660154489561,0,0.0995470758562872,0,0.0342417673459709,0.171595487501917,0.0274435212090802,0.197348777957796,0,0,0.0234799320369391,0,0.064852646866809,0,9999,0.176327332236014,1.10699351888463,"TCGA-49-AARR-01","TCGA-49-AARR","low"
0,0.149349817097055,0,0,0.0295322408598262,0.088180167466399,0,0.0486408682490624,0,0,0.0256208872269524,0.0230593402719142,0.0349657292607881,0.263556298205024,0.0441664071234673,0.190873390135217,0.0366955028961628,0,0.0296618479030232,0,0.0356975033051093,0,9999,0.21326655960018,1.09652082745092,"TCGA-L4-A4E6-01","TCGA-L4-A4E6","low"
0,0,0.0748905436472278,0.00684478005862309,0.0635989596210025,0,0.0113410473706647,0.132729228663874,0.00708371746481931,0,0.0157033121844871,0.069786387858749,0,0.373127142825936,0.048619822924872,0.108920560508341,0.00503916423560032,0,0.0823153326358026,0,0,0,9999,0.189340066581785,1.10319412053471,"TCGA-55-A48Y-01","TCGA-55-A48Y","high"
0.0861031975966319,0,0.0912426653708285,0.0203801180670079,0.0943714189170354,0.0873704430758329,0,0.0557586244069424,0.0184283936981325,0,0.0968175450597182,0,0.0899221738405513,0.19533898949444,0.0859425218632255,0.0201976774034834,0.0581262312061701,0,0,0,0,0,9999,0.155122815653244,1.12076696889851,"TCGA-93-7348-01","TCGA-93-7348","low"
0,0,0.070240504102628,0.0596882354211868,0.112986880223754,0.0119257852509935,0,0.0455647513031047,0,0,0,0.265314653665079,0,0.15344753462731,0.011687580825066,0.120282441415702,0.0205866171160858,0.0285446988393134,0.0997303172097776,0,0,0,9999,-0.0141797415474095,1.21317167673676,"TCGA-91-6847-01","TCGA-91-6847","low"
0,0.0767589417518675,0,0.00576036405601759,0.0808072881663632,0.0791472151929548,0,0.0472269176196893,0.0211545940178684,0,0,0.0745500647069472,0.104067227589483,0.179733751674915,0,0.0937747087388201,0.120802735224284,0.0693375257728572,0.00406948681698111,0,0.0428091786709523,0,9999,0.18683540698335,1.106774157776,"TCGA-55-6980-01","TCGA-55-6980","low"
0,0.10194322897194,0,0,0.0640287777178036,0,0.00193821954004273,0.0969406521580668,0.00825861956944357,0,0,0.116756210419087,0.0142801587280976,0.40722191858711,0,0.135928335231965,0,0,0,0,0.0527038790764434,0,9999,0.221180845077175,1.09115934005433,"TCGA-86-7953-01","TCGA-86-7953","high"
0,0.0519175587623813,0,0,0.102214118388962,0.15265487514184,0,0.014198885777867,0,0,0,0.07530145078555,0.0531405009924536,0.0997355157412793,0.0316648728677097,0.0508715092810825,0.224813368413091,0,0.143487343847784,0,0,0,9999,0.151683208212965,1.12376901783452,"TCGA-86-7714-01","TCGA-86-7714","low"
0,0.0854376557114055,0,0.101491233526283,0.0221812348118997,0.0323972010630106,0,0.116736627376017,0.0210573915515086,0,0.000251514246118723,0.0269020597888994,0.0374988513165616,0.287106909121174,0.0555500103085679,0.162275799830943,0,0,0,0,0.0511135113476111,0,9999,0.290836677153372,1.04069031262912,"TCGA-86-8585-01","TCGA-86-8585","high"
0,0.164541921628048,0,0.0830016748533598,0.0750755122044601,0,0.026981555730387,0.0963266077670079,0.00426889457218969,0,0,0.0487224187365765,0,0.260682312386557,0.061081630521762,0.127618547239634,0,0.0212069953794627,0,0,0.0304919289805539,0,9999,0.253732406560107,1.06235824639101,"TCGA-55-8511-01","TCGA-55-8511","high"
0,0.109103287446423,0.12305011521909,0.138631814309348,0.00412054355282103,0,0,0.103565158568282,0.0537308611999713,0,0.0595644800876639,0.0180619193315871,0.00360421245479962,0.140017834868434,0.0203875897736546,0.183800227589153,0,0.0295116459808642,0.0125996945489681,0,0.000250615068939788,0,9999,0.242567607837611,1.06252280335101,"TCGA-55-8092-01","TCGA-55-8092","low"
0,0.0668435072222864,0,0,0.0196347883990218,0.0318554518579989,0,0.0617675012365506,0.00160402908298221,0,0.001101970513977,0.0922756063384011,0,0.328694449939125,0.198128828716041,0.0433086843272178,0.135512503038671,0,0.019272679327727,0,0,0,9999,0.330117391850906,1.03216542090598,"TCGA-62-A46U-01","TCGA-62-A46U","high"
0,0.174664626041922,0,0,0.0431816719581048,0.0492839816207434,0,0.0454878012870118,0,0,0.0202281089308196,0.0397329786996524,0,0.26162192564201,0.166896961306059,0.104819742597655,0.0514783345124501,0,0.0426038674035726,0,0,0,9999,0.371737941036113,0.990694316130747,"TCGA-55-8208-01","TCGA-55-8208","high"
0,0.0653054247908655,0.00692434727244274,0.108307428738526,0,0.0217573058830696,0.0291220999115856,0,0,0.0131572366083556,0,0.079338006095411,0.0631804219121294,0.350782582493221,0.010393799206456,0.179360485717077,0.00888190206725808,0.0268358980035199,0,0,0.036653061300083,0,9999,0.268054454888901,1.06910889229126,"TCGA-64-1676-01","TCGA-64-1676","high"
0,0.0735145616788569,0,0.04321454401013,0.0846831497951705,0.0752560837774375,0,0,0,0,0,0.0727396699105279,0.127742464783089,0.152684447591718,0.0164876983709541,0.21262530589292,0.0401316735306901,0,0.0710913391228656,0,0.0298290615356407,0,9999,0.232110843762901,1.07840840604554,"TCGA-91-A4BD-01","TCGA-91-A4BD","low"
0,0.14061130543029,0,0,0.0792121539181142,0.0581531609813194,0.00285292063637713,0,0,0,0,0.108188360382339,0.0279883019476765,0.31439637361567,0,0.108522276050675,0.0383306586477336,0.0463570303579345,0.0507340016206233,0,0.0246534564112472,0,9999,0.13580897033527,1.14266798883855,"TCGA-78-7145-01","TCGA-78-7145","high"
0,0,0,0,0.146544214756105,0.0362212781327038,0,0.0602645528074473,0,0,0.0280836028386221,0.054154682612042,0.0572946478711965,0.18783824882987,0.0348629990569137,0.173787783367186,0.115726164911226,0,0.105221824816687,0,0,0,9999,0.143863877484505,1.13101901634382,"TCGA-97-8179-01","TCGA-97-8179","high"
0,0.12618037374825,0,0,0,0.0459451497015171,0,0.0217261966135799,0.0457680726547649,0,0.0380294542535991,0.0196777089632677,0.0516866771935196,0.47810870081056,0.0058955026465493,0.0811444662015641,0,0,0,0.0263653693127331,0.0594723279000949,0,9999,0.182346962342052,1.13329581581803,"TCGA-44-2662-01","TCGA-44-2662","high"
0,0,0.00210430064304159,0.0306697327334589,0.069858590874877,0.00616067610433717,0,0.0522205623272736,0.0108555281191961,0,0,0.15160523527131,0.0552655751797519,0.303730579546951,0,0.199581872057134,0.0421215490907195,0.0517289903093434,0,0,0.0240968077426073,0,9999,0.188158512408484,1.11607405793455,"TCGA-86-8074-01","TCGA-86-8074","high"
0,0.0966852613590701,0,0,0.0880707469339334,0.0835465068283059,0,0.033987926625438,0,0,0,0.0759962187914125,0,0.328688338662333,0,0.192615560908528,0,0.0158162504782706,0.0560641883290522,0,0.0285290010836564,0,9999,0.135397658389598,1.14130610044897,"TCGA-78-7540-01","TCGA-78-7540","high"
0,0.00924101454099092,0,0.0118520254032812,0.148773919401134,0.136238519793646,0.0179970587595346,0,0.0333038261980996,0,0.0411740632721642,0,0.0922836439236758,0.264709872153946,0.0375355034307322,0.124247467624987,0.0418044992871145,0,0,0.0408385862106941,0,0,9999,0.179902242173993,1.11427237371239,"TCGA-05-4426-01","TCGA-05-4426","low"
0,0.160699541685073,0.041396718995452,0.0763274691403603,0.0503128438719753,0.123135268620338,0,0.0164916433875423,0.0311401628382692,0,0.00438026257684512,0,0.10706663719571,0.12321884582679,0.0768796643839541,0.093507139365875,0.0798049430870607,0,0,0,0.015638859024755,0,9999,0.256391751683846,1.06320931924501,"TCGA-50-8457-01","TCGA-50-8457","low"
0,0.0536686406201381,0.0419892534598986,0.0530052109578789,0,0.0593679138643249,0.0190458268962096,0.0919331408713218,0.0144128548138335,0,0.0572477333434597,0,0.02248064845299,0.260483030203875,0,0.208076138028234,0,0.0352337353821586,0.0830558731056773,0,0,0,9999,0.167711051344578,1.11682327476881,"TCGA-55-6975-01","TCGA-55-6975","high"
0,0.0860569858714535,0,0.00928418721782408,0.027314618509967,0,0,0.0591857798681525,0.0184417899001393,0,0.023268227830812,0.0619571659749412,0.0782638440563072,0.291870516861162,0.0414317265293294,0.18324665402413,0.0210036813400127,0,0.063612236998436,0,0.0350625850173331,0,9999,0.106439266009886,1.16530976610778,"TCGA-86-8073-01","TCGA-86-8073","high"
0,0.198362285602645,0,0.137661674752339,0.0294892218594484,0,0,0.105376163416773,0.0355397872997679,0,0.0234891749557985,0.0188025087397369,0,0.242778743524895,0.042937770338629,0.13283021939676,0.0104753909274129,0.00398739023286488,0,0,0.01826966895293,0,9999,0.261266080435122,1.06015106862908,"TCGA-86-8076-01","TCGA-86-8076","low"
0,0,0.0730323866324342,0.084256000793791,0.0619392857610458,0.00399272760914871,0,0.103952663959734,0,0,0,0.132028849079715,0.0178708960726823,0.217894187785816,0.0574502007373979,0.236101580215821,0.00437434883977968,0,0,0,0.00710687251263434,0,9999,0.109279232705594,1.14944658952423,"TCGA-62-A46P-01","TCGA-62-A46P","low"
0,0.021300939371893,0.043939682054892,0.066091133223329,0.0548447514338207,0.0786729363904337,0,0.15356345343681,0.018175407523109,0,0,0.0569141741948343,0.0331281437581052,0.145010036126278,0.0259866605411498,0.121270327269824,0.0199054299059215,0.0369689676895099,0.0317149200119572,0,0.0925130370681325,0,9999,0.102514236166042,1.14572167912325,"TCGA-J2-A4AE-01","TCGA-J2-A4AE","low"
0,0.0727604787812166,0.00194998870170141,0.0739911074357411,0.115257565659981,0.0792400683507808,0,0,0,0,0,0.0638675166308381,0.0439255343580659,0.179297385053106,0.0474516885004252,0.119928772804775,0.0893948274987436,0.0256023410391536,0.087332725185471,0,0,0,9999,0.232346762606878,1.07431276585908,"TCGA-67-3770-01","TCGA-67-3770","low"
0,0.00241449051656912,0,0.085781820408693,0,0.0313087771494953,0.0158429949961371,0.039378758623965,0.0362958017457211,0,0,0.025156707008963,0.0360394767814555,0.46810830825941,0,0.181770631024909,0,0.0501142959118288,0,0,0.0277879375728526,0,9999,0.23429683453302,1.10670438706876,"TCGA-55-A490-01","TCGA-55-A490","low"
0,0.102495438802353,0.0379805360721734,0,0.0810167949391328,0.111098849680289,0,0.0734548141479301,0,0,0,0.00555224110502729,0.0313073976986588,0.2592086120512,0.0291417752691799,0.14515042684906,0.0369576052888647,0,0.0689471716329156,0,0.0176883364632164,0,9999,0.115473461948771,1.14785899996613,"TCGA-44-4112-01","TCGA-44-4112","low"
0,0.132942535402004,0,0.02343629556963,0.0428372020307424,0.00984458964256229,0.00837143278124506,0.0399893912419604,0,0,0,0.050954284522934,0,0.32883528882658,0.0790731622376396,0.0665004066358937,0.0691292462303424,0,0.133428370823888,0,0.0146577940545782,0,9999,0.120871805115313,1.15400281411306,"TCGA-49-6745-01","TCGA-49-6745","high"
0,0.156209518329694,0.0215698739046087,0.0126919659606714,0.132222967489014,0.00813073637039353,0,0.0593033640005859,0.0188532022473948,0,0.037665259790616,0.0333765298571044,0.0525320017618132,0.146411128382755,0.0638123331109806,0.163694855872174,0,0,0.0893425782147234,0,0.0041836847074714,0,9999,0.175807561913424,1.10113728305334,"TCGA-93-A4JN-01","TCGA-93-A4JN","low"
0.0250618620946891,0,0,0.00323110704156503,0.103563056148616,0.109937620537548,0.0168839246798337,0.046520393277235,0,0,0,0.0403687051135173,0.0742572878227905,0.13757588486371,0.0353790656605474,0.168824479377516,0.0703055850880686,0,0.167152008801968,0,0,0.000939019492395648,9999,0.0911287955678518,1.15691239518051,"TCGA-86-8054-01","TCGA-86-8054","high"
0,0.101163565735514,0,0,0,0.0288136781092051,0.0241244289739424,0.135482115452901,0.00977590827396026,0,0.126361621957368,0,0.00512206265518035,0.285043816771839,0.100848483868506,0.0911431540629345,0.0261144141457355,0,0.045523852792646,0,0.0204828972002687,0,9999,0.261065732146589,1.05780570675612,"TCGA-55-A4DF-01","TCGA-55-A4DF","high"
0,0.100358510742571,0.048170312220558,0,0.116115849816346,0.0600472432031852,0,0.0794965789908619,0,0,0.065336532299592,0,0.082625429872777,0.164643784013316,0.0506965482791861,0.0934367411295679,0.0817115985060926,0,0.0390635567854097,0,0.0182973141405356,0,9999,0.218345931905507,1.07862393104267,"TCGA-75-5146-01","TCGA-75-5146","low"
0,0.0733760007423318,0.0158242540931931,0,0.0679874657941886,0.0669343051512447,0,0.0766939929835911,0.0438472825676531,0,0.0483744400462132,0.0322028472233476,0.0821610194652342,0.211846747635035,0.0474310605245736,0.106112045731519,0.0869074517184892,0,0.0403010863233857,0,0,0,9999,0.1349338696386,1.13408988230611,"TCGA-05-4384-01","TCGA-05-4384","high"
0,0.0924195296051362,0,0,0.1185101416014,0.0804338357225211,0,0,0,0,0,0.0513139353870739,0.0452329559085633,0.267833032655936,0,0.173095857750481,0.0881702208342769,0,0.0419440781005422,0,0.0410464124340695,0,9999,0.167873525954465,1.12373338372633,"TCGA-55-8207-01","TCGA-55-8207","low"
0,0.0643695975655812,0.0212184700626658,0.0023553715973994,0.106607935162678,0.0132906145817605,0,0.0488700073136499,0.0333489183089435,0,0,0.118572544593199,0.0488495978519793,0.264122626920878,0,0.0815495213481573,0,0.129428087629556,0.0274408064469426,0,0.0399759006166096,0,9999,0.0556969583331115,1.17917233305895,"TCGA-69-7760-01","TCGA-69-7760","high"
0,0,0.0803500221898331,0.0945621477640362,0.0771849273208317,0.0375210726630224,0,0.106702690049168,0,0,0,0.0416893543508852,0,0.133752693732316,0.00810836545893168,0.2370612176095,0.102639672099051,0,0.0804278367624247,0,0,0,9999,0.16378134963967,1.11195299559825,"TCGA-49-4510-01","TCGA-49-4510","low"
0,0.133017028881933,0,0.0399730181116394,0.06610897339728,0.00213178459785421,0,0.0114401361482131,0.0349558723951152,0,0.0162091855950935,0,0,0.379803567881014,0.0400131193093979,0.0954332991337923,0.113244552248754,0.0248346367836823,0.0374909019912325,0,0.00534392352499845,0,9999,0.342182521406056,1.02116657297573,"TCGA-64-5815-01","TCGA-64-5815","low"
0,0,0.103778878989166,0.0885463032873825,0,0.0708274249149149,0.00837471333157101,0.122461436280767,0.0245392166007297,0,0.0658195906743426,0,0.0140637713098418,0.240640817669181,0.0736146714710578,0.122448352650789,0,0,0.064884822820256,0,0,0,9999,0.211536179489947,1.08284438471914,"TCGA-55-8620-01","TCGA-55-8620","high"
0,0.217902479917887,0,0.0902916621251049,0.0263843019191696,0.0583168361086253,0,0.0570638321935021,0.0181839238488886,0,0,0.0357813559415353,0.00585624780690913,0.225660353440956,0,0.149327075149937,0.0502918907730553,0.0332843908135289,0,0,0.0316556499609014,0,9999,0.209659319430719,1.09646235720348,"TCGA-73-4662-01","TCGA-73-4662","low"
0,0.0083508140992126,0.0460537942341988,0.268662134374944,0,0,0.0267934834839155,0.0992706147747351,0.0748702917380125,0,0.140964669655323,0,0.00588820480108206,0.161965741254396,0.0490660346121579,0.0699462093931887,0.0268138290376397,0,0.0154825722841564,0,0.00587160625703704,0,9999,0.284409670585633,1.04951573736829,"TCGA-49-AAR4-01","TCGA-49-AAR4","low"
0,0,0.148716689747018,0,0.161914286829413,0.0475145115951327,0,0.077382686068163,0.0499935788730264,0,0.064663863291506,0.0186362683827233,0.0507753816422172,0.155237141259357,0,0.0626007779814338,0.034959379308186,0.0185602982019101,0,0.0492316842926461,0.0598134525272673,0,9999,0.0590003057623992,1.16149862857349,"TCGA-55-7910-01","TCGA-55-7910","high"
0,0.120430212517116,0,0.0603411843538298,0.0491698644915286,0.0269191456813899,0,0.0242043445979113,0,0,0.0614157545532632,0,0,0.327598814320974,0.0636916148503008,0.191728205657179,0.0417489026341906,0,0.00468772044882371,0,0.0280642358934932,0,9999,0.278674054685992,1.05978546257933,"TCGA-55-8621-01","TCGA-55-8621","low"
0,0.139821275620332,0,0,0.0681600094203168,0.0616064637322685,0,0.0652020243129746,0,0,0,0.113729223147865,0,0.245631658498677,0,0.149272841637505,0.0515571377766399,0.0140213575310338,0.0857892459921431,0,0.00520876233024492,0,9999,0.136846299918651,1.13277887075684,"TCGA-55-6981-01","TCGA-55-6981","high"
0,0.0489779274960085,0.00572677338239298,0.0998140167204031,0.0530899424376531,0.0270003521839683,0.0469346398370623,0.122998474106579,0,0,0.0516950004609553,0.00855793844941917,0.0875735272151794,0.106700819036898,0.172493208355041,0.0466947811493824,0.0819845373028361,0,0,0.0217373383371353,0.0180207235290859,0,9999,0.336214125697119,1.00617671915869,"TCGA-MP-A4TJ-01","TCGA-MP-A4TJ","low"
0,0,0.0872050372038172,0.0399160657871556,0.0699208124201396,0.191334839040227,0,0.00151119929786215,0.0081737441448586,0,0,0.038397216960512,0.079946106660137,0.103065958002058,0.0623796294399478,0.104797235015653,0.0676308447070218,0,0.142531756380577,0,0.00318955494003338,0,9999,0.115486959260138,1.13890900692072,"TCGA-50-5942-01","TCGA-50-5942","low"
0,0.161854204108115,0,0.0449170851161715,0.0565819490958181,0.0235451735255799,0.00132746276466891,0,0.025714532563115,0,0.0530078224020748,0,0.0218171225524124,0.298399074941032,0.0944961395802844,0.124644825892771,0.013886648888498,0,0.077117280959296,0,0.00269067761016291,0,9999,0.270162231423064,1.05810318052542,"TCGA-05-4434-01","TCGA-05-4434","high"
0,0,0.0462194941624003,0.0782047411517361,0.0868682753398937,0,0,0.0663618845721758,0.010307311538051,0,0,0.144626388305982,0,0.22496979716769,0.0903980129843623,0.149941909592118,0.0289604376062652,0,0.0731417475793247,0,0,0,9999,0.107412926071918,1.14640345521153,"TCGA-78-7148-01","TCGA-78-7148","high"
0,0.180770737265196,0,0.0263690427032968,0.0127284287651684,0.021976869792643,0,0.0933923639560082,0.00573555413837008,0,0.0450224735717489,0,0,0.390375950748582,0.0608284466977458,0.0751701117194933,0.0330029411225367,0,0,0.00355154407741679,0.0510755354417943,0,9999,0.257993188819708,1.07276457769393,"TCGA-69-8453-01","TCGA-69-8453","high"
0,0.0892041648479905,0,0.00161936103473422,0.0728307908697172,0.00877296294638913,0,0.0725318034803791,0,0,0.0361992194326809,0.0346310820607174,0.00639611595067559,0.367498191297066,0.0674816788263385,0.191927254338615,0.0254342708383698,0,0.0254731040763264,0,0,0,9999,0.248750335211848,1.08174327990825,"TCGA-97-8176-01","TCGA-97-8176","high"
0,0.0298501422038178,0.0466098863439345,0.0933302838990205,0.0113850661811555,0,0.0216174934404577,0.084768568517514,0,0,0.0318647439543312,0.0126671800472428,0.0490607705400079,0.355867641061166,0.0874824872256663,0.151901624124403,0,0,0.0235941124612832,0,0,0,9999,0.293024154321507,1.04806267343796,"TCGA-67-3771-01","TCGA-67-3771","high"
0,0.131290867496055,0,0,0.0368545869581922,0.0955916534113071,0.0105012687998971,0.0122996166852512,0,0,0.0924416504137399,0,0.0260143435214037,0.190210976095788,0.112870685869587,0.123794957758173,0.115668069113983,0,0.0524613238766235,0,0,0,9999,0.247555472285815,1.07256944740562,"TCGA-78-8655-01","TCGA-78-8655","low"
0,0.0377031798294952,0.0615838850615198,0.033826635103207,0.0491819778679891,0.0279419631528611,0,0.111447133988677,0.0380272087955248,0,0,0.0874846137558774,0.0609631077693993,0.0706447966433778,0,0.182572156128803,0,0.141451723720145,0.0971716181831228,0,0,0,9999,0.0355986745029514,1.17988756506524,"TCGA-95-7948-01","TCGA-95-7948","low"
0,0,0.11883894656945,0.0475416630926999,0.114257179665046,0.0270931995630902,0,0.0811509571937629,0,0,0.00141583843756295,0.128047929473233,0,0.185501688189572,0.0470019739222503,0.18754460761558,0,0.0415208103642532,0.0200852059134984,0,0,0,9999,0.0320962850922739,1.18485312228502,"TCGA-78-7161-01","TCGA-78-7161","low"
0,0.0905870397573636,0,0.0599692140940492,0.0760517565716855,0,0.0471787111818185,0.0323097325366359,0.00203098175065001,0,0,0.0663251220800928,0.0666140851933193,0.228360910206725,0,0.15753815294644,0.0847474749027059,0.0436022040500977,0.0330979096215726,0,0.0115867051068443,0,9999,0.167766599786598,1.12016430729507,"TCGA-05-4427-01","TCGA-05-4427","low"
0,0.11653082447619,0,0.0619101073551384,0.0425806310469566,0.0305938753740659,0,0.0671093329089809,0.0104948122427921,0,0.0541009239012494,0.0189451644760578,0.0329655484142827,0.26541254301429,0.0422772072904925,0.0883485830614035,0.100121779215387,0,0.064548808664593,0,0.00405985855812042,0,9999,0.27326142053805,1.05234519690887,"TCGA-97-A4M2-01","TCGA-97-A4M2","low"
0,0.181324010410132,0.011429907380488,0.0570288520935512,0.0322043586403834,0.0825619233925913,0,0.0246681516468616,0,0,0,0.0919251729507446,0.119065925531268,0.059576021331324,0.107708134941384,0.0784312541280746,0.142790804459734,0,0,0.00274082129369093,0.00854466179977266,0,9999,0.311389347032631,1.02805651713597,"TCGA-50-5068-01","TCGA-50-5068","low"
0,0.0879143632656737,0,0,0.0814011003581914,0.0670429473679408,0,0.0874535403723338,0,0,0,0.0941646888030408,0.0421435093100177,0.106244559326248,0.0170627240816652,0.206166835077681,0.06098619640769,0,0.0744694683281964,0,0.0749500673013214,0,9999,0.179776875051963,1.09935000227364,"TCGA-44-6148-01","TCGA-44-6148","low"
0,0.07022475073547,0,0,0.0671482125274759,0.0110254447110451,0,0.113936983262258,0,0,0,0.107681520330008,0.0975547603910592,0.264944065806898,0.0480964515369805,0.11515341127013,0.00357351061848673,0,0.0649676584424903,0,0.0356932303676978,0,9999,0.187686528170263,1.10215661206484,"TCGA-78-7536-01","TCGA-78-7536","high"
0,0.122867685218536,0.0281605426634595,0,0.0945719525186546,0.0659742964087422,0,0.0334440559554027,0.0462972812116203,0,0,0.0699667917530817,0,0.0893917354029802,0.078579519220583,0.106983044085249,0.133431935191148,0.0187870252757002,0.111544135094842,0,0,0,9999,0.237651246330572,1.06219023839376,"TCGA-50-5044-01","TCGA-50-5044","low"
0,0.28520414903134,0,0.0515953676293439,0.0859525407818767,0.0860384256881069,0,0.087842695613935,0,0,0.0203527844334387,0.0200471226680921,0.0417276578239882,0.070674728047915,0.0234875881861991,0.154289369096152,0.0224397537942158,0,0.0274235231020313,0,0.0229242941033654,0,9999,0.210161950004258,1.09523382583048,"TCGA-55-A48X-01","TCGA-55-A48X","low"
0,0,0.0863567533055263,0.0136739076071611,0.149946011960704,0.0821726540975851,0.0298905826232848,0.0382839844844969,0,0,0.0093840148316052,0.063947893375446,0.199469986524732,0.0861570692771601,0,0.131917203178667,0.0100385565207548,0.059446317730518,0.0393150644823584,0,0,0,9999,0.0509559742387978,1.17748263168973,"TCGA-55-A494-01","TCGA-55-A494","low"
0,0,0.064616545705999,0.216726075686797,0,0,0.0500075117558674,0.0908695793258204,0.112871121801615,0,0.107965296049362,0,0.0440505457372447,0.165941192272822,0.0185679045992441,0.0778509021780799,0,0,0.0505333248871488,0,0,0,9999,0.313197470087343,1.02138987776638,"TCGA-91-A4BC-01","TCGA-91-A4BC","low"
0,0.147098842724609,0,0.0283969609928314,0.0738173669520188,0.0732468237118916,0,0.0753838179286283,0,0,0,0.0563799464560452,0.00870078755706436,0.195044744229421,0.0310304123186479,0.181143618746837,0.103596420930243,0,0,0,0.0261602574517626,0,9999,0.172385445556701,1.11662196411944,"TCGA-55-6986-01","TCGA-55-6986","low"
0,0.188176738813359,0,0.152039427101442,0.0490755592884419,0,0.0122357728611387,0.063366231878641,0.0382071427273146,0,0.0690292856371633,0,0,0.143995219171056,0.0445934639222032,0.195216850163794,0,0,0.0357031014056426,0,0.00836120702980429,0,9999,0.299096540798268,1.03070696111384,"TCGA-44-2657-01","TCGA-44-2657","low"
0,0,0,0.208779107244932,0,0,0.12477223421849,0,0.0135352025768288,0,0,0.0667783500753846,0.0771182451780765,0.211381591731349,0.0474410966451708,0.139467984899077,0,0.0544091476209777,0.0563170398097131,0,0,0,9999,0.220556854597096,1.08765150164994,"TCGA-49-6767-01","TCGA-49-6767","high"
0,0.173764085873139,0,0.0572143860158277,0.0476249045464337,0.042675971917998,0,0.0333681900525321,0.00567780398145086,0,0,0.106344853372261,0.0804072231020479,0.0927215023642607,0.0293603236462273,0.120470106205255,0.121348283076337,0,0.0512004907102214,0,0.0378218751360084,0,9999,0.0585590814469875,1.17944492972602,"TCGA-67-6216-01","TCGA-67-6216","low"
0,0.154838637660723,0.0340905407066748,0.0392682845055464,0.00744342552762476,0.0503201455285289,0,0.125436532200171,0.00777038493695423,0,0.00930545014847419,0.00344914627134031,0,0.275504381062455,0.0920164766403321,0.100028426744459,0.00712543792801295,0,0.0619185897593681,0,0.0314841403793351,0,9999,0.211797170036454,1.08937848308605,"TCGA-50-5930-01","TCGA-50-5930","high"
0,0.132104378250674,0,0.0775077799607066,0.0447491550833591,0.0703162582114891,0,0.0601673136083718,0,0,0.0413158704658564,0.00538751119972155,0.0975193728527805,0.117607763217208,0.0300309862495005,0.141712903094255,0.110932952438263,0,0.0703604296452187,0,0.000287325722595558,0,9999,0.180926283231873,1.10922449164107,"TCGA-97-8552-01","TCGA-97-8552","low"
0,0.136071992709213,0,0.0331963352284412,0.0490072814842232,0.127623678453608,0,0,0.0559498169436964,0,0,0.0455190434001795,0.0459264258448859,0.146437317025392,0.0601872345120321,0.12099224040874,0.0822262451465767,0,0.0968623888430117,0,0,0,9999,0.213395751404433,1.08435488773247,"TCGA-95-8039-01","TCGA-95-8039","low"
0,0.121429890456599,0.0334838567214688,0,0,0.125853105285045,0,0.0509702748418388,0.0456798659718853,0,0.0752724708733769,0.0243237804844066,0,0.198351632245271,0.09504054194436,0.0663734413568636,0.0685987630929084,0,0.039695591384887,0,0.0549267853410898,0,9999,0.232260861092197,1.07144411097019,"TCGA-55-8204-01","TCGA-55-8204","high"
0,0.0852278135945075,0.0334806661337758,0.240693678061515,0,0,0,0.089927018386577,0.0516797559876623,0,0,0.117325659743097,0,0.215374807258065,0,0.0788113972287002,0,0.0635171378957446,0,0.0239620657103558,0,0,9999,0.252130636936095,1.06804872821735,"TCGA-64-5781-01","TCGA-64-5781","high"
0,0.078511527443664,0,0.0447762836227172,0.100247082609722,0.0350532479718462,0,0.0509571518157294,0.00757267221544857,0,0,0.0573264405953561,0.126413743302067,0.232788507421499,0.0429372226811958,0.0848501997110281,0.0943217714496963,0,0.0442441491600304,0,0,0,9999,0.145502148318241,1.13465380201502,"TCGA-NJ-A4YI-01","TCGA-NJ-A4YI","low"
0,0,0.0337723350135599,0.154614972592386,0.00546609131927034,0.0175104877706809,0.0264190612305879,0.0248820485787988,0.0840420075414912,0,0.100206720698586,0.0165139451639092,0,0.201428313461676,0.10401084227032,0.133975511030219,0.0266289681543684,0,0.0705286951741471,0,0,0,9999,0.252863463227678,1.05902300054421,"TCGA-L9-A444-01","TCGA-L9-A444","low"
0,0.109449109115289,0,0.12913289277809,0.0675559206703064,0,0.0485361851441831,0.0601742088861311,0.0233976791280204,0,0,0.050995947442222,0.0225997195843324,0.198078628046208,0.0548389680348031,0.116696676693771,0,0.0512234372359318,0.021966262797537,0,0.0453543644431752,0,9999,0.193882174480468,1.09551272630742,"TCGA-MP-A4SV-01","TCGA-MP-A4SV","high"
0,0.023338058725358,0,0.0157928842589139,0.0745975123300747,0.0722037417475599,0,0.0615708649810228,0,0,0,0.0921375826591598,0.0639062355727954,0.343130721408339,0.0281076113808348,0.164921425364799,0.00797609344089184,0,0.00181734626337126,0,0.0504999218668794,0,9999,0.192143856431593,1.11096327578639,"TCGA-55-8090-01","TCGA-55-8090","low"
0.0186855451469378,0,0,0.126239213985827,0,0,0.0317692922715175,0.0900113351340246,0.0643407727751905,0,0.0787254551899311,0.0732809004564462,0.0153413689198231,0.204462797360172,0.161007413812254,0.0315390829918628,0.0373448348927046,0.010014446608196,0.0572375404551125,0,0,0,9999,0.315407952129374,1.0206913313681,"TCGA-95-7944-01","TCGA-95-7944","low"
0,0.0899628136408313,0,0.0391661363840234,0.0903130452260741,0.034494101603655,0,0.0507683375660912,0.00124618588229979,0,0,0.0496002002149802,0.0462292316238644,0.246558599229683,0.0476504837345809,0.0505334426340674,0.13210540759746,0,0.076478880178986,0,0.0448931344834042,0,9999,0.224625667540442,1.08074798076671,"TCGA-NJ-A4YG-01","TCGA-NJ-A4YG","low"
0,0.0811557486281001,0.00322117715510769,0,0.0574022592626581,0.12294948299051,0,0.0449676002940169,0,0,0,0.0935238106849299,0.0954009173408296,0.26919748123697,0.0751452359793062,0.0534752360172451,0.00852591024763253,0,0.0880519960054924,0,0.00698314415720186,0,9999,0.185140380998164,1.10662100129047,"TCGA-91-6830-01","TCGA-91-6830","high"
0,0,0,0.119621071050546,0.0353069365353994,0.0477648190992448,0,0.140570483030331,0,0,0.00688070619811704,0.0736398805034477,0.0714756693917246,0.223796710116068,0,0.231011493675782,0,0.00171323237436814,0,0,0.0482189980249712,0,9999,0.0758386417767757,1.176428164718,"TCGA-55-8512-01","TCGA-55-8512","high"
0,0.118693588385975,0.00098267873945731,0,0.0764866645035199,0.0834983404115109,0,0,0.0111615100148631,0,0.0290048460810647,0.0338453031533077,0,0.293364396598128,0.0503911638628052,0.14838868303055,0.0917144434915511,0,0.0564207174842321,0,0,0.00604766424303523,9999,0.323568355099872,1.02413941660794,"TCGA-44-6777-01","TCGA-44-6777","low"
0,0.0899644288417135,0,0,0.0376867312722776,0.0943731463631718,0.00829351464990784,0.0611793788023486,0.038574183291212,0,0.0383243083666052,0.058293520781541,0,0.217788745870321,0.0934341132600167,0.049286119468045,0.101895971195519,0,0.0599478059886108,0,0.0509580318487103,0,9999,0.130636505391189,1.13375818726591,"TCGA-55-6985-01","TCGA-55-6985","low"
0,0,0.0869862018865039,0.0832834852985146,0.105487019165784,0.0274901913864163,0,0.0885277786899114,0,0,0.00463296652270359,0.064932835697053,0.0215861482434347,0.0928810213594771,0.0378857895802467,0.195531124156251,0,0,0.0914389758845318,0,0,0.0993364621291719,9999,0.0365662666857125,1.1782378693831,"TCGA-MP-A4TE-01","TCGA-MP-A4TE","high"
0,0,0.0884254585175355,0.00060967373115203,0.0438026207141952,0.0406389321398923,0,0.152016310045123,0.0467457599857009,0,0.0209565925892742,0.102562595008158,0.0787966460106218,0.166378829387443,0,0.110429719788857,0.0574990997370174,0.0369563819182675,0.0541813804267625,0,0,0,9999,0.105032136815385,1.14084586388755,"TCGA-L4-A4E5-01","TCGA-L4-A4E5","low"
0,0.106447055610129,0.117890891975795,0.10110963578448,0.0169197452979955,0,0.0277146703513724,0.052472742923071,0.0104890885712149,0,0.00370188378455455,0.0522176305686034,0,0.274592796980378,0.0134099300330164,0.185134450735611,0,0.0126136055553746,0.0252858718284035,0,0,0,9999,0.311276215866533,1.02340615231666,"TCGA-55-6969-01","TCGA-55-6969","high"
0,0,0,0,0.0940017406146066,0.0653630744879869,0.0246286629315932,0.067401764608585,0,0,0,0,0,0.283106805433756,0.0963922660245322,0.091840430680776,0.164212877865449,0,0.0852086038551894,0,0.0278437734975253,0,9999,0.145150223015967,1.14213467689862,"TCGA-55-7815-01","TCGA-55-7815","high"
0,0,0.0962433000427239,0,0.0891186045702594,0.0730253192394632,0.0406825740877471,0.0485786858511172,0,0,0.138464068595173,0,0,0.296413275676774,0.0956794542031484,0.0509466934977191,0.0292714742338097,0,0.0178274926066603,0,0,0.0237490573954048,9999,0.141086746428777,1.12926881640875,"TCGA-05-4390-01","TCGA-05-4390","high"
0,0,0.0662785787958842,0.0632824522026087,0.0263904672188619,0.0900393224826955,0,0.0599658273264086,0.0763947049210564,0,0,0.0758058429436114,0,0.139093662693526,0.0756993207774739,0.132220442835389,0.116187629594544,0,0.060232833419605,0,0.0184089147883364,0,9999,0.116383240753731,1.13745742587043,"TCGA-78-7537-01","TCGA-78-7537","low"
0,0.12780210076246,0,0,0.0878238457184066,0.122118344889426,0,0.00870929052528297,0,0,0.0355887557974792,0.0282032896556092,0.00574879377882732,0.324876583848202,0.0102902981360169,0.15654260841725,0,0,0.0811049682773697,0,0.0111911201936707,0,9999,0.235732216659884,1.07806704390704,"TCGA-55-7284-01","TCGA-55-7284","high"
0,0.0366403352967271,0.0521356684974458,0.070710761393974,0.124624100492792,0.071914186261984,0,0.0606082311725017,0,0,0,0.144022732192827,0,0.184596818354993,0,0.118662326721659,0.0230747136980018,0.0445302406949502,0.053889924773692,0,0.0145899604484522,0,9999,0.0902681069850373,1.15542347484384,"TCGA-55-8614-01","TCGA-55-8614","high"
0,0,0.0423754593234102,0.141092526726306,0,0,0,0.0729030930600575,0,0,0,0.100290084701679,0.121478930815152,0.116834787482487,0,0.203166443904298,0,0.0544124508568418,0.105369017164532,0,0.0420772059652368,0,9999,0.0485322001394844,1.18297260641867,"TCGA-95-7043-01","TCGA-95-7043","high"
0,0.0412194983929445,0.0382856756627716,0.117864594927764,0,0.00990402193636915,0,0.150737779218431,0.0606141583297204,0,0.0872796832950778,0.0181141280492176,0.00712624778003796,0.211961517341388,0.053633665756792,0.127837231867835,0.00296372599253422,0,0.0724580714491161,0,0,0,9999,0.239188598695702,1.06446852031634,"TCGA-L9-A8F4-01","TCGA-L9-A8F4","low"
0,0.0617483703542788,0.0407097325737053,0,0.0718749823102002,0,0.0456825641996339,0.107207287309757,0,0,0.0365242685162037,0.0709910420110304,0.0318090022953789,0.282802386961593,0.0938354190817334,0.00366892506232805,0.0968010552450983,0,0.00818576239114909,0,0.0481592016879102,0,9999,0.0282635646133726,1.19595932792099,"TCGA-44-7670-01","TCGA-44-7670","high"
0,0.0670808193227194,0.00699952931839211,0.0454113266439284,0.0681260115690343,0.128417297068693,0,0.0802160629731064,0.0230218297436188,0,0,0.125403234004943,0.00508640237215712,0.20254706646544,0,0.0652624842899293,0.0460414141232991,0.0662712587998493,0.0701152633048888,0,0,0,9999,0.0917893197000247,1.16024166548027,"TCGA-95-7039-01","TCGA-95-7039","high"
0,0.056754170265164,0,0,0.0167006419968993,0.0360762434338962,0,0.0920013752219018,0.0396126580762141,0,0.113753529842802,0.0485929090798211,0.0890928435587414,0.17076021319139,0.131164914061492,0.0997467165876568,0.0843742589277448,0,0.0213695257562765,0,0,0,9999,0.368660996196408,0.985448938736183,"TCGA-MP-A4TI-01","TCGA-MP-A4TI","high"
0,0.0705560203905179,0,0,0.0894867034233177,0.0643654312495696,0,0.013227027896893,0,0,0,0.060516586524165,0,0.278931021448471,0,0.135198778653557,0.153019357343802,0.0899133839492456,0.0407853684095713,0,0.00400032071088938,0,9999,0.153210696035445,1.14411934547854,"TCGA-44-2665-01","TCGA-44-2665","low"
0,0.0720945256224288,0,0,0.0713507544113662,0.153633078334621,0,0.0364581099218155,0,0,0,0.0182753844161583,0.0889579787709294,0.181556392544783,0.0688150465327644,0.157583688664688,0.101739505588079,0,0.0495355351923665,0,0,0,9999,0.160408016740252,1.12877633981042,"TCGA-O1-A52J-01","TCGA-O1-A52J","low"
0,0.063430458308044,0.0619808107549192,0,0.13690517800031,0,0.0360900060457412,0.0515135255963891,0,0,0,0.0385536982196486,0,0.335012958123774,0.0583941361675218,0.172755056613869,0,0,0.0303434075662122,0,0.0150207646035701,0,9999,0.203065605103507,1.09589800330133,"TCGA-55-5899-01","TCGA-55-5899","high"
0,0.137329495024844,0,0,0.0696023586422131,0.0757290071671341,0,0.0210310571355501,0.0446302385739129,0,0.0515739457691298,7.01149012462691e-05,0.042217910105532,0.254353419617425,0.0373493926663237,0.144461157778573,0.0471998627781279,0,0.0259411175139504,0,0.0485109223260384,0,9999,0.273577970958796,1.05032708892618,"TCGA-55-7728-01","TCGA-55-7728","low"
0,0.104903423919682,0,0,0.052965876995145,0.126492189009583,0,0.0284445350241698,0.0256609649693668,0,0.0182653753016899,0.0498699880825276,0.0403054198969391,0.169366296453426,0.0525069267311471,0.0835551186286683,0.156252962271615,0,0.0914109227160408,0,0,0,9999,0.18291558408545,1.10650121492657,"TCGA-99-7458-01","TCGA-99-7458","low"
0,0.0645000369272826,0,0.107832726882245,0.038538117022939,0.0583971801764795,0,0.0412579700809918,0.0331684654670363,0,0,0.119198715052749,0.0882657504934779,0.115794712275129,0.0648066757947331,0.057298444431745,0.0800352748195043,0,0.105511340107873,0,0.0253945904678146,0,9999,0.118469168209576,1.13963835847455,"TCGA-97-A4M0-01","TCGA-97-A4M0","low"
0,0.086919326840541,0.0270808783369027,0,0.0515868777622415,0.0145006765151158,0.0683834443086376,0.0708405950189313,0.0138986271172251,0,0.107606179720606,0,0.0480676490486136,0.138914163229482,0.124929213373136,0.0614678799917469,0.119372530724742,0,0,0.0664319580120786,0,0,9999,0.205797280074659,1.0868464184985,"TCGA-91-6848-01","TCGA-91-6848","high"
0.015291735504279,0.221074234902832,0,0.109229815336093,0.00542872243774862,0.0783474167193216,0,0.0638891016040159,0.0537203044614501,0,0.0292365420589499,0,0.0633447627138867,0.0955055862851647,0.082782851966648,0.116414202278533,0.0329764630822893,0,0,0,0.0327582606487891,0,9999,0.334580867680172,1.01139209194715,"TCGA-50-5055-01","TCGA-50-5055","low"
0,0.0197684689707672,0.0355927440207578,0,0.00903846330268127,0.144085797232931,0,0.0829765011104907,0.0143355203939447,0,0.0550752940000733,0.022967060828514,0.0198542117131702,0.207401686570896,0.0564398901321467,0.0480841360027432,0.138576639713524,0,0.0975996876932221,0,0.048203898314137,0,9999,0.103778129638117,1.15085935527448,"TCGA-44-7671-01","TCGA-44-7671","high"
0,0.13957726462684,0,0,0.0334132908994597,0.046239573332657,0.0199146633592512,0.0075198604250432,0,0,0,0.0279612922342588,0.108671186741494,0.171132425769077,0,0.131407723810144,0.0772876181581214,0.140910449236933,0.0581288284021542,0,0.0378358230045676,0,9999,0.199475214324352,1.10984499676182,"TCGA-05-5423-01","TCGA-05-5423","low"
0,0.0960841082785734,0,0.0392803546492294,0.0265577915704315,0.0969062576621462,0,0.063500272565431,0.0246919255725372,0,0.0462625966062143,0.0181296124598324,0.0236564428308164,0.275492870583418,0.122704335114614,0.106392510288953,0.0380864086842099,0,0.0024067236011388,0,0.0198477895324545,0,9999,0.278427598687595,1.05173576832274,"TCGA-55-8619-01","TCGA-55-8619","low"
0,0.04562676940393,0.0308882523829435,0.00518891525476604,0.0591838180742028,0.0830678477335194,0,0.0542651482568897,0,0,0,0.12161155989259,0.00990669749087676,0.183658683037408,0.0570601294899783,0.165247603151236,0.0305998433644514,0,0.107465412429424,0,0.046229320037784,0,9999,0.157811604592956,1.11292343510232,"TCGA-64-1680-01","TCGA-64-1680","low"
0,0.0352228522457313,0,0.134548267974062,0,0,0.0724415657771787,0.045246439239183,0.0438575232893501,0,0.0846811802625699,0.0203490280534497,0.0374380942425026,0.171523628075001,0.176911981312646,0.0356570359209347,0.0868539103931233,0,0.0552684932142683,0,0,0,9999,0.288748886016543,1.03942197536696,"TCGA-49-AAR3-01","TCGA-49-AAR3","high"
0,0.0404579841231702,0,0,0.0539191229291908,0.122594621611723,0,0.0857475939406028,0.0555680333776843,0,0.015545487189074,0.023780578519167,0.228310319206103,0.156403608506363,0.0489342460325838,0.126761709025752,0.000173091825658837,0,0,0.0128613475787511,0.0289422561341765,0,9999,0.145937356142255,1.13407951521991,"TCGA-55-8514-01","TCGA-55-8514","low"
0,0.185610548712213,0.0152312324163858,0.02668267353202,0.0837153252775231,0.094551047197666,0,0.0554609048957835,0.011817758371991,0,0.0475061707416678,0.0119201143361764,0,0.145937961183832,0.0504692285467229,0.148204725075666,0.0822154762376119,0,0.0198721404959492,0,0.0208046929787915,0,9999,0.276987327315157,1.04541164990728,"TCGA-91-8497-01","TCGA-91-8497","low"
0,0.013876924113596,0.0147942510931967,0.0236752255860137,0.078999251549949,0.0351487910291716,0.0387749774814491,0.074508168691421,0.0220503856760013,0,0,0.0748908859203925,0.0897909966629315,0.196806632267235,0,0.153485782608413,0,0.0425165747943949,0.086589280790227,0,0.0540918717356079,0,9999,0.134649807555609,1.12652645269617,"TCGA-49-AAR9-01","TCGA-49-AAR9","high"
0,0.084649091585942,0,0,0.0878736512322442,0.0526485247375646,0.0199038177273916,0,0,0,0,0.0714094453382204,0,0.403826193066311,0,0.213786665639928,0,0.0217645591360423,0.0306249384818199,0,0.0135131130545365,0,9999,0.243234295519878,1.08678565649892,"TCGA-44-6774-01","TCGA-44-6774","high"
0,0.109201057270745,0,0.000977026352891817,0.0887390319680292,0.108399924651581,0,0.0405679659240048,0,0,0,0.0639549582263833,0.00282195062723229,0.189301864132269,0.0905938195664975,0.0932325685259196,0.0757029213317712,0,0.136506911422675,0,0,0,9999,0.303777612220724,1.02443978713848,"TCGA-44-3919-01","TCGA-44-3919","low"
0,0.198187308511532,0,0.0455131270161607,0.0931499139438376,0.0691705887143709,0,0.0411030296099757,0.0123399522454984,0,0.0301086096182637,0,0,0.142811961430421,0.0398364902991193,0.176127050847712,0,0.0626526497657519,0.0182621665221665,0,0.0707371514751909,0,9999,0.202675269549885,1.09206877253252,"TCGA-44-6147-01","TCGA-44-6147","low"
0,0.0621025422706842,0.110998088625699,0.149842805638274,0.00252001792410201,0,0,0.0650584379026956,0.0307539590867271,0,0.0189665000463673,0.0552687289702041,0.0445773370235949,0.166261550951064,0.168637190003547,0.0341268287833907,0.0394452345470814,0.00389324998081119,0.0475475282457573,0,0,0,9999,0.309369958532493,1.02125058135967,"TCGA-55-8301-01","TCGA-55-8301","low"
0,0,0.0138330669504689,0.0478026367043425,0.0204472177572596,0.00418243212829108,0.0375164110742474,0.095050314576427,0,0,0.0691787740726508,0,0,0.264926791674422,0.134796272926618,0.0846807587286198,0.0626559604663029,0,0.16492936294035,0,0,0,9999,0.231657138717894,1.07843682339766,"TCGA-95-7562-01","TCGA-95-7562","high"
0,0.269371792560974,0,0.0629461859422473,0.0359134643226977,0.0829040776061362,0,0.0869969876888511,0,0,0.0436095714822609,0,0,0.132518021180595,0.0752797689899122,0.102739237855068,0.068157465944977,0,0.0381545577419838,0,0.00140886868429537,0,9999,0.218870029958493,1.08967155420583,"TCGA-55-6983-01","TCGA-55-6983","low"
0,0,0.193259585177151,0.166190605494238,0,0,0.00792320275257764,0.155649600586148,0,0,0,0.0844714767671976,0.054504775648536,0.13684269955009,0,0.14713326627243,0,0.0182664976090659,0.0357582901425666,0,0,0,9999,0.149900855890373,1.11803258538051,"TCGA-53-7813-01","TCGA-53-7813","low"
0,0,0.0364848134649406,0,0.0965511310819714,0.0756302909679923,0.0122553951934969,0.0821349873800096,0.0702897159286681,0,0.158902492226867,0,0.0155640322887349,0.275755013995014,0,0.116523279868571,0.0114881622643915,0,0.0484206853393429,0,0,0,9999,0.0861872024110488,1.15951450950806,"TCGA-MN-A4N1-01","TCGA-MN-A4N1","high"
0,0,0.109732069088011,0.106369685463495,0.069432951675712,0,0.00222456664830158,0.0460653737542103,0,0,0,0.151725075782453,0,0.257299667020997,0.0411835715835836,0.162551537826003,0,0,0,0,0,0.0534155011572329,9999,0.118606454059417,1.14217650949446,"TCGA-78-7159-01","TCGA-78-7159","high"
0,0,0.0504140475938509,0.0213392277127744,0,0.138253752807776,0,0.140762510479233,0,0,0.0727231905685176,0.0166474119922484,0.132389544159291,0.255272557813352,0,0.125571082864347,0.0178661635145287,0.0182483283192225,0.0105121821748586,0,0,0,9999,0.0762844811265328,1.17850001776181,"TCGA-50-6673-01","TCGA-50-6673","high"
0,0.0475235804039326,0.034531732473589,0.049886389350531,0.0540995013622267,0.174511584302964,0,0.0818212521062069,0,0,0.00851094679591279,0.0489563578070563,0.101472440982532,0.0411336358840616,0.0696464464436019,0.138058096324633,0.128673942985465,0,0,0,0.0211740927772862,0,9999,0.199783707501945,1.09731757365758,"TCGA-75-7025-01","TCGA-75-7025","low"
0,0.110389618150819,0,0,0,0.0831879383871959,0,0.0766145121114726,0,0,0,0.0706299471408988,0.0191168750334047,0.313616204495805,0,0.0549149306099398,0.0765619061030967,0.112238385495074,0.0248287589359861,0,0.0579009235363072,0,9999,0.21750298475794,1.09640176766987,"TCGA-55-7726-01","TCGA-55-7726","high"
0,0.19334342330016,0,0.0660918242701999,0.0737787665207576,0,0.0178832483373884,0.064527065446269,0.0710735665692577,0,0,0.0814136776179381,0,0.15493960528435,0.037992323383457,0.0854447597709413,0.0837829714865114,0.0366457840750777,0,0,0.0330829839376921,0,9999,0.282988623137043,1.03940331248203,"TCGA-L9-A743-01","TCGA-L9-A743","low"
0,0.0187458363072424,0.0755211459666225,0.0432283763195718,0.093566064406977,0,0.0841784679189401,0.0640834528321177,0,0,0.0146575785556984,0.079160779944199,0,0.212342288106093,0.0309701457519986,0.155656614581358,0.0477941082111771,0,0.0286179620094805,0,0.0514771790885239,0,9999,0.146884307551709,1.11650022294233,"TCGA-86-8358-01","TCGA-86-8358","high"
0.0424194003416677,0,0.150771517729718,0.0547773373829929,0.0883164378998622,0.0472409974040849,0,0.0896727532158305,0,0,0,0.182899795254145,0.0709678312050847,0.0815958139669834,0.0272437191514936,0.132712511359637,0,0.0151021245117263,0.00924899873063375,0,0.00703076184614029,0,9999,0.0544941176644274,1.17318637270354,"TCGA-55-6972-01","TCGA-55-6972","low"
0.00372824549777832,0.0711798928411462,0,0.0513701808036364,0.0846210358568081,0.0481877940427307,0.0731704633342814,0.0805104810909341,0.0074950464989114,0,0.0146022316791069,0,0.0365099841666771,0.160658382524868,0.0503351058473488,0.123545776753118,0,0.0570104823879463,0.137074896674709,0,0,0,9999,0.1270378598227,1.13029339646671,"TCGA-55-7727-01","TCGA-55-7727","low"
0,0.0383440871453573,0.0108768352824812,0.0977940722105267,0.00914078484687361,0,0.0157069581911494,0.0426150436995968,0,0,0,0.112995414410531,0.00256408551637649,0.397976734932152,0,0.204612804488925,0,0.00853881250001932,0.0337655581760076,0,0.0250688086000032,0,9999,0.21238329967715,1.10476734807191,"TCGA-91-6831-01","TCGA-91-6831","high"
0,0.13511374444729,0.0323319116788482,0.0392663608902658,0.0228085104497108,0,0,0.0909227931798419,0,0,0.0145378077819644,0.0136717038237173,0,0.390678259977678,0,0.169951211574488,0,0,0.0839060574207886,0,0.000768478748324848,0.00604316002708222,9999,0.223318159355133,1.09467375626171,"TCGA-MN-A4N4-01","TCGA-MN-A4N4","low"
0,0.0399562748562597,0,0.103576054375171,0.0565514715847247,0,0.0369331507973581,0.0492785218650048,0,0,0,0.129732747867673,0.0276434597252285,0.278091314569141,0.0691461020723101,0.157603744782415,0.00783726151173675,0,0.0436498959929778,0,0,0,9999,0.166575778340197,1.12004551605575,"TCGA-55-8302-01","TCGA-55-8302","high"
0,0.182738247537217,0,0.0065592804905324,0.0848874576898994,0.101055766763425,0,0.00561207962687676,0.0285998181603278,0,0.0180583078708568,0.00581978796473375,0,0.331291411785762,0.0139520906131906,0.154737522546693,0.061713370340429,0,0.0015938898309212,0,0.00338096877913449,0,9999,0.246553536935551,1.07987291401684,"TCGA-MP-A4TK-01","TCGA-MP-A4TK","low"
